{
"type": "FeatureCollection",
"name": "buildings_damaged",
"crs": { "type": "name", "properties": { "name": "urn:ogc:def:crs:OGC:1.3:CRS84" } },
"xy_coordinate_resolution": 1e-06,
"features": [
{ "type": "Feature", "properties": { "name": null, "status": "Destroyed", "building": "yes", "building_levels": null }, "geometry": { "type": "LineString", "coordinates": [ [ 85.376504, 28.270529 ], [ 85.376517, 28.270565 ], [ 85.376568, 28.270551 ], [ 85.376554, 28.270514 ], [ 85.376504, 28.270529 ] ] } },
{ "type": "Feature", "properties": { "name": null, "status": "Destroyed", "building": "yes", "building_levels": null }, "geometry": { "type": "LineString", "coordinates": [ [ 85.341846, 28.167316 ], [ 85.34187, 28.167294 ], [ 85.341888, 28.167309 ], [ 85.341864, 28.167332 ], [ 85.341846, 28.167316 ] ] } },
{ "type": "Feature", "properties": { "name": null, "status": "Destroyed", "building": "yes", "building_levels": null }, "geometry": { "type": "LineString", "coordinates": [ [ 85.34282, 28.165083 ], [ 85.342825, 28.165045 ], [ 85.342859, 28.165048 ], [ 85.342854, 28.165087 ], [ 85.34282, 28.165083 ] ] } },
{ "type": "Feature", "properties": { "name": null, "status": "Destroyed", "building": "yes", "building_levels": null }, "geometry": { "type": "LineString", "coordinates": [ [ 85.376182, 28.265287 ], [ 85.376228, 28.265322 ], [ 85.376284, 28.265267 ], [ 85.376238, 28.265231 ], [ 85.376182, 28.265287 ] ] } },
{ "type": "Feature", "properties": { "name": null, "status": "Destroyed", "building": "yes", "building_levels": null }, "geometry": { "type": "LineString", "coordinates": [ [ 85.364399, 28.252612 ], [ 85.364406, 28.252685 ], [ 85.364753, 28.252659 ], [ 85.364746, 28.252586 ], [ 85.364399, 28.252612 ] ] } },
{ "type": "Feature", "properties": { "name": null, "status": "Destroyed", "building": "yes", "building_levels": null }, "geometry": { "type": "LineString", "coordinates": [ [ 85.373737, 28.263074 ], [ 85.373747, 28.263178 ], [ 85.373868, 28.263169 ], [ 85.373857, 28.263065 ], [ 85.373737, 28.263074 ] ] } },
{ "type": "Feature", "properties": { "name": null, "status": "Destroyed", "building": "yes", "building_levels": null }, "geometry": { "type": "LineString", "coordinates": [ [ 85.366621, 28.252261 ], [ 85.366634, 28.252403 ], [ 85.366693, 28.252398 ], [ 85.36668, 28.252257 ], [ 85.366621, 28.252261 ] ] } },
{ "type": "Feature", "properties": { "name": null, "status": "Destroyed", "building": "yes", "building_levels": null }, "geometry": { "type": "LineString", "coordinates": [ [ 85.366384, 28.254355 ], [ 85.366426, 28.254339 ], [ 85.36638, 28.254244 ], [ 85.366338, 28.25426 ], [ 85.366384, 28.254355 ] ] } },
{ "type": "Feature", "properties": { "name": null, "status": "Destroyed", "building": "yes", "building_levels": null }, "geometry": { "type": "LineString", "coordinates": [ [ 85.366252, 28.253206 ], [ 85.366266, 28.253301 ], [ 85.366315, 28.253296 ], [ 85.366301, 28.253201 ], [ 85.366252, 28.253206 ] ] } },
{ "type": "Feature", "properties": { "name": null, "status": "Destroyed", "building": "yes", "building_levels": null }, "geometry": { "type": "LineString", "coordinates": [ [ 85.376238, 28.265508 ], [ 85.376299, 28.26554 ], [ 85.37632, 28.265509 ], [ 85.376259, 28.265477 ], [ 85.376238, 28.265508 ] ] } },
{ "type": "Feature", "properties": { "name": null, "status": "Destroyed", "building": "yes", "building_levels": null }, "geometry": { "type": "LineString", "coordinates": [ [ 85.183529, 27.971468 ], [ 85.183454, 27.971514 ], [ 85.183509, 27.971585 ], [ 85.183584, 27.971539 ], [ 85.183529, 27.971468 ] ] } },
{ "type": "Feature", "properties": { "name": null, "status": "Destroyed", "building": "yes", "building_levels": null }, "geometry": { "type": "LineString", "coordinates": [ [ 85.379969, 28.280389 ], [ 85.380213, 28.280591 ], [ 85.380305, 28.280506 ], [ 85.380061, 28.280303 ], [ 85.379969, 28.280389 ] ] } },
{ "type": "Feature", "properties": { "name": null, "status": "Destroyed", "building": "yes", "building_levels": null }, "geometry": { "type": "LineString", "coordinates": [ [ 85.110129, 27.861192 ], [ 85.110309, 27.861069 ], [ 85.110235, 27.860985 ], [ 85.110055, 27.861108 ], [ 85.110129, 27.861192 ] ] } },
{ "type": "Feature", "properties": { "name": null, "status": "Destroyed", "building": "yes", "building_levels": null }, "geometry": { "type": "LineString", "coordinates": [ [ 85.185166, 27.97076 ], [ 85.185199, 27.970751 ], [ 85.185205, 27.970766 ], [ 85.185254, 27.970752 ], [ 85.185269, 27.970795 ], [ 85.185187, 27.970818 ], [ 85.185166, 27.97076 ] ] } },
{ "type": "Feature", "properties": { "name": null, "status": "Destroyed", "building": "yes", "building_levels": null }, "geometry": { "type": "LineString", "coordinates": [ [ 85.148714, 27.933908 ], [ 85.148756, 27.933947 ], [ 85.148789, 27.933918 ], [ 85.148747, 27.93388 ], [ 85.148714, 27.933908 ] ] } },
{ "type": "Feature", "properties": { "name": null, "status": "Destroyed", "building": "yes", "building_levels": null }, "geometry": { "type": "LineString", "coordinates": [ [ 85.108829, 27.85989 ], [ 85.108747, 27.859937 ], [ 85.108772, 27.85997 ], [ 85.108853, 27.859924 ], [ 85.108829, 27.85989 ] ] } },
{ "type": "Feature", "properties": { "name": null, "status": "Destroyed", "building": "yes", "building_levels": null }, "geometry": { "type": "LineString", "coordinates": [ [ 85.183892, 27.974508 ], [ 85.183857, 27.974535 ], [ 85.183806, 27.974483 ], [ 85.183841, 27.974456 ], [ 85.183892, 27.974508 ] ] } },
{ "type": "Feature", "properties": { "name": null, "status": "Destroyed", "building": "yes", "building_levels": null }, "geometry": { "type": "LineString", "coordinates": [ [ 85.172542, 27.962573 ], [ 85.172568, 27.962601 ], [ 85.172619, 27.962564 ], [ 85.172593, 27.962535 ], [ 85.172542, 27.962573 ] ] } },
{ "type": "Feature", "properties": { "name": null, "status": "Destroyed", "building": "yes", "building_levels": null }, "geometry": { "type": "LineString", "coordinates": [ [ 85.182562, 27.970841 ], [ 85.182561, 27.970793 ], [ 85.182609, 27.970792 ], [ 85.182609, 27.97084 ], [ 85.182562, 27.970841 ] ] } },
{ "type": "Feature", "properties": { "name": null, "status": "Destroyed", "building": "yes", "building_levels": null }, "geometry": { "type": "LineString", "coordinates": [ [ 85.107816, 27.859415 ], [ 85.107991, 27.859355 ], [ 85.107922, 27.859198 ], [ 85.107747, 27.859259 ], [ 85.107804, 27.859387 ], [ 85.107816, 27.859415 ] ] } },
{ "type": "Feature", "properties": { "name": null, "status": "Destroyed", "building": "yes", "building_levels": null }, "geometry": { "type": "LineString", "coordinates": [ [ 85.149209, 27.92432 ], [ 85.149485, 27.924258 ], [ 85.149442, 27.924109 ], [ 85.149166, 27.924171 ], [ 85.149209, 27.92432 ] ] } },
{ "type": "Feature", "properties": { "name": null, "status": "Destroyed", "building": "yes", "building_levels": null }, "geometry": { "type": "LineString", "coordinates": [ [ 85.174247, 27.96603 ], [ 85.174269, 27.965984 ], [ 85.174188, 27.965954 ], [ 85.174165, 27.966 ], [ 85.174247, 27.96603 ] ] } },
{ "type": "Feature", "properties": { "name": null, "status": "Destroyed", "building": "yes", "building_levels": null }, "geometry": { "type": "LineString", "coordinates": [ [ 85.170537, 27.964041 ], [ 85.170405, 27.963971 ], [ 85.170434, 27.963929 ], [ 85.170565, 27.963999 ], [ 85.170537, 27.964041 ] ] } },
{ "type": "Feature", "properties": { "name": null, "status": "Destroyed", "building": "house", "building_levels": null }, "geometry": { "type": "LineString", "coordinates": [ [ 85.17994, 27.967965 ], [ 85.179991, 27.967945 ], [ 85.179967, 27.967898 ], [ 85.179916, 27.967919 ], [ 85.17994, 27.967965 ] ] } },
{ "type": "Feature", "properties": { "name": null, "status": "Destroyed", "building": "yes", "building_levels": null }, "geometry": { "type": "LineString", "coordinates": [ [ 85.17226, 27.962571 ], [ 85.172277, 27.962522 ], [ 85.172339, 27.962539 ], [ 85.172322, 27.962588 ], [ 85.17226, 27.962571 ] ] } },
{ "type": "Feature", "properties": { "name": null, "status": "Destroyed", "building": "yes", "building_levels": null }, "geometry": { "type": "LineString", "coordinates": [ [ 85.157832, 27.939851 ], [ 85.157868, 27.939817 ], [ 85.157735, 27.939708 ], [ 85.157699, 27.939742 ], [ 85.157832, 27.939851 ] ] } },
{ "type": "Feature", "properties": { "name": null, "status": "Destroyed", "building": "yes", "building_levels": null }, "geometry": { "type": "LineString", "coordinates": [ [ 85.376209, 28.265599 ], [ 85.376246, 28.265599 ], [ 85.376246, 28.265559 ], [ 85.376209, 28.265559 ], [ 85.376209, 28.265599 ] ] } },
{ "type": "Feature", "properties": { "name": null, "status": "Destroyed", "building": "yes", "building_levels": null }, "geometry": { "type": "LineString", "coordinates": [ [ 85.154037, 27.936334 ], [ 85.15412, 27.936185 ], [ 85.15423, 27.936229 ], [ 85.154153, 27.936383 ], [ 85.154037, 27.936334 ] ] } },
{ "type": "Feature", "properties": { "name": null, "status": "Destroyed", "building": "yes", "building_levels": null }, "geometry": { "type": "LineString", "coordinates": [ [ 85.378178, 28.271658 ], [ 85.37817, 28.272235 ], [ 85.378251, 28.272236 ], [ 85.378259, 28.271659 ], [ 85.378178, 28.271658 ] ] } },
{ "type": "Feature", "properties": { "name": null, "status": "Destroyed", "building": "yes", "building_levels": null }, "geometry": { "type": "LineString", "coordinates": [ [ 85.378921, 28.271399 ], [ 85.378987, 28.271379 ], [ 85.378969, 28.271335 ], [ 85.378904, 28.271355 ], [ 85.378921, 28.271399 ] ] } },
{ "type": "Feature", "properties": { "name": null, "status": "Destroyed", "building": "yes", "building_levels": null }, "geometry": { "type": "LineString", "coordinates": [ [ 85.376806, 28.273141 ], [ 85.376879, 28.273138 ], [ 85.376875, 28.273063 ], [ 85.376802, 28.273066 ], [ 85.376806, 28.273141 ] ] } },
{ "type": "Feature", "properties": { "name": null, "status": "Destroyed", "building": "yes", "building_levels": null }, "geometry": { "type": "LineString", "coordinates": [ [ 85.378137, 28.271674 ], [ 85.37817, 28.271675 ], [ 85.37817, 28.271625 ], [ 85.378138, 28.271625 ], [ 85.378137, 28.271674 ] ] } },
{ "type": "Feature", "properties": { "name": null, "status": "Destroyed", "building": "yes", "building_levels": null }, "geometry": { "type": "LineString", "coordinates": [ [ 85.376605, 28.269765 ], [ 85.376681, 28.269742 ], [ 85.376743, 28.269946 ], [ 85.376669, 28.269965 ], [ 85.376605, 28.269765 ] ] } },
{ "type": "Feature", "properties": { "name": null, "status": "Destroyed", "building": "yes", "building_levels": null }, "geometry": { "type": "LineString", "coordinates": [ [ 85.362658, 28.246517 ], [ 85.362955, 28.246799 ], [ 85.36309, 28.246689 ], [ 85.362793, 28.246406 ], [ 85.362658, 28.246517 ] ] } },
{ "type": "Feature", "properties": { "name": null, "status": "Destroyed", "building": "yes", "building_levels": null }, "geometry": { "type": "LineString", "coordinates": [ [ 85.358861, 28.234506 ], [ 85.358915, 28.234501 ], [ 85.358909, 28.234455 ], [ 85.358856, 28.234459 ], [ 85.358861, 28.234506 ] ] } },
{ "type": "Feature", "properties": { "name": null, "status": "Destroyed", "building": "yes", "building_levels": null }, "geometry": { "type": "LineString", "coordinates": [ [ 85.366273, 28.251779 ], [ 85.366219, 28.251879 ], [ 85.366271, 28.251901 ], [ 85.366325, 28.251801 ], [ 85.366273, 28.251779 ] ] } },
{ "type": "Feature", "properties": { "name": null, "status": "Destroyed", "building": "yes", "building_levels": null }, "geometry": { "type": "LineString", "coordinates": [ [ 85.37668, 28.265262 ], [ 85.376701, 28.265289 ], [ 85.376762, 28.265255 ], [ 85.376741, 28.265227 ], [ 85.37668, 28.265262 ] ] } },
{ "type": "Feature", "properties": { "name": null, "status": "Destroyed", "building": "retail", "building_levels": null }, "geometry": { "type": "LineString", "coordinates": [ [ 85.366509, 28.255614 ], [ 85.366522, 28.255775 ], [ 85.366619, 28.255769 ], [ 85.366606, 28.255608 ], [ 85.366509, 28.255614 ] ] } },
{ "type": "Feature", "properties": { "name": null, "status": "Destroyed", "building": "house", "building_levels": null }, "geometry": { "type": "LineString", "coordinates": [ [ 85.366715, 28.255655 ], [ 85.366767, 28.255653 ], [ 85.366763, 28.255589 ], [ 85.366711, 28.255592 ], [ 85.366715, 28.255655 ] ] } },
{ "type": "Feature", "properties": { "name": null, "status": "Destroyed", "building": "yes", "building_levels": null }, "geometry": { "type": "LineString", "coordinates": [ [ 85.367057, 28.254326 ], [ 85.367111, 28.254324 ], [ 85.367108, 28.254235 ], [ 85.367053, 28.254237 ], [ 85.367057, 28.254326 ] ] } },
{ "type": "Feature", "properties": { "name": null, "status": "Destroyed", "building": "yes", "building_levels": null }, "geometry": { "type": "LineString", "coordinates": [ [ 85.110206, 27.860529 ], [ 85.110276, 27.860496 ], [ 85.110189, 27.860373 ], [ 85.110119, 27.860414 ], [ 85.110206, 27.860529 ] ] } },
{ "type": "Feature", "properties": { "name": null, "status": "Destroyed", "building": "yes", "building_levels": null }, "geometry": { "type": "LineString", "coordinates": [ [ 85.075159, 27.854615 ], [ 85.075211, 27.85462 ], [ 85.075221, 27.854537 ], [ 85.075169, 27.854532 ], [ 85.075159, 27.854615 ] ] } },
{ "type": "Feature", "properties": { "name": null, "status": "Destroyed", "building": "yes", "building_levels": null }, "geometry": { "type": "LineString", "coordinates": [ [ 85.075696, 27.854706 ], [ 85.075739, 27.854722 ], [ 85.075755, 27.854687 ], [ 85.075712, 27.854672 ], [ 85.075696, 27.854706 ] ] } },
{ "type": "Feature", "properties": { "name": null, "status": "Destroyed", "building": "yes", "building_levels": null }, "geometry": { "type": "LineString", "coordinates": [ [ 85.182731, 27.976461 ], [ 85.182764, 27.976461 ], [ 85.182764, 27.976419 ], [ 85.182732, 27.976419 ], [ 85.182731, 27.976461 ] ] } },
{ "type": "Feature", "properties": { "name": null, "status": "Destroyed", "building": "yes", "building_levels": null }, "geometry": { "type": "LineString", "coordinates": [ [ 85.171333, 27.96184 ], [ 85.171281, 27.961801 ], [ 85.171381, 27.9617 ], [ 85.171432, 27.961739 ], [ 85.171333, 27.96184 ] ] } },
{ "type": "Feature", "properties": { "name": null, "status": "Destroyed", "building": "yes", "building_levels": null }, "geometry": { "type": "LineString", "coordinates": [ [ 85.171878, 27.961897 ], [ 85.171843, 27.961865 ], [ 85.171872, 27.961841 ], [ 85.17189, 27.961858 ], [ 85.171908, 27.961844 ], [ 85.171924, 27.961859 ], [ 85.171878, 27.961897 ] ] } },
{ "type": "Feature", "properties": { "name": null, "status": "Destroyed", "building": "yes", "building_levels": null }, "geometry": { "type": "LineString", "coordinates": [ [ 85.172139, 27.962224 ], [ 85.172093, 27.962185 ], [ 85.17213, 27.96215 ], [ 85.172177, 27.962189 ], [ 85.172139, 27.962224 ] ] } },
{ "type": "Feature", "properties": { "name": null, "status": "Destroyed", "building": "yes", "building_levels": null }, "geometry": { "type": "LineString", "coordinates": [ [ 85.175854, 27.96732 ], [ 85.175886, 27.967369 ], [ 85.175955, 27.967333 ], [ 85.175922, 27.967284 ], [ 85.175854, 27.96732 ] ] } },
{ "type": "Feature", "properties": { "name": null, "status": "Destroyed", "building": "yes", "building_levels": null }, "geometry": { "type": "LineString", "coordinates": [ [ 85.184128, 27.969165 ], [ 85.184148, 27.969122 ], [ 85.184217, 27.969148 ], [ 85.184196, 27.969191 ], [ 85.184128, 27.969165 ] ] } },
{ "type": "Feature", "properties": { "name": null, "status": "Destroyed", "building": "yes", "building_levels": null }, "geometry": { "type": "LineString", "coordinates": [ [ 85.175636, 27.96628 ], [ 85.175622, 27.966295 ], [ 85.175658, 27.966322 ], [ 85.175673, 27.966307 ], [ 85.175636, 27.96628 ] ] } },
{ "type": "Feature", "properties": { "name": null, "status": "Destroyed", "building": "yes", "building_levels": null }, "geometry": { "type": "LineString", "coordinates": [ [ 85.184742, 27.971003 ], [ 85.18472, 27.970927 ], [ 85.184845, 27.970899 ], [ 85.184867, 27.970975 ], [ 85.184742, 27.971003 ] ] } },
{ "type": "Feature", "properties": { "name": null, "status": "Destroyed", "building": "yes", "building_levels": null }, "geometry": { "type": "LineString", "coordinates": [ [ 85.171572, 27.964643 ], [ 85.171652, 27.964671 ], [ 85.171679, 27.964611 ], [ 85.171599, 27.964583 ], [ 85.171572, 27.964643 ] ] } },
{ "type": "Feature", "properties": { "name": null, "status": "Destroyed", "building": "yes", "building_levels": null }, "geometry": { "type": "LineString", "coordinates": [ [ 85.183709, 27.969715 ], [ 85.183831, 27.969715 ], [ 85.183831, 27.969636 ], [ 85.183709, 27.969636 ], [ 85.183709, 27.969715 ] ] } },
{ "type": "Feature", "properties": { "name": null, "status": "Destroyed", "building": "yes", "building_levels": null }, "geometry": { "type": "LineString", "coordinates": [ [ 85.183295, 27.97513 ], [ 85.183422, 27.975106 ], [ 85.183401, 27.975017 ], [ 85.183273, 27.975041 ], [ 85.183295, 27.97513 ] ] } },
{ "type": "Feature", "properties": { "name": null, "status": "Destroyed", "building": "yes", "building_levels": null }, "geometry": { "type": "LineString", "coordinates": [ [ 85.148595, 27.925408 ], [ 85.148645, 27.925389 ], [ 85.148595, 27.925287 ], [ 85.148544, 27.925306 ], [ 85.148595, 27.925408 ] ] } },
{ "type": "Feature", "properties": { "name": null, "status": "Destroyed", "building": "yes", "building_levels": null }, "geometry": { "type": "LineString", "coordinates": [ [ 85.149611, 27.924209 ], [ 85.149567, 27.923877 ], [ 85.149499, 27.923884 ], [ 85.149544, 27.924216 ], [ 85.149611, 27.924209 ] ] } },
{ "type": "Feature", "properties": { "name": null, "status": "Destroyed", "building": "yes", "building_levels": null }, "geometry": { "type": "LineString", "coordinates": [ [ 85.148735, 27.925578 ], [ 85.148725, 27.925545 ], [ 85.148813, 27.925524 ], [ 85.148823, 27.925558 ], [ 85.148735, 27.925578 ] ] } },
{ "type": "Feature", "properties": { "name": null, "status": "Destroyed", "building": "yes", "building_levels": null }, "geometry": { "type": "LineString", "coordinates": [ [ 85.157682, 27.94017 ], [ 85.157817, 27.940302 ], [ 85.157912, 27.940226 ], [ 85.157776, 27.940094 ], [ 85.157682, 27.94017 ] ] } },
{ "type": "Feature", "properties": { "name": null, "status": "Destroyed", "building": "yes", "building_levels": null }, "geometry": { "type": "LineString", "coordinates": [ [ 85.159269, 27.943007 ], [ 85.159529, 27.943408 ], [ 85.159631, 27.943356 ], [ 85.159372, 27.942955 ], [ 85.159269, 27.943007 ] ] } },
{ "type": "Feature", "properties": { "name": null, "status": "Destroyed", "building": "yes", "building_levels": null }, "geometry": { "type": "LineString", "coordinates": [ [ 85.156112, 27.938767 ], [ 85.156159, 27.938805 ], [ 85.156216, 27.93875 ], [ 85.156169, 27.938712 ], [ 85.156112, 27.938767 ] ] } },
{ "type": "Feature", "properties": { "name": null, "status": "Destroyed", "building": "yes", "building_levels": null }, "geometry": { "type": "LineString", "coordinates": [ [ 85.149287, 27.931063 ], [ 85.149319, 27.931124 ], [ 85.149366, 27.931105 ], [ 85.149334, 27.931044 ], [ 85.149287, 27.931063 ] ] } },
{ "type": "Feature", "properties": { "name": null, "status": "Destroyed", "building": "yes", "building_levels": null }, "geometry": { "type": "LineString", "coordinates": [ [ 85.153959, 27.93728 ], [ 85.154008, 27.93731 ], [ 85.154017, 27.937298 ], [ 85.154044, 27.937315 ], [ 85.154076, 27.937276 ], [ 85.154001, 27.937228 ], [ 85.153959, 27.93728 ] ] } },
{ "type": "Feature", "properties": { "name": null, "status": "Destroyed", "building": "yes", "building_levels": null }, "geometry": { "type": "LineString", "coordinates": [ [ 85.160455, 27.946412 ], [ 85.160563, 27.946376 ], [ 85.16054, 27.94632 ], [ 85.160431, 27.946356 ], [ 85.160455, 27.946412 ] ] } },
{ "type": "Feature", "properties": { "name": null, "status": "Destroyed", "building": "yes", "building_levels": null }, "geometry": { "type": "LineString", "coordinates": [ [ 85.157163, 27.935852 ], [ 85.157196, 27.935904 ], [ 85.157242, 27.935881 ], [ 85.157209, 27.935829 ], [ 85.157163, 27.935852 ] ] } },
{ "type": "Feature", "properties": { "name": null, "status": "Destroyed", "building": "yes", "building_levels": null }, "geometry": { "type": "LineString", "coordinates": [ [ 85.157896, 27.940599 ], [ 85.157982, 27.940666 ], [ 85.158025, 27.940624 ], [ 85.157939, 27.940556 ], [ 85.157896, 27.940599 ] ] } },
{ "type": "Feature", "properties": { "name": null, "status": "Destroyed", "building": "yes", "building_levels": null }, "geometry": { "type": "LineString", "coordinates": [ [ 85.150637, 27.924129 ], [ 85.150761, 27.924117 ], [ 85.150745, 27.923988 ], [ 85.150621, 27.924 ], [ 85.150637, 27.924129 ] ] } },
{ "type": "Feature", "properties": { "name": null, "status": "Destroyed", "building": "yes", "building_levels": null }, "geometry": { "type": "LineString", "coordinates": [ [ 85.150271, 27.923647 ], [ 85.150522, 27.923612 ], [ 85.15051, 27.923542 ], [ 85.150259, 27.923577 ], [ 85.150271, 27.923647 ] ] } },
{ "type": "Feature", "properties": { "name": null, "status": "Destroyed", "building": "yes", "building_levels": null }, "geometry": { "type": "LineString", "coordinates": [ [ 85.161047, 27.946322 ], [ 85.161014, 27.946256 ], [ 85.161111, 27.946217 ], [ 85.161145, 27.946283 ], [ 85.161047, 27.946322 ] ] } },
{ "type": "Feature", "properties": { "name": null, "status": "Destroyed", "building": "yes", "building_levels": null }, "geometry": { "type": "LineString", "coordinates": [ [ 85.160542, 27.946995 ], [ 85.160517, 27.946958 ], [ 85.160558, 27.946937 ], [ 85.160583, 27.946974 ], [ 85.160542, 27.946995 ] ] } },
{ "type": "Feature", "properties": { "name": null, "status": "Destroyed", "building": "yes", "building_levels": null }, "geometry": { "type": "LineString", "coordinates": [ [ 85.14748, 27.92987 ], [ 85.147513, 27.929758 ], [ 85.147608, 27.929772 ], [ 85.147562, 27.929889 ], [ 85.14748, 27.92987 ] ] } },
{ "type": "Feature", "properties": { "name": null, "status": "Destroyed", "building": "yes", "building_levels": null }, "geometry": { "type": "LineString", "coordinates": [ [ 85.147334, 27.929476 ], [ 85.147403, 27.929487 ], [ 85.147418, 27.929412 ], [ 85.147349, 27.929401 ], [ 85.147334, 27.929476 ] ] } },
{ "type": "Feature", "properties": { "name": null, "status": "Destroyed", "building": "yes", "building_levels": null }, "geometry": { "type": "LineString", "coordinates": [ [ 85.162959, 27.95476 ], [ 85.163014, 27.954734 ], [ 85.162973, 27.954668 ], [ 85.162918, 27.954694 ], [ 85.162959, 27.95476 ] ] } },
{ "type": "Feature", "properties": { "name": null, "status": "Destroyed", "building": "yes", "building_levels": null }, "geometry": { "type": "LineString", "coordinates": [ [ 85.148659, 27.925278 ], [ 85.148694, 27.92534 ], [ 85.148768, 27.925307 ], [ 85.148733, 27.925245 ], [ 85.148659, 27.925278 ] ] } },
{ "type": "Feature", "properties": { "name": null, "status": "Damaged", "building": "yes", "building_levels": null }, "geometry": { "type": "LineString", "coordinates": [ [ 85.366684, 28.254576 ], [ 85.366779, 28.254575 ], [ 85.366776, 28.254464 ], [ 85.366681, 28.254466 ], [ 85.366684, 28.254576 ] ] } },
{ "type": "Feature", "properties": { "name": null, "status": "Destroyed", "building": "yes", "building_levels": null }, "geometry": { "type": "LineString", "coordinates": [ [ 85.359041, 28.237219 ], [ 85.359078, 28.237247 ], [ 85.359113, 28.237212 ], [ 85.359076, 28.237184 ], [ 85.359041, 28.237219 ] ] } },
{ "type": "Feature", "properties": { "name": null, "status": "Destroyed", "building": "yes", "building_levels": null }, "geometry": { "type": "LineString", "coordinates": [ [ 85.341128, 28.166698 ], [ 85.341221, 28.166651 ], [ 85.341185, 28.166595 ], [ 85.341092, 28.166642 ], [ 85.341128, 28.166698 ] ] } },
{ "type": "Feature", "properties": { "name": null, "status": "Destroyed", "building": "yes", "building_levels": null }, "geometry": { "type": "LineString", "coordinates": [ [ 85.379021, 28.280159 ], [ 85.379097, 28.280218 ], [ 85.379167, 28.280148 ], [ 85.379299, 28.28025 ], [ 85.379367, 28.280182 ], [ 85.379159, 28.280021 ], [ 85.379021, 28.280159 ] ] } },
{ "type": "Feature", "properties": { "name": null, "status": "Destroyed", "building": "yes", "building_levels": null }, "geometry": { "type": "LineString", "coordinates": [ [ 85.090977, 27.861233 ], [ 85.091044, 27.861259 ], [ 85.091075, 27.861198 ], [ 85.091008, 27.861172 ], [ 85.090977, 27.861233 ] ] } },
{ "type": "Feature", "properties": { "name": null, "status": "Destroyed", "building": "yes", "building_levels": null }, "geometry": { "type": "LineString", "coordinates": [ [ 85.169554, 27.959954 ], [ 85.169594, 27.959956 ], [ 85.169596, 27.959902 ], [ 85.169556, 27.9599 ], [ 85.169554, 27.959954 ] ] } },
{ "type": "Feature", "properties": { "name": null, "status": "Destroyed", "building": "yes", "building_levels": null }, "geometry": { "type": "LineString", "coordinates": [ [ 85.16063, 27.945341 ], [ 85.160589, 27.945281 ], [ 85.160693, 27.945224 ], [ 85.160735, 27.945283 ], [ 85.16063, 27.945341 ] ] } },
{ "type": "Feature", "properties": { "name": null, "status": "Destroyed", "building": "yes", "building_levels": null }, "geometry": { "type": "LineString", "coordinates": [ [ 85.11387, 27.867139 ], [ 85.113924, 27.867115 ], [ 85.113874, 27.867028 ], [ 85.11382, 27.867052 ], [ 85.11387, 27.867139 ] ] } },
{ "type": "Feature", "properties": { "name": null, "status": "Destroyed", "building": "yes", "building_levels": null }, "geometry": { "type": "LineString", "coordinates": [ [ 85.361307, 28.223642 ], [ 85.361357, 28.223641 ], [ 85.361355, 28.223559 ], [ 85.361305, 28.22356 ], [ 85.361307, 28.223642 ] ] } },
{ "type": "Feature", "properties": { "name": null, "status": "Destroyed", "building": "yes", "building_levels": null }, "geometry": { "type": "LineString", "coordinates": [ [ 85.338334, 28.164762 ], [ 85.338399, 28.164716 ], [ 85.338444, 28.164765 ], [ 85.338378, 28.164812 ], [ 85.338334, 28.164762 ] ] } },
{ "type": "Feature", "properties": { "name": null, "status": "Destroyed", "building": "yes", "building_levels": null }, "geometry": { "type": "LineString", "coordinates": [ [ 85.37668, 28.270104 ], [ 85.376727, 28.270266 ], [ 85.376854, 28.270238 ], [ 85.376808, 28.270076 ], [ 85.37668, 28.270104 ] ] } },
{ "type": "Feature", "properties": { "name": null, "status": "Destroyed", "building": "yes", "building_levels": null }, "geometry": { "type": "LineString", "coordinates": [ [ 85.376396, 28.269484 ], [ 85.376576, 28.269408 ], [ 85.376599, 28.269451 ], [ 85.376419, 28.269527 ], [ 85.376396, 28.269484 ] ] } },
{ "type": "Feature", "properties": { "name": null, "status": "Destroyed", "building": "yes", "building_levels": null }, "geometry": { "type": "LineString", "coordinates": [ [ 85.34321, 28.164678 ], [ 85.343278, 28.164591 ], [ 85.343202, 28.164545 ], [ 85.343177, 28.164577 ], [ 85.343223, 28.164604 ], [ 85.343202, 28.164631 ], [ 85.343136, 28.164592 ], [ 85.343114, 28.16462 ], [ 85.34321, 28.164678 ] ] } },
{ "type": "Feature", "properties": { "name": null, "status": "Destroyed", "building": "yes", "building_levels": null }, "geometry": { "type": "LineString", "coordinates": [ [ 85.343031, 28.164444 ], [ 85.342982, 28.164388 ], [ 85.342944, 28.164414 ], [ 85.342993, 28.16447 ], [ 85.343031, 28.164444 ] ] } },
{ "type": "Feature", "properties": { "name": null, "status": "Destroyed", "building": "yes", "building_levels": null }, "geometry": { "type": "LineString", "coordinates": [ [ 85.359108, 28.234401 ], [ 85.359128, 28.234415 ], [ 85.359151, 28.234389 ], [ 85.359131, 28.234375 ], [ 85.359108, 28.234401 ] ] } },
{ "type": "Feature", "properties": { "name": null, "status": "Destroyed", "building": "yes", "building_levels": null }, "geometry": { "type": "LineString", "coordinates": [ [ 85.364529, 28.252479 ], [ 85.364539, 28.252539 ], [ 85.364703, 28.252517 ], [ 85.364692, 28.252457 ], [ 85.364529, 28.252479 ] ] } },
{ "type": "Feature", "properties": { "name": null, "status": "Destroyed", "building": "yes", "building_levels": null }, "geometry": { "type": "LineString", "coordinates": [ [ 85.366721, 28.256242 ], [ 85.366747, 28.256236 ], [ 85.366724, 28.256155 ], [ 85.366698, 28.25616 ], [ 85.366721, 28.256242 ] ] } },
{ "type": "Feature", "properties": { "name": null, "status": "Destroyed", "building": "yes", "building_levels": null }, "geometry": { "type": "LineString", "coordinates": [ [ 85.366104, 28.256403 ], [ 85.366152, 28.256385 ], [ 85.366109, 28.256293 ], [ 85.366062, 28.25631 ], [ 85.366104, 28.256403 ] ] } },
{ "type": "Feature", "properties": { "name": null, "status": "Destroyed", "building": "yes", "building_levels": null }, "geometry": { "type": "LineString", "coordinates": [ [ 85.172279, 27.962431 ], [ 85.172326, 27.962455 ], [ 85.172396, 27.962347 ], [ 85.172348, 27.962323 ], [ 85.172279, 27.962431 ] ] } },
{ "type": "Feature", "properties": { "name": null, "status": "Destroyed", "building": "yes", "building_levels": null }, "geometry": { "type": "LineString", "coordinates": [ [ 85.151959, 27.935376 ], [ 85.151983, 27.93535 ], [ 85.152014, 27.935372 ], [ 85.15199, 27.935398 ], [ 85.151959, 27.935376 ] ] } },
{ "type": "Feature", "properties": { "name": null, "status": "Destroyed", "building": "yes", "building_levels": null }, "geometry": { "type": "LineString", "coordinates": [ [ 85.152917, 27.933195 ], [ 85.152973, 27.93322 ], [ 85.152993, 27.933185 ], [ 85.152937, 27.93316 ], [ 85.152917, 27.933195 ] ] } },
{ "type": "Feature", "properties": { "name": null, "status": "Destroyed", "building": "yes", "building_levels": null }, "geometry": { "type": "LineString", "coordinates": [ [ 85.16026, 27.946644 ], [ 85.160234, 27.946577 ], [ 85.160276, 27.946564 ], [ 85.160302, 27.946631 ], [ 85.16026, 27.946644 ] ] } },
{ "type": "Feature", "properties": { "name": null, "status": "Destroyed", "building": "yes", "building_levels": null }, "geometry": { "type": "LineString", "coordinates": [ [ 85.338278, 28.182406 ], [ 85.33829, 28.182379 ], [ 85.338347, 28.182398 ], [ 85.338335, 28.182426 ], [ 85.338278, 28.182406 ] ] } },
{ "type": "Feature", "properties": { "name": null, "status": "Destroyed", "building": "yes", "building_levels": null }, "geometry": { "type": "LineString", "coordinates": [ [ 85.342013, 28.181502 ], [ 85.342101, 28.181425 ], [ 85.342009, 28.181344 ], [ 85.341922, 28.181422 ], [ 85.342013, 28.181502 ] ] } },
{ "type": "Feature", "properties": { "name": null, "status": "Destroyed", "building": "apartments", "building_levels": null }, "geometry": { "type": "LineString", "coordinates": [ [ 85.111438, 27.861014 ], [ 85.111642, 27.860915 ], [ 85.111552, 27.860769 ], [ 85.111347, 27.860869 ], [ 85.111438, 27.861014 ] ] } },
{ "type": "Feature", "properties": { "name": null, "status": "Destroyed", "building": "yes", "building_levels": null }, "geometry": { "type": "LineString", "coordinates": [ [ 85.336277, 28.160563 ], [ 85.336314, 28.160605 ], [ 85.336362, 28.160572 ], [ 85.336326, 28.16053 ], [ 85.336277, 28.160563 ] ] } },
{ "type": "Feature", "properties": { "name": null, "status": "Destroyed", "building": "yes", "building_levels": null }, "geometry": { "type": "LineString", "coordinates": [ [ 85.338102, 28.163725 ], [ 85.338171, 28.16377 ], [ 85.338252, 28.163674 ], [ 85.338321, 28.16372 ], [ 85.338241, 28.163814 ], [ 85.3383, 28.163853 ], [ 85.338423, 28.163706 ], [ 85.338226, 28.163577 ], [ 85.338102, 28.163725 ] ] } },
{ "type": "Feature", "properties": { "name": null, "status": "Destroyed", "building": "yes", "building_levels": null }, "geometry": { "type": "LineString", "coordinates": [ [ 85.337635, 28.163581 ], [ 85.337717, 28.163646 ], [ 85.33778, 28.163585 ], [ 85.337699, 28.16352 ], [ 85.337635, 28.163581 ] ] } },
{ "type": "Feature", "properties": { "name": null, "status": "Destroyed", "building": "yes", "building_levels": null }, "geometry": { "type": "LineString", "coordinates": [ [ 85.336723, 28.160802 ], [ 85.336747, 28.160831 ], [ 85.336776, 28.160814 ], [ 85.336752, 28.160784 ], [ 85.336723, 28.160802 ] ] } },
{ "type": "Feature", "properties": { "name": null, "status": "Destroyed", "building": "yes", "building_levels": null }, "geometry": { "type": "LineString", "coordinates": [ [ 85.376476, 28.273237 ], [ 85.376461, 28.273308 ], [ 85.37656, 28.273324 ], [ 85.376575, 28.273252 ], [ 85.376476, 28.273237 ] ] } },
{ "type": "Feature", "properties": { "name": null, "status": "Destroyed", "building": "yes", "building_levels": null }, "geometry": { "type": "LineString", "coordinates": [ [ 85.33613, 28.161143 ], [ 85.336164, 28.161132 ], [ 85.336122, 28.161029 ], [ 85.336088, 28.161039 ], [ 85.33613, 28.161143 ] ] } },
{ "type": "Feature", "properties": { "name": null, "status": "Destroyed", "building": "yes", "building_levels": null }, "geometry": { "type": "LineString", "coordinates": [ [ 85.336192, 28.161884 ], [ 85.336161, 28.161911 ], [ 85.336194, 28.161941 ], [ 85.336225, 28.161914 ], [ 85.336192, 28.161884 ] ] } },
{ "type": "Feature", "properties": { "name": null, "status": "Destroyed", "building": "yes", "building_levels": null }, "geometry": { "type": "LineString", "coordinates": [ [ 85.335932, 28.160421 ], [ 85.335873, 28.160423 ], [ 85.335876, 28.160474 ], [ 85.335934, 28.160472 ], [ 85.335932, 28.160421 ] ] } },
{ "type": "Feature", "properties": { "name": null, "status": "Destroyed", "building": "yes", "building_levels": null }, "geometry": { "type": "LineString", "coordinates": [ [ 85.366291, 28.252305 ], [ 85.366379, 28.252319 ], [ 85.366407, 28.252184 ], [ 85.366319, 28.25217 ], [ 85.366291, 28.252305 ] ] } },
{ "type": "Feature", "properties": { "name": null, "status": "Destroyed", "building": "yes", "building_levels": null }, "geometry": { "type": "LineString", "coordinates": [ [ 85.375649, 28.264709 ], [ 85.375764, 28.264747 ], [ 85.375822, 28.264609 ], [ 85.375707, 28.264572 ], [ 85.375649, 28.264709 ] ] } },
{ "type": "Feature", "properties": { "name": null, "status": "Destroyed", "building": "apartments", "building_levels": null }, "geometry": { "type": "LineString", "coordinates": [ [ 85.365932, 28.25315 ], [ 85.365969, 28.25314 ], [ 85.365943, 28.253069 ], [ 85.366004, 28.253052 ], [ 85.366047, 28.253172 ], [ 85.36595, 28.253199 ], [ 85.365932, 28.25315 ] ] } },
{ "type": "Feature", "properties": { "name": null, "status": "Destroyed", "building": "yes", "building_levels": null }, "geometry": { "type": "LineString", "coordinates": [ [ 85.366821, 28.255318 ], [ 85.366915, 28.255321 ], [ 85.366918, 28.255245 ], [ 85.366825, 28.255242 ], [ 85.366821, 28.255318 ] ] } },
{ "type": "Feature", "properties": { "name": null, "status": "Destroyed", "building": "yes", "building_levels": null }, "geometry": { "type": "LineString", "coordinates": [ [ 85.366556, 28.254887 ], [ 85.366576, 28.254932 ], [ 85.366637, 28.254911 ], [ 85.366617, 28.254866 ], [ 85.366556, 28.254887 ] ] } },
{ "type": "Feature", "properties": { "name": null, "status": "Destroyed", "building": "yes", "building_levels": null }, "geometry": { "type": "LineString", "coordinates": [ [ 85.366373, 28.253365 ], [ 85.366449, 28.253355 ], [ 85.366441, 28.253314 ], [ 85.366366, 28.253324 ], [ 85.366373, 28.253365 ] ] } },
{ "type": "Feature", "properties": { "name": null, "status": "Destroyed", "building": "yes", "building_levels": null }, "geometry": { "type": "LineString", "coordinates": [ [ 85.366296, 28.251681 ], [ 85.366446, 28.251549 ], [ 85.366485, 28.251584 ], [ 85.366334, 28.251715 ], [ 85.366296, 28.251681 ] ] } },
{ "type": "Feature", "properties": { "name": null, "status": "Destroyed", "building": "yes", "building_levels": null }, "geometry": { "type": "LineString", "coordinates": [ [ 85.3754, 28.265391 ], [ 85.375444, 28.265354 ], [ 85.375394, 28.265308 ], [ 85.37535, 28.265345 ], [ 85.3754, 28.265391 ] ] } },
{ "type": "Feature", "properties": { "name": null, "status": "Destroyed", "building": "yes", "building_levels": null }, "geometry": { "type": "LineString", "coordinates": [ [ 85.375473, 28.265147 ], [ 85.375544, 28.265137 ], [ 85.37554, 28.26512 ], [ 85.375617, 28.265109 ], [ 85.375624, 28.265145 ], [ 85.375691, 28.265135 ], [ 85.375673, 28.26504 ], [ 85.375472, 28.26507 ], [ 85.375478, 28.265101 ], [ 85.375465, 28.265103 ], [ 85.375473, 28.265147 ] ] } },
{ "type": "Feature", "properties": { "name": null, "status": "Destroyed", "building": "yes", "building_levels": null }, "geometry": { "type": "LineString", "coordinates": [ [ 85.374341, 28.264532 ], [ 85.374478, 28.264573 ], [ 85.374533, 28.264433 ], [ 85.374396, 28.264391 ], [ 85.374341, 28.264532 ] ] } },
{ "type": "Feature", "properties": { "name": null, "status": "Destroyed", "building": "yes", "building_levels": null }, "geometry": { "type": "LineString", "coordinates": [ [ 85.373513, 28.263091 ], [ 85.37359, 28.263093 ], [ 85.373594, 28.262997 ], [ 85.373516, 28.262995 ], [ 85.373513, 28.263091 ] ] } },
{ "type": "Feature", "properties": { "name": null, "status": "Destroyed", "building": "yes", "building_levels": null }, "geometry": { "type": "LineString", "coordinates": [ [ 85.375569, 28.264977 ], [ 85.375639, 28.264967 ], [ 85.375631, 28.264924 ], [ 85.375561, 28.264935 ], [ 85.375569, 28.264977 ] ] } },
{ "type": "Feature", "properties": { "name": null, "status": "Destroyed", "building": "yes", "building_levels": null }, "geometry": { "type": "LineString", "coordinates": [ [ 85.089376, 27.861929 ], [ 85.089444, 27.861947 ], [ 85.089455, 27.861908 ], [ 85.089387, 27.861893 ], [ 85.089376, 27.861929 ] ] } },
{ "type": "Feature", "properties": { "name": null, "status": "Destroyed", "building": "yes", "building_levels": null }, "geometry": { "type": "LineString", "coordinates": [ [ 85.108368, 27.859227 ], [ 85.108506, 27.859317 ], [ 85.108559, 27.859253 ], [ 85.108422, 27.859163 ], [ 85.108368, 27.859227 ] ] } },
{ "type": "Feature", "properties": { "name": null, "status": "Destroyed", "building": "yes", "building_levels": null }, "geometry": { "type": "LineString", "coordinates": [ [ 85.080148, 27.854959 ], [ 85.08022, 27.854976 ], [ 85.080248, 27.854878 ], [ 85.080176, 27.854861 ], [ 85.080148, 27.854959 ] ] } },
{ "type": "Feature", "properties": { "name": null, "status": "Destroyed", "building": "yes", "building_levels": null }, "geometry": { "type": "LineString", "coordinates": [ [ 85.110369, 27.860745 ], [ 85.110297, 27.860789 ], [ 85.110395, 27.860915 ], [ 85.110467, 27.860871 ], [ 85.110369, 27.860745 ] ] } },
{ "type": "Feature", "properties": { "name": null, "status": "Destroyed", "building": "yes", "building_levels": null }, "geometry": { "type": "LineString", "coordinates": [ [ 85.109028, 27.85942 ], [ 85.109087, 27.859519 ], [ 85.109152, 27.859488 ], [ 85.109093, 27.85939 ], [ 85.109028, 27.85942 ] ] } },
{ "type": "Feature", "properties": { "name": null, "status": "Destroyed", "building": "yes", "building_levels": null }, "geometry": { "type": "LineString", "coordinates": [ [ 85.171346, 27.965015 ], [ 85.171353, 27.96498 ], [ 85.171423, 27.964992 ], [ 85.171415, 27.965027 ], [ 85.171346, 27.965015 ] ] } },
{ "type": "Feature", "properties": { "name": null, "status": "Destroyed", "building": "yes", "building_levels": null }, "geometry": { "type": "LineString", "coordinates": [ [ 85.16946, 27.964009 ], [ 85.169475, 27.963989 ], [ 85.169444, 27.963972 ], [ 85.16943, 27.963991 ], [ 85.16946, 27.964009 ] ] } },
{ "type": "Feature", "properties": { "name": null, "status": "Destroyed", "building": "yes", "building_levels": null }, "geometry": { "type": "LineString", "coordinates": [ [ 85.171901, 27.962225 ], [ 85.171826, 27.962158 ], [ 85.171782, 27.962196 ], [ 85.171858, 27.962264 ], [ 85.171901, 27.962225 ] ] } },
{ "type": "Feature", "properties": { "name": null, "status": "Destroyed", "building": "yes", "building_levels": null }, "geometry": { "type": "LineString", "coordinates": [ [ 85.168542, 27.95865 ], [ 85.16861, 27.958626 ], [ 85.168571, 27.958541 ], [ 85.168535, 27.958554 ], [ 85.168503, 27.958565 ], [ 85.168542, 27.95865 ] ] } },
{ "type": "Feature", "properties": { "name": null, "status": "Destroyed", "building": "yes", "building_levels": null }, "geometry": { "type": "LineString", "coordinates": [ [ 85.172236, 27.96242 ], [ 85.172245, 27.962393 ], [ 85.172179, 27.962376 ], [ 85.17217, 27.962403 ], [ 85.172236, 27.96242 ] ] } },
{ "type": "Feature", "properties": { "name": null, "status": "Destroyed", "building": "yes", "building_levels": null }, "geometry": { "type": "LineString", "coordinates": [ [ 85.174708, 27.966921 ], [ 85.17465, 27.966874 ], [ 85.174721, 27.966805 ], [ 85.174756, 27.966833 ], [ 85.174779, 27.966852 ], [ 85.174708, 27.966921 ] ] } },
{ "type": "Feature", "properties": { "name": null, "status": "Destroyed", "building": "yes", "building_levels": null }, "geometry": { "type": "LineString", "coordinates": [ [ 85.168492, 27.958669 ], [ 85.168517, 27.958658 ], [ 85.168489, 27.958606 ], [ 85.168464, 27.958616 ], [ 85.168492, 27.958669 ] ] } },
{ "type": "Feature", "properties": { "name": null, "status": "Destroyed", "building": "yes", "building_levels": null }, "geometry": { "type": "LineString", "coordinates": [ [ 85.184126, 27.973928 ], [ 85.184132, 27.973987 ], [ 85.18426, 27.973978 ], [ 85.184255, 27.973919 ], [ 85.184126, 27.973928 ] ] } },
{ "type": "Feature", "properties": { "name": null, "status": "Destroyed", "building": "yes", "building_levels": null }, "geometry": { "type": "LineString", "coordinates": [ [ 85.17165, 27.962039 ], [ 85.171695, 27.962077 ], [ 85.17173, 27.962044 ], [ 85.171685, 27.962007 ], [ 85.17165, 27.962039 ] ] } },
{ "type": "Feature", "properties": { "name": null, "status": "Destroyed", "building": "yes", "building_levels": null }, "geometry": { "type": "LineString", "coordinates": [ [ 85.179635, 27.968374 ], [ 85.17967, 27.968434 ], [ 85.179707, 27.968419 ], [ 85.179725, 27.968409 ], [ 85.17969, 27.96835 ], [ 85.179635, 27.968374 ] ] } },
{ "type": "Feature", "properties": { "name": null, "status": "Destroyed", "building": "yes", "building_levels": null }, "geometry": { "type": "LineString", "coordinates": [ [ 85.183097, 27.969923 ], [ 85.18321, 27.969939 ], [ 85.183226, 27.969849 ], [ 85.183114, 27.969833 ], [ 85.183097, 27.969923 ] ] } },
{ "type": "Feature", "properties": { "name": null, "status": "Destroyed", "building": "yes", "building_levels": null }, "geometry": { "type": "LineString", "coordinates": [ [ 85.157398, 27.935877 ], [ 85.15744, 27.935871 ], [ 85.157431, 27.935824 ], [ 85.15739, 27.935831 ], [ 85.157398, 27.935877 ] ] } },
{ "type": "Feature", "properties": { "name": null, "status": "Destroyed", "building": "yes", "building_levels": null }, "geometry": { "type": "LineString", "coordinates": [ [ 85.156715, 27.939163 ], [ 85.156746, 27.939193 ], [ 85.156796, 27.939153 ], [ 85.156776, 27.939113 ], [ 85.156715, 27.939163 ] ] } },
{ "type": "Feature", "properties": { "name": null, "status": "Destroyed", "building": "yes", "building_levels": null }, "geometry": { "type": "LineString", "coordinates": [ [ 85.149049, 27.927491 ], [ 85.149048, 27.92742 ], [ 85.149137, 27.927419 ], [ 85.149138, 27.927491 ], [ 85.149049, 27.927491 ] ] } },
{ "type": "Feature", "properties": { "name": null, "status": "Destroyed", "building": "yes", "building_levels": null }, "geometry": { "type": "LineString", "coordinates": [ [ 85.097664, 27.858792 ], [ 85.097732, 27.858787 ], [ 85.097727, 27.858729 ], [ 85.097658, 27.858733 ], [ 85.097664, 27.858792 ] ] } },
{ "type": "Feature", "properties": { "name": null, "status": "Destroyed", "building": "yes", "building_levels": null }, "geometry": { "type": "LineString", "coordinates": [ [ 85.377866, 28.272057 ], [ 85.377962, 28.272059 ], [ 85.377969, 28.271823 ], [ 85.377873, 28.271821 ], [ 85.377866, 28.272057 ] ] } },
{ "type": "Feature", "properties": { "name": null, "status": "Destroyed", "building": "yes", "building_levels": null }, "geometry": { "type": "LineString", "coordinates": [ [ 85.342897, 28.165013 ], [ 85.342945, 28.165007 ], [ 85.342935, 28.164943 ], [ 85.342886, 28.164949 ], [ 85.342897, 28.165013 ] ] } },
{ "type": "Feature", "properties": { "name": null, "status": "Destroyed", "building": "yes", "building_levels": null }, "geometry": { "type": "LineString", "coordinates": [ [ 85.366687, 28.254663 ], [ 85.366683, 28.254588 ], [ 85.366783, 28.254583 ], [ 85.366787, 28.254659 ], [ 85.366687, 28.254663 ] ] } },
{ "type": "Feature", "properties": { "name": null, "status": "Destroyed", "building": "yes", "building_levels": null }, "geometry": { "type": "LineString", "coordinates": [ [ 85.366617, 28.254708 ], [ 85.366572, 28.254466 ], [ 85.366543, 28.25447 ], [ 85.366563, 28.254583 ], [ 85.366528, 28.254588 ], [ 85.366552, 28.254718 ], [ 85.366617, 28.254708 ] ] } },
{ "type": "Feature", "properties": { "name": null, "status": "Destroyed", "building": "yes", "building_levels": null }, "geometry": { "type": "LineString", "coordinates": [ [ 85.17303, 27.962993 ], [ 85.172982, 27.962936 ], [ 85.173053, 27.962889 ], [ 85.173101, 27.962947 ], [ 85.17303, 27.962993 ] ] } },
{ "type": "Feature", "properties": { "name": null, "status": "Destroyed", "building": "yes", "building_levels": null }, "geometry": { "type": "LineString", "coordinates": [ [ 85.184865, 27.969816 ], [ 85.184995, 27.96978 ], [ 85.185031, 27.96988 ], [ 85.184902, 27.969917 ], [ 85.184865, 27.969816 ] ] } },
{ "type": "Feature", "properties": { "name": null, "status": "Destroyed", "building": "yes", "building_levels": null }, "geometry": { "type": "LineString", "coordinates": [ [ 85.168791, 27.959967 ], [ 85.168834, 27.959964 ], [ 85.168834, 27.960009 ], [ 85.168789, 27.960008 ], [ 85.168791, 27.959967 ] ] } },
{ "type": "Feature", "properties": { "name": null, "status": "Destroyed", "building": "yes", "building_levels": null }, "geometry": { "type": "LineString", "coordinates": [ [ 85.168867, 27.963462 ], [ 85.168961, 27.963705 ], [ 85.169042, 27.963681 ], [ 85.168948, 27.963438 ], [ 85.168867, 27.963462 ] ] } },
{ "type": "Feature", "properties": { "name": null, "status": "Destroyed", "building": "yes", "building_levels": null }, "geometry": { "type": "LineString", "coordinates": [ [ 85.150025, 27.925972 ], [ 85.150026, 27.925903 ], [ 85.150103, 27.925904 ], [ 85.150101, 27.925974 ], [ 85.150025, 27.925972 ] ] } },
{ "type": "Feature", "properties": { "name": null, "status": "Destroyed", "building": "yes", "building_levels": null }, "geometry": { "type": "LineString", "coordinates": [ [ 85.14986, 27.92375 ], [ 85.149841, 27.923582 ], [ 85.149929, 27.923574 ], [ 85.149948, 27.923742 ], [ 85.14986, 27.92375 ] ] } },
{ "type": "Feature", "properties": { "name": null, "status": "Destroyed", "building": "yes", "building_levels": null }, "geometry": { "type": "LineString", "coordinates": [ [ 85.149933, 27.923353 ], [ 85.15004, 27.923342 ], [ 85.150031, 27.923268 ], [ 85.149924, 27.923278 ], [ 85.149933, 27.923353 ] ] } },
{ "type": "Feature", "properties": { "name": null, "status": "Destroyed", "building": "yes", "building_levels": null }, "geometry": { "type": "LineString", "coordinates": [ [ 85.161089, 27.946573 ], [ 85.16116, 27.946546 ], [ 85.161134, 27.946493 ], [ 85.161063, 27.94652 ], [ 85.161089, 27.946573 ] ] } },
{ "type": "Feature", "properties": { "name": null, "status": "Destroyed", "building": "yes", "building_levels": null }, "geometry": { "type": "LineString", "coordinates": [ [ 85.161421, 27.946539 ], [ 85.161402, 27.946488 ], [ 85.161498, 27.946459 ], [ 85.161518, 27.94651 ], [ 85.161421, 27.946539 ] ] } },
{ "type": "Feature", "properties": { "name": null, "status": "Destroyed", "building": "yes", "building_levels": null }, "geometry": { "type": "LineString", "coordinates": [ [ 85.149178, 27.932858 ], [ 85.149207, 27.932886 ], [ 85.149229, 27.932867 ], [ 85.149199, 27.93284 ], [ 85.149178, 27.932858 ] ] } },
{ "type": "Feature", "properties": { "name": null, "status": "Destroyed", "building": "yes", "building_levels": null }, "geometry": { "type": "LineString", "coordinates": [ [ 85.343717, 28.163931 ], [ 85.343804, 28.163964 ], [ 85.343818, 28.163934 ], [ 85.343732, 28.163901 ], [ 85.343717, 28.163931 ] ] } },
{ "type": "Feature", "properties": { "name": null, "status": "Destroyed", "building": "yes", "building_levels": null }, "geometry": { "type": "LineString", "coordinates": [ [ 85.336748, 28.162471 ], [ 85.336798, 28.162464 ], [ 85.336783, 28.162376 ], [ 85.336732, 28.162383 ], [ 85.336748, 28.162471 ] ] } },
{ "type": "Feature", "properties": { "name": null, "status": "Destroyed", "building": "yes", "building_levels": null }, "geometry": { "type": "LineString", "coordinates": [ [ 85.336643, 28.161626 ], [ 85.336801, 28.161593 ], [ 85.33677, 28.161477 ], [ 85.336612, 28.16151 ], [ 85.336643, 28.161626 ] ] } },
{ "type": "Feature", "properties": { "name": null, "status": "Destroyed", "building": "yes", "building_levels": null }, "geometry": { "type": "LineString", "coordinates": [ [ 85.337603, 28.163673 ], [ 85.337644, 28.163649 ], [ 85.337612, 28.163606 ], [ 85.337571, 28.163631 ], [ 85.337603, 28.163673 ] ] } },
{ "type": "Feature", "properties": { "name": null, "status": "Destroyed", "building": "yes", "building_levels": null }, "geometry": { "type": "LineString", "coordinates": [ [ 85.336703, 28.162908 ], [ 85.336766, 28.162906 ], [ 85.33676, 28.162807 ], [ 85.336698, 28.16281 ], [ 85.336703, 28.162908 ] ] } },
{ "type": "Feature", "properties": { "name": null, "status": "Destroyed", "building": "yes", "building_levels": null }, "geometry": { "type": "LineString", "coordinates": [ [ 85.338561, 28.163973 ], [ 85.338629, 28.164012 ], [ 85.338649, 28.163985 ], [ 85.338581, 28.163946 ], [ 85.338561, 28.163973 ] ] } },
{ "type": "Feature", "properties": { "name": null, "status": "Destroyed", "building": "yes", "building_levels": null }, "geometry": { "type": "LineString", "coordinates": [ [ 85.337849, 28.164008 ], [ 85.337902, 28.163952 ], [ 85.337853, 28.163917 ], [ 85.337801, 28.163973 ], [ 85.337849, 28.164008 ] ] } },
{ "type": "Feature", "properties": { "name": null, "status": "Destroyed", "building": "yes", "building_levels": null }, "geometry": { "type": "LineString", "coordinates": [ [ 85.358783, 28.238077 ], [ 85.358816, 28.23807 ], [ 85.358803, 28.238027 ], [ 85.358771, 28.238034 ], [ 85.358783, 28.238077 ] ] } },
{ "type": "Feature", "properties": { "name": null, "status": "Destroyed", "building": "yes", "building_levels": null }, "geometry": { "type": "LineString", "coordinates": [ [ 85.36668, 28.252034 ], [ 85.366678, 28.252071 ], [ 85.366713, 28.252073 ], [ 85.366707, 28.252164 ], [ 85.366759, 28.252167 ], [ 85.366767, 28.252039 ], [ 85.36668, 28.252034 ] ] } },
{ "type": "Feature", "properties": { "name": null, "status": "Destroyed", "building": "yes", "building_levels": null }, "geometry": { "type": "LineString", "coordinates": [ [ 85.365647, 28.253106 ], [ 85.365707, 28.253104 ], [ 85.365705, 28.252996 ], [ 85.365644, 28.252997 ], [ 85.365647, 28.253106 ] ] } },
{ "type": "Feature", "properties": { "name": null, "status": "Destroyed", "building": "yes", "building_levels": null }, "geometry": { "type": "LineString", "coordinates": [ [ 85.36682, 28.253345 ], [ 85.366889, 28.253339 ], [ 85.366875, 28.253205 ], [ 85.366806, 28.253211 ], [ 85.36682, 28.253345 ] ] } },
{ "type": "Feature", "properties": { "name": null, "status": "Destroyed", "building": "yes", "building_levels": null }, "geometry": { "type": "LineString", "coordinates": [ [ 85.366822, 28.255586 ], [ 85.366884, 28.255587 ], [ 85.366886, 28.25551 ], [ 85.366853, 28.255509 ], [ 85.366852, 28.255539 ], [ 85.366823, 28.255539 ], [ 85.366822, 28.255586 ] ] } },
{ "type": "Feature", "properties": { "name": null, "status": "Destroyed", "building": "yes", "building_levels": null }, "geometry": { "type": "LineString", "coordinates": [ [ 85.109898, 27.859537 ], [ 85.109935, 27.8596 ], [ 85.109842, 27.859642 ], [ 85.109829, 27.85962 ], [ 85.109749, 27.859657 ], [ 85.109725, 27.859616 ], [ 85.109898, 27.859537 ] ] } },
{ "type": "Feature", "properties": { "name": null, "status": "Destroyed", "building": "yes", "building_levels": null }, "geometry": { "type": "LineString", "coordinates": [ [ 85.10868, 27.8603 ], [ 85.108744, 27.860247 ], [ 85.108688, 27.860194 ], [ 85.108623, 27.860247 ], [ 85.10868, 27.8603 ] ] } },
{ "type": "Feature", "properties": { "name": null, "status": "Destroyed", "building": "yes", "building_levels": null }, "geometry": { "type": "LineString", "coordinates": [ [ 85.1092, 27.86243 ], [ 85.109297, 27.862343 ], [ 85.109203, 27.862261 ], [ 85.109106, 27.862348 ], [ 85.1092, 27.86243 ] ] } },
{ "type": "Feature", "properties": { "name": null, "status": "Destroyed", "building": "yes", "building_levels": null }, "geometry": { "type": "LineString", "coordinates": [ [ 85.113767, 27.867355 ], [ 85.113954, 27.867301 ], [ 85.113927, 27.867229 ], [ 85.113741, 27.867282 ], [ 85.113767, 27.867355 ] ] } },
{ "type": "Feature", "properties": { "name": null, "status": "Destroyed", "building": "yes", "building_levels": null }, "geometry": { "type": "LineString", "coordinates": [ [ 85.171296, 27.964551 ], [ 85.171098, 27.964471 ], [ 85.17113, 27.964408 ], [ 85.171329, 27.964488 ], [ 85.171296, 27.964551 ] ] } },
{ "type": "Feature", "properties": { "name": null, "status": "Destroyed", "building": "yes", "building_levels": null }, "geometry": { "type": "LineString", "coordinates": [ [ 85.163859, 27.948363 ], [ 85.163883, 27.948419 ], [ 85.163951, 27.948396 ], [ 85.163927, 27.94834 ], [ 85.163859, 27.948363 ] ] } },
{ "type": "Feature", "properties": { "name": null, "status": "Destroyed", "building": "yes", "building_levels": null }, "geometry": { "type": "LineString", "coordinates": [ [ 85.161936, 27.948135 ], [ 85.161919, 27.948049 ], [ 85.162023, 27.948032 ], [ 85.162041, 27.948118 ], [ 85.161936, 27.948135 ] ] } },
{ "type": "Feature", "properties": { "name": null, "status": "Destroyed", "building": "yes", "building_levels": null }, "geometry": { "type": "LineString", "coordinates": [ [ 85.174698, 27.965976 ], [ 85.174723, 27.965915 ], [ 85.175082, 27.96603 ], [ 85.175057, 27.966091 ], [ 85.174698, 27.965976 ] ] } },
{ "type": "Feature", "properties": { "name": null, "status": "Destroyed", "building": "yes", "building_levels": null }, "geometry": { "type": "LineString", "coordinates": [ [ 85.179797, 27.967847 ], [ 85.179845, 27.967835 ], [ 85.179866, 27.967903 ], [ 85.179818, 27.967915 ], [ 85.179797, 27.967847 ] ] } },
{ "type": "Feature", "properties": { "name": null, "status": "Destroyed", "building": "yes", "building_levels": null }, "geometry": { "type": "LineString", "coordinates": [ [ 85.183072, 27.975391 ], [ 85.182878, 27.975307 ], [ 85.182905, 27.975258 ], [ 85.183099, 27.975342 ], [ 85.183072, 27.975391 ] ] } },
{ "type": "Feature", "properties": { "name": null, "status": "Destroyed", "building": "yes", "building_levels": null }, "geometry": { "type": "LineString", "coordinates": [ [ 85.336641, 28.160733 ], [ 85.336668, 28.160773 ], [ 85.336694, 28.160759 ], [ 85.336667, 28.160719 ], [ 85.336641, 28.160733 ] ] } },
{ "type": "Feature", "properties": { "name": null, "status": "Destroyed", "building": "yes", "building_levels": null }, "geometry": { "type": "LineString", "coordinates": [ [ 85.149411, 27.933136 ], [ 85.149478, 27.933165 ], [ 85.149495, 27.933135 ], [ 85.149428, 27.933106 ], [ 85.149422, 27.933116 ], [ 85.149411, 27.933136 ] ] } },
{ "type": "Feature", "properties": { "name": null, "status": "Destroyed", "building": "yes", "building_levels": null }, "geometry": { "type": "LineString", "coordinates": [ [ 85.361458, 28.226164 ], [ 85.361471, 28.226087 ], [ 85.361615, 28.226106 ], [ 85.361602, 28.226182 ], [ 85.361458, 28.226164 ] ] } },
{ "type": "Feature", "properties": { "name": null, "status": "Destroyed", "building": "yes", "building_levels": null }, "geometry": { "type": "LineString", "coordinates": [ [ 85.377866, 28.280897 ], [ 85.377923, 28.280934 ], [ 85.378007, 28.280833 ], [ 85.377949, 28.280796 ], [ 85.377866, 28.280897 ] ] } },
{ "type": "Feature", "properties": { "name": null, "status": "Destroyed", "building": "yes", "building_levels": null }, "geometry": { "type": "LineString", "coordinates": [ [ 85.172503, 27.964527 ], [ 85.172536, 27.964479 ], [ 85.172473, 27.964445 ], [ 85.17244, 27.964493 ], [ 85.172503, 27.964527 ] ] } },
{ "type": "Feature", "properties": { "name": null, "status": "Destroyed", "building": "yes", "building_levels": null }, "geometry": { "type": "LineString", "coordinates": [ [ 85.150534, 27.923958 ], [ 85.150661, 27.923943 ], [ 85.150648, 27.923857 ], [ 85.150521, 27.923873 ], [ 85.150534, 27.923958 ] ] } },
{ "type": "Feature", "properties": { "name": null, "status": "Destroyed", "building": "yes", "building_levels": null }, "geometry": { "type": "LineString", "coordinates": [ [ 85.149181, 27.934341 ], [ 85.149233, 27.934366 ], [ 85.149266, 27.934315 ], [ 85.149214, 27.934289 ], [ 85.149181, 27.934341 ] ] } },
{ "type": "Feature", "properties": { "name": null, "status": "Destroyed", "building": "yes", "building_levels": null }, "geometry": { "type": "LineString", "coordinates": [ [ 85.336821, 28.163804 ], [ 85.336822, 28.163854 ], [ 85.336942, 28.163851 ], [ 85.33694, 28.163801 ], [ 85.336821, 28.163804 ] ] } },
{ "type": "Feature", "properties": { "name": null, "status": "Destroyed", "building": "yes", "building_levels": null }, "geometry": { "type": "LineString", "coordinates": [ [ 85.097971, 27.858709 ], [ 85.09799, 27.858753 ], [ 85.098065, 27.858726 ], [ 85.098046, 27.858683 ], [ 85.097971, 27.858709 ] ] } },
{ "type": "Feature", "properties": { "name": null, "status": "Destroyed", "building": "yes", "building_levels": null }, "geometry": { "type": "LineString", "coordinates": [ [ 85.366149, 28.252028 ], [ 85.366248, 28.252064 ], [ 85.366284, 28.251987 ], [ 85.366185, 28.251951 ], [ 85.366149, 28.252028 ] ] } },
{ "type": "Feature", "properties": { "name": null, "status": "Destroyed", "building": "yes", "building_levels": null }, "geometry": { "type": "LineString", "coordinates": [ [ 85.366856, 28.255153 ], [ 85.366856, 28.255169 ], [ 85.366908, 28.25517 ], [ 85.366909, 28.25507 ], [ 85.366857, 28.25507 ], [ 85.366857, 28.255098 ], [ 85.366829, 28.255098 ], [ 85.366828, 28.255153 ], [ 85.366856, 28.255153 ] ] } },
{ "type": "Feature", "properties": { "name": null, "status": "Destroyed", "building": "yes", "building_levels": null }, "geometry": { "type": "LineString", "coordinates": [ [ 85.376587, 28.272135 ], [ 85.37666, 28.272121 ], [ 85.376633, 28.272016 ], [ 85.37656, 28.27203 ], [ 85.376587, 28.272135 ] ] } },
{ "type": "Feature", "properties": { "name": null, "status": "Destroyed", "building": "yes", "building_levels": null }, "geometry": { "type": "LineString", "coordinates": [ [ 85.336014, 28.160944 ], [ 85.335989, 28.160944 ], [ 85.335988, 28.160974 ], [ 85.336014, 28.160975 ], [ 85.336014, 28.160944 ] ] } },
{ "type": "Feature", "properties": { "name": null, "status": "Destroyed", "building": "yes", "building_levels": null }, "geometry": { "type": "LineString", "coordinates": [ [ 85.36643, 28.252401 ], [ 85.366489, 28.252517 ], [ 85.366568, 28.252486 ], [ 85.366509, 28.25237 ], [ 85.36643, 28.252401 ] ] } },
{ "type": "Feature", "properties": { "name": null, "status": "Destroyed", "building": "yes", "building_levels": null }, "geometry": { "type": "LineString", "coordinates": [ [ 85.336679, 28.162079 ], [ 85.336754, 28.162074 ], [ 85.336748, 28.161995 ], [ 85.336673, 28.162 ], [ 85.336679, 28.162079 ] ] } },
{ "type": "Feature", "properties": { "name": null, "status": "Destroyed", "building": "yes", "building_levels": null }, "geometry": { "type": "LineString", "coordinates": [ [ 85.173177, 27.963181 ], [ 85.173229, 27.963143 ], [ 85.173234, 27.96314 ], [ 85.173193, 27.963096 ], [ 85.173136, 27.963138 ], [ 85.173177, 27.963181 ] ] } },
{ "type": "Feature", "properties": { "name": null, "status": "Destroyed", "building": "yes", "building_levels": null }, "geometry": { "type": "LineString", "coordinates": [ [ 85.174177, 27.966566 ], [ 85.174131, 27.966536 ], [ 85.174164, 27.966494 ], [ 85.174211, 27.966524 ], [ 85.174177, 27.966566 ] ] } },
{ "type": "Feature", "properties": { "name": null, "status": "Destroyed", "building": "yes", "building_levels": null }, "geometry": { "type": "LineString", "coordinates": [ [ 85.171034, 27.960456 ], [ 85.171079, 27.960503 ], [ 85.171201, 27.960413 ], [ 85.171156, 27.960366 ], [ 85.171034, 27.960456 ] ] } },
{ "type": "Feature", "properties": { "name": null, "status": "Destroyed", "building": "yes", "building_levels": null }, "geometry": { "type": "LineString", "coordinates": [ [ 85.366207, 28.252882 ], [ 85.366186, 28.252765 ], [ 85.366283, 28.252752 ], [ 85.366304, 28.25287 ], [ 85.366207, 28.252882 ] ] } },
{ "type": "Feature", "properties": { "name": null, "status": "Destroyed", "building": "yes", "building_levels": null }, "geometry": { "type": "LineString", "coordinates": [ [ 85.366244, 28.253501 ], [ 85.366251, 28.253529 ], [ 85.366331, 28.253514 ], [ 85.366324, 28.253485 ], [ 85.366244, 28.253501 ] ] } },
{ "type": "Feature", "properties": { "name": null, "status": "Destroyed", "building": "yes", "building_levels": null }, "geometry": { "type": "LineString", "coordinates": [ [ 85.366386, 28.252602 ], [ 85.366536, 28.252591 ], [ 85.366532, 28.252543 ], [ 85.366432, 28.25255 ], [ 85.366428, 28.252506 ], [ 85.366377, 28.252509 ], [ 85.366386, 28.252602 ] ] } },
{ "type": "Feature", "properties": { "name": null, "status": "Destroyed", "building": "yes", "building_levels": null }, "geometry": { "type": "LineString", "coordinates": [ [ 85.365868, 28.252699 ], [ 85.365939, 28.252694 ], [ 85.365923, 28.252531 ], [ 85.365852, 28.252537 ], [ 85.365868, 28.252699 ] ] } },
{ "type": "Feature", "properties": { "name": null, "status": "Destroyed", "building": "yes", "building_levels": null }, "geometry": { "type": "LineString", "coordinates": [ [ 85.108559, 27.859789 ], [ 85.108603, 27.859755 ], [ 85.108538, 27.859693 ], [ 85.108496, 27.859728 ], [ 85.108559, 27.859789 ] ] } },
{ "type": "Feature", "properties": { "name": null, "status": "Destroyed", "building": "yes", "building_levels": null }, "geometry": { "type": "LineString", "coordinates": [ [ 85.109821, 27.860679 ], [ 85.109892, 27.860645 ], [ 85.109854, 27.860583 ], [ 85.109783, 27.860616 ], [ 85.109821, 27.860679 ] ] } },
{ "type": "Feature", "properties": { "name": null, "status": "Destroyed", "building": "yes", "building_levels": null }, "geometry": { "type": "LineString", "coordinates": [ [ 85.113828, 27.867416 ], [ 85.113875, 27.867407 ], [ 85.113858, 27.867341 ], [ 85.113811, 27.867351 ], [ 85.113828, 27.867416 ] ] } },
{ "type": "Feature", "properties": { "name": null, "status": "Destroyed", "building": "yes", "building_levels": null }, "geometry": { "type": "LineString", "coordinates": [ [ 85.182887, 27.969683 ], [ 85.182886, 27.96963 ], [ 85.183015, 27.969629 ], [ 85.183016, 27.969682 ], [ 85.182887, 27.969683 ] ] } },
{ "type": "Feature", "properties": { "name": null, "status": "Destroyed", "building": "yes", "building_levels": null }, "geometry": { "type": "LineString", "coordinates": [ [ 85.171149, 27.962073 ], [ 85.17121, 27.962013 ], [ 85.171059, 27.961893 ], [ 85.170998, 27.961953 ], [ 85.171149, 27.962073 ] ] } },
{ "type": "Feature", "properties": { "name": null, "status": "Destroyed", "building": "yes", "building_levels": null }, "geometry": { "type": "LineString", "coordinates": [ [ 85.151758, 27.931077 ], [ 85.15178, 27.93107 ], [ 85.151782, 27.931075 ], [ 85.151818, 27.931162 ], [ 85.151789, 27.931172 ], [ 85.15175, 27.93108 ], [ 85.151758, 27.931077 ] ] } },
{ "type": "Feature", "properties": { "name": null, "status": "Destroyed", "building": "yes", "building_levels": null }, "geometry": { "type": "LineString", "coordinates": [ [ 85.149087, 27.934272 ], [ 85.149123, 27.934293 ], [ 85.149157, 27.934246 ], [ 85.149121, 27.934226 ], [ 85.149087, 27.934272 ] ] } },
{ "type": "Feature", "properties": { "name": null, "status": "Destroyed", "building": "yes", "building_levels": null }, "geometry": { "type": "LineString", "coordinates": [ [ 85.342392, 28.182596 ], [ 85.342396, 28.182619 ], [ 85.342448, 28.182612 ], [ 85.342444, 28.182589 ], [ 85.342392, 28.182596 ] ] } },
{ "type": "Feature", "properties": { "name": null, "status": "Destroyed", "building": "yes", "building_levels": null }, "geometry": { "type": "LineString", "coordinates": [ [ 85.37658, 28.272222 ], [ 85.376567, 28.272248 ], [ 85.376612, 28.272265 ], [ 85.376625, 28.272239 ], [ 85.37658, 28.272222 ] ] } },
{ "type": "Feature", "properties": { "name": null, "status": "Destroyed", "building": "yes", "building_levels": null }, "geometry": { "type": "LineString", "coordinates": [ [ 85.378769, 28.272253 ], [ 85.378822, 28.272251 ], [ 85.378818, 28.272133 ], [ 85.378765, 28.272134 ], [ 85.378769, 28.272253 ] ] } },
{ "type": "Feature", "properties": { "name": null, "status": "Destroyed", "building": "yes", "building_levels": null }, "geometry": { "type": "LineString", "coordinates": [ [ 85.358823, 28.237269 ], [ 85.358865, 28.237302 ], [ 85.35891, 28.237259 ], [ 85.358868, 28.237225 ], [ 85.358823, 28.237269 ] ] } },
{ "type": "Feature", "properties": { "name": null, "status": "Destroyed", "building": "yes", "building_levels": null }, "geometry": { "type": "LineString", "coordinates": [ [ 85.3665, 28.253661 ], [ 85.366563, 28.25366 ], [ 85.366562, 28.253608 ], [ 85.366499, 28.253608 ], [ 85.3665, 28.253661 ] ] } },
{ "type": "Feature", "properties": { "name": null, "status": "Destroyed", "building": "yes", "building_levels": null }, "geometry": { "type": "LineString", "coordinates": [ [ 85.366734, 28.255579 ], [ 85.366769, 28.255578 ], [ 85.366767, 28.255512 ], [ 85.366732, 28.255513 ], [ 85.366734, 28.255579 ] ] } },
{ "type": "Feature", "properties": { "name": null, "status": "Destroyed", "building": "yes", "building_levels": null }, "geometry": { "type": "LineString", "coordinates": [ [ 85.18461, 27.970648 ], [ 85.184707, 27.970646 ], [ 85.184705, 27.970573 ], [ 85.184608, 27.970575 ], [ 85.18461, 27.970648 ] ] } },
{ "type": "Feature", "properties": { "name": null, "status": "Destroyed", "building": "yes", "building_levels": null }, "geometry": { "type": "LineString", "coordinates": [ [ 85.17439, 27.966959 ], [ 85.174385, 27.966993 ], [ 85.174424, 27.966998 ], [ 85.174429, 27.966964 ], [ 85.17439, 27.966959 ] ] } },
{ "type": "Feature", "properties": { "name": null, "status": "Destroyed", "building": "yes", "building_levels": null }, "geometry": { "type": "LineString", "coordinates": [ [ 85.157654, 27.94015 ], [ 85.15773, 27.940087 ], [ 85.157638, 27.94 ], [ 85.157561, 27.940063 ], [ 85.157619, 27.940118 ], [ 85.157654, 27.94015 ] ] } },
{ "type": "Feature", "properties": { "name": null, "status": "Destroyed", "building": "yes", "building_levels": null }, "geometry": { "type": "LineString", "coordinates": [ [ 85.149438, 27.933092 ], [ 85.149472, 27.933101 ], [ 85.149487, 27.933058 ], [ 85.149453, 27.933049 ], [ 85.149438, 27.933092 ] ] } },
{ "type": "Feature", "properties": { "name": null, "status": "Destroyed", "building": "yes", "building_levels": null }, "geometry": { "type": "LineString", "coordinates": [ [ 85.149275, 27.932753 ], [ 85.149333, 27.9328 ], [ 85.149367, 27.932766 ], [ 85.14931, 27.93272 ], [ 85.149275, 27.932753 ] ] } },
{ "type": "Feature", "properties": { "name": null, "status": "Destroyed", "building": "yes", "building_levels": null }, "geometry": { "type": "LineString", "coordinates": [ [ 85.379944, 28.280616 ], [ 85.379981, 28.280637 ], [ 85.380015, 28.280589 ], [ 85.379979, 28.280568 ], [ 85.379944, 28.280616 ] ] } },
{ "type": "Feature", "properties": { "name": null, "status": "Destroyed", "building": "yes", "building_levels": null }, "geometry": { "type": "LineString", "coordinates": [ [ 85.336321, 28.161537 ], [ 85.336344, 28.161628 ], [ 85.336436, 28.16161 ], [ 85.336413, 28.16152 ], [ 85.336321, 28.161537 ] ] } },
{ "type": "Feature", "properties": { "name": null, "status": "Destroyed", "building": "yes", "building_levels": null }, "geometry": { "type": "LineString", "coordinates": [ [ 85.368709, 28.258457 ], [ 85.368762, 28.258462 ], [ 85.368766, 28.258424 ], [ 85.368713, 28.258419 ], [ 85.368709, 28.258457 ] ] } },
{ "type": "Feature", "properties": { "name": null, "status": "Destroyed", "building": "yes", "building_levels": null }, "geometry": { "type": "LineString", "coordinates": [ [ 85.366694, 28.255874 ], [ 85.366731, 28.255874 ], [ 85.366731, 28.255795 ], [ 85.366694, 28.255795 ], [ 85.366694, 28.255874 ] ] } },
{ "type": "Feature", "properties": { "name": null, "status": "Destroyed", "building": "yes", "building_levels": null }, "geometry": { "type": "LineString", "coordinates": [ [ 85.168321, 27.958264 ], [ 85.16831, 27.958231 ], [ 85.16824, 27.95825 ], [ 85.168251, 27.958282 ], [ 85.168321, 27.958264 ] ] } },
{ "type": "Feature", "properties": { "name": null, "status": "Destroyed", "building": "yes", "building_levels": null }, "geometry": { "type": "LineString", "coordinates": [ [ 85.179465, 27.968226 ], [ 85.179463, 27.968166 ], [ 85.179536, 27.968164 ], [ 85.179537, 27.968224 ], [ 85.179465, 27.968226 ] ] } },
{ "type": "Feature", "properties": { "name": null, "status": "Destroyed", "building": "yes", "building_levels": null }, "geometry": { "type": "LineString", "coordinates": [ [ 85.156591, 27.939232 ], [ 85.156548, 27.939195 ], [ 85.156656, 27.939098 ], [ 85.156699, 27.939135 ], [ 85.156591, 27.939232 ] ] } },
{ "type": "Feature", "properties": { "name": null, "status": "Destroyed", "building": "yes", "building_levels": null }, "geometry": { "type": "LineString", "coordinates": [ [ 85.366599, 28.252773 ], [ 85.366688, 28.252762 ], [ 85.366681, 28.252719 ], [ 85.366592, 28.252731 ], [ 85.366599, 28.252773 ] ] } },
{ "type": "Feature", "properties": { "name": null, "status": "Destroyed", "building": "yes", "building_levels": null }, "geometry": { "type": "LineString", "coordinates": [ [ 85.366725, 28.256681 ], [ 85.366759, 28.256646 ], [ 85.366723, 28.256619 ], [ 85.366688, 28.256654 ], [ 85.366725, 28.256681 ] ] } },
{ "type": "Feature", "properties": { "name": null, "status": "Destroyed", "building": "yes", "building_levels": null }, "geometry": { "type": "LineString", "coordinates": [ [ 85.108919, 27.860698 ], [ 85.108989, 27.860737 ], [ 85.109063, 27.860633 ], [ 85.108993, 27.860594 ], [ 85.108919, 27.860698 ] ] } },
{ "type": "Feature", "properties": { "name": null, "status": "Destroyed", "building": "yes", "building_levels": null }, "geometry": { "type": "LineString", "coordinates": [ [ 85.378771, 28.270768 ], [ 85.378813, 28.270781 ], [ 85.378827, 28.270747 ], [ 85.378785, 28.270734 ], [ 85.378771, 28.270768 ] ] } },
{ "type": "Feature", "properties": { "name": null, "status": "Destroyed", "building": "yes", "building_levels": null }, "geometry": { "type": "LineString", "coordinates": [ [ 85.343389, 28.164276 ], [ 85.34343, 28.164246 ], [ 85.343402, 28.164216 ], [ 85.343361, 28.164245 ], [ 85.343389, 28.164276 ] ] } },
{ "type": "Feature", "properties": { "name": null, "status": "Destroyed", "building": "yes", "building_levels": null }, "geometry": { "type": "LineString", "coordinates": [ [ 85.156447, 27.938952 ], [ 85.156489, 27.938985 ], [ 85.156498, 27.938976 ], [ 85.156528, 27.938946 ], [ 85.156487, 27.938913 ], [ 85.156447, 27.938952 ] ] } },
{ "type": "Feature", "properties": { "name": null, "status": "Destroyed", "building": "yes", "building_levels": null }, "geometry": { "type": "LineString", "coordinates": [ [ 85.149472, 27.9261 ], [ 85.149617, 27.926092 ], [ 85.149609, 27.92597 ], [ 85.149464, 27.925978 ], [ 85.149472, 27.9261 ] ] } },
{ "type": "Feature", "properties": { "name": null, "status": "Destroyed", "building": "yes", "building_levels": null }, "geometry": { "type": "LineString", "coordinates": [ [ 85.341775, 28.166797 ], [ 85.341657, 28.166521 ], [ 85.341578, 28.166547 ], [ 85.341696, 28.166823 ], [ 85.341775, 28.166797 ] ] } },
{ "type": "Feature", "properties": { "name": null, "status": "Destroyed", "building": "yes", "building_levels": null }, "geometry": { "type": "LineString", "coordinates": [ [ 85.34086, 28.165034 ], [ 85.340841, 28.165078 ], [ 85.34096, 28.165118 ], [ 85.34098, 28.165074 ], [ 85.34086, 28.165034 ] ] } },
{ "type": "Feature", "properties": { "name": null, "status": "Destroyed", "building": "yes", "building_levels": null }, "geometry": { "type": "LineString", "coordinates": [ [ 85.377971, 28.278056 ], [ 85.378041, 28.27804 ], [ 85.378061, 28.278111 ], [ 85.377991, 28.278126 ], [ 85.377971, 28.278056 ] ] } },
{ "type": "Feature", "properties": { "name": null, "status": "Destroyed", "building": "yes", "building_levels": null }, "geometry": { "type": "LineString", "coordinates": [ [ 85.364561, 28.252367 ], [ 85.36458, 28.252447 ], [ 85.364669, 28.252431 ], [ 85.364651, 28.252351 ], [ 85.364561, 28.252367 ] ] } },
{ "type": "Feature", "properties": { "name": null, "status": "Destroyed", "building": "yes", "building_levels": null }, "geometry": { "type": "LineString", "coordinates": [ [ 85.366337, 28.251408 ], [ 85.366294, 28.251447 ], [ 85.366337, 28.251483 ], [ 85.366232, 28.251578 ], [ 85.366295, 28.251632 ], [ 85.366442, 28.251499 ], [ 85.366337, 28.251408 ] ] } },
{ "type": "Feature", "properties": { "name": null, "status": "Destroyed", "building": "yes", "building_levels": null }, "geometry": { "type": "LineString", "coordinates": [ [ 85.376572, 28.265495 ], [ 85.376638, 28.265469 ], [ 85.376616, 28.265425 ], [ 85.37655, 28.265452 ], [ 85.376572, 28.265495 ] ] } },
{ "type": "Feature", "properties": { "name": null, "status": "Destroyed", "building": "yes", "building_levels": null }, "geometry": { "type": "LineString", "coordinates": [ [ 85.366111, 28.257278 ], [ 85.366149, 28.257255 ], [ 85.366113, 28.257209 ], [ 85.366075, 28.257232 ], [ 85.366111, 28.257278 ] ] } },
{ "type": "Feature", "properties": { "name": null, "status": "Destroyed", "building": "yes", "building_levels": null }, "geometry": { "type": "LineString", "coordinates": [ [ 85.170591, 27.964807 ], [ 85.170557, 27.964728 ], [ 85.170643, 27.964699 ], [ 85.170678, 27.964778 ], [ 85.170591, 27.964807 ] ] } },
{ "type": "Feature", "properties": { "name": null, "status": "Destroyed", "building": "yes", "building_levels": null }, "geometry": { "type": "LineString", "coordinates": [ [ 85.171055, 27.964854 ], [ 85.171099, 27.964798 ], [ 85.171178, 27.964845 ], [ 85.171139, 27.964893 ], [ 85.171055, 27.964854 ] ] } },
{ "type": "Feature", "properties": { "name": null, "status": "Destroyed", "building": "yes", "building_levels": null }, "geometry": { "type": "LineString", "coordinates": [ [ 85.174869, 27.966775 ], [ 85.174901, 27.966793 ], [ 85.174928, 27.966755 ], [ 85.174896, 27.966737 ], [ 85.174869, 27.966775 ] ] } },
{ "type": "Feature", "properties": { "name": null, "status": "Destroyed", "building": "yes", "building_levels": null }, "geometry": { "type": "LineString", "coordinates": [ [ 85.174681, 27.966995 ], [ 85.174662, 27.966954 ], [ 85.174735, 27.966927 ], [ 85.174755, 27.966968 ], [ 85.174681, 27.966995 ] ] } },
{ "type": "Feature", "properties": { "name": null, "status": "Destroyed", "building": "yes", "building_levels": null }, "geometry": { "type": "LineString", "coordinates": [ [ 85.162082, 27.948091 ], [ 85.162178, 27.948067 ], [ 85.162199, 27.948134 ], [ 85.162103, 27.948158 ], [ 85.162082, 27.948091 ] ] } },
{ "type": "Feature", "properties": { "name": null, "status": "Destroyed", "building": "yes", "building_levels": null }, "geometry": { "type": "LineString", "coordinates": [ [ 85.171738, 27.962158 ], [ 85.171787, 27.962112 ], [ 85.171821, 27.96214 ], [ 85.171771, 27.962187 ], [ 85.171738, 27.962158 ] ] } },
{ "type": "Feature", "properties": { "name": null, "status": "Destroyed", "building": "yes", "building_levels": null }, "geometry": { "type": "LineString", "coordinates": [ [ 85.177464, 27.969127 ], [ 85.177496, 27.969089 ], [ 85.177585, 27.96915 ], [ 85.177553, 27.969187 ], [ 85.177464, 27.969127 ] ] } },
{ "type": "Feature", "properties": { "name": null, "status": "Destroyed", "building": "yes", "building_levels": null }, "geometry": { "type": "LineString", "coordinates": [ [ 85.184938, 27.971677 ], [ 85.184954, 27.971753 ], [ 85.185055, 27.971736 ], [ 85.185039, 27.97166 ], [ 85.184969, 27.971674 ], [ 85.184938, 27.971677 ] ] } },
{ "type": "Feature", "properties": { "name": null, "status": "Destroyed", "building": "yes", "building_levels": null }, "geometry": { "type": "LineString", "coordinates": [ [ 85.148856, 27.925838 ], [ 85.148991, 27.925811 ], [ 85.149006, 27.925867 ], [ 85.148871, 27.925894 ], [ 85.148856, 27.925838 ] ] } },
{ "type": "Feature", "properties": { "name": null, "status": "Destroyed", "building": "yes", "building_levels": null }, "geometry": { "type": "LineString", "coordinates": [ [ 85.152045, 27.935292 ], [ 85.152064, 27.935262 ], [ 85.1521, 27.935289 ], [ 85.152077, 27.935314 ], [ 85.152045, 27.935292 ] ] } },
{ "type": "Feature", "properties": { "name": null, "status": "Destroyed", "building": "yes", "building_levels": null }, "geometry": { "type": "LineString", "coordinates": [ [ 85.152818, 27.935223 ], [ 85.152882, 27.935265 ], [ 85.152924, 27.935215 ], [ 85.152859, 27.935173 ], [ 85.152818, 27.935223 ] ] } },
{ "type": "Feature", "properties": { "name": null, "status": "Destroyed", "building": "yes", "building_levels": null }, "geometry": { "type": "LineString", "coordinates": [ [ 85.158691, 27.939029 ], [ 85.158748, 27.938998 ], [ 85.15873, 27.938971 ], [ 85.158672, 27.939003 ], [ 85.158691, 27.939029 ] ] } },
{ "type": "Feature", "properties": { "name": null, "status": "Destroyed", "building": "yes", "building_levels": null }, "geometry": { "type": "LineString", "coordinates": [ [ 85.150142, 27.923634 ], [ 85.150256, 27.92362 ], [ 85.150204, 27.923288 ], [ 85.150091, 27.923302 ], [ 85.150142, 27.923634 ] ] } },
{ "type": "Feature", "properties": { "name": null, "status": "Destroyed", "building": "yes", "building_levels": null }, "geometry": { "type": "LineString", "coordinates": [ [ 85.160677, 27.945846 ], [ 85.160719, 27.9459 ], [ 85.160807, 27.945846 ], [ 85.160765, 27.945792 ], [ 85.160677, 27.945846 ] ] } },
{ "type": "Feature", "properties": { "name": null, "status": "Destroyed", "building": "yes", "building_levels": null }, "geometry": { "type": "LineString", "coordinates": [ [ 85.149446, 27.924764 ], [ 85.149528, 27.924745 ], [ 85.149505, 27.92467 ], [ 85.149423, 27.924689 ], [ 85.149446, 27.924764 ] ] } },
{ "type": "Feature", "properties": { "name": null, "status": "Destroyed", "building": "yes", "building_levels": null }, "geometry": { "type": "LineString", "coordinates": [ [ 85.359379, 28.237458 ], [ 85.359413, 28.237475 ], [ 85.359437, 28.237437 ], [ 85.359403, 28.23742 ], [ 85.359379, 28.237458 ] ] } },
{ "type": "Feature", "properties": { "name": null, "status": "Destroyed", "building": "yes", "building_levels": null }, "geometry": { "type": "LineString", "coordinates": [ [ 85.097747, 27.858446 ], [ 85.097711, 27.858383 ], [ 85.097791, 27.858346 ], [ 85.097827, 27.858409 ], [ 85.097747, 27.858446 ] ] } },
{ "type": "Feature", "properties": { "name": null, "status": "Destroyed", "building": "yes", "building_levels": null }, "geometry": { "type": "LineString", "coordinates": [ [ 85.341373, 28.166855 ], [ 85.341465, 28.166857 ], [ 85.341467, 28.166805 ], [ 85.341444, 28.166804 ], [ 85.341445, 28.166796 ], [ 85.341375, 28.166794 ], [ 85.341373, 28.166855 ] ] } },
{ "type": "Feature", "properties": { "name": null, "status": "Destroyed", "building": "yes", "building_levels": null }, "geometry": { "type": "LineString", "coordinates": [ [ 85.338056, 28.163905 ], [ 85.338157, 28.163986 ], [ 85.33823, 28.163915 ], [ 85.338129, 28.163834 ], [ 85.338056, 28.163905 ] ] } },
{ "type": "Feature", "properties": { "name": null, "status": "Destroyed", "building": "yes", "building_levels": null }, "geometry": { "type": "LineString", "coordinates": [ [ 85.336888, 28.162794 ], [ 85.336887, 28.16284 ], [ 85.336987, 28.162842 ], [ 85.336988, 28.162796 ], [ 85.336888, 28.162794 ] ] } },
{ "type": "Feature", "properties": { "name": null, "status": "Destroyed", "building": "yes", "building_levels": null }, "geometry": { "type": "LineString", "coordinates": [ [ 85.336872, 28.163153 ], [ 85.336778, 28.163175 ], [ 85.336807, 28.163269 ], [ 85.3369, 28.163248 ], [ 85.336872, 28.163153 ] ] } },
{ "type": "Feature", "properties": { "name": null, "status": "Destroyed", "building": "yes", "building_levels": null }, "geometry": { "type": "LineString", "coordinates": [ [ 85.335867, 28.160877 ], [ 85.335887, 28.160931 ], [ 85.335927, 28.160919 ], [ 85.335907, 28.160865 ], [ 85.335867, 28.160877 ] ] } },
{ "type": "Feature", "properties": { "name": null, "status": "Destroyed", "building": "yes", "building_levels": null }, "geometry": { "type": "LineString", "coordinates": [ [ 85.364667, 28.25376 ], [ 85.364674, 28.25385 ], [ 85.364765, 28.253844 ], [ 85.364758, 28.253755 ], [ 85.364667, 28.25376 ] ] } },
{ "type": "Feature", "properties": { "name": null, "status": "Destroyed", "building": "yes", "building_levels": null }, "geometry": { "type": "LineString", "coordinates": [ [ 85.366479, 28.254519 ], [ 85.366537, 28.254511 ], [ 85.36652, 28.254414 ], [ 85.366462, 28.254422 ], [ 85.366479, 28.254519 ] ] } },
{ "type": "Feature", "properties": { "name": null, "status": "Destroyed", "building": "yes", "building_levels": null }, "geometry": { "type": "LineString", "coordinates": [ [ 85.107748, 27.861061 ], [ 85.107836, 27.861003 ], [ 85.107783, 27.86094 ], [ 85.107696, 27.860998 ], [ 85.107748, 27.861061 ] ] } },
{ "type": "Feature", "properties": { "name": null, "status": "Destroyed", "building": "yes", "building_levels": null }, "geometry": { "type": "LineString", "coordinates": [ [ 85.177576, 27.969243 ], [ 85.177618, 27.969242 ], [ 85.177617, 27.969197 ], [ 85.177575, 27.969198 ], [ 85.177576, 27.969243 ] ] } },
{ "type": "Feature", "properties": { "name": null, "status": "Destroyed", "building": "yes", "building_levels": null }, "geometry": { "type": "LineString", "coordinates": [ [ 85.183706, 27.96978 ], [ 85.183826, 27.969784 ], [ 85.183828, 27.969736 ], [ 85.183708, 27.969732 ], [ 85.183706, 27.96978 ] ] } },
{ "type": "Feature", "properties": { "name": null, "status": "Destroyed", "building": "yes", "building_levels": null }, "geometry": { "type": "LineString", "coordinates": [ [ 85.184525, 27.974076 ], [ 85.184416, 27.974027 ], [ 85.184381, 27.97409 ], [ 85.184489, 27.974138 ], [ 85.184525, 27.974076 ] ] } },
{ "type": "Feature", "properties": { "name": null, "status": "Destroyed", "building": "yes", "building_levels": null }, "geometry": { "type": "LineString", "coordinates": [ [ 85.163783, 27.948413 ], [ 85.163735, 27.948411 ], [ 85.16374, 27.948336 ], [ 85.163788, 27.948339 ], [ 85.163783, 27.948413 ] ] } },
{ "type": "Feature", "properties": { "name": null, "status": "Destroyed", "building": "yes", "building_levels": null }, "geometry": { "type": "LineString", "coordinates": [ [ 85.157548, 27.940056 ], [ 85.157624, 27.939993 ], [ 85.157555, 27.939929 ], [ 85.157479, 27.939992 ], [ 85.157548, 27.940056 ] ] } },
{ "type": "Feature", "properties": { "name": null, "status": "Destroyed", "building": "yes", "building_levels": null }, "geometry": { "type": "LineString", "coordinates": [ [ 85.147478, 27.929428 ], [ 85.147548, 27.929435 ], [ 85.147559, 27.929353 ], [ 85.1475, 27.929346 ], [ 85.147489, 27.929345 ], [ 85.147478, 27.929428 ] ] } },
{ "type": "Feature", "properties": { "name": null, "status": "Destroyed", "building": "yes", "building_levels": null }, "geometry": { "type": "LineString", "coordinates": [ [ 85.149426, 27.932561 ], [ 85.149465, 27.93259 ], [ 85.149489, 27.932565 ], [ 85.149449, 27.932536 ], [ 85.149426, 27.932561 ] ] } },
{ "type": "Feature", "properties": { "name": null, "status": "Destroyed", "building": "yes", "building_levels": null }, "geometry": { "type": "LineString", "coordinates": [ [ 85.154722, 27.937821 ], [ 85.154803, 27.937848 ], [ 85.154817, 27.937812 ], [ 85.154737, 27.937786 ], [ 85.154722, 27.937821 ] ] } },
{ "type": "Feature", "properties": { "name": null, "status": "Destroyed", "building": "yes", "building_levels": null }, "geometry": { "type": "LineString", "coordinates": [ [ 85.342801, 28.182873 ], [ 85.342805, 28.182732 ], [ 85.342743, 28.182731 ], [ 85.342738, 28.182871 ], [ 85.342801, 28.182873 ] ] } },
{ "type": "Feature", "properties": { "name": null, "status": "Destroyed", "building": "yes", "building_levels": null }, "geometry": { "type": "LineString", "coordinates": [ [ 85.336455, 28.161155 ], [ 85.336473, 28.161219 ], [ 85.336575, 28.161197 ], [ 85.336557, 28.161133 ], [ 85.336455, 28.161155 ] ] } },
{ "type": "Feature", "properties": { "name": null, "status": "Destroyed", "building": "yes", "building_levels": null }, "geometry": { "type": "LineString", "coordinates": [ [ 85.171848, 27.964256 ], [ 85.171837, 27.964308 ], [ 85.171933, 27.964323 ], [ 85.171944, 27.964271 ], [ 85.171848, 27.964256 ] ] } },
{ "type": "Feature", "properties": { "name": null, "status": "Destroyed", "building": "yes", "building_levels": null }, "geometry": { "type": "LineString", "coordinates": [ [ 85.343421, 28.164338 ], [ 85.343422, 28.164281 ], [ 85.343341, 28.164279 ], [ 85.343339, 28.164336 ], [ 85.343421, 28.164338 ] ] } },
{ "type": "Feature", "properties": { "name": null, "status": "Destroyed", "building": "yes", "building_levels": null }, "geometry": { "type": "LineString", "coordinates": [ [ 85.171768, 27.962026 ], [ 85.17188, 27.961959 ], [ 85.171835, 27.9619 ], [ 85.171723, 27.961967 ], [ 85.171768, 27.962026 ] ] } },
{ "type": "Feature", "properties": { "name": null, "status": "Destroyed", "building": "yes", "building_levels": null }, "geometry": { "type": "LineString", "coordinates": [ [ 85.180304, 27.967994 ], [ 85.180341, 27.968034 ], [ 85.180406, 27.967986 ], [ 85.180368, 27.967946 ], [ 85.180304, 27.967994 ] ] } },
{ "type": "Feature", "properties": { "name": null, "status": "Destroyed", "building": "yes", "building_levels": null }, "geometry": { "type": "LineString", "coordinates": [ [ 85.361381, 28.22479 ], [ 85.361383, 28.224835 ], [ 85.361446, 28.224833 ], [ 85.361445, 28.224788 ], [ 85.361381, 28.22479 ] ] } },
{ "type": "Feature", "properties": { "name": null, "status": "Destroyed", "building": "yes", "building_levels": null }, "geometry": { "type": "LineString", "coordinates": [ [ 85.366474, 28.253215 ], [ 85.366583, 28.253198 ], [ 85.366571, 28.253141 ], [ 85.366463, 28.253158 ], [ 85.366474, 28.253215 ] ] } },
{ "type": "Feature", "properties": { "name": null, "status": "Destroyed", "building": "yes", "building_levels": null }, "geometry": { "type": "LineString", "coordinates": [ [ 85.366347, 28.255873 ], [ 85.366366, 28.255956 ], [ 85.366417, 28.255947 ], [ 85.366399, 28.255864 ], [ 85.366347, 28.255873 ] ] } },
{ "type": "Feature", "properties": { "name": null, "status": "Destroyed", "building": "yes", "building_levels": null }, "geometry": { "type": "LineString", "coordinates": [ [ 85.172125, 27.962287 ], [ 85.172178, 27.962326 ], [ 85.172237, 27.962265 ], [ 85.172185, 27.962225 ], [ 85.172125, 27.962287 ] ] } },
{ "type": "Feature", "properties": { "name": null, "status": "Destroyed", "building": "yes", "building_levels": null }, "geometry": { "type": "LineString", "coordinates": [ [ 85.336778, 28.162831 ], [ 85.336817, 28.162828 ], [ 85.336813, 28.162786 ], [ 85.336774, 28.162789 ], [ 85.336778, 28.162831 ] ] } },
{ "type": "Feature", "properties": { "name": null, "status": "Destroyed", "building": "yes", "building_levels": null }, "geometry": { "type": "LineString", "coordinates": [ [ 85.378778, 28.271583 ], [ 85.37889, 28.271541 ], [ 85.378839, 28.271436 ], [ 85.378727, 28.271479 ], [ 85.378778, 28.271583 ] ] } },
{ "type": "Feature", "properties": { "name": null, "status": "Destroyed", "building": "yes", "building_levels": null }, "geometry": { "type": "LineString", "coordinates": [ [ 85.376927, 28.272289 ], [ 85.376921, 28.272324 ], [ 85.376971, 28.272331 ], [ 85.376977, 28.272295 ], [ 85.376927, 28.272289 ] ] } },
{ "type": "Feature", "properties": { "name": null, "status": "Destroyed", "building": "yes", "building_levels": null }, "geometry": { "type": "LineString", "coordinates": [ [ 85.3785, 28.270398 ], [ 85.378593, 28.270394 ], [ 85.378586, 28.270256 ], [ 85.378493, 28.270259 ], [ 85.3785, 28.270398 ] ] } },
{ "type": "Feature", "properties": { "name": null, "status": "Destroyed", "building": "yes", "building_levels": null }, "geometry": { "type": "LineString", "coordinates": [ [ 85.358407, 28.241182 ], [ 85.358458, 28.241182 ], [ 85.358457, 28.241097 ], [ 85.358406, 28.241098 ], [ 85.358407, 28.241182 ] ] } },
{ "type": "Feature", "properties": { "name": null, "status": "Destroyed", "building": "yes", "building_levels": null }, "geometry": { "type": "LineString", "coordinates": [ [ 85.342881, 28.164908 ], [ 85.342929, 28.164876 ], [ 85.342905, 28.164849 ], [ 85.342858, 28.16488 ], [ 85.342881, 28.164908 ] ] } },
{ "type": "Feature", "properties": { "name": null, "status": "Destroyed", "building": "yes", "building_levels": null }, "geometry": { "type": "LineString", "coordinates": [ [ 85.376019, 28.264851 ], [ 85.37603, 28.264913 ], [ 85.37611, 28.264901 ], [ 85.376099, 28.26484 ], [ 85.376019, 28.264851 ] ] } },
{ "type": "Feature", "properties": { "name": null, "status": "Destroyed", "building": "yes", "building_levels": null }, "geometry": { "type": "LineString", "coordinates": [ [ 85.376878, 28.265141 ], [ 85.376885, 28.265197 ], [ 85.376953, 28.26519 ], [ 85.376947, 28.265134 ], [ 85.376878, 28.265141 ] ] } },
{ "type": "Feature", "properties": { "name": null, "status": "Destroyed", "building": "yes", "building_levels": null }, "geometry": { "type": "LineString", "coordinates": [ [ 85.366152, 28.253519 ], [ 85.366162, 28.253549 ], [ 85.3662, 28.25354 ], [ 85.366191, 28.253509 ], [ 85.366152, 28.253519 ] ] } },
{ "type": "Feature", "properties": { "name": null, "status": "Destroyed", "building": "yes", "building_levels": null }, "geometry": { "type": "LineString", "coordinates": [ [ 85.36588, 28.252308 ], [ 85.365907, 28.25231 ], [ 85.365911, 28.252266 ], [ 85.365885, 28.252264 ], [ 85.36588, 28.252308 ] ] } },
{ "type": "Feature", "properties": { "name": null, "status": "Destroyed", "building": "apartments", "building_levels": null }, "geometry": { "type": "LineString", "coordinates": [ [ 85.365908, 28.25213 ], [ 85.365959, 28.252143 ], [ 85.36603, 28.251924 ], [ 85.365979, 28.251911 ], [ 85.365908, 28.25213 ] ] } },
{ "type": "Feature", "properties": { "name": null, "status": "Destroyed", "building": "yes", "building_levels": null }, "geometry": { "type": "LineString", "coordinates": [ [ 85.376332, 28.265134 ], [ 85.37637, 28.265105 ], [ 85.376341, 28.265074 ], [ 85.376302, 28.265103 ], [ 85.376332, 28.265134 ] ] } },
{ "type": "Feature", "properties": { "name": null, "status": "Destroyed", "building": "yes", "building_levels": null }, "geometry": { "type": "LineString", "coordinates": [ [ 85.376132, 28.265403 ], [ 85.376209, 28.265361 ], [ 85.376149, 28.265276 ], [ 85.376072, 28.265319 ], [ 85.376132, 28.265403 ] ] } },
{ "type": "Feature", "properties": { "name": null, "status": "Destroyed", "building": "yes", "building_levels": null }, "geometry": { "type": "LineString", "coordinates": [ [ 85.373558, 28.263452 ], [ 85.373619, 28.263458 ], [ 85.373602, 28.263602 ], [ 85.373567, 28.2636 ], [ 85.373541, 28.263597 ], [ 85.373558, 28.263452 ] ] } },
{ "type": "Feature", "properties": { "name": null, "status": "Destroyed", "building": "yes", "building_levels": null }, "geometry": { "type": "LineString", "coordinates": [ [ 85.365843, 28.257395 ], [ 85.36591, 28.257486 ], [ 85.366197, 28.25732 ], [ 85.366159, 28.257269 ], [ 85.36592, 28.257407 ], [ 85.36589, 28.257368 ], [ 85.365885, 28.257371 ], [ 85.365882, 28.257304 ], [ 85.365911, 28.257267 ], [ 85.365871, 28.257242 ], [ 85.36585, 28.257269 ], [ 85.365837, 28.25727 ], [ 85.365843, 28.257395 ] ] } },
{ "type": "Feature", "properties": { "name": null, "status": "Destroyed", "building": "yes", "building_levels": null }, "geometry": { "type": "LineString", "coordinates": [ [ 85.366612, 28.256753 ], [ 85.366675, 28.256782 ], [ 85.366698, 28.256744 ], [ 85.366634, 28.256715 ], [ 85.366612, 28.256753 ] ] } },
{ "type": "Feature", "properties": { "name": null, "status": "Destroyed", "building": "yes", "building_levels": null }, "geometry": { "type": "LineString", "coordinates": [ [ 85.110381, 27.860433 ], [ 85.110427, 27.860491 ], [ 85.110515, 27.860437 ], [ 85.110469, 27.860378 ], [ 85.110381, 27.860433 ] ] } },
{ "type": "Feature", "properties": { "name": null, "status": "Destroyed", "building": "yes", "building_levels": null }, "geometry": { "type": "LineString", "coordinates": [ [ 85.109778, 27.861133 ], [ 85.109831, 27.861089 ], [ 85.109761, 27.861023 ], [ 85.109708, 27.861066 ], [ 85.109778, 27.861133 ] ] } },
{ "type": "Feature", "properties": { "name": null, "status": "Destroyed", "building": "yes", "building_levels": null }, "geometry": { "type": "LineString", "coordinates": [ [ 85.108749, 27.860135 ], [ 85.108791, 27.86018 ], [ 85.108962, 27.860057 ], [ 85.10892, 27.860012 ], [ 85.108749, 27.860135 ] ] } },
{ "type": "Feature", "properties": { "name": null, "status": "Destroyed", "building": "yes", "building_levels": null }, "geometry": { "type": "LineString", "coordinates": [ [ 85.183807, 27.974976 ], [ 85.183802, 27.975014 ], [ 85.183858, 27.975019 ], [ 85.183863, 27.974981 ], [ 85.183807, 27.974976 ] ] } },
{ "type": "Feature", "properties": { "name": null, "status": "Destroyed", "building": "yes", "building_levels": null }, "geometry": { "type": "LineString", "coordinates": [ [ 85.171696, 27.961914 ], [ 85.171656, 27.961883 ], [ 85.171689, 27.96185 ], [ 85.171729, 27.96188 ], [ 85.171696, 27.961914 ] ] } },
{ "type": "Feature", "properties": { "name": null, "status": "Destroyed", "building": "yes", "building_levels": null }, "geometry": { "type": "LineString", "coordinates": [ [ 85.172638, 27.962782 ], [ 85.172685, 27.962744 ], [ 85.17263, 27.96269 ], [ 85.172582, 27.962727 ], [ 85.172638, 27.962782 ] ] } },
{ "type": "Feature", "properties": { "name": null, "status": "Destroyed", "building": "yes", "building_levels": null }, "geometry": { "type": "LineString", "coordinates": [ [ 85.171736, 27.961865 ], [ 85.171707, 27.961838 ], [ 85.171753, 27.961799 ], [ 85.171783, 27.961827 ], [ 85.171736, 27.961865 ] ] } },
{ "type": "Feature", "properties": { "name": null, "status": "Destroyed", "building": "yes", "building_levels": null }, "geometry": { "type": "LineString", "coordinates": [ [ 85.172707, 27.964548 ], [ 85.172746, 27.964548 ], [ 85.172753, 27.964523 ], [ 85.172715, 27.964517 ], [ 85.172707, 27.964548 ] ] } },
{ "type": "Feature", "properties": { "name": null, "status": "Destroyed", "building": "yes", "building_levels": null }, "geometry": { "type": "LineString", "coordinates": [ [ 85.184278, 27.969861 ], [ 85.184302, 27.96991 ], [ 85.184426, 27.969862 ], [ 85.184402, 27.969812 ], [ 85.184278, 27.969861 ] ] } },
{ "type": "Feature", "properties": { "name": null, "status": "Destroyed", "building": "yes", "building_levels": null }, "geometry": { "type": "LineString", "coordinates": [ [ 85.168719, 27.959076 ], [ 85.168761, 27.95912 ], [ 85.168809, 27.959084 ], [ 85.168768, 27.959041 ], [ 85.168719, 27.959076 ] ] } },
{ "type": "Feature", "properties": { "name": null, "status": "Destroyed", "building": "yes", "building_levels": null }, "geometry": { "type": "LineString", "coordinates": [ [ 85.179913, 27.96764 ], [ 85.179965, 27.967617 ], [ 85.179923, 27.967538 ], [ 85.17987, 27.96756 ], [ 85.179913, 27.96764 ] ] } },
{ "type": "Feature", "properties": { "name": null, "status": "Destroyed", "building": "yes", "building_levels": null }, "geometry": { "type": "LineString", "coordinates": [ [ 85.185103, 27.971872 ], [ 85.185028, 27.971779 ], [ 85.185089, 27.97174 ], [ 85.185165, 27.971834 ], [ 85.185103, 27.971872 ] ] } },
{ "type": "Feature", "properties": { "name": null, "status": "Destroyed", "building": "yes", "building_levels": null }, "geometry": { "type": "LineString", "coordinates": [ [ 85.180886, 27.968134 ], [ 85.180948, 27.968094 ], [ 85.180907, 27.968044 ], [ 85.180845, 27.968083 ], [ 85.180886, 27.968134 ] ] } },
{ "type": "Feature", "properties": { "name": null, "status": "Destroyed", "building": "yes", "building_levels": null }, "geometry": { "type": "LineString", "coordinates": [ [ 85.169248, 27.959865 ], [ 85.16924, 27.959873 ], [ 85.169238, 27.959884 ], [ 85.169243, 27.959893 ], [ 85.169254, 27.959899 ], [ 85.169267, 27.959897 ], [ 85.169276, 27.959889 ], [ 85.169278, 27.959878 ], [ 85.169272, 27.959868 ], [ 85.169261, 27.959863 ], [ 85.169248, 27.959865 ] ] } },
{ "type": "Feature", "properties": { "name": null, "status": "Destroyed", "building": "yes", "building_levels": null }, "geometry": { "type": "LineString", "coordinates": [ [ 85.149417, 27.924748 ], [ 85.14937, 27.924634 ], [ 85.14917, 27.924687 ], [ 85.149198, 27.92476 ], [ 85.149326, 27.924743 ], [ 85.149343, 27.924768 ], [ 85.149417, 27.924748 ] ] } },
{ "type": "Feature", "properties": { "name": null, "status": "Destroyed", "building": "yes", "building_levels": null }, "geometry": { "type": "LineString", "coordinates": [ [ 85.156584, 27.939274 ], [ 85.156645, 27.939216 ], [ 85.156715, 27.939275 ], [ 85.156654, 27.939332 ], [ 85.156584, 27.939274 ] ] } },
{ "type": "Feature", "properties": { "name": null, "status": "Destroyed", "building": "yes", "building_levels": null }, "geometry": { "type": "LineString", "coordinates": [ [ 85.153499, 27.936693 ], [ 85.153563, 27.936596 ], [ 85.15364, 27.936636 ], [ 85.153577, 27.936732 ], [ 85.153499, 27.936693 ] ] } },
{ "type": "Feature", "properties": { "name": null, "status": "Destroyed", "building": "yes", "building_levels": null }, "geometry": { "type": "LineString", "coordinates": [ [ 85.160087, 27.946161 ], [ 85.160124, 27.946216 ], [ 85.160172, 27.946191 ], [ 85.160135, 27.946136 ], [ 85.160087, 27.946161 ] ] } },
{ "type": "Feature", "properties": { "name": null, "status": "Destroyed", "building": "yes", "building_levels": null }, "geometry": { "type": "LineString", "coordinates": [ [ 85.14893, 27.925589 ], [ 85.148913, 27.925545 ], [ 85.149034, 27.925507 ], [ 85.149052, 27.925552 ], [ 85.14893, 27.925589 ] ] } },
{ "type": "Feature", "properties": { "name": null, "status": "Destroyed", "building": "yes", "building_levels": null }, "geometry": { "type": "LineString", "coordinates": [ [ 85.149372, 27.926039 ], [ 85.149364, 27.925988 ], [ 85.149435, 27.925978 ], [ 85.149444, 27.92603 ], [ 85.149372, 27.926039 ] ] } },
{ "type": "Feature", "properties": { "name": null, "status": "Destroyed", "building": "yes", "building_levels": null }, "geometry": { "type": "LineString", "coordinates": [ [ 85.154447, 27.935111 ], [ 85.15452, 27.935157 ], [ 85.154561, 27.935107 ], [ 85.154489, 27.93506 ], [ 85.154447, 27.935111 ] ] } },
{ "type": "Feature", "properties": { "name": null, "status": "Destroyed", "building": "yes", "building_levels": null }, "geometry": { "type": "LineString", "coordinates": [ [ 85.149885, 27.934136 ], [ 85.149992, 27.934202 ], [ 85.150018, 27.93417 ], [ 85.14991, 27.934103 ], [ 85.149885, 27.934136 ] ] } },
{ "type": "Feature", "properties": { "name": null, "status": "Destroyed", "building": "yes", "building_levels": null }, "geometry": { "type": "LineString", "coordinates": [ [ 85.150783, 27.929936 ], [ 85.150836, 27.929932 ], [ 85.150831, 27.92988 ], [ 85.150778, 27.929884 ], [ 85.150783, 27.929936 ] ] } },
{ "type": "Feature", "properties": { "name": null, "status": "Destroyed", "building": "yes", "building_levels": null }, "geometry": { "type": "LineString", "coordinates": [ [ 85.151638, 27.934894 ], [ 85.151546, 27.934803 ], [ 85.151508, 27.934833 ], [ 85.151599, 27.934924 ], [ 85.151638, 27.934894 ] ] } },
{ "type": "Feature", "properties": { "name": null, "status": "Destroyed", "building": "yes", "building_levels": null }, "geometry": { "type": "LineString", "coordinates": [ [ 85.149411, 27.925874 ], [ 85.149566, 27.925845 ], [ 85.14955, 27.925781 ], [ 85.149396, 27.925811 ], [ 85.149411, 27.925874 ] ] } },
{ "type": "Feature", "properties": { "name": null, "status": "Destroyed", "building": "yes", "building_levels": null }, "geometry": { "type": "LineString", "coordinates": [ [ 85.149354, 27.926027 ], [ 85.149349, 27.925952 ], [ 85.149314, 27.925954 ], [ 85.149319, 27.926029 ], [ 85.149354, 27.926027 ] ] } },
{ "type": "Feature", "properties": { "name": null, "status": "Destroyed", "building": "yes", "building_levels": null }, "geometry": { "type": "LineString", "coordinates": [ [ 85.151496, 27.930766 ], [ 85.151549, 27.930823 ], [ 85.151642, 27.930755 ], [ 85.151589, 27.930698 ], [ 85.151496, 27.930766 ] ] } },
{ "type": "Feature", "properties": { "name": null, "status": "Destroyed", "building": "yes", "building_levels": null }, "geometry": { "type": "LineString", "coordinates": [ [ 85.14888, 27.926056 ], [ 85.148932, 27.926051 ], [ 85.148923, 27.925969 ], [ 85.148871, 27.925974 ], [ 85.14888, 27.926056 ] ] } },
{ "type": "Feature", "properties": { "name": null, "status": "Destroyed", "building": "yes", "building_levels": null }, "geometry": { "type": "LineString", "coordinates": [ [ 85.357883, 28.238813 ], [ 85.357936, 28.238813 ], [ 85.357936, 28.238776 ], [ 85.357883, 28.238776 ], [ 85.357883, 28.238813 ] ] } },
{ "type": "Feature", "properties": { "name": null, "status": "Destroyed", "building": "yes", "building_levels": null }, "geometry": { "type": "LineString", "coordinates": [ [ 85.357726, 28.238983 ], [ 85.357772, 28.238999 ], [ 85.357795, 28.23895 ], [ 85.357749, 28.238933 ], [ 85.357726, 28.238983 ] ] } },
{ "type": "Feature", "properties": { "name": null, "status": "Destroyed", "building": "house", "building_levels": null }, "geometry": { "type": "LineString", "coordinates": [ [ 85.357444, 28.239039 ], [ 85.357528, 28.239059 ], [ 85.357554, 28.238978 ], [ 85.35747, 28.238957 ], [ 85.357444, 28.239039 ] ] } },
{ "type": "Feature", "properties": { "name": null, "status": "Destroyed", "building": "yes", "building_levels": null }, "geometry": { "type": "LineString", "coordinates": [ [ 85.34123, 28.166604 ], [ 85.34138, 28.166544 ], [ 85.341337, 28.166461 ], [ 85.341187, 28.166522 ], [ 85.34123, 28.166604 ] ] } },
{ "type": "Feature", "properties": { "name": null, "status": "Destroyed", "building": "house", "building_levels": null }, "geometry": { "type": "LineString", "coordinates": [ [ 85.179808, 27.96847 ], [ 85.179864, 27.968438 ], [ 85.179822, 27.968382 ], [ 85.179766, 27.968413 ], [ 85.179793, 27.96845 ], [ 85.179808, 27.96847 ] ] } },
{ "type": "Feature", "properties": { "name": null, "status": "Destroyed", "building": "yes", "building_levels": null }, "geometry": { "type": "LineString", "coordinates": [ [ 85.343369, 28.164409 ], [ 85.343402, 28.164432 ], [ 85.343449, 28.164379 ], [ 85.343416, 28.164356 ], [ 85.343369, 28.164409 ] ] } },
{ "type": "Feature", "properties": { "name": null, "status": "Destroyed", "building": "yes", "building_levels": null }, "geometry": { "type": "LineString", "coordinates": [ [ 85.365752, 28.25221 ], [ 85.36579, 28.252214 ], [ 85.365798, 28.252159 ], [ 85.365759, 28.252154 ], [ 85.365752, 28.25221 ] ] } },
{ "type": "Feature", "properties": { "name": null, "status": "Destroyed", "building": "yes", "building_levels": null }, "geometry": { "type": "LineString", "coordinates": [ [ 85.365984, 28.257183 ], [ 85.366015, 28.257225 ], [ 85.366104, 28.257173 ], [ 85.366073, 28.257132 ], [ 85.365984, 28.257183 ] ] } },
{ "type": "Feature", "properties": { "name": null, "status": "Destroyed", "building": "yes", "building_levels": null }, "geometry": { "type": "LineString", "coordinates": [ [ 85.367004, 28.254521 ], [ 85.367064, 28.254519 ], [ 85.367062, 28.254471 ], [ 85.367002, 28.254472 ], [ 85.367004, 28.254521 ] ] } },
{ "type": "Feature", "properties": { "name": null, "status": "Destroyed", "building": "house", "building_levels": null }, "geometry": { "type": "LineString", "coordinates": [ [ 85.335977, 28.160138 ], [ 85.336059, 28.160185 ], [ 85.336087, 28.160147 ], [ 85.336005, 28.1601 ], [ 85.335977, 28.160138 ] ] } },
{ "type": "Feature", "properties": { "name": null, "status": "Destroyed", "building": "yes", "building_levels": null }, "geometry": { "type": "LineString", "coordinates": [ [ 85.343349, 28.16437 ], [ 85.343301, 28.164318 ], [ 85.343262, 28.164346 ], [ 85.343311, 28.164398 ], [ 85.343349, 28.16437 ] ] } },
{ "type": "Feature", "properties": { "name": null, "status": "Destroyed", "building": "yes", "building_levels": null }, "geometry": { "type": "LineString", "coordinates": [ [ 85.1508, 27.928664 ], [ 85.150835, 27.928678 ], [ 85.150853, 27.928641 ], [ 85.150818, 27.928627 ], [ 85.1508, 27.928664 ] ] } },
{ "type": "Feature", "properties": { "name": null, "status": "Destroyed", "building": "yes", "building_levels": null }, "geometry": { "type": "LineString", "coordinates": [ [ 85.090879, 27.861153 ], [ 85.090988, 27.861177 ], [ 85.090975, 27.861222 ], [ 85.090867, 27.861198 ], [ 85.090879, 27.861153 ] ] } },
{ "type": "Feature", "properties": { "name": null, "status": "Destroyed", "building": "yes", "building_levels": null }, "geometry": { "type": "LineString", "coordinates": [ [ 85.343336, 28.164475 ], [ 85.343296, 28.164535 ], [ 85.343342, 28.164559 ], [ 85.343382, 28.164499 ], [ 85.343336, 28.164475 ] ] } },
{ "type": "Feature", "properties": { "name": null, "status": "Destroyed", "building": "yes", "building_levels": null }, "geometry": { "type": "LineString", "coordinates": [ [ 85.366165, 28.25296 ], [ 85.366206, 28.252958 ], [ 85.366201, 28.252895 ], [ 85.366159, 28.252898 ], [ 85.366165, 28.25296 ] ] } },
{ "type": "Feature", "properties": { "name": null, "status": "Destroyed", "building": "yes", "building_levels": null }, "geometry": { "type": "LineString", "coordinates": [ [ 85.110046, 27.86076 ], [ 85.110002, 27.860833 ], [ 85.110064, 27.860862 ], [ 85.110108, 27.860789 ], [ 85.110046, 27.86076 ] ] } },
{ "type": "Feature", "properties": { "name": null, "status": "Destroyed", "building": "yes", "building_levels": null }, "geometry": { "type": "LineString", "coordinates": [ [ 85.149449, 27.926209 ], [ 85.1494, 27.926212 ], [ 85.149403, 27.92625 ], [ 85.149335, 27.926253 ], [ 85.149331, 27.926197 ], [ 85.149311, 27.926198 ], [ 85.149308, 27.926139 ], [ 85.149355, 27.926136 ], [ 85.149353, 27.9261 ], [ 85.149441, 27.926095 ], [ 85.149449, 27.926209 ] ] } },
{ "type": "Feature", "properties": { "name": null, "status": "Destroyed", "building": "yes", "building_levels": null }, "geometry": { "type": "LineString", "coordinates": [ [ 85.336689, 28.162159 ], [ 85.336748, 28.162156 ], [ 85.336742, 28.162078 ], [ 85.336684, 28.162082 ], [ 85.336689, 28.162159 ] ] } },
{ "type": "Feature", "properties": { "name": null, "status": "Destroyed", "building": "yes", "building_levels": null }, "geometry": { "type": "LineString", "coordinates": [ [ 85.158799, 27.941911 ], [ 85.158839, 27.941908 ], [ 85.158832, 27.941827 ], [ 85.158792, 27.94183 ], [ 85.158799, 27.941911 ] ] } },
{ "type": "Feature", "properties": { "name": null, "status": "Destroyed", "building": "yes", "building_levels": null }, "geometry": { "type": "LineString", "coordinates": [ [ 85.379299, 28.270967 ], [ 85.379339, 28.270952 ], [ 85.379315, 28.2709 ], [ 85.379274, 28.270915 ], [ 85.379299, 28.270967 ] ] } },
{ "type": "Feature", "properties": { "name": null, "status": "Destroyed", "building": "yes", "building_levels": null }, "geometry": { "type": "LineString", "coordinates": [ [ 85.378822, 28.272271 ], [ 85.378892, 28.272276 ], [ 85.378904, 28.272151 ], [ 85.378889, 28.27215 ], [ 85.378891, 28.272114 ], [ 85.37886, 28.272113 ], [ 85.378857, 28.272147 ], [ 85.378834, 28.272146 ], [ 85.378822, 28.272271 ] ] } },
{ "type": "Feature", "properties": { "name": null, "status": "Destroyed", "building": "yes", "building_levels": null }, "geometry": { "type": "LineString", "coordinates": [ [ 85.378098, 28.278087 ], [ 85.378144, 28.278089 ], [ 85.378145, 28.278064 ], [ 85.378187, 28.278066 ], [ 85.378179, 28.278209 ], [ 85.378092, 28.278205 ], [ 85.378098, 28.278087 ] ] } },
{ "type": "Feature", "properties": { "name": null, "status": "Destroyed", "building": "yes", "building_levels": null }, "geometry": { "type": "LineString", "coordinates": [ [ 85.378415, 28.271997 ], [ 85.378456, 28.271997 ], [ 85.378455, 28.271919 ], [ 85.378445, 28.271894 ], [ 85.378413, 28.271894 ], [ 85.378415, 28.271997 ] ] } },
{ "type": "Feature", "properties": { "name": null, "status": "Destroyed", "building": "yes", "building_levels": null }, "geometry": { "type": "LineString", "coordinates": [ [ 85.378533, 28.280336 ], [ 85.378705, 28.280411 ], [ 85.378677, 28.280461 ], [ 85.378851, 28.280537 ], [ 85.378883, 28.280481 ], [ 85.378923, 28.28041 ], [ 85.378577, 28.280258 ], [ 85.378533, 28.280336 ] ] } },
{ "type": "Feature", "properties": { "name": null, "status": "Destroyed", "building": "yes", "building_levels": null }, "geometry": { "type": "LineString", "coordinates": [ [ 85.341731, 28.165497 ], [ 85.341786, 28.165542 ], [ 85.341817, 28.165512 ], [ 85.341763, 28.165468 ], [ 85.341731, 28.165497 ] ] } },
{ "type": "Feature", "properties": { "name": null, "status": "Destroyed", "building": "yes", "building_levels": null }, "geometry": { "type": "LineString", "coordinates": [ [ 85.341973, 28.166881 ], [ 85.342057, 28.166858 ], [ 85.34202, 28.166754 ], [ 85.341936, 28.166777 ], [ 85.341973, 28.166881 ] ] } },
{ "type": "Feature", "properties": { "name": null, "status": "Destroyed", "building": "yes", "building_levels": null }, "geometry": { "type": "LineString", "coordinates": [ [ 85.34216, 28.18206 ], [ 85.34216, 28.18202 ], [ 85.342222, 28.182019 ], [ 85.342223, 28.182051 ], [ 85.34216, 28.18206 ] ] } },
{ "type": "Feature", "properties": { "name": null, "status": "Destroyed", "building": "yes", "building_levels": null }, "geometry": { "type": "LineString", "coordinates": [ [ 85.336028, 28.161378 ], [ 85.336135, 28.161567 ], [ 85.336237, 28.161522 ], [ 85.33613, 28.161334 ], [ 85.336028, 28.161378 ] ] } },
{ "type": "Feature", "properties": { "name": null, "status": "Destroyed", "building": "yes", "building_levels": null }, "geometry": { "type": "LineString", "coordinates": [ [ 85.341668, 28.16528 ], [ 85.341734, 28.165325 ], [ 85.341771, 28.165282 ], [ 85.341705, 28.165237 ], [ 85.341668, 28.16528 ] ] } },
{ "type": "Feature", "properties": { "name": null, "status": "Destroyed", "building": "yes", "building_levels": null }, "geometry": { "type": "LineString", "coordinates": [ [ 85.343034, 28.164516 ], [ 85.343083, 28.164463 ], [ 85.343111, 28.164483 ], [ 85.343062, 28.164536 ], [ 85.343034, 28.164516 ] ] } },
{ "type": "Feature", "properties": { "name": null, "status": "Destroyed", "building": "yes", "building_levels": null }, "geometry": { "type": "LineString", "coordinates": [ [ 85.33627, 28.160932 ], [ 85.33619, 28.16096 ], [ 85.336225, 28.161037 ], [ 85.336304, 28.161009 ], [ 85.33627, 28.160932 ] ] } },
{ "type": "Feature", "properties": { "name": null, "status": "Destroyed", "building": "yes", "building_levels": null }, "geometry": { "type": "LineString", "coordinates": [ [ 85.343518, 28.164335 ], [ 85.343539, 28.164335 ], [ 85.343539, 28.164318 ], [ 85.343518, 28.164318 ], [ 85.343518, 28.164335 ] ] } },
{ "type": "Feature", "properties": { "name": null, "status": "Destroyed", "building": "yes", "building_levels": null }, "geometry": { "type": "LineString", "coordinates": [ [ 85.335368, 28.160396 ], [ 85.335431, 28.160432 ], [ 85.335445, 28.160412 ], [ 85.335382, 28.160376 ], [ 85.335368, 28.160396 ] ] } },
{ "type": "Feature", "properties": { "name": null, "status": "Destroyed", "building": "yes", "building_levels": null }, "geometry": { "type": "LineString", "coordinates": [ [ 85.10885, 27.860592 ], [ 85.1089, 27.860623 ], [ 85.108948, 27.860561 ], [ 85.108898, 27.86053 ], [ 85.10885, 27.860592 ] ] } },
{ "type": "Feature", "properties": { "name": null, "status": "Destroyed", "building": "yes", "building_levels": null }, "geometry": { "type": "LineString", "coordinates": [ [ 85.10882, 27.859579 ], [ 85.108902, 27.859544 ], [ 85.108822, 27.8594 ], [ 85.10874, 27.859435 ], [ 85.10882, 27.859579 ] ] } },
{ "type": "Feature", "properties": { "name": null, "status": "Destroyed", "building": "yes", "building_levels": null }, "geometry": { "type": "LineString", "coordinates": [ [ 85.108612, 27.860366 ], [ 85.108669, 27.860307 ], [ 85.108607, 27.86026 ], [ 85.108549, 27.860318 ], [ 85.108612, 27.860366 ] ] } },
{ "type": "Feature", "properties": { "name": null, "status": "Destroyed", "building": "yes", "building_levels": null }, "geometry": { "type": "LineString", "coordinates": [ [ 85.108923, 27.860297 ], [ 85.108969, 27.860253 ], [ 85.108916, 27.86021 ], [ 85.10887, 27.860254 ], [ 85.108923, 27.860297 ] ] } },
{ "type": "Feature", "properties": { "name": null, "status": "Destroyed", "building": "yes", "building_levels": null }, "geometry": { "type": "LineString", "coordinates": [ [ 85.109566, 27.860934 ], [ 85.109621, 27.860891 ], [ 85.109567, 27.860837 ], [ 85.109512, 27.86088 ], [ 85.109566, 27.860934 ] ] } },
{ "type": "Feature", "properties": { "name": null, "status": "Destroyed", "building": "yes", "building_levels": null }, "geometry": { "type": "LineString", "coordinates": [ [ 85.109921, 27.860822 ], [ 85.110012, 27.860764 ], [ 85.109954, 27.860693 ], [ 85.109863, 27.860751 ], [ 85.109921, 27.860822 ] ] } },
{ "type": "Feature", "properties": { "name": null, "status": "Destroyed", "building": "yes", "building_levels": null }, "geometry": { "type": "LineString", "coordinates": [ [ 85.108953, 27.86048 ], [ 85.108986, 27.860439 ], [ 85.10893, 27.860403 ], [ 85.108897, 27.860444 ], [ 85.108953, 27.86048 ] ] } },
{ "type": "Feature", "properties": { "name": null, "status": "Destroyed", "building": "yes", "building_levels": null }, "geometry": { "type": "LineString", "coordinates": [ [ 85.108842, 27.859773 ], [ 85.108884, 27.859843 ], [ 85.108965, 27.859806 ], [ 85.108923, 27.859735 ], [ 85.108842, 27.859773 ] ] } },
{ "type": "Feature", "properties": { "name": null, "status": "Destroyed", "building": "yes", "building_levels": null }, "geometry": { "type": "LineString", "coordinates": [ [ 85.10945, 27.860951 ], [ 85.109504, 27.860898 ], [ 85.109454, 27.860858 ], [ 85.1094, 27.860911 ], [ 85.10945, 27.860951 ] ] } },
{ "type": "Feature", "properties": { "name": null, "status": "Destroyed", "building": "yes", "building_levels": null }, "geometry": { "type": "LineString", "coordinates": [ [ 85.080963, 27.856929 ], [ 85.081063, 27.856931 ], [ 85.081062, 27.856991 ], [ 85.080962, 27.856989 ], [ 85.080963, 27.856929 ] ] } },
{ "type": "Feature", "properties": { "name": null, "status": "Destroyed", "building": "yes", "building_levels": null }, "geometry": { "type": "LineString", "coordinates": [ [ 85.080383, 27.855424 ], [ 85.08042, 27.855428 ], [ 85.080426, 27.855391 ], [ 85.080389, 27.855386 ], [ 85.080383, 27.855424 ] ] } },
{ "type": "Feature", "properties": { "name": null, "status": "Destroyed", "building": "yes", "building_levels": null }, "geometry": { "type": "LineString", "coordinates": [ [ 85.075873, 27.854677 ], [ 85.075907, 27.854705 ], [ 85.075926, 27.854687 ], [ 85.075892, 27.854659 ], [ 85.075873, 27.854677 ] ] } },
{ "type": "Feature", "properties": { "name": null, "status": "Destroyed", "building": "yes", "building_levels": null }, "geometry": { "type": "LineString", "coordinates": [ [ 85.096494, 27.860921 ], [ 85.096559, 27.860918 ], [ 85.096558, 27.860891 ], [ 85.096556, 27.860865 ], [ 85.096491, 27.860868 ], [ 85.096494, 27.860921 ] ] } },
{ "type": "Feature", "properties": { "name": null, "status": "Destroyed", "building": "yes", "building_levels": null }, "geometry": { "type": "LineString", "coordinates": [ [ 85.167111, 27.958421 ], [ 85.167149, 27.958399 ], [ 85.167113, 27.958352 ], [ 85.167075, 27.958374 ], [ 85.167111, 27.958421 ] ] } },
{ "type": "Feature", "properties": { "name": null, "status": "Destroyed", "building": "yes", "building_levels": null }, "geometry": { "type": "LineString", "coordinates": [ [ 85.172537, 27.964556 ], [ 85.172498, 27.964535 ], [ 85.172503, 27.964527 ], [ 85.172536, 27.964479 ], [ 85.172546, 27.964465 ], [ 85.172585, 27.964486 ], [ 85.172537, 27.964556 ] ] } },
{ "type": "Feature", "properties": { "name": null, "status": "Destroyed", "building": "yes", "building_levels": null }, "geometry": { "type": "LineString", "coordinates": [ [ 85.175153, 27.96703 ], [ 85.175171, 27.966995 ], [ 85.175237, 27.967021 ], [ 85.17522, 27.967056 ], [ 85.175153, 27.96703 ] ] } },
{ "type": "Feature", "properties": { "name": null, "status": "Destroyed", "building": "yes", "building_levels": null }, "geometry": { "type": "LineString", "coordinates": [ [ 85.184636, 27.974671 ], [ 85.184579, 27.97465 ], [ 85.184607, 27.97459 ], [ 85.184665, 27.974611 ], [ 85.184636, 27.974671 ] ] } },
{ "type": "Feature", "properties": { "name": null, "status": "Destroyed", "building": "yes", "building_levels": null }, "geometry": { "type": "LineString", "coordinates": [ [ 85.184821, 27.971146 ], [ 85.184909, 27.971125 ], [ 85.184931, 27.971198 ], [ 85.184842, 27.971218 ], [ 85.184821, 27.971146 ] ] } },
{ "type": "Feature", "properties": { "name": null, "status": "Destroyed", "building": "yes", "building_levels": null }, "geometry": { "type": "LineString", "coordinates": [ [ 85.183973, 27.974807 ], [ 85.18391, 27.974803 ], [ 85.18392, 27.974666 ], [ 85.183983, 27.97467 ], [ 85.183973, 27.974807 ] ] } },
{ "type": "Feature", "properties": { "name": null, "status": "Destroyed", "building": "yes", "building_levels": null }, "geometry": { "type": "LineString", "coordinates": [ [ 85.171648, 27.96183 ], [ 85.171622, 27.961859 ], [ 85.171594, 27.961839 ], [ 85.171619, 27.96181 ], [ 85.171648, 27.96183 ] ] } },
{ "type": "Feature", "properties": { "name": null, "status": "Destroyed", "building": "yes", "building_levels": null }, "geometry": { "type": "LineString", "coordinates": [ [ 85.173768, 27.965903 ], [ 85.173782, 27.965866 ], [ 85.173735, 27.965853 ], [ 85.173722, 27.965891 ], [ 85.173768, 27.965903 ] ] } },
{ "type": "Feature", "properties": { "name": null, "status": "Destroyed", "building": "yes", "building_levels": null }, "geometry": { "type": "LineString", "coordinates": [ [ 85.17242, 27.962629 ], [ 85.172454, 27.962575 ], [ 85.17238, 27.962539 ], [ 85.172347, 27.962593 ], [ 85.17242, 27.962629 ] ] } },
{ "type": "Feature", "properties": { "name": null, "status": "Destroyed", "building": "yes", "building_levels": null }, "geometry": { "type": "LineString", "coordinates": [ [ 85.175633, 27.967044 ], [ 85.175552, 27.967035 ], [ 85.175559, 27.966986 ], [ 85.17564, 27.966995 ], [ 85.175633, 27.967044 ] ] } },
{ "type": "Feature", "properties": { "name": null, "status": "Destroyed", "building": "yes", "building_levels": null }, "geometry": { "type": "LineString", "coordinates": [ [ 85.175802, 27.968078 ], [ 85.175764, 27.968051 ], [ 85.175809, 27.968001 ], [ 85.175847, 27.968028 ], [ 85.175802, 27.968078 ] ] } },
{ "type": "Feature", "properties": { "name": null, "status": "Destroyed", "building": "yes", "building_levels": null }, "geometry": { "type": "LineString", "coordinates": [ [ 85.176712, 27.968868 ], [ 85.176687, 27.968855 ], [ 85.17671, 27.968819 ], [ 85.176735, 27.968832 ], [ 85.176712, 27.968868 ] ] } },
{ "type": "Feature", "properties": { "name": null, "status": "Destroyed", "building": "yes", "building_levels": null }, "geometry": { "type": "LineString", "coordinates": [ [ 85.174121, 27.966175 ], [ 85.174056, 27.966134 ], [ 85.174043, 27.966126 ], [ 85.174077, 27.966085 ], [ 85.174155, 27.966133 ], [ 85.174121, 27.966175 ] ] } },
{ "type": "Feature", "properties": { "name": null, "status": "Destroyed", "building": "yes", "building_levels": null }, "geometry": { "type": "LineString", "coordinates": [ [ 85.169717, 27.963424 ], [ 85.169766, 27.963392 ], [ 85.169698, 27.963312 ], [ 85.169649, 27.963344 ], [ 85.169717, 27.963424 ] ] } },
{ "type": "Feature", "properties": { "name": null, "status": "Destroyed", "building": "yes", "building_levels": null }, "geometry": { "type": "LineString", "coordinates": [ [ 85.17984, 27.968532 ], [ 85.179931, 27.9685 ], [ 85.179978, 27.968603 ], [ 85.179887, 27.968635 ], [ 85.17984, 27.968532 ] ] } },
{ "type": "Feature", "properties": { "name": null, "status": "Destroyed", "building": "house", "building_levels": null }, "geometry": { "type": "LineString", "coordinates": [ [ 85.180049, 27.96819 ], [ 85.180146, 27.968169 ], [ 85.180122, 27.968081 ], [ 85.180025, 27.968101 ], [ 85.180049, 27.96819 ] ] } },
{ "type": "Feature", "properties": { "name": null, "status": "Destroyed", "building": "yes", "building_levels": null }, "geometry": { "type": "LineString", "coordinates": [ [ 85.178982, 27.967124 ], [ 85.179068, 27.967164 ], [ 85.179126, 27.967067 ], [ 85.17904, 27.967027 ], [ 85.178982, 27.967124 ] ] } },
{ "type": "Feature", "properties": { "name": null, "status": "Destroyed", "building": "yes", "building_levels": null }, "geometry": { "type": "LineString", "coordinates": [ [ 85.184103, 27.974479 ], [ 85.184169, 27.974525 ], [ 85.18422, 27.974469 ], [ 85.184154, 27.974423 ], [ 85.184103, 27.974479 ] ] } },
{ "type": "Feature", "properties": { "name": null, "status": "Destroyed", "building": "yes", "building_levels": null }, "geometry": { "type": "LineString", "coordinates": [ [ 85.183494, 27.969814 ], [ 85.183598, 27.969836 ], [ 85.183618, 27.969763 ], [ 85.183514, 27.969741 ], [ 85.183494, 27.969814 ] ] } },
{ "type": "Feature", "properties": { "name": null, "status": "Destroyed", "building": "yes", "building_levels": null }, "geometry": { "type": "LineString", "coordinates": [ [ 85.182915, 27.969502 ], [ 85.183016, 27.969514 ], [ 85.183027, 27.96944 ], [ 85.182926, 27.969428 ], [ 85.182915, 27.969502 ] ] } },
{ "type": "Feature", "properties": { "name": null, "status": "Destroyed", "building": "yes", "building_levels": null }, "geometry": { "type": "LineString", "coordinates": [ [ 85.179642, 27.968326 ], [ 85.179667, 27.968353 ], [ 85.179776, 27.968274 ], [ 85.179751, 27.968247 ], [ 85.179642, 27.968326 ] ] } },
{ "type": "Feature", "properties": { "name": null, "status": "Destroyed", "building": "yes", "building_levels": null }, "geometry": { "type": "LineString", "coordinates": [ [ 85.181159, 27.969106 ], [ 85.181195, 27.969199 ], [ 85.181293, 27.96917 ], [ 85.181271, 27.969113 ], [ 85.181216, 27.969129 ], [ 85.181202, 27.969093 ], [ 85.181159, 27.969106 ] ] } },
{ "type": "Feature", "properties": { "name": null, "status": "Destroyed", "building": "yes", "building_levels": null }, "geometry": { "type": "LineString", "coordinates": [ [ 85.182656, 27.969272 ], [ 85.182631, 27.969314 ], [ 85.18269, 27.969341 ], [ 85.182715, 27.969298 ], [ 85.182656, 27.969272 ] ] } },
{ "type": "Feature", "properties": { "name": null, "status": "Destroyed", "building": "yes", "building_levels": null }, "geometry": { "type": "LineString", "coordinates": [ [ 85.169855, 27.961024 ], [ 85.1698, 27.960969 ], [ 85.169844, 27.960935 ], [ 85.169899, 27.96099 ], [ 85.169855, 27.961024 ] ] } },
{ "type": "Feature", "properties": { "name": null, "status": "Destroyed", "building": "yes", "building_levels": null }, "geometry": { "type": "LineString", "coordinates": [ [ 85.179166, 27.967916 ], [ 85.179204, 27.967962 ], [ 85.179329, 27.967882 ], [ 85.179291, 27.967836 ], [ 85.179166, 27.967916 ] ] } },
{ "type": "Feature", "properties": { "name": null, "status": "Destroyed", "building": "yes", "building_levels": null }, "geometry": { "type": "LineString", "coordinates": [ [ 85.184724, 27.970592 ], [ 85.184795, 27.970582 ], [ 85.184786, 27.970533 ], [ 85.184715, 27.970544 ], [ 85.184724, 27.970592 ] ] } },
{ "type": "Feature", "properties": { "name": null, "status": "Destroyed", "building": "yes", "building_levels": null }, "geometry": { "type": "LineString", "coordinates": [ [ 85.183634, 27.974345 ], [ 85.18365, 27.974408 ], [ 85.183787, 27.974381 ], [ 85.183771, 27.974318 ], [ 85.183634, 27.974345 ] ] } },
{ "type": "Feature", "properties": { "name": null, "status": "Destroyed", "building": "yes", "building_levels": null }, "geometry": { "type": "LineString", "coordinates": [ [ 85.183283, 27.971924 ], [ 85.183409, 27.97194 ], [ 85.18343, 27.971814 ], [ 85.183304, 27.971798 ], [ 85.183283, 27.971924 ] ] } },
{ "type": "Feature", "properties": { "name": "Ram Mandir", "status": "Destroyed", "building": "yes", "building_levels": null }, "geometry": { "type": "LineString", "coordinates": [ [ 85.150295, 27.923515 ], [ 85.15029, 27.923434 ], [ 85.150384, 27.92343 ], [ 85.150388, 27.923511 ], [ 85.150295, 27.923515 ] ] } },
{ "type": "Feature", "properties": { "name": null, "status": "Destroyed", "building": "yes", "building_levels": null }, "geometry": { "type": "LineString", "coordinates": [ [ 85.15607, 27.938941 ], [ 85.156116, 27.938907 ], [ 85.15617, 27.938963 ], [ 85.156124, 27.938997 ], [ 85.15607, 27.938941 ] ] } },
{ "type": "Feature", "properties": { "name": null, "status": "Destroyed", "building": "yes", "building_levels": null }, "geometry": { "type": "LineString", "coordinates": [ [ 85.378056, 28.272762 ], [ 85.378136, 28.272786 ], [ 85.378151, 28.272748 ], [ 85.378071, 28.272724 ], [ 85.378056, 28.272762 ] ] } },
{ "type": "Feature", "properties": { "name": null, "status": "Destroyed", "building": "yes", "building_levels": null }, "geometry": { "type": "LineString", "coordinates": [ [ 85.37666, 28.274552 ], [ 85.376817, 28.274626 ], [ 85.376964, 28.274383 ], [ 85.376807, 28.27431 ], [ 85.37666, 28.274552 ] ] } },
{ "type": "Feature", "properties": { "name": null, "status": "Destroyed", "building": "yes", "building_levels": null }, "geometry": { "type": "LineString", "coordinates": [ [ 85.37653, 28.269777 ], [ 85.376593, 28.269758 ], [ 85.376651, 28.269942 ], [ 85.376591, 28.26996 ], [ 85.37653, 28.269777 ] ] } },
{ "type": "Feature", "properties": { "name": null, "status": "Destroyed", "building": "yes", "building_levels": null }, "geometry": { "type": "LineString", "coordinates": [ [ 85.376597, 28.265598 ], [ 85.376673, 28.265567 ], [ 85.376638, 28.265501 ], [ 85.376562, 28.265533 ], [ 85.376597, 28.265598 ] ] } },
{ "type": "Feature", "properties": { "name": null, "status": "Destroyed", "building": "yes", "building_levels": null }, "geometry": { "type": "LineString", "coordinates": [ [ 85.375299, 28.265194 ], [ 85.375325, 28.265174 ], [ 85.375278, 28.265126 ], [ 85.375252, 28.265146 ], [ 85.375299, 28.265194 ] ] } },
{ "type": "Feature", "properties": { "name": null, "status": "Destroyed", "building": "yes", "building_levels": null }, "geometry": { "type": "LineString", "coordinates": [ [ 85.374032, 28.26442 ], [ 85.374078, 28.264434 ], [ 85.374101, 28.264378 ], [ 85.374134, 28.264388 ], [ 85.374152, 28.264342 ], [ 85.374073, 28.264317 ], [ 85.374032, 28.26442 ] ] } },
{ "type": "Feature", "properties": { "name": null, "status": "Destroyed", "building": "yes", "building_levels": null }, "geometry": { "type": "LineString", "coordinates": [ [ 85.373883, 28.26394 ], [ 85.373865, 28.263961 ], [ 85.373956, 28.26402 ], [ 85.373974, 28.263999 ], [ 85.373883, 28.26394 ] ] } },
{ "type": "Feature", "properties": { "name": null, "status": "Destroyed", "building": "yes", "building_levels": null }, "geometry": { "type": "LineString", "coordinates": [ [ 85.37381, 28.263944 ], [ 85.373784, 28.263977 ], [ 85.373918, 28.264061 ], [ 85.373944, 28.264028 ], [ 85.37381, 28.263944 ] ] } },
{ "type": "Feature", "properties": { "name": null, "status": "Destroyed", "building": "yes", "building_levels": null }, "geometry": { "type": "LineString", "coordinates": [ [ 85.373782, 28.26336 ], [ 85.373744, 28.263485 ], [ 85.373843, 28.263508 ], [ 85.373881, 28.263383 ], [ 85.373782, 28.26336 ] ] } },
{ "type": "Feature", "properties": { "name": null, "status": "Destroyed", "building": "yes", "building_levels": null }, "geometry": { "type": "LineString", "coordinates": [ [ 85.367133, 28.257644 ], [ 85.367193, 28.257691 ], [ 85.367226, 28.257659 ], [ 85.367165, 28.257612 ], [ 85.367133, 28.257644 ] ] } },
{ "type": "Feature", "properties": { "name": null, "status": "Destroyed", "building": "yes", "building_levels": null }, "geometry": { "type": "LineString", "coordinates": [ [ 85.365994, 28.257486 ], [ 85.366067, 28.257617 ], [ 85.36617, 28.257572 ], [ 85.366097, 28.257441 ], [ 85.365994, 28.257486 ] ] } },
{ "type": "Feature", "properties": { "name": null, "status": "Destroyed", "building": "yes", "building_levels": null }, "geometry": { "type": "LineString", "coordinates": [ [ 85.366782, 28.256279 ], [ 85.366819, 28.256272 ], [ 85.366797, 28.256172 ], [ 85.366796, 28.256166 ], [ 85.366759, 28.256172 ], [ 85.366782, 28.256279 ] ] } },
{ "type": "Feature", "properties": { "name": null, "status": "Destroyed", "building": "yes", "building_levels": null }, "geometry": { "type": "LineString", "coordinates": [ [ 85.366449, 28.256045 ], [ 85.366481, 28.256039 ], [ 85.366466, 28.255976 ], [ 85.366434, 28.255982 ], [ 85.366449, 28.256045 ] ] } },
{ "type": "Feature", "properties": { "name": null, "status": "Destroyed", "building": "yes", "building_levels": null }, "geometry": { "type": "LineString", "coordinates": [ [ 85.367077, 28.255149 ], [ 85.367149, 28.255133 ], [ 85.367135, 28.255083 ], [ 85.367063, 28.255098 ], [ 85.367077, 28.255149 ] ] } },
{ "type": "Feature", "properties": { "name": null, "status": "Destroyed", "building": "yes", "building_levels": null }, "geometry": { "type": "LineString", "coordinates": [ [ 85.366696, 28.254421 ], [ 85.366769, 28.25442 ], [ 85.366768, 28.254347 ], [ 85.366695, 28.254348 ], [ 85.366696, 28.254421 ] ] } },
{ "type": "Feature", "properties": { "name": null, "status": "Destroyed", "building": "yes", "building_levels": null }, "geometry": { "type": "LineString", "coordinates": [ [ 85.36631, 28.254216 ], [ 85.36631, 28.25418 ], [ 85.366274, 28.25418 ], [ 85.366274, 28.254216 ], [ 85.36631, 28.254216 ] ] } },
{ "type": "Feature", "properties": { "name": null, "status": "Destroyed", "building": "yes", "building_levels": null }, "geometry": { "type": "LineString", "coordinates": [ [ 85.366709, 28.253982 ], [ 85.366757, 28.253974 ], [ 85.366748, 28.253926 ], [ 85.3667, 28.253933 ], [ 85.366709, 28.253982 ] ] } },
{ "type": "Feature", "properties": { "name": null, "status": "Destroyed", "building": "yes", "building_levels": null }, "geometry": { "type": "LineString", "coordinates": [ [ 85.366798, 28.25381 ], [ 85.366854, 28.25381 ], [ 85.366854, 28.253774 ], [ 85.366798, 28.253774 ], [ 85.366798, 28.25381 ] ] } },
{ "type": "Feature", "properties": { "name": null, "status": "Destroyed", "building": "yes", "building_levels": null }, "geometry": { "type": "LineString", "coordinates": [ [ 85.366201, 28.254033 ], [ 85.366197, 28.254057 ], [ 85.366252, 28.254063 ], [ 85.366256, 28.254039 ], [ 85.366201, 28.254033 ] ] } },
{ "type": "Feature", "properties": { "name": null, "status": "Destroyed", "building": "yes", "building_levels": null }, "geometry": { "type": "LineString", "coordinates": [ [ 85.366104, 28.253854 ], [ 85.366113, 28.253895 ], [ 85.366153, 28.253888 ], [ 85.366144, 28.253847 ], [ 85.366104, 28.253854 ] ] } },
{ "type": "Feature", "properties": { "name": null, "status": "Destroyed", "building": "yes", "building_levels": null }, "geometry": { "type": "LineString", "coordinates": [ [ 85.36619, 28.253427 ], [ 85.366214, 28.253504 ], [ 85.366254, 28.253494 ], [ 85.366248, 28.253475 ], [ 85.366316, 28.253458 ], [ 85.366298, 28.2534 ], [ 85.36619, 28.253427 ] ] } },
{ "type": "Feature", "properties": { "name": null, "status": "Destroyed", "building": "yes", "building_levels": null }, "geometry": { "type": "LineString", "coordinates": [ [ 85.366457, 28.253146 ], [ 85.366553, 28.253133 ], [ 85.36654, 28.253056 ], [ 85.366444, 28.253068 ], [ 85.366457, 28.253146 ] ] } },
{ "type": "Feature", "properties": { "name": null, "status": "Destroyed", "building": "yes", "building_levels": null }, "geometry": { "type": "LineString", "coordinates": [ [ 85.366546, 28.252874 ], [ 85.36656, 28.252945 ], [ 85.366595, 28.252939 ], [ 85.36658, 28.252868 ], [ 85.366546, 28.252874 ] ] } },
{ "type": "Feature", "properties": { "name": null, "status": "Destroyed", "building": "yes", "building_levels": null }, "geometry": { "type": "LineString", "coordinates": [ [ 85.3661, 28.253011 ], [ 85.366134, 28.253137 ], [ 85.366181, 28.253127 ], [ 85.366193, 28.253173 ], [ 85.366421, 28.253125 ], [ 85.36638, 28.252974 ], [ 85.366341, 28.252982 ], [ 85.366355, 28.253034 ], [ 85.366186, 28.253069 ], [ 85.366167, 28.252997 ], [ 85.3661, 28.253011 ] ] } },
{ "type": "Feature", "properties": { "name": null, "status": "Destroyed", "building": "yes", "building_levels": null }, "geometry": { "type": "LineString", "coordinates": [ [ 85.366795, 28.252431 ], [ 85.366837, 28.25243 ], [ 85.366834, 28.252386 ], [ 85.366793, 28.252387 ], [ 85.366795, 28.252431 ] ] } },
{ "type": "Feature", "properties": { "name": null, "status": "Destroyed", "building": "yes", "building_levels": null }, "geometry": { "type": "LineString", "coordinates": [ [ 85.366668, 28.252088 ], [ 85.36667, 28.252167 ], [ 85.366693, 28.252167 ], [ 85.36669, 28.252088 ], [ 85.366668, 28.252088 ] ] } },
{ "type": "Feature", "properties": { "name": null, "status": "Destroyed", "building": "yes", "building_levels": null }, "geometry": { "type": "LineString", "coordinates": [ [ 85.365933, 28.252533 ], [ 85.366053, 28.252527 ], [ 85.366052, 28.252498 ], [ 85.365931, 28.252504 ], [ 85.365933, 28.252533 ] ] } },
{ "type": "Feature", "properties": { "name": null, "status": "Destroyed", "building": "yes", "building_levels": null }, "geometry": { "type": "LineString", "coordinates": [ [ 85.36452, 28.253209 ], [ 85.364535, 28.253276 ], [ 85.364597, 28.253265 ], [ 85.364582, 28.253199 ], [ 85.36452, 28.253209 ] ] } },
{ "type": "Feature", "properties": { "name": null, "status": "Destroyed", "building": "yes", "building_levels": null }, "geometry": { "type": "LineString", "coordinates": [ [ 85.366016, 28.252288 ], [ 85.36602, 28.252206 ], [ 85.365921, 28.252203 ], [ 85.365919, 28.252259 ], [ 85.365961, 28.25226 ], [ 85.36596, 28.252286 ], [ 85.366016, 28.252288 ] ] } },
{ "type": "Feature", "properties": { "name": null, "status": "Destroyed", "building": "yes", "building_levels": null }, "geometry": { "type": "LineString", "coordinates": [ [ 85.366499, 28.251761 ], [ 85.366532, 28.251776 ], [ 85.366559, 28.251729 ], [ 85.366527, 28.251714 ], [ 85.366499, 28.251761 ] ] } },
{ "type": "Feature", "properties": { "name": null, "status": "Destroyed", "building": "yes", "building_levels": null }, "geometry": { "type": "LineString", "coordinates": [ [ 85.364491, 28.25286 ], [ 85.364501, 28.252912 ], [ 85.364786, 28.252868 ], [ 85.364775, 28.252816 ], [ 85.36476, 28.252818 ], [ 85.364491, 28.25286 ] ] } },
{ "type": "Feature", "properties": { "name": null, "status": "Destroyed", "building": "yes", "building_levels": null }, "geometry": { "type": "LineString", "coordinates": [ [ 85.366055, 28.251933 ], [ 85.366109, 28.251955 ], [ 85.366122, 28.25193 ], [ 85.366067, 28.251908 ], [ 85.366055, 28.251933 ] ] } },
{ "type": "Feature", "properties": { "name": null, "status": "Destroyed", "building": "house", "building_levels": null }, "geometry": { "type": "LineString", "coordinates": [ [ 85.365897, 28.252035 ], [ 85.365929, 28.252046 ], [ 85.365952, 28.251994 ], [ 85.365919, 28.251983 ], [ 85.365897, 28.252035 ] ] } },
{ "type": "Feature", "properties": { "name": null, "status": "Destroyed", "building": "apartments", "building_levels": null }, "geometry": { "type": "LineString", "coordinates": [ [ 85.366048, 28.251857 ], [ 85.366149, 28.251876 ], [ 85.366179, 28.251754 ], [ 85.366078, 28.251735 ], [ 85.366048, 28.251857 ] ] } },
{ "type": "Feature", "properties": { "name": null, "status": "Destroyed", "building": "yes", "building_levels": null }, "geometry": { "type": "LineString", "coordinates": [ [ 85.361421, 28.226418 ], [ 85.36144, 28.226268 ], [ 85.361611, 28.226285 ], [ 85.361593, 28.226434 ], [ 85.361421, 28.226418 ] ] } },
{ "type": "Feature", "properties": { "name": null, "status": "Destroyed", "building": "yes", "building_levels": null }, "geometry": { "type": "LineString", "coordinates": [ [ 85.149069, 27.924428 ], [ 85.149046, 27.924351 ], [ 85.14912, 27.924334 ], [ 85.149142, 27.924411 ], [ 85.149069, 27.924428 ] ] } },
{ "type": "Feature", "properties": { "name": null, "status": "Destroyed", "building": "yes", "building_levels": null }, "geometry": { "type": "LineString", "coordinates": [ [ 85.149478, 27.926825 ], [ 85.1495, 27.926654 ], [ 85.149565, 27.92666 ], [ 85.149543, 27.926831 ], [ 85.149478, 27.926825 ] ] } },
{ "type": "Feature", "properties": { "name": null, "status": "Destroyed", "building": "yes", "building_levels": null }, "geometry": { "type": "LineString", "coordinates": [ [ 85.149802, 27.923922 ], [ 85.149779, 27.923778 ], [ 85.149859, 27.923768 ], [ 85.149882, 27.923912 ], [ 85.149802, 27.923922 ] ] } },
{ "type": "Feature", "properties": { "name": null, "status": "Destroyed", "building": "yes", "building_levels": null }, "geometry": { "type": "LineString", "coordinates": [ [ 85.152926, 27.93528 ], [ 85.153102, 27.935394 ], [ 85.153164, 27.935319 ], [ 85.152988, 27.935206 ], [ 85.152926, 27.93528 ] ] } },
{ "type": "Feature", "properties": { "name": null, "status": "Destroyed", "building": "yes", "building_levels": null }, "geometry": { "type": "LineString", "coordinates": [ [ 85.154628, 27.937756 ], [ 85.154681, 27.937799 ], [ 85.154699, 27.937781 ], [ 85.154646, 27.937739 ], [ 85.154628, 27.937756 ] ] } },
{ "type": "Feature", "properties": { "name": null, "status": "Destroyed", "building": "yes", "building_levels": null }, "geometry": { "type": "LineString", "coordinates": [ [ 85.160508, 27.946847 ], [ 85.160535, 27.946891 ], [ 85.160577, 27.946871 ], [ 85.160599, 27.946907 ], [ 85.160712, 27.946853 ], [ 85.160662, 27.946773 ], [ 85.160508, 27.946847 ] ] } },
{ "type": "Feature", "properties": { "name": null, "status": "Destroyed", "building": "yes", "building_levels": null }, "geometry": { "type": "LineString", "coordinates": [ [ 85.155647, 27.938582 ], [ 85.155622, 27.938552 ], [ 85.155646, 27.938537 ], [ 85.15567, 27.938566 ], [ 85.155647, 27.938582 ] ] } },
{ "type": "Feature", "properties": { "name": null, "status": "Damaged", "building": "yes", "building_levels": null }, "geometry": { "type": "LineString", "coordinates": [ [ 85.367154, 28.255239 ], [ 85.367213, 28.255247 ], [ 85.367241, 28.255084 ], [ 85.367183, 28.255076 ], [ 85.367154, 28.255239 ] ] } },
{ "type": "Feature", "properties": { "name": null, "status": "Damaged", "building": "yes", "building_levels": null }, "geometry": { "type": "LineString", "coordinates": [ [ 85.366943, 28.252779 ], [ 85.366985, 28.252778 ], [ 85.366983, 28.252698 ], [ 85.366942, 28.252699 ], [ 85.366943, 28.252779 ] ] } },
{ "type": "Feature", "properties": { "name": null, "status": "Destroyed", "building": "yes", "building_levels": null }, "geometry": { "type": "LineString", "coordinates": [ [ 85.336829, 28.163556 ], [ 85.336867, 28.163621 ], [ 85.336868, 28.163642 ], [ 85.336909, 28.163641 ], [ 85.336907, 28.163602 ], [ 85.336895, 28.163603 ], [ 85.336859, 28.163542 ], [ 85.336829, 28.163556 ] ] } },
{ "type": "Feature", "properties": { "name": null, "status": "Destroyed", "building": "yes", "building_levels": null }, "geometry": { "type": "LineString", "coordinates": [ [ 85.336635, 28.16106 ], [ 85.336679, 28.161096 ], [ 85.336707, 28.161069 ], [ 85.336663, 28.161034 ], [ 85.336635, 28.16106 ] ] } },
{ "type": "Feature", "properties": { "name": null, "status": "Destroyed", "building": "yes", "building_levels": null }, "geometry": { "type": "LineString", "coordinates": [ [ 85.358547, 28.233698 ], [ 85.358585, 28.233731 ], [ 85.358633, 28.233688 ], [ 85.358596, 28.233655 ], [ 85.358547, 28.233698 ] ] } },
{ "type": "Feature", "properties": { "name": null, "status": "Destroyed", "building": "yes", "building_levels": null }, "geometry": { "type": "LineString", "coordinates": [ [ 85.360425, 28.226064 ], [ 85.36041, 28.226003 ], [ 85.360457, 28.225994 ], [ 85.360471, 28.226056 ], [ 85.360425, 28.226064 ] ] } },
{ "type": "Feature", "properties": { "name": null, "status": "Destroyed", "building": "yes", "building_levels": null }, "geometry": { "type": "LineString", "coordinates": [ [ 85.110184, 27.861198 ], [ 85.110234, 27.861272 ], [ 85.110344, 27.861213 ], [ 85.110294, 27.861139 ], [ 85.110184, 27.861198 ] ] } },
{ "type": "Feature", "properties": { "name": null, "status": "Destroyed", "building": "yes", "building_levels": null }, "geometry": { "type": "LineString", "coordinates": [ [ 85.108577, 27.859836 ], [ 85.108607, 27.859877 ], [ 85.108674, 27.859839 ], [ 85.108645, 27.8598 ], [ 85.108577, 27.859836 ] ] } },
{ "type": "Feature", "properties": { "name": null, "status": "Destroyed", "building": "yes", "building_levels": null }, "geometry": { "type": "LineString", "coordinates": [ [ 85.171831, 27.962433 ], [ 85.171894, 27.962444 ], [ 85.171909, 27.962374 ], [ 85.171847, 27.962363 ], [ 85.171831, 27.962433 ] ] } },
{ "type": "Feature", "properties": { "name": null, "status": "Destroyed", "building": "yes", "building_levels": null }, "geometry": { "type": "LineString", "coordinates": [ [ 85.366283, 28.254166 ], [ 85.366356, 28.254158 ], [ 85.366352, 28.254125 ], [ 85.366278, 28.254133 ], [ 85.366283, 28.254166 ] ] } },
{ "type": "Feature", "properties": { "name": null, "status": "Destroyed", "building": "yes", "building_levels": null }, "geometry": { "type": "LineString", "coordinates": [ [ 85.097883, 27.858704 ], [ 85.097895, 27.858752 ], [ 85.09795, 27.858742 ], [ 85.097938, 27.858694 ], [ 85.097883, 27.858704 ] ] } },
{ "type": "Feature", "properties": { "name": null, "status": "Destroyed", "building": "yes", "building_levels": null }, "geometry": { "type": "LineString", "coordinates": [ [ 85.161271, 27.946424 ], [ 85.161346, 27.946396 ], [ 85.161317, 27.946335 ], [ 85.161241, 27.946363 ], [ 85.161271, 27.946424 ] ] } },
{ "type": "Feature", "properties": { "name": null, "status": "Destroyed", "building": "yes", "building_levels": null }, "geometry": { "type": "LineString", "coordinates": [ [ 85.17493, 27.966712 ], [ 85.174944, 27.966664 ], [ 85.1749, 27.966654 ], [ 85.174886, 27.966703 ], [ 85.17493, 27.966712 ] ] } },
{ "type": "Feature", "properties": { "name": null, "status": "Destroyed", "building": "yes", "building_levels": null }, "geometry": { "type": "LineString", "coordinates": [ [ 85.171164, 27.964628 ], [ 85.171223, 27.964659 ], [ 85.171286, 27.964566 ], [ 85.171227, 27.964535 ], [ 85.171164, 27.964628 ] ] } },
{ "type": "Feature", "properties": { "name": null, "status": "Destroyed", "building": "yes", "building_levels": null }, "geometry": { "type": "LineString", "coordinates": [ [ 85.345046, 28.177019 ], [ 85.345023, 28.176969 ], [ 85.345087, 28.176945 ], [ 85.345111, 28.176995 ], [ 85.345046, 28.177019 ] ] } },
{ "type": "Feature", "properties": { "name": null, "status": "Destroyed", "building": "yes", "building_levels": null }, "geometry": { "type": "LineString", "coordinates": [ [ 85.35899, 28.234579 ], [ 85.359009, 28.234596 ], [ 85.359055, 28.234555 ], [ 85.359037, 28.234538 ], [ 85.35899, 28.234579 ] ] } },
{ "type": "Feature", "properties": { "name": null, "status": "Destroyed", "building": "yes", "building_levels": null }, "geometry": { "type": "LineString", "coordinates": [ [ 85.366465, 28.253026 ], [ 85.366453, 28.252965 ], [ 85.366537, 28.252953 ], [ 85.366548, 28.253014 ], [ 85.366465, 28.253026 ] ] } },
{ "type": "Feature", "properties": { "name": null, "status": "Destroyed", "building": "yes", "building_levels": null }, "geometry": { "type": "LineString", "coordinates": [ [ 85.366747, 28.252025 ], [ 85.366792, 28.252034 ], [ 85.366819, 28.251936 ], [ 85.366774, 28.251926 ], [ 85.366747, 28.252025 ] ] } },
{ "type": "Feature", "properties": { "name": null, "status": "Destroyed", "building": "yes", "building_levels": null }, "geometry": { "type": "LineString", "coordinates": [ [ 85.366404, 28.254394 ], [ 85.366427, 28.254419 ], [ 85.366457, 28.254396 ], [ 85.366435, 28.254372 ], [ 85.366404, 28.254394 ] ] } },
{ "type": "Feature", "properties": { "name": null, "status": "Destroyed", "building": "yes", "building_levels": null }, "geometry": { "type": "LineString", "coordinates": [ [ 85.366573, 28.252641 ], [ 85.366614, 28.252635 ], [ 85.366602, 28.252574 ], [ 85.366561, 28.25258 ], [ 85.366573, 28.252641 ] ] } },
{ "type": "Feature", "properties": { "name": null, "status": "Destroyed", "building": "yes", "building_levels": null }, "geometry": { "type": "LineString", "coordinates": [ [ 85.109086, 27.859324 ], [ 85.109145, 27.859301 ], [ 85.109124, 27.859257 ], [ 85.109065, 27.859279 ], [ 85.109086, 27.859324 ] ] } },
{ "type": "Feature", "properties": { "name": null, "status": "Destroyed", "building": "yes", "building_levels": null }, "geometry": { "type": "LineString", "coordinates": [ [ 85.108386, 27.860133 ], [ 85.108472, 27.860227 ], [ 85.108554, 27.860168 ], [ 85.108468, 27.860074 ], [ 85.108386, 27.860133 ] ] } },
{ "type": "Feature", "properties": { "name": null, "status": "Destroyed", "building": "yes", "building_levels": null }, "geometry": { "type": "LineString", "coordinates": [ [ 85.172821, 27.962877 ], [ 85.172885, 27.962837 ], [ 85.172964, 27.962936 ], [ 85.172899, 27.962976 ], [ 85.172821, 27.962877 ] ] } },
{ "type": "Feature", "properties": { "name": null, "status": "Destroyed", "building": "yes", "building_levels": null }, "geometry": { "type": "LineString", "coordinates": [ [ 85.168506, 27.963061 ], [ 85.168547, 27.963115 ], [ 85.168697, 27.963026 ], [ 85.168656, 27.962972 ], [ 85.168506, 27.963061 ] ] } },
{ "type": "Feature", "properties": { "name": null, "status": "Destroyed", "building": "yes", "building_levels": null }, "geometry": { "type": "LineString", "coordinates": [ [ 85.149357, 27.925143 ], [ 85.149499, 27.925119 ], [ 85.149481, 27.925036 ], [ 85.149339, 27.92506 ], [ 85.149357, 27.925143 ] ] } },
{ "type": "Feature", "properties": { "name": null, "status": "Destroyed", "building": "yes", "building_levels": null }, "geometry": { "type": "LineString", "coordinates": [ [ 85.147795, 27.928729 ], [ 85.147833, 27.92882 ], [ 85.147862, 27.928811 ], [ 85.147824, 27.928719 ], [ 85.147795, 27.928729 ] ] } },
{ "type": "Feature", "properties": { "name": null, "status": "Destroyed", "building": "yes", "building_levels": null }, "geometry": { "type": "LineString", "coordinates": [ [ 85.150492, 27.923852 ], [ 85.150598, 27.923835 ], [ 85.150551, 27.923616 ], [ 85.150445, 27.923633 ], [ 85.150451, 27.923662 ], [ 85.150482, 27.923657 ], [ 85.150512, 27.923796 ], [ 85.150481, 27.923801 ], [ 85.150492, 27.923852 ] ] } },
{ "type": "Feature", "properties": { "name": null, "status": "Destroyed", "building": "yes", "building_levels": null }, "geometry": { "type": "LineString", "coordinates": [ [ 85.153919, 27.936908 ], [ 85.154056, 27.936917 ], [ 85.154062, 27.936853 ], [ 85.153924, 27.936844 ], [ 85.153919, 27.936908 ] ] } },
{ "type": "Feature", "properties": { "name": null, "status": "Destroyed", "building": "yes", "building_levels": null }, "geometry": { "type": "LineString", "coordinates": [ [ 85.341224, 28.166892 ], [ 85.340998, 28.166748 ], [ 85.341054, 28.16668 ], [ 85.34128, 28.166824 ], [ 85.341224, 28.166892 ] ] } },
{ "type": "Feature", "properties": { "name": null, "status": "Destroyed", "building": "yes", "building_levels": null }, "geometry": { "type": "LineString", "coordinates": [ [ 85.156383, 27.939228 ], [ 85.156434, 27.939275 ], [ 85.156463, 27.939249 ], [ 85.156412, 27.939203 ], [ 85.156383, 27.939228 ] ] } },
{ "type": "Feature", "properties": { "name": null, "status": "Destroyed", "building": "yes", "building_levels": null }, "geometry": { "type": "LineString", "coordinates": [ [ 85.342656, 28.164792 ], [ 85.3427, 28.1648 ], [ 85.342724, 28.164696 ], [ 85.342645, 28.164682 ], [ 85.342637, 28.164717 ], [ 85.342672, 28.164724 ], [ 85.342656, 28.164792 ] ] } },
{ "type": "Feature", "properties": { "name": null, "status": "Destroyed", "building": "yes", "building_levels": null }, "geometry": { "type": "LineString", "coordinates": [ [ 85.343778, 28.163884 ], [ 85.34379, 28.163896 ], [ 85.343825, 28.163868 ], [ 85.343812, 28.163856 ], [ 85.343778, 28.163884 ] ] } },
{ "type": "Feature", "properties": { "name": null, "status": "Destroyed", "building": "yes", "building_levels": null }, "geometry": { "type": "LineString", "coordinates": [ [ 85.335797, 28.160664 ], [ 85.335817, 28.160753 ], [ 85.335849, 28.160748 ], [ 85.335844, 28.160726 ], [ 85.335875, 28.16072 ], [ 85.33586, 28.160653 ], [ 85.335797, 28.160664 ] ] } },
{ "type": "Feature", "properties": { "name": null, "status": "Destroyed", "building": "yes", "building_levels": null }, "geometry": { "type": "LineString", "coordinates": [ [ 85.3665, 28.2535 ], [ 85.366562, 28.253492 ], [ 85.366554, 28.25344 ], [ 85.366491, 28.253448 ], [ 85.3665, 28.2535 ] ] } },
{ "type": "Feature", "properties": { "name": null, "status": "Destroyed", "building": "yes", "building_levels": null }, "geometry": { "type": "LineString", "coordinates": [ [ 85.376463, 28.26532 ], [ 85.376463, 28.265353 ], [ 85.376493, 28.265353 ], [ 85.376493, 28.26532 ], [ 85.376463, 28.26532 ] ] } },
{ "type": "Feature", "properties": { "name": null, "status": "Destroyed", "building": "yes", "building_levels": null }, "geometry": { "type": "LineString", "coordinates": [ [ 85.185106, 27.970987 ], [ 85.185124, 27.971032 ], [ 85.185224, 27.971 ], [ 85.185205, 27.970955 ], [ 85.185106, 27.970987 ] ] } },
{ "type": "Feature", "properties": { "name": null, "status": "Destroyed", "building": "yes", "building_levels": null }, "geometry": { "type": "LineString", "coordinates": [ [ 85.179549, 27.9683 ], [ 85.179579, 27.968289 ], [ 85.179594, 27.968321 ], [ 85.179564, 27.968332 ], [ 85.179549, 27.9683 ] ] } },
{ "type": "Feature", "properties": { "name": null, "status": "Destroyed", "building": "yes", "building_levels": null }, "geometry": { "type": "LineString", "coordinates": [ [ 85.153697, 27.937118 ], [ 85.153772, 27.937179 ], [ 85.153838, 27.937116 ], [ 85.153764, 27.937055 ], [ 85.153697, 27.937118 ] ] } },
{ "type": "Feature", "properties": { "name": null, "status": "Destroyed", "building": "yes", "building_levels": null }, "geometry": { "type": "LineString", "coordinates": [ [ 85.161307, 27.946487 ], [ 85.161277, 27.946431 ], [ 85.161342, 27.946404 ], [ 85.161372, 27.946461 ], [ 85.161307, 27.946487 ] ] } },
{ "type": "Feature", "properties": { "name": null, "status": "Destroyed", "building": "yes", "building_levels": null }, "geometry": { "type": "LineString", "coordinates": [ [ 85.380191, 28.280679 ], [ 85.380296, 28.280764 ], [ 85.380557, 28.280515 ], [ 85.380477, 28.28045 ], [ 85.380275, 28.280643 ], [ 85.38025, 28.280623 ], [ 85.380191, 28.280679 ] ] } },
{ "type": "Feature", "properties": { "name": null, "status": "Destroyed", "building": "yes", "building_levels": null }, "geometry": { "type": "LineString", "coordinates": [ [ 85.378451, 28.279528 ], [ 85.378863, 28.279859 ], [ 85.378783, 28.279936 ], [ 85.378371, 28.279605 ], [ 85.378451, 28.279528 ] ] } },
{ "type": "Feature", "properties": { "name": null, "status": "Destroyed", "building": "yes", "building_levels": null }, "geometry": { "type": "LineString", "coordinates": [ [ 85.336849, 28.163759 ], [ 85.336812, 28.163761 ], [ 85.336813, 28.163794 ], [ 85.33685, 28.163793 ], [ 85.336849, 28.163759 ] ] } },
{ "type": "Feature", "properties": { "name": null, "status": "Destroyed", "building": "yes", "building_levels": null }, "geometry": { "type": "LineString", "coordinates": [ [ 85.37801, 28.272429 ], [ 85.378192, 28.272408 ], [ 85.378184, 28.27235 ], [ 85.378001, 28.272371 ], [ 85.37801, 28.272429 ] ] } },
{ "type": "Feature", "properties": { "name": null, "status": "Destroyed", "building": "yes", "building_levels": null }, "geometry": { "type": "LineString", "coordinates": [ [ 85.376606, 28.270527 ], [ 85.37661, 28.270556 ], [ 85.376659, 28.270551 ], [ 85.376655, 28.270522 ], [ 85.376606, 28.270527 ] ] } },
{ "type": "Feature", "properties": { "name": null, "status": "Destroyed", "building": "yes", "building_levels": null }, "geometry": { "type": "LineString", "coordinates": [ [ 85.376903, 28.273406 ], [ 85.376979, 28.273409 ], [ 85.376985, 28.273311 ], [ 85.376909, 28.273308 ], [ 85.376903, 28.273406 ] ] } },
{ "type": "Feature", "properties": { "name": null, "status": "Destroyed", "building": "yes", "building_levels": null }, "geometry": { "type": "LineString", "coordinates": [ [ 85.366075, 28.252216 ], [ 85.366142, 28.252231 ], [ 85.366153, 28.252192 ], [ 85.366086, 28.252177 ], [ 85.366075, 28.252216 ] ] } },
{ "type": "Feature", "properties": { "name": null, "status": "Destroyed", "building": "yes", "building_levels": null }, "geometry": { "type": "LineString", "coordinates": [ [ 85.364427, 28.25243 ], [ 85.364421, 28.252562 ], [ 85.364487, 28.252564 ], [ 85.364492, 28.252432 ], [ 85.364427, 28.25243 ] ] } },
{ "type": "Feature", "properties": { "name": null, "status": "Destroyed", "building": "yes", "building_levels": null }, "geometry": { "type": "LineString", "coordinates": [ [ 85.366974, 28.255562 ], [ 85.366975, 28.255722 ], [ 85.367038, 28.255722 ], [ 85.367037, 28.255562 ], [ 85.366974, 28.255562 ] ] } },
{ "type": "Feature", "properties": { "name": null, "status": "Destroyed", "building": "yes", "building_levels": null }, "geometry": { "type": "LineString", "coordinates": [ [ 85.36659, 28.256098 ], [ 85.366623, 28.256147 ], [ 85.366674, 28.25612 ], [ 85.366641, 28.256071 ], [ 85.36659, 28.256098 ] ] } },
{ "type": "Feature", "properties": { "name": null, "status": "Destroyed", "building": "yes", "building_levels": null }, "geometry": { "type": "LineString", "coordinates": [ [ 85.374839, 28.264584 ], [ 85.374849, 28.264469 ], [ 85.374602, 28.264453 ], [ 85.374592, 28.264567 ], [ 85.374839, 28.264584 ] ] } },
{ "type": "Feature", "properties": { "name": null, "status": "Destroyed", "building": "yes", "building_levels": null }, "geometry": { "type": "LineString", "coordinates": [ [ 85.374061, 28.264201 ], [ 85.3741, 28.264205 ], [ 85.374109, 28.264128 ], [ 85.37407, 28.264125 ], [ 85.374061, 28.264201 ] ] } },
{ "type": "Feature", "properties": { "name": null, "status": "Destroyed", "building": "yes", "building_levels": null }, "geometry": { "type": "LineString", "coordinates": [ [ 85.36613, 28.253923 ], [ 85.366136, 28.253974 ], [ 85.366186, 28.25397 ], [ 85.366179, 28.253918 ], [ 85.36613, 28.253923 ] ] } },
{ "type": "Feature", "properties": { "name": null, "status": "Destroyed", "building": "yes", "building_levels": null }, "geometry": { "type": "LineString", "coordinates": [ [ 85.366425, 28.251729 ], [ 85.366458, 28.251744 ], [ 85.366485, 28.251697 ], [ 85.366452, 28.251682 ], [ 85.366443, 28.251697 ], [ 85.366425, 28.251729 ] ] } },
{ "type": "Feature", "properties": { "name": null, "status": "Destroyed", "building": "yes", "building_levels": null }, "geometry": { "type": "LineString", "coordinates": [ [ 85.366929, 28.255352 ], [ 85.366976, 28.255357 ], [ 85.366994, 28.255228 ], [ 85.367082, 28.255238 ], [ 85.367088, 28.255195 ], [ 85.366952, 28.25518 ], [ 85.366929, 28.255352 ] ] } },
{ "type": "Feature", "properties": { "name": null, "status": "Destroyed", "building": "yes", "building_levels": null }, "geometry": { "type": "LineString", "coordinates": [ [ 85.374278, 28.264359 ], [ 85.37436, 28.264201 ], [ 85.374401, 28.264218 ], [ 85.374368, 28.264282 ], [ 85.37442, 28.264303 ], [ 85.374372, 28.264396 ], [ 85.374278, 28.264359 ] ] } },
{ "type": "Feature", "properties": { "name": null, "status": "Destroyed", "building": "yes", "building_levels": null }, "geometry": { "type": "LineString", "coordinates": [ [ 85.366126, 28.253751 ], [ 85.366166, 28.253751 ], [ 85.366166, 28.253702 ], [ 85.366127, 28.253702 ], [ 85.366126, 28.253751 ] ] } },
{ "type": "Feature", "properties": { "name": null, "status": "Destroyed", "building": "yes", "building_levels": null }, "geometry": { "type": "LineString", "coordinates": [ [ 85.36656, 28.256846 ], [ 85.366643, 28.256796 ], [ 85.366625, 28.256773 ], [ 85.366542, 28.256823 ], [ 85.36656, 28.256846 ] ] } },
{ "type": "Feature", "properties": { "name": null, "status": "Destroyed", "building": "yes", "building_levels": null }, "geometry": { "type": "LineString", "coordinates": [ [ 85.366833, 28.253745 ], [ 85.366873, 28.253745 ], [ 85.366873, 28.253702 ], [ 85.366833, 28.253702 ], [ 85.366833, 28.253745 ] ] } },
{ "type": "Feature", "properties": { "name": null, "status": "Destroyed", "building": "yes", "building_levels": null }, "geometry": { "type": "LineString", "coordinates": [ [ 85.366975, 28.255918 ], [ 85.366983, 28.256018 ], [ 85.367062, 28.256014 ], [ 85.367054, 28.255914 ], [ 85.366975, 28.255918 ] ] } },
{ "type": "Feature", "properties": { "name": null, "status": "Destroyed", "building": "yes", "building_levels": null }, "geometry": { "type": "LineString", "coordinates": [ [ 85.358448, 28.237261 ], [ 85.35849, 28.237298 ], [ 85.358543, 28.237251 ], [ 85.358502, 28.237214 ], [ 85.358448, 28.237261 ] ] } },
{ "type": "Feature", "properties": { "name": null, "status": "Destroyed", "building": "yes", "building_levels": null }, "geometry": { "type": "LineString", "coordinates": [ [ 85.108433, 27.859852 ], [ 85.108395, 27.859814 ], [ 85.108455, 27.859767 ], [ 85.108493, 27.859805 ], [ 85.108433, 27.859852 ] ] } },
{ "type": "Feature", "properties": { "name": null, "status": "Destroyed", "building": "yes", "building_levels": null }, "geometry": { "type": "LineString", "coordinates": [ [ 85.110704, 27.860687 ], [ 85.110613, 27.860757 ], [ 85.110669, 27.860813 ], [ 85.110759, 27.860744 ], [ 85.110704, 27.860687 ] ] } },
{ "type": "Feature", "properties": { "name": null, "status": "Destroyed", "building": "yes", "building_levels": null }, "geometry": { "type": "LineString", "coordinates": [ [ 85.109841, 27.860974 ], [ 85.109913, 27.860909 ], [ 85.109958, 27.860949 ], [ 85.109886, 27.861014 ], [ 85.109841, 27.860974 ] ] } },
{ "type": "Feature", "properties": { "name": null, "status": "Destroyed", "building": "yes", "building_levels": null }, "geometry": { "type": "LineString", "coordinates": [ [ 85.18391, 27.97467 ], [ 85.183914, 27.974605 ], [ 85.18388, 27.974603 ], [ 85.183875, 27.974668 ], [ 85.18391, 27.97467 ] ] } },
{ "type": "Feature", "properties": { "name": null, "status": "Destroyed", "building": "yes", "building_levels": null }, "geometry": { "type": "LineString", "coordinates": [ [ 85.172288, 27.961991 ], [ 85.172314, 27.961967 ], [ 85.172271, 27.96193 ], [ 85.172245, 27.961954 ], [ 85.172288, 27.961991 ] ] } },
{ "type": "Feature", "properties": { "name": null, "status": "Destroyed", "building": "yes", "building_levels": null }, "geometry": { "type": "LineString", "coordinates": [ [ 85.17247, 27.962533 ], [ 85.17249, 27.962501 ], [ 85.172416, 27.962465 ], [ 85.172397, 27.962496 ], [ 85.17247, 27.962533 ] ] } },
{ "type": "Feature", "properties": { "name": null, "status": "Destroyed", "building": "yes", "building_levels": null }, "geometry": { "type": "LineString", "coordinates": [ [ 85.174456, 27.966695 ], [ 85.17439, 27.966651 ], [ 85.174427, 27.966608 ], [ 85.174493, 27.966652 ], [ 85.174456, 27.966695 ] ] } },
{ "type": "Feature", "properties": { "name": null, "status": "Destroyed", "building": "yes", "building_levels": null }, "geometry": { "type": "LineString", "coordinates": [ [ 85.179134, 27.967511 ], [ 85.179166, 27.967536 ], [ 85.179205, 27.967497 ], [ 85.179172, 27.967472 ], [ 85.179134, 27.967511 ] ] } },
{ "type": "Feature", "properties": { "name": null, "status": "Destroyed", "building": "yes", "building_levels": null }, "geometry": { "type": "LineString", "coordinates": [ [ 85.172432, 27.965491 ], [ 85.172441, 27.965443 ], [ 85.172541, 27.965482 ], [ 85.172523, 27.965528 ], [ 85.172432, 27.965491 ] ] } },
{ "type": "Feature", "properties": { "name": null, "status": "Destroyed", "building": "yes", "building_levels": null }, "geometry": { "type": "LineString", "coordinates": [ [ 85.185018, 27.970452 ], [ 85.18503, 27.970507 ], [ 85.185108, 27.970493 ], [ 85.185096, 27.970439 ], [ 85.185018, 27.970452 ] ] } },
{ "type": "Feature", "properties": { "name": null, "status": "Destroyed", "building": "yes", "building_levels": null }, "geometry": { "type": "LineString", "coordinates": [ [ 85.183457, 27.969595 ], [ 85.183492, 27.969596 ], [ 85.183493, 27.969549 ], [ 85.183458, 27.969548 ], [ 85.183457, 27.969595 ] ] } },
{ "type": "Feature", "properties": { "name": null, "status": "Destroyed", "building": "yes", "building_levels": null }, "geometry": { "type": "LineString", "coordinates": [ [ 85.173801, 27.9662 ], [ 85.173892, 27.966203 ], [ 85.173894, 27.966166 ], [ 85.173803, 27.966163 ], [ 85.173801, 27.9662 ] ] } },
{ "type": "Feature", "properties": { "name": null, "status": "Destroyed", "building": "yes", "building_levels": null }, "geometry": { "type": "LineString", "coordinates": [ [ 85.183472, 27.974084 ], [ 85.183539, 27.974134 ], [ 85.18363, 27.974038 ], [ 85.183563, 27.973989 ], [ 85.183472, 27.974084 ] ] } },
{ "type": "Feature", "properties": { "name": null, "status": "Destroyed", "building": "yes", "building_levels": null }, "geometry": { "type": "LineString", "coordinates": [ [ 85.16063, 27.947193 ], [ 85.160661, 27.947221 ], [ 85.160701, 27.947187 ], [ 85.16067, 27.947159 ], [ 85.16063, 27.947193 ] ] } },
{ "type": "Feature", "properties": { "name": null, "status": "Destroyed", "building": "yes", "building_levels": null }, "geometry": { "type": "LineString", "coordinates": [ [ 85.1562, 27.93884 ], [ 85.156225, 27.938821 ], [ 85.156291, 27.938888 ], [ 85.156266, 27.938907 ], [ 85.1562, 27.93884 ] ] } },
{ "type": "Feature", "properties": { "name": null, "status": "Destroyed", "building": "yes", "building_levels": null }, "geometry": { "type": "LineString", "coordinates": [ [ 85.147606, 27.929707 ], [ 85.147703, 27.929722 ], [ 85.147715, 27.929664 ], [ 85.147665, 27.929656 ], [ 85.147668, 27.929641 ], [ 85.147621, 27.929633 ], [ 85.147606, 27.929707 ] ] } },
{ "type": "Feature", "properties": { "name": null, "status": "Destroyed", "building": "yes", "building_levels": null }, "geometry": { "type": "LineString", "coordinates": [ [ 85.147382, 27.929316 ], [ 85.147452, 27.929327 ], [ 85.147472, 27.929235 ], [ 85.147402, 27.929223 ], [ 85.147382, 27.929316 ] ] } },
{ "type": "Feature", "properties": { "name": null, "status": "Destroyed", "building": "yes", "building_levels": null }, "geometry": { "type": "LineString", "coordinates": [ [ 85.14744, 27.929026 ], [ 85.147529, 27.929043 ], [ 85.147553, 27.928944 ], [ 85.147464, 27.928927 ], [ 85.14744, 27.929026 ] ] } },
{ "type": "Feature", "properties": { "name": null, "status": "Destroyed", "building": "yes", "building_levels": null }, "geometry": { "type": "LineString", "coordinates": [ [ 85.097452, 27.858506 ], [ 85.097416, 27.858426 ], [ 85.097541, 27.858382 ], [ 85.097577, 27.858462 ], [ 85.097452, 27.858506 ] ] } },
{ "type": "Feature", "properties": { "name": null, "status": "Destroyed", "building": "yes", "building_levels": null }, "geometry": { "type": "LineString", "coordinates": [ [ 85.378957, 28.271273 ], [ 85.378977, 28.271276 ], [ 85.378971, 28.271305 ], [ 85.378998, 28.271309 ], [ 85.379008, 28.271256 ], [ 85.379019, 28.271203 ], [ 85.378973, 28.271196 ], [ 85.378957, 28.271273 ] ] } },
{ "type": "Feature", "properties": { "name": null, "status": "Destroyed", "building": "yes", "building_levels": null }, "geometry": { "type": "LineString", "coordinates": [ [ 85.36634, 28.253655 ], [ 85.366396, 28.253653 ], [ 85.366394, 28.253622 ], [ 85.366338, 28.253625 ], [ 85.36634, 28.253655 ] ] } },
{ "type": "Feature", "properties": { "name": null, "status": "Destroyed", "building": "yes", "building_levels": null }, "geometry": { "type": "LineString", "coordinates": [ [ 85.366821, 28.255234 ], [ 85.366915, 28.255237 ], [ 85.366917, 28.255176 ], [ 85.366823, 28.255173 ], [ 85.366821, 28.255234 ] ] } },
{ "type": "Feature", "properties": { "name": null, "status": "Destroyed", "building": "yes", "building_levels": null }, "geometry": { "type": "LineString", "coordinates": [ [ 85.366779, 28.255083 ], [ 85.366814, 28.255084 ], [ 85.366818, 28.254992 ], [ 85.366782, 28.254991 ], [ 85.366779, 28.255083 ] ] } },
{ "type": "Feature", "properties": { "name": null, "status": "Destroyed", "building": "yes", "building_levels": null }, "geometry": { "type": "LineString", "coordinates": [ [ 85.367112, 28.254998 ], [ 85.367167, 28.254994 ], [ 85.367156, 28.254876 ], [ 85.367101, 28.25488 ], [ 85.367112, 28.254998 ] ] } },
{ "type": "Feature", "properties": { "name": null, "status": "Destroyed", "building": "yes", "building_levels": null }, "geometry": { "type": "LineString", "coordinates": [ [ 85.37805, 28.27251 ], [ 85.378224, 28.272486 ], [ 85.378214, 28.272425 ], [ 85.378039, 28.272449 ], [ 85.37805, 28.27251 ] ] } },
{ "type": "Feature", "properties": { "name": null, "status": "Destroyed", "building": "yes", "building_levels": null }, "geometry": { "type": "LineString", "coordinates": [ [ 85.376745, 28.271087 ], [ 85.376736, 28.27127 ], [ 85.377098, 28.271285 ], [ 85.377107, 28.271101 ], [ 85.376745, 28.271087 ] ] } },
{ "type": "Feature", "properties": { "name": null, "status": "Destroyed", "building": "yes", "building_levels": null }, "geometry": { "type": "LineString", "coordinates": [ [ 85.377913, 28.271417 ], [ 85.37793, 28.271322 ], [ 85.378015, 28.271333 ], [ 85.377998, 28.271429 ], [ 85.377913, 28.271417 ] ] } },
{ "type": "Feature", "properties": { "name": null, "status": "Destroyed", "building": "yes", "building_levels": null }, "geometry": { "type": "LineString", "coordinates": [ [ 85.350315, 28.194735 ], [ 85.350454, 28.194976 ], [ 85.35051, 28.194951 ], [ 85.350371, 28.19471 ], [ 85.350315, 28.194735 ] ] } },
{ "type": "Feature", "properties": { "name": null, "status": "Destroyed", "building": "yes", "building_levels": null }, "geometry": { "type": "LineString", "coordinates": [ [ 85.343508, 28.164278 ], [ 85.343538, 28.164303 ], [ 85.343565, 28.164278 ], [ 85.343534, 28.164253 ], [ 85.343508, 28.164278 ] ] } },
{ "type": "Feature", "properties": { "name": null, "status": "Destroyed", "building": "yes", "building_levels": null }, "geometry": { "type": "LineString", "coordinates": [ [ 85.34248, 28.164775 ], [ 85.342446, 28.164825 ], [ 85.342554, 28.164881 ], [ 85.342588, 28.164831 ], [ 85.34248, 28.164775 ] ] } },
{ "type": "Feature", "properties": { "name": null, "status": "Destroyed", "building": "yes", "building_levels": null }, "geometry": { "type": "LineString", "coordinates": [ [ 85.335982, 28.161185 ], [ 85.336042, 28.161168 ], [ 85.336, 28.161053 ], [ 85.33594, 28.161069 ], [ 85.335982, 28.161185 ] ] } },
{ "type": "Feature", "properties": { "name": null, "status": "Destroyed", "building": "yes", "building_levels": null }, "geometry": { "type": "LineString", "coordinates": [ [ 85.357796, 28.239104 ], [ 85.357875, 28.239108 ], [ 85.357879, 28.23906 ], [ 85.357799, 28.239056 ], [ 85.357796, 28.239104 ] ] } },
{ "type": "Feature", "properties": { "name": null, "status": "Destroyed", "building": "yes", "building_levels": null }, "geometry": { "type": "LineString", "coordinates": [ [ 85.358717, 28.242951 ], [ 85.358726, 28.243014 ], [ 85.358795, 28.243007 ], [ 85.358787, 28.242944 ], [ 85.358717, 28.242951 ] ] } },
{ "type": "Feature", "properties": { "name": null, "status": "Destroyed", "building": "yes", "building_levels": null }, "geometry": { "type": "LineString", "coordinates": [ [ 85.358936, 28.237133 ], [ 85.358959, 28.23715 ], [ 85.358998, 28.23711 ], [ 85.358975, 28.237092 ], [ 85.358936, 28.237133 ] ] } },
{ "type": "Feature", "properties": { "name": null, "status": "Destroyed", "building": "yes", "building_levels": null }, "geometry": { "type": "LineString", "coordinates": [ [ 85.342576, 28.164353 ], [ 85.342595, 28.164311 ], [ 85.342669, 28.164336 ], [ 85.342651, 28.164379 ], [ 85.342576, 28.164353 ] ] } },
{ "type": "Feature", "properties": { "name": null, "status": "Destroyed", "building": "yes", "building_levels": null }, "geometry": { "type": "LineString", "coordinates": [ [ 85.342867, 28.1651 ], [ 85.342878, 28.16506 ], [ 85.342906, 28.165066 ], [ 85.342895, 28.165105 ], [ 85.342867, 28.1651 ] ] } },
{ "type": "Feature", "properties": { "name": null, "status": "Destroyed", "building": "yes", "building_levels": null }, "geometry": { "type": "LineString", "coordinates": [ [ 85.358599, 28.242793 ], [ 85.358666, 28.242778 ], [ 85.358603, 28.242552 ], [ 85.358535, 28.242566 ], [ 85.358599, 28.242793 ] ] } },
{ "type": "Feature", "properties": { "name": null, "status": "Destroyed", "building": "yes", "building_levels": null }, "geometry": { "type": "LineString", "coordinates": [ [ 85.335965, 28.160959 ], [ 85.335918, 28.16097 ], [ 85.335927, 28.160998 ], [ 85.335974, 28.160986 ], [ 85.335965, 28.160959 ] ] } },
{ "type": "Feature", "properties": { "name": null, "status": "Destroyed", "building": "yes", "building_levels": null }, "geometry": { "type": "LineString", "coordinates": [ [ 85.366095, 28.25325 ], [ 85.366036, 28.253133 ], [ 85.366104, 28.253106 ], [ 85.366164, 28.253223 ], [ 85.366095, 28.25325 ] ] } },
{ "type": "Feature", "properties": { "name": null, "status": "Destroyed", "building": "yes", "building_levels": null }, "geometry": { "type": "LineString", "coordinates": [ [ 85.366488, 28.254211 ], [ 85.36652, 28.25421 ], [ 85.366518, 28.254181 ], [ 85.366561, 28.254179 ], [ 85.366557, 28.254114 ], [ 85.366481, 28.254118 ], [ 85.366488, 28.254211 ] ] } },
{ "type": "Feature", "properties": { "name": null, "status": "Destroyed", "building": "yes", "building_levels": null }, "geometry": { "type": "LineString", "coordinates": [ [ 85.366703, 28.25428 ], [ 85.366773, 28.254274 ], [ 85.366763, 28.254188 ], [ 85.366693, 28.254195 ], [ 85.366703, 28.25428 ] ] } },
{ "type": "Feature", "properties": { "name": null, "status": "Destroyed", "building": "yes", "building_levels": null }, "geometry": { "type": "LineString", "coordinates": [ [ 85.378017, 28.2805 ], [ 85.378167, 28.280504 ], [ 85.378169, 28.280451 ], [ 85.378019, 28.280447 ], [ 85.378017, 28.2805 ] ] } },
{ "type": "Feature", "properties": { "name": null, "status": "Destroyed", "building": "yes", "building_levels": null }, "geometry": { "type": "LineString", "coordinates": [ [ 85.376127, 28.265798 ], [ 85.376161, 28.26576 ], [ 85.376104, 28.265721 ], [ 85.37607, 28.26576 ], [ 85.376127, 28.265798 ] ] } },
{ "type": "Feature", "properties": { "name": null, "status": "Destroyed", "building": "yes", "building_levels": null }, "geometry": { "type": "LineString", "coordinates": [ [ 85.37614, 28.265108 ], [ 85.376188, 28.265076 ], [ 85.376136, 28.265014 ], [ 85.376088, 28.265045 ], [ 85.37614, 28.265108 ] ] } },
{ "type": "Feature", "properties": { "name": null, "status": "Destroyed", "building": "yes", "building_levels": null }, "geometry": { "type": "LineString", "coordinates": [ [ 85.366501, 28.253365 ], [ 85.366563, 28.253356 ], [ 85.366554, 28.253308 ], [ 85.366492, 28.253317 ], [ 85.366501, 28.253365 ] ] } },
{ "type": "Feature", "properties": { "name": null, "status": "Destroyed", "building": "yes", "building_levels": null }, "geometry": { "type": "LineString", "coordinates": [ [ 85.376428, 28.266292 ], [ 85.376497, 28.266366 ], [ 85.376587, 28.2663 ], [ 85.376519, 28.266227 ], [ 85.376428, 28.266292 ] ] } },
{ "type": "Feature", "properties": { "name": null, "status": "Destroyed", "building": "yes", "building_levels": null }, "geometry": { "type": "LineString", "coordinates": [ [ 85.366682, 28.254668 ], [ 85.366695, 28.254838 ], [ 85.36682, 28.254831 ], [ 85.366807, 28.25466 ], [ 85.366682, 28.254668 ] ] } },
{ "type": "Feature", "properties": { "name": null, "status": "Destroyed", "building": "yes", "building_levels": null }, "geometry": { "type": "LineString", "coordinates": [ [ 85.36685, 28.255323 ], [ 85.366835, 28.255498 ], [ 85.366895, 28.255502 ], [ 85.36691, 28.255327 ], [ 85.36685, 28.255323 ] ] } },
{ "type": "Feature", "properties": { "name": null, "status": "Destroyed", "building": "yes", "building_levels": null }, "geometry": { "type": "LineString", "coordinates": [ [ 85.373974, 28.264197 ], [ 85.373926, 28.264377 ], [ 85.374022, 28.264397 ], [ 85.37407, 28.264216 ], [ 85.373974, 28.264197 ] ] } },
{ "type": "Feature", "properties": { "name": null, "status": "Destroyed", "building": "yes", "building_levels": null }, "geometry": { "type": "LineString", "coordinates": [ [ 85.375418, 28.264622 ], [ 85.37545, 28.264834 ], [ 85.375532, 28.264825 ], [ 85.3755, 28.264612 ], [ 85.375418, 28.264622 ] ] } },
{ "type": "Feature", "properties": { "name": null, "status": "Destroyed", "building": "yes", "building_levels": null }, "geometry": { "type": "LineString", "coordinates": [ [ 85.367091, 28.255465 ], [ 85.367098, 28.255502 ], [ 85.367144, 28.255496 ], [ 85.367137, 28.255458 ], [ 85.367091, 28.255465 ] ] } },
{ "type": "Feature", "properties": { "name": null, "status": "Destroyed", "building": "house", "building_levels": null }, "geometry": { "type": "LineString", "coordinates": [ [ 85.366714, 28.255192 ], [ 85.366749, 28.255389 ], [ 85.366804, 28.255381 ], [ 85.366769, 28.255184 ], [ 85.366714, 28.255192 ] ] } },
{ "type": "Feature", "properties": { "name": null, "status": "Destroyed", "building": "yes", "building_levels": null }, "geometry": { "type": "LineString", "coordinates": [ [ 85.36664, 28.254935 ], [ 85.366669, 28.255054 ], [ 85.366707, 28.255047 ], [ 85.366678, 28.254928 ], [ 85.36664, 28.254935 ] ] } },
{ "type": "Feature", "properties": { "name": null, "status": "Destroyed", "building": "yes", "building_levels": null }, "geometry": { "type": "LineString", "coordinates": [ [ 85.367008, 28.254099 ], [ 85.36706, 28.254101 ], [ 85.367067, 28.253945 ], [ 85.367015, 28.253943 ], [ 85.367008, 28.254099 ] ] } },
{ "type": "Feature", "properties": { "name": null, "status": "Destroyed", "building": "yes", "building_levels": null }, "geometry": { "type": "LineString", "coordinates": [ [ 85.375459, 28.265339 ], [ 85.375498, 28.26531 ], [ 85.375429, 28.265236 ], [ 85.375389, 28.265265 ], [ 85.375459, 28.265339 ] ] } },
{ "type": "Feature", "properties": { "name": null, "status": "Destroyed", "building": "yes", "building_levels": null }, "geometry": { "type": "LineString", "coordinates": [ [ 85.36634, 28.25329 ], [ 85.366413, 28.253282 ], [ 85.366399, 28.25318 ], [ 85.366325, 28.253188 ], [ 85.36634, 28.25329 ] ] } },
{ "type": "Feature", "properties": { "name": null, "status": "Destroyed", "building": "yes", "building_levels": null }, "geometry": { "type": "LineString", "coordinates": [ [ 85.345287, 28.177004 ], [ 85.345302, 28.176989 ], [ 85.345275, 28.176967 ], [ 85.34526, 28.176982 ], [ 85.345287, 28.177004 ] ] } },
{ "type": "Feature", "properties": { "name": null, "status": "Destroyed", "building": "yes", "building_levels": null }, "geometry": { "type": "LineString", "coordinates": [ [ 85.109776, 27.860237 ], [ 85.109913, 27.860151 ], [ 85.109847, 27.860069 ], [ 85.109812, 27.860091 ], [ 85.109771, 27.860041 ], [ 85.109726, 27.860069 ], [ 85.109768, 27.860121 ], [ 85.109711, 27.860157 ], [ 85.109776, 27.860237 ] ] } },
{ "type": "Feature", "properties": { "name": null, "status": "Destroyed", "building": "yes", "building_levels": null }, "geometry": { "type": "LineString", "coordinates": [ [ 85.110675, 27.861196 ], [ 85.110621, 27.861256 ], [ 85.110699, 27.861311 ], [ 85.110753, 27.861251 ], [ 85.110675, 27.861196 ] ] } },
{ "type": "Feature", "properties": { "name": null, "status": "Destroyed", "building": "yes", "building_levels": null }, "geometry": { "type": "LineString", "coordinates": [ [ 85.108754, 27.860667 ], [ 85.108778, 27.860646 ], [ 85.108675, 27.860551 ], [ 85.108651, 27.860572 ], [ 85.108754, 27.860667 ] ] } },
{ "type": "Feature", "properties": { "name": null, "status": "Destroyed", "building": "yes", "building_levels": null }, "geometry": { "type": "LineString", "coordinates": [ [ 85.366225, 28.252973 ], [ 85.366344, 28.252969 ], [ 85.36634, 28.252883 ], [ 85.366221, 28.252887 ], [ 85.366225, 28.252973 ] ] } },
{ "type": "Feature", "properties": { "name": null, "status": "Destroyed", "building": "yes", "building_levels": null }, "geometry": { "type": "LineString", "coordinates": [ [ 85.18392, 27.969597 ], [ 85.183966, 27.9696 ], [ 85.183981, 27.969452 ], [ 85.183934, 27.969449 ], [ 85.18392, 27.969597 ] ] } },
{ "type": "Feature", "properties": { "name": null, "status": "Destroyed", "building": "yes", "building_levels": null }, "geometry": { "type": "LineString", "coordinates": [ [ 85.172792, 27.963028 ], [ 85.172826, 27.963007 ], [ 85.172792, 27.962964 ], [ 85.172757, 27.962985 ], [ 85.172792, 27.963028 ] ] } },
{ "type": "Feature", "properties": { "name": null, "status": "Destroyed", "building": "yes", "building_levels": null }, "geometry": { "type": "LineString", "coordinates": [ [ 85.156096, 27.936821 ], [ 85.156169, 27.936786 ], [ 85.156112, 27.936693 ], [ 85.156039, 27.936728 ], [ 85.156096, 27.936821 ] ] } },
{ "type": "Feature", "properties": { "name": null, "status": "Destroyed", "building": "yes", "building_levels": null }, "geometry": { "type": "LineString", "coordinates": [ [ 85.150851, 27.923762 ], [ 85.150689, 27.923787 ], [ 85.150671, 27.923693 ], [ 85.150833, 27.923668 ], [ 85.150851, 27.923762 ] ] } },
{ "type": "Feature", "properties": { "name": null, "status": "Destroyed", "building": "yes", "building_levels": null }, "geometry": { "type": "LineString", "coordinates": [ [ 85.156374, 27.939157 ], [ 85.156323, 27.939109 ], [ 85.156364, 27.939075 ], [ 85.156415, 27.939122 ], [ 85.156374, 27.939157 ] ] } },
{ "type": "Feature", "properties": { "name": null, "status": "Destroyed", "building": "yes", "building_levels": null }, "geometry": { "type": "LineString", "coordinates": [ [ 85.147489, 27.929664 ], [ 85.147557, 27.929675 ], [ 85.147571, 27.929608 ], [ 85.147503, 27.929597 ], [ 85.147489, 27.929664 ] ] } },
{ "type": "Feature", "properties": { "name": null, "status": "Destroyed", "building": "yes", "building_levels": null }, "geometry": { "type": "LineString", "coordinates": [ [ 85.148904, 27.932839 ], [ 85.148947, 27.932887 ], [ 85.148987, 27.932859 ], [ 85.148943, 27.932811 ], [ 85.148904, 27.932839 ] ] } },
{ "type": "Feature", "properties": { "name": null, "status": "Destroyed", "building": "yes", "building_levels": null }, "geometry": { "type": "LineString", "coordinates": [ [ 85.361468, 28.224854 ], [ 85.361519, 28.224852 ], [ 85.361515, 28.224778 ], [ 85.361464, 28.22478 ], [ 85.361468, 28.224854 ] ] } },
{ "type": "Feature", "properties": { "name": null, "status": "Destroyed", "building": "yes", "building_levels": null }, "geometry": { "type": "LineString", "coordinates": [ [ 85.337925, 28.163619 ], [ 85.337954, 28.163582 ], [ 85.338013, 28.163617 ], [ 85.337983, 28.163655 ], [ 85.337925, 28.163619 ] ] } },
{ "type": "Feature", "properties": { "name": null, "status": "Destroyed", "building": "yes", "building_levels": null }, "geometry": { "type": "LineString", "coordinates": [ [ 85.33726, 28.162892 ], [ 85.337295, 28.162884 ], [ 85.33728, 28.162833 ], [ 85.337245, 28.162841 ], [ 85.33726, 28.162892 ] ] } },
{ "type": "Feature", "properties": { "name": null, "status": "Destroyed", "building": "yes", "building_levels": null }, "geometry": { "type": "LineString", "coordinates": [ [ 85.10969, 27.860298 ], [ 85.109771, 27.860242 ], [ 85.109702, 27.860165 ], [ 85.109672, 27.860132 ], [ 85.109592, 27.860189 ], [ 85.109659, 27.860264 ], [ 85.10969, 27.860298 ] ] } },
{ "type": "Feature", "properties": { "name": null, "status": "Destroyed", "building": "yes", "building_levels": null }, "geometry": { "type": "LineString", "coordinates": [ [ 85.108502, 27.860396 ], [ 85.108573, 27.860355 ], [ 85.108523, 27.860289 ], [ 85.108453, 27.86033 ], [ 85.108502, 27.860396 ] ] } },
{ "type": "Feature", "properties": { "name": null, "status": "Destroyed", "building": "yes", "building_levels": null }, "geometry": { "type": "LineString", "coordinates": [ [ 85.113285, 27.865523 ], [ 85.113617, 27.865395 ], [ 85.113575, 27.86531 ], [ 85.113243, 27.865438 ], [ 85.113285, 27.865523 ] ] } },
{ "type": "Feature", "properties": { "name": null, "status": "Destroyed", "building": "yes", "building_levels": null }, "geometry": { "type": "LineString", "coordinates": [ [ 85.110129, 27.863443 ], [ 85.110054, 27.863362 ], [ 85.11011, 27.863321 ], [ 85.110185, 27.863402 ], [ 85.110129, 27.863443 ] ] } },
{ "type": "Feature", "properties": { "name": null, "status": "Destroyed", "building": "yes", "building_levels": null }, "geometry": { "type": "LineString", "coordinates": [ [ 85.110011, 27.861001 ], [ 85.110062, 27.861062 ], [ 85.110188, 27.860979 ], [ 85.110136, 27.860918 ], [ 85.110011, 27.861001 ] ] } },
{ "type": "Feature", "properties": { "name": null, "status": "Destroyed", "building": "yes", "building_levels": null }, "geometry": { "type": "LineString", "coordinates": [ [ 85.108727, 27.859818 ], [ 85.108778, 27.859794 ], [ 85.108738, 27.859727 ], [ 85.108687, 27.85975 ], [ 85.108727, 27.859818 ] ] } },
{ "type": "Feature", "properties": { "name": null, "status": "Destroyed", "building": "yes", "building_levels": null }, "geometry": { "type": "LineString", "coordinates": [ [ 85.109761, 27.860615 ], [ 85.109823, 27.860587 ], [ 85.109789, 27.860527 ], [ 85.109727, 27.860554 ], [ 85.109761, 27.860615 ] ] } },
{ "type": "Feature", "properties": { "name": null, "status": "Destroyed", "building": "yes", "building_levels": null }, "geometry": { "type": "LineString", "coordinates": [ [ 85.112355, 27.86724 ], [ 85.11241, 27.867219 ], [ 85.112373, 27.86714 ], [ 85.112318, 27.86716 ], [ 85.112355, 27.86724 ] ] } },
{ "type": "Feature", "properties": { "name": null, "status": "Destroyed", "building": "yes", "building_levels": null }, "geometry": { "type": "LineString", "coordinates": [ [ 85.072315, 27.854522 ], [ 85.07238, 27.854473 ], [ 85.072333, 27.854426 ], [ 85.072269, 27.854476 ], [ 85.072315, 27.854522 ] ] } },
{ "type": "Feature", "properties": { "name": null, "status": "Destroyed", "building": "yes", "building_levels": null }, "geometry": { "type": "LineString", "coordinates": [ [ 85.147958, 27.930376 ], [ 85.14803, 27.93055 ], [ 85.148149, 27.930511 ], [ 85.148077, 27.930337 ], [ 85.147958, 27.930376 ] ] } },
{ "type": "Feature", "properties": { "name": null, "status": "Destroyed", "building": "yes", "building_levels": null }, "geometry": { "type": "LineString", "coordinates": [ [ 85.37733, 28.277322 ], [ 85.377426, 28.27747 ], [ 85.377406, 28.27748 ], [ 85.377453, 28.277552 ], [ 85.377515, 28.277521 ], [ 85.377492, 28.277485 ], [ 85.377543, 28.277459 ], [ 85.377485, 28.277369 ], [ 85.377502, 28.277361 ], [ 85.377441, 28.277266 ], [ 85.37733, 28.277322 ] ] } },
{ "type": "Feature", "properties": { "name": null, "status": "Destroyed", "building": "yes", "building_levels": null }, "geometry": { "type": "LineString", "coordinates": [ [ 85.1486, 27.925049 ], [ 85.148577, 27.924996 ], [ 85.148627, 27.924979 ], [ 85.14865, 27.925032 ], [ 85.1486, 27.925049 ] ] } },
{ "type": "Feature", "properties": { "name": null, "status": "Destroyed", "building": "yes", "building_levels": null }, "geometry": { "type": "LineString", "coordinates": [ [ 85.33879, 28.163994 ], [ 85.338819, 28.164024 ], [ 85.33889, 28.16397 ], [ 85.338861, 28.16394 ], [ 85.33879, 28.163994 ] ] } },
{ "type": "Feature", "properties": { "name": null, "status": "Destroyed", "building": "yes", "building_levels": null }, "geometry": { "type": "LineString", "coordinates": [ [ 85.37689, 28.273501 ], [ 85.376983, 28.273509 ], [ 85.376992, 28.273425 ], [ 85.376899, 28.273416 ], [ 85.37689, 28.273501 ] ] } },
{ "type": "Feature", "properties": { "name": null, "status": "Destroyed", "building": "yes", "building_levels": null }, "geometry": { "type": "LineString", "coordinates": [ [ 85.366496, 28.253558 ], [ 85.36656, 28.253557 ], [ 85.366559, 28.253505 ], [ 85.366495, 28.253506 ], [ 85.366496, 28.253558 ] ] } },
{ "type": "Feature", "properties": { "name": null, "status": "Destroyed", "building": "yes", "building_levels": null }, "geometry": { "type": "LineString", "coordinates": [ [ 85.366972, 28.255733 ], [ 85.366987, 28.25591 ], [ 85.367052, 28.255906 ], [ 85.367037, 28.255728 ], [ 85.366972, 28.255733 ] ] } },
{ "type": "Feature", "properties": { "name": null, "status": "Destroyed", "building": "yes", "building_levels": null }, "geometry": { "type": "LineString", "coordinates": [ [ 85.367289, 28.257731 ], [ 85.367334, 28.257719 ], [ 85.367369, 28.257819 ], [ 85.367324, 28.257831 ], [ 85.367289, 28.257731 ] ] } },
{ "type": "Feature", "properties": { "name": null, "status": "Destroyed", "building": "yes", "building_levels": null }, "geometry": { "type": "LineString", "coordinates": [ [ 85.36669, 28.254951 ], [ 85.366724, 28.255034 ], [ 85.366765, 28.255021 ], [ 85.366732, 28.254938 ], [ 85.36669, 28.254951 ] ] } },
{ "type": "Feature", "properties": { "name": null, "status": "Destroyed", "building": "yes", "building_levels": null }, "geometry": { "type": "LineString", "coordinates": [ [ 85.366661, 28.255574 ], [ 85.366707, 28.255573 ], [ 85.366703, 28.255501 ], [ 85.366658, 28.255503 ], [ 85.366661, 28.255574 ] ] } },
{ "type": "Feature", "properties": { "name": null, "status": "Destroyed", "building": "yes", "building_levels": null }, "geometry": { "type": "LineString", "coordinates": [ [ 85.170164, 27.963239 ], [ 85.170128, 27.963213 ], [ 85.17017, 27.963167 ], [ 85.170207, 27.963193 ], [ 85.170164, 27.963239 ] ] } },
{ "type": "Feature", "properties": { "name": null, "status": "Destroyed", "building": "yes", "building_levels": null }, "geometry": { "type": "LineString", "coordinates": [ [ 85.161567, 27.946953 ], [ 85.161534, 27.946879 ], [ 85.161627, 27.946847 ], [ 85.16166, 27.946921 ], [ 85.161567, 27.946953 ] ] } },
{ "type": "Feature", "properties": { "name": null, "status": "Destroyed", "building": "yes", "building_levels": null }, "geometry": { "type": "LineString", "coordinates": [ [ 85.342394, 28.164488 ], [ 85.342341, 28.164445 ], [ 85.342264, 28.164518 ], [ 85.342316, 28.164561 ], [ 85.342394, 28.164488 ] ] } },
{ "type": "Feature", "properties": { "name": null, "status": "Destroyed", "building": "yes", "building_levels": null }, "geometry": { "type": "LineString", "coordinates": [ [ 85.149144, 27.932941 ], [ 85.149194, 27.932975 ], [ 85.149227, 27.932937 ], [ 85.149207, 27.932923 ], [ 85.149177, 27.932903 ], [ 85.149144, 27.932941 ] ] } },
{ "type": "Feature", "properties": { "name": null, "status": "Destroyed", "building": "yes", "building_levels": null }, "geometry": { "type": "LineString", "coordinates": [ [ 85.150215, 27.923311 ], [ 85.150451, 27.923316 ], [ 85.150474, 27.923422 ], [ 85.150525, 27.923417 ], [ 85.150503, 27.923269 ], [ 85.150211, 27.923257 ], [ 85.150215, 27.923311 ] ] } },
{ "type": "Feature", "properties": { "name": null, "status": "Destroyed", "building": "yes", "building_levels": null }, "geometry": { "type": "LineString", "coordinates": [ [ 85.156338, 27.938252 ], [ 85.156321, 27.938301 ], [ 85.156222, 27.938275 ], [ 85.156239, 27.938226 ], [ 85.156338, 27.938252 ] ] } },
{ "type": "Feature", "properties": { "name": null, "status": "Destroyed", "building": "yes", "building_levels": null }, "geometry": { "type": "LineString", "coordinates": [ [ 85.357773, 28.239385 ], [ 85.357747, 28.239341 ], [ 85.357773, 28.239329 ], [ 85.3578, 28.239373 ], [ 85.357773, 28.239385 ] ] } },
{ "type": "Feature", "properties": { "name": null, "status": "Destroyed", "building": "yes", "building_levels": null }, "geometry": { "type": "LineString", "coordinates": [ [ 85.379449, 28.280544 ], [ 85.379502, 28.280577 ], [ 85.379539, 28.28053 ], [ 85.379486, 28.280498 ], [ 85.379449, 28.280544 ] ] } },
{ "type": "Feature", "properties": { "name": null, "status": "Destroyed", "building": "yes", "building_levels": null }, "geometry": { "type": "LineString", "coordinates": [ [ 85.336189, 28.160826 ], [ 85.336161, 28.160771 ], [ 85.336227, 28.160745 ], [ 85.336255, 28.1608 ], [ 85.336189, 28.160826 ] ] } },
{ "type": "Feature", "properties": { "name": null, "status": "Destroyed", "building": "yes", "building_levels": null }, "geometry": { "type": "LineString", "coordinates": [ [ 85.366985, 28.254448 ], [ 85.366982, 28.254363 ], [ 85.367072, 28.254361 ], [ 85.367074, 28.254446 ], [ 85.366985, 28.254448 ] ] } },
{ "type": "Feature", "properties": { "name": null, "status": "Destroyed", "building": "yes", "building_levels": null }, "geometry": { "type": "LineString", "coordinates": [ [ 85.380336, 28.280493 ], [ 85.380438, 28.280398 ], [ 85.380406, 28.280371 ], [ 85.380391, 28.280385 ], [ 85.380215, 28.280238 ], [ 85.380221, 28.280233 ], [ 85.380138, 28.280164 ], [ 85.380045, 28.280251 ], [ 85.380077, 28.280277 ], [ 85.380091, 28.280264 ], [ 85.380319, 28.280454 ], [ 85.380306, 28.280467 ], [ 85.380336, 28.280493 ] ] } },
{ "type": "Feature", "properties": { "name": null, "status": "Destroyed", "building": "yes", "building_levels": null }, "geometry": { "type": "LineString", "coordinates": [ [ 85.378047, 28.272144 ], [ 85.378121, 28.272145 ], [ 85.378122, 28.272054 ], [ 85.378048, 28.272054 ], [ 85.378047, 28.272144 ] ] } },
{ "type": "Feature", "properties": { "name": null, "status": "Destroyed", "building": "yes", "building_levels": null }, "geometry": { "type": "LineString", "coordinates": [ [ 85.341718, 28.165231 ], [ 85.34178, 28.165275 ], [ 85.341804, 28.165248 ], [ 85.341743, 28.165204 ], [ 85.341718, 28.165231 ] ] } },
{ "type": "Feature", "properties": { "name": null, "status": "Destroyed", "building": "yes", "building_levels": null }, "geometry": { "type": "LineString", "coordinates": [ [ 85.358549, 28.237518 ], [ 85.358594, 28.237544 ], [ 85.358695, 28.237409 ], [ 85.35865, 28.237383 ], [ 85.358549, 28.237518 ] ] } },
{ "type": "Feature", "properties": { "name": null, "status": "Destroyed", "building": "yes", "building_levels": null }, "geometry": { "type": "LineString", "coordinates": [ [ 85.366444, 28.252954 ], [ 85.366431, 28.252886 ], [ 85.366532, 28.252871 ], [ 85.366545, 28.252939 ], [ 85.366444, 28.252954 ] ] } },
{ "type": "Feature", "properties": { "name": null, "status": "Destroyed", "building": "yes", "building_levels": null }, "geometry": { "type": "LineString", "coordinates": [ [ 85.366368, 28.253703 ], [ 85.366466, 28.253704 ], [ 85.366467, 28.253659 ], [ 85.366369, 28.253658 ], [ 85.366368, 28.253703 ] ] } },
{ "type": "Feature", "properties": { "name": null, "status": "Destroyed", "building": "yes", "building_levels": null }, "geometry": { "type": "LineString", "coordinates": [ [ 85.366145, 28.25224 ], [ 85.36607, 28.252224 ], [ 85.366045, 28.252314 ], [ 85.36612, 28.25233 ], [ 85.366145, 28.25224 ] ] } },
{ "type": "Feature", "properties": { "name": null, "status": "Destroyed", "building": "yes", "building_levels": null }, "geometry": { "type": "LineString", "coordinates": [ [ 85.365614, 28.252512 ], [ 85.365686, 28.252521 ], [ 85.365713, 28.252358 ], [ 85.365641, 28.252349 ], [ 85.365614, 28.252512 ] ] } },
{ "type": "Feature", "properties": { "name": null, "status": "Destroyed", "building": "yes", "building_levels": null }, "geometry": { "type": "LineString", "coordinates": [ [ 85.366589, 28.252717 ], [ 85.366619, 28.252709 ], [ 85.366602, 28.25266 ], [ 85.366572, 28.252668 ], [ 85.366589, 28.252717 ] ] } },
{ "type": "Feature", "properties": { "name": null, "status": "Destroyed", "building": "yes", "building_levels": null }, "geometry": { "type": "LineString", "coordinates": [ [ 85.365839, 28.252391 ], [ 85.365833, 28.252474 ], [ 85.365852, 28.252474 ], [ 85.365858, 28.252392 ], [ 85.365839, 28.252391 ] ] } },
{ "type": "Feature", "properties": { "name": null, "status": "Destroyed", "building": "yes", "building_levels": null }, "geometry": { "type": "LineString", "coordinates": [ [ 85.341583, 28.166781 ], [ 85.341647, 28.166756 ], [ 85.341538, 28.166543 ], [ 85.341475, 28.166569 ], [ 85.341583, 28.166781 ] ] } },
{ "type": "Feature", "properties": { "name": null, "status": "Destroyed", "building": "yes", "building_levels": null }, "geometry": { "type": "LineString", "coordinates": [ [ 85.336643, 28.162667 ], [ 85.336676, 28.162654 ], [ 85.336662, 28.162624 ], [ 85.336628, 28.162637 ], [ 85.336643, 28.162667 ] ] } },
{ "type": "Feature", "properties": { "name": null, "status": "Destroyed", "building": "yes", "building_levels": null }, "geometry": { "type": "LineString", "coordinates": [ [ 85.366177, 28.253725 ], [ 85.366252, 28.253722 ], [ 85.366249, 28.253677 ], [ 85.366337, 28.253674 ], [ 85.366333, 28.2536 ], [ 85.366171, 28.253606 ], [ 85.366177, 28.253725 ] ] } },
{ "type": "Feature", "properties": { "name": null, "status": "Destroyed", "building": "house", "building_levels": "0" }, "geometry": { "type": "LineString", "coordinates": [ [ 85.180076, 27.968675 ], [ 85.18013, 27.968638 ], [ 85.180088, 27.96859 ], [ 85.180034, 27.968627 ], [ 85.180076, 27.968675 ] ] } },
{ "type": "Feature", "properties": { "name": null, "status": "Destroyed", "building": "yes", "building_levels": null }, "geometry": { "type": "LineString", "coordinates": [ [ 85.173217, 27.96583 ], [ 85.173295, 27.965845 ], [ 85.173312, 27.965774 ], [ 85.173235, 27.96576 ], [ 85.173217, 27.96583 ] ] } },
{ "type": "Feature", "properties": { "name": null, "status": "Destroyed", "building": "yes", "building_levels": null }, "geometry": { "type": "LineString", "coordinates": [ [ 85.151927, 27.935414 ], [ 85.151942, 27.935395 ], [ 85.151971, 27.935412 ], [ 85.151956, 27.935431 ], [ 85.151927, 27.935414 ] ] } },
{ "type": "Feature", "properties": { "name": null, "status": "Destroyed", "building": "yes", "building_levels": null }, "geometry": { "type": "LineString", "coordinates": [ [ 85.376908, 28.273993 ], [ 85.376866, 28.274047 ], [ 85.376902, 28.274069 ], [ 85.376944, 28.274015 ], [ 85.376908, 28.273993 ] ] } },
{ "type": "Feature", "properties": { "name": null, "status": "Destroyed", "building": "yes", "building_levels": null }, "geometry": { "type": "LineString", "coordinates": [ [ 85.376403, 28.269664 ], [ 85.376717, 28.269559 ], [ 85.376697, 28.269513 ], [ 85.376383, 28.269618 ], [ 85.376403, 28.269664 ] ] } },
{ "type": "Feature", "properties": { "name": null, "status": "Destroyed", "building": "yes", "building_levels": null }, "geometry": { "type": "LineString", "coordinates": [ [ 85.358789, 28.237959 ], [ 85.358795, 28.237866 ], [ 85.358833, 28.237868 ], [ 85.358826, 28.237961 ], [ 85.358789, 28.237959 ] ] } },
{ "type": "Feature", "properties": { "name": null, "status": "Destroyed", "building": "yes", "building_levels": null }, "geometry": { "type": "LineString", "coordinates": [ [ 85.366315, 28.253786 ], [ 85.366309, 28.253932 ], [ 85.366372, 28.253934 ], [ 85.366378, 28.253788 ], [ 85.366315, 28.253786 ] ] } },
{ "type": "Feature", "properties": { "name": null, "status": "Destroyed", "building": "yes", "building_levels": null }, "geometry": { "type": "LineString", "coordinates": [ [ 85.375603, 28.264754 ], [ 85.375625, 28.264884 ], [ 85.37572, 28.264872 ], [ 85.375698, 28.264742 ], [ 85.375603, 28.264754 ] ] } },
{ "type": "Feature", "properties": { "name": null, "status": "Destroyed", "building": "yes", "building_levels": null }, "geometry": { "type": "LineString", "coordinates": [ [ 85.366739, 28.252601 ], [ 85.366795, 28.252582 ], [ 85.366776, 28.252539 ], [ 85.36672, 28.252558 ], [ 85.366739, 28.252601 ] ] } },
{ "type": "Feature", "properties": { "name": null, "status": "Destroyed", "building": "yes", "building_levels": null }, "geometry": { "type": "LineString", "coordinates": [ [ 85.376105, 28.265135 ], [ 85.376103, 28.265101 ], [ 85.376128, 28.2651 ], [ 85.37613, 28.265134 ], [ 85.376105, 28.265135 ] ] } },
{ "type": "Feature", "properties": { "name": null, "status": "Destroyed", "building": "yes", "building_levels": null }, "geometry": { "type": "LineString", "coordinates": [ [ 85.108783, 27.860639 ], [ 85.108857, 27.860576 ], [ 85.108751, 27.860478 ], [ 85.108677, 27.86054 ], [ 85.108783, 27.860639 ] ] } },
{ "type": "Feature", "properties": { "name": null, "status": "Destroyed", "building": "yes", "building_levels": null }, "geometry": { "type": "LineString", "coordinates": [ [ 85.168245, 27.958226 ], [ 85.16822, 27.958178 ], [ 85.168279, 27.958154 ], [ 85.168305, 27.958201 ], [ 85.168245, 27.958226 ] ] } },
{ "type": "Feature", "properties": { "name": null, "status": "Destroyed", "building": "yes", "building_levels": null }, "geometry": { "type": "LineString", "coordinates": [ [ 85.170071, 27.964615 ], [ 85.170071, 27.964642 ], [ 85.170108, 27.964638 ], [ 85.170113, 27.96461 ], [ 85.170071, 27.964615 ] ] } },
{ "type": "Feature", "properties": { "name": null, "status": "Destroyed", "building": "yes", "building_levels": null }, "geometry": { "type": "LineString", "coordinates": [ [ 85.183375, 27.969698 ], [ 85.183407, 27.969698 ], [ 85.183408, 27.969659 ], [ 85.183376, 27.969659 ], [ 85.183375, 27.969698 ] ] } },
{ "type": "Feature", "properties": { "name": null, "status": "Destroyed", "building": "yes", "building_levels": null }, "geometry": { "type": "LineString", "coordinates": [ [ 85.15497, 27.936389 ], [ 85.155062, 27.936382 ], [ 85.155053, 27.936301 ], [ 85.154962, 27.936308 ], [ 85.15497, 27.936389 ] ] } },
{ "type": "Feature", "properties": { "name": null, "status": "Destroyed", "building": "yes", "building_levels": null }, "geometry": { "type": "LineString", "coordinates": [ [ 85.161236, 27.946358 ], [ 85.1613, 27.94633 ], [ 85.161265, 27.946266 ], [ 85.161201, 27.946293 ], [ 85.161236, 27.946358 ] ] } },
{ "type": "Feature", "properties": { "name": null, "status": "Destroyed", "building": "yes", "building_levels": null }, "geometry": { "type": "LineString", "coordinates": [ [ 85.336429, 28.16097 ], [ 85.336471, 28.161043 ], [ 85.336602, 28.160983 ], [ 85.33656, 28.160911 ], [ 85.336429, 28.16097 ] ] } },
{ "type": "Feature", "properties": { "name": null, "status": "Destroyed", "building": "yes", "building_levels": null }, "geometry": { "type": "LineString", "coordinates": [ [ 85.337679, 28.163257 ], [ 85.337716, 28.163286 ], [ 85.337734, 28.163268 ], [ 85.337696, 28.163239 ], [ 85.337679, 28.163257 ] ] } },
{ "type": "Feature", "properties": { "name": null, "status": "Destroyed", "building": "yes", "building_levels": null }, "geometry": { "type": "LineString", "coordinates": [ [ 85.376919, 28.273242 ], [ 85.377049, 28.273239 ], [ 85.377045, 28.273129 ], [ 85.376915, 28.273132 ], [ 85.376919, 28.273242 ] ] } },
{ "type": "Feature", "properties": { "name": null, "status": "Destroyed", "building": "yes", "building_levels": null }, "geometry": { "type": "LineString", "coordinates": [ [ 85.336255, 28.161793 ], [ 85.336347, 28.161745 ], [ 85.33624, 28.161586 ], [ 85.336149, 28.161634 ], [ 85.336255, 28.161793 ] ] } },
{ "type": "Feature", "properties": { "name": null, "status": "Destroyed", "building": "yes", "building_levels": null }, "geometry": { "type": "LineString", "coordinates": [ [ 85.355489, 28.216084 ], [ 85.355553, 28.216144 ], [ 85.355591, 28.216112 ], [ 85.355528, 28.216052 ], [ 85.355489, 28.216084 ] ] } },
{ "type": "Feature", "properties": { "name": null, "status": "Destroyed", "building": "apartments", "building_levels": null }, "geometry": { "type": "LineString", "coordinates": [ [ 85.365878, 28.253026 ], [ 85.365939, 28.253034 ], [ 85.365984, 28.252766 ], [ 85.365886, 28.252753 ], [ 85.365877, 28.252811 ], [ 85.365913, 28.252816 ], [ 85.365878, 28.253026 ] ] } },
{ "type": "Feature", "properties": { "name": null, "status": "Destroyed", "building": "yes", "building_levels": null }, "geometry": { "type": "LineString", "coordinates": [ [ 85.377535, 28.277831 ], [ 85.377613, 28.277731 ], [ 85.377388, 28.277595 ], [ 85.377311, 28.277695 ], [ 85.377535, 28.277831 ] ] } },
{ "type": "Feature", "properties": { "name": null, "status": "Destroyed", "building": "yes", "building_levels": null }, "geometry": { "type": "LineString", "coordinates": [ [ 85.110405, 27.861486 ], [ 85.110464, 27.861538 ], [ 85.110498, 27.861508 ], [ 85.110439, 27.861456 ], [ 85.110405, 27.861486 ] ] } },
{ "type": "Feature", "properties": { "name": null, "status": "Destroyed", "building": "yes", "building_levels": null }, "geometry": { "type": "LineString", "coordinates": [ [ 85.096457, 27.860989 ], [ 85.096526, 27.860988 ], [ 85.096525, 27.860943 ], [ 85.096456, 27.860944 ], [ 85.096457, 27.860989 ] ] } },
{ "type": "Feature", "properties": { "name": null, "status": "Destroyed", "building": "yes", "building_levels": null }, "geometry": { "type": "LineString", "coordinates": [ [ 85.183866, 27.974814 ], [ 85.183859, 27.974869 ], [ 85.183945, 27.974878 ], [ 85.183953, 27.974823 ], [ 85.183866, 27.974814 ] ] } },
{ "type": "Feature", "properties": { "name": null, "status": "Destroyed", "building": "yes", "building_levels": null }, "geometry": { "type": "LineString", "coordinates": [ [ 85.174066, 27.966814 ], [ 85.174068, 27.966747 ], [ 85.17401, 27.966745 ], [ 85.174008, 27.966813 ], [ 85.174066, 27.966814 ] ] } },
{ "type": "Feature", "properties": { "name": null, "status": "Destroyed", "building": "yes", "building_levels": null }, "geometry": { "type": "LineString", "coordinates": [ [ 85.170017, 27.963288 ], [ 85.169976, 27.963255 ], [ 85.170043, 27.96319 ], [ 85.170084, 27.963224 ], [ 85.170017, 27.963288 ] ] } },
{ "type": "Feature", "properties": { "name": null, "status": "Destroyed", "building": "yes", "building_levels": null }, "geometry": { "type": "LineString", "coordinates": [ [ 85.184011, 27.974546 ], [ 85.184075, 27.974594 ], [ 85.184125, 27.974542 ], [ 85.184061, 27.974494 ], [ 85.184011, 27.974546 ] ] } },
{ "type": "Feature", "properties": { "name": null, "status": "Destroyed", "building": "yes", "building_levels": null }, "geometry": { "type": "LineString", "coordinates": [ [ 85.179555, 27.968046 ], [ 85.179655, 27.96798 ], [ 85.1796, 27.967914 ], [ 85.1795, 27.96798 ], [ 85.179555, 27.968046 ] ] } },
{ "type": "Feature", "properties": { "name": null, "status": "Destroyed", "building": "yes", "building_levels": null }, "geometry": { "type": "LineString", "coordinates": [ [ 85.149005, 27.924382 ], [ 85.14891, 27.924424 ], [ 85.14886, 27.924336 ], [ 85.148955, 27.924294 ], [ 85.149005, 27.924382 ] ] } },
{ "type": "Feature", "properties": { "name": null, "status": "Destroyed", "building": "yes", "building_levels": null }, "geometry": { "type": "LineString", "coordinates": [ [ 85.149367, 27.92609 ], [ 85.149454, 27.926086 ], [ 85.149451, 27.926039 ], [ 85.149365, 27.926043 ], [ 85.149367, 27.92609 ] ] } },
{ "type": "Feature", "properties": { "name": null, "status": "Destroyed", "building": "yes", "building_levels": null }, "geometry": { "type": "LineString", "coordinates": [ [ 85.337099, 28.16394 ], [ 85.337138, 28.163926 ], [ 85.337082, 28.163797 ], [ 85.337043, 28.163811 ], [ 85.337099, 28.16394 ] ] } },
{ "type": "Feature", "properties": { "name": null, "status": "Destroyed", "building": "yes", "building_levels": null }, "geometry": { "type": "LineString", "coordinates": [ [ 85.366632, 28.252709 ], [ 85.366683, 28.252711 ], [ 85.366689, 28.25263 ], [ 85.366637, 28.252628 ], [ 85.366632, 28.252709 ] ] } },
{ "type": "Feature", "properties": { "name": null, "status": "Destroyed", "building": "yes", "building_levels": null }, "geometry": { "type": "LineString", "coordinates": [ [ 85.109164, 27.859232 ], [ 85.109262, 27.859187 ], [ 85.109199, 27.859079 ], [ 85.109101, 27.859124 ], [ 85.109164, 27.859232 ] ] } },
{ "type": "Feature", "properties": { "name": null, "status": "Destroyed", "building": "yes", "building_levels": null }, "geometry": { "type": "LineString", "coordinates": [ [ 85.108818, 27.86006 ], [ 85.108735, 27.860116 ], [ 85.108637, 27.860001 ], [ 85.108715, 27.859949 ], [ 85.108745, 27.859984 ], [ 85.108709, 27.860009 ], [ 85.108751, 27.860058 ], [ 85.108793, 27.86003 ], [ 85.108818, 27.86006 ] ] } },
{ "type": "Feature", "properties": { "name": null, "status": "Destroyed", "building": "yes", "building_levels": null }, "geometry": { "type": "LineString", "coordinates": [ [ 85.172131, 27.962237 ], [ 85.172102, 27.962264 ], [ 85.172068, 27.962236 ], [ 85.172097, 27.962209 ], [ 85.172131, 27.962237 ] ] } },
{ "type": "Feature", "properties": { "name": null, "status": "Destroyed", "building": "yes", "building_levels": null }, "geometry": { "type": "LineString", "coordinates": [ [ 85.17118, 27.960802 ], [ 85.171217, 27.960879 ], [ 85.171347, 27.96083 ], [ 85.171309, 27.960753 ], [ 85.17118, 27.960802 ] ] } },
{ "type": "Feature", "properties": { "name": null, "status": "Destroyed", "building": "yes", "building_levels": null }, "geometry": { "type": "LineString", "coordinates": [ [ 85.377242, 28.270928 ], [ 85.377242, 28.271005 ], [ 85.377319, 28.271005 ], [ 85.377319, 28.270852 ], [ 85.377293, 28.270852 ], [ 85.377242, 28.270852 ], [ 85.377191, 28.270852 ], [ 85.377191, 28.270928 ], [ 85.377242, 28.270928 ] ] } },
{ "type": "Feature", "properties": { "name": null, "status": "Destroyed", "building": "yes", "building_levels": null }, "geometry": { "type": "LineString", "coordinates": [ [ 85.341893, 28.166617 ], [ 85.341976, 28.166587 ], [ 85.341933, 28.166494 ], [ 85.34185, 28.166525 ], [ 85.341893, 28.166617 ] ] } },
{ "type": "Feature", "properties": { "name": null, "status": "Destroyed", "building": "yes", "building_levels": null }, "geometry": { "type": "LineString", "coordinates": [ [ 85.358679, 28.237957 ], [ 85.358664, 28.237882 ], [ 85.358626, 28.237887 ], [ 85.358641, 28.237963 ], [ 85.358679, 28.237957 ] ] } },
{ "type": "Feature", "properties": { "name": null, "status": "Destroyed", "building": "yes", "building_levels": null }, "geometry": { "type": "LineString", "coordinates": [ [ 85.366828, 28.256276 ], [ 85.366829, 28.256404 ], [ 85.366881, 28.256403 ], [ 85.36688, 28.256276 ], [ 85.366828, 28.256276 ] ] } },
{ "type": "Feature", "properties": { "name": null, "status": "Destroyed", "building": "yes", "building_levels": null }, "geometry": { "type": "LineString", "coordinates": [ [ 85.109615, 27.86076 ], [ 85.109655, 27.86081 ], [ 85.109757, 27.860748 ], [ 85.109717, 27.860697 ], [ 85.109615, 27.86076 ] ] } },
{ "type": "Feature", "properties": { "name": null, "status": "Destroyed", "building": "yes", "building_levels": null }, "geometry": { "type": "LineString", "coordinates": [ [ 85.110195, 27.860572 ], [ 85.110265, 27.860656 ], [ 85.110359, 27.860595 ], [ 85.110289, 27.860511 ], [ 85.110195, 27.860572 ] ] } },
{ "type": "Feature", "properties": { "name": null, "status": "Destroyed", "building": "yes", "building_levels": null }, "geometry": { "type": "LineString", "coordinates": [ [ 85.108258, 27.859301 ], [ 85.108411, 27.859147 ], [ 85.108374, 27.859118 ], [ 85.108221, 27.859272 ], [ 85.108258, 27.859301 ] ] } },
{ "type": "Feature", "properties": { "name": null, "status": "Destroyed", "building": "yes", "building_levels": null }, "geometry": { "type": "LineString", "coordinates": [ [ 85.175836, 27.967424 ], [ 85.175912, 27.967371 ], [ 85.175944, 27.967407 ], [ 85.175929, 27.967418 ], [ 85.175943, 27.967433 ], [ 85.175922, 27.967448 ], [ 85.175935, 27.967462 ], [ 85.175896, 27.96749 ], [ 85.175836, 27.967424 ] ] } },
{ "type": "Feature", "properties": { "name": null, "status": "Destroyed", "building": "yes", "building_levels": null }, "geometry": { "type": "LineString", "coordinates": [ [ 85.184188, 27.974672 ], [ 85.184264, 27.974617 ], [ 85.184191, 27.974538 ], [ 85.184115, 27.974594 ], [ 85.184188, 27.974672 ] ] } },
{ "type": "Feature", "properties": { "name": null, "status": "Destroyed", "building": "yes", "building_levels": null }, "geometry": { "type": "LineString", "coordinates": [ [ 85.173411, 27.963452 ], [ 85.173289, 27.963364 ], [ 85.173331, 27.963319 ], [ 85.173452, 27.963407 ], [ 85.173411, 27.963452 ] ] } },
{ "type": "Feature", "properties": { "name": null, "status": "Destroyed", "building": "yes", "building_levels": null }, "geometry": { "type": "LineString", "coordinates": [ [ 85.172188, 27.96257 ], [ 85.172184, 27.962594 ], [ 85.17214, 27.962588 ], [ 85.172145, 27.962564 ], [ 85.172188, 27.96257 ] ] } },
{ "type": "Feature", "properties": { "name": null, "status": "Destroyed", "building": "yes", "building_levels": null }, "geometry": { "type": "LineString", "coordinates": [ [ 85.172677, 27.96282 ], [ 85.172651, 27.962802 ], [ 85.172679, 27.962771 ], [ 85.172705, 27.962789 ], [ 85.172677, 27.96282 ] ] } },
{ "type": "Feature", "properties": { "name": null, "status": "Destroyed", "building": "yes", "building_levels": null }, "geometry": { "type": "LineString", "coordinates": [ [ 85.173417, 27.965766 ], [ 85.173368, 27.965738 ], [ 85.173422, 27.965666 ], [ 85.173471, 27.965695 ], [ 85.173417, 27.965766 ] ] } },
{ "type": "Feature", "properties": { "name": null, "status": "Destroyed", "building": "yes", "building_levels": null }, "geometry": { "type": "LineString", "coordinates": [ [ 85.174004, 27.966142 ], [ 85.173985, 27.966165 ], [ 85.17392, 27.966124 ], [ 85.173939, 27.966101 ], [ 85.174004, 27.966142 ] ] } },
{ "type": "Feature", "properties": { "name": null, "status": "Destroyed", "building": "yes", "building_levels": null }, "geometry": { "type": "LineString", "coordinates": [ [ 85.183643, 27.975321 ], [ 85.183703, 27.975185 ], [ 85.183775, 27.975209 ], [ 85.183715, 27.975346 ], [ 85.183643, 27.975321 ] ] } },
{ "type": "Feature", "properties": { "name": null, "status": "Destroyed", "building": "yes", "building_levels": null }, "geometry": { "type": "LineString", "coordinates": [ [ 85.184237, 27.969865 ], [ 85.184383, 27.96981 ], [ 85.184321, 27.969681 ], [ 85.184175, 27.969736 ], [ 85.184237, 27.969865 ] ] } },
{ "type": "Feature", "properties": { "name": null, "status": "Destroyed", "building": "yes", "building_levels": null }, "geometry": { "type": "LineString", "coordinates": [ [ 85.173243, 27.963288 ], [ 85.173283, 27.963313 ], [ 85.173321, 27.963265 ], [ 85.173282, 27.96324 ], [ 85.173243, 27.963288 ] ] } },
{ "type": "Feature", "properties": { "name": null, "status": "Destroyed", "building": "yes", "building_levels": null }, "geometry": { "type": "LineString", "coordinates": [ [ 85.172003, 27.962553 ], [ 85.172033, 27.962564 ], [ 85.172066, 27.962497 ], [ 85.172036, 27.962486 ], [ 85.172003, 27.962553 ] ] } },
{ "type": "Feature", "properties": { "name": null, "status": "Destroyed", "building": "yes", "building_levels": null }, "geometry": { "type": "LineString", "coordinates": [ [ 85.17199, 27.96267 ], [ 85.172081, 27.962719 ], [ 85.172136, 27.96264 ], [ 85.172045, 27.96259 ], [ 85.17199, 27.96267 ] ] } },
{ "type": "Feature", "properties": { "name": null, "status": "Destroyed", "building": "yes", "building_levels": null }, "geometry": { "type": "LineString", "coordinates": [ [ 85.17147, 27.964605 ], [ 85.171478, 27.964521 ], [ 85.171575, 27.964529 ], [ 85.171566, 27.964612 ], [ 85.17147, 27.964605 ] ] } },
{ "type": "Feature", "properties": { "name": null, "status": "Destroyed", "building": "yes", "building_levels": null }, "geometry": { "type": "LineString", "coordinates": [ [ 85.183227, 27.969403 ], [ 85.183337, 27.9694 ], [ 85.183335, 27.969322 ], [ 85.183208, 27.969325 ], [ 85.183209, 27.969376 ], [ 85.183226, 27.969375 ], [ 85.183227, 27.969403 ] ] } },
{ "type": "Feature", "properties": { "name": null, "status": "Destroyed", "building": "yes", "building_levels": null }, "geometry": { "type": "LineString", "coordinates": [ [ 85.183386, 27.969416 ], [ 85.183391, 27.969239 ], [ 85.183517, 27.969241 ], [ 85.183512, 27.969419 ], [ 85.183386, 27.969416 ] ] } },
{ "type": "Feature", "properties": { "name": null, "status": "Destroyed", "building": "yes", "building_levels": null }, "geometry": { "type": "LineString", "coordinates": [ [ 85.180477, 27.969045 ], [ 85.180504, 27.968982 ], [ 85.180629, 27.969025 ], [ 85.180601, 27.969088 ], [ 85.180477, 27.969045 ] ] } },
{ "type": "Feature", "properties": { "name": null, "status": "Destroyed", "building": "yes", "building_levels": null }, "geometry": { "type": "LineString", "coordinates": [ [ 85.182351, 27.969206 ], [ 85.182442, 27.969249 ], [ 85.182491, 27.969169 ], [ 85.1824, 27.969126 ], [ 85.182351, 27.969206 ] ] } },
{ "type": "Feature", "properties": { "name": null, "status": "Destroyed", "building": "yes", "building_levels": null }, "geometry": { "type": "LineString", "coordinates": [ [ 85.184322, 27.970602 ], [ 85.184328, 27.970651 ], [ 85.184373, 27.970648 ], [ 85.184367, 27.970598 ], [ 85.184322, 27.970602 ] ] } },
{ "type": "Feature", "properties": { "name": null, "status": "Destroyed", "building": "yes", "building_levels": null }, "geometry": { "type": "LineString", "coordinates": [ [ 85.174388, 27.96623 ], [ 85.174379, 27.966248 ], [ 85.174419, 27.966264 ], [ 85.174428, 27.966246 ], [ 85.174388, 27.96623 ] ] } },
{ "type": "Feature", "properties": { "name": null, "status": "Destroyed", "building": "yes", "building_levels": null }, "geometry": { "type": "LineString", "coordinates": [ [ 85.179578, 27.968247 ], [ 85.179597, 27.968271 ], [ 85.179625, 27.968254 ], [ 85.179606, 27.96823 ], [ 85.179578, 27.968247 ] ] } },
{ "type": "Feature", "properties": { "name": null, "status": "Destroyed", "building": "yes", "building_levels": null }, "geometry": { "type": "LineString", "coordinates": [ [ 85.179878, 27.968175 ], [ 85.179921, 27.968175 ], [ 85.17992, 27.968125 ], [ 85.179877, 27.968125 ], [ 85.179878, 27.968175 ] ] } },
{ "type": "Feature", "properties": { "name": null, "status": "Destroyed", "building": "yes", "building_levels": null }, "geometry": { "type": "LineString", "coordinates": [ [ 85.179911, 27.968205 ], [ 85.179947, 27.968194 ], [ 85.179977, 27.968274 ], [ 85.179941, 27.968284 ], [ 85.179911, 27.968205 ] ] } },
{ "type": "Feature", "properties": { "name": null, "status": "Destroyed", "building": "yes", "building_levels": null }, "geometry": { "type": "LineString", "coordinates": [ [ 85.18027, 27.96882 ], [ 85.180355, 27.968855 ], [ 85.180312, 27.968937 ], [ 85.180227, 27.968902 ], [ 85.18027, 27.96882 ] ] } },
{ "type": "Feature", "properties": { "name": null, "status": "Destroyed", "building": "yes", "building_levels": null }, "geometry": { "type": "LineString", "coordinates": [ [ 85.18387, 27.969796 ], [ 85.183858, 27.9697 ], [ 85.183978, 27.969688 ], [ 85.183991, 27.969783 ], [ 85.18387, 27.969796 ] ] } },
{ "type": "Feature", "properties": { "name": null, "status": "Destroyed", "building": "yes", "building_levels": null }, "geometry": { "type": "LineString", "coordinates": [ [ 85.173038, 27.964219 ], [ 85.173177, 27.964271 ], [ 85.173214, 27.964194 ], [ 85.173074, 27.964142 ], [ 85.173038, 27.964219 ] ] } },
{ "type": "Feature", "properties": { "name": null, "status": "Destroyed", "building": "yes", "building_levels": null }, "geometry": { "type": "LineString", "coordinates": [ [ 85.17291, 27.964866 ], [ 85.172962, 27.964883 ], [ 85.172983, 27.964834 ], [ 85.172932, 27.964816 ], [ 85.17291, 27.964866 ] ] } },
{ "type": "Feature", "properties": { "name": null, "status": "Destroyed", "building": "yes", "building_levels": null }, "geometry": { "type": "LineString", "coordinates": [ [ 85.183133, 27.96919 ], [ 85.183131, 27.969267 ], [ 85.183251, 27.96927 ], [ 85.183253, 27.969193 ], [ 85.183133, 27.96919 ] ] } },
{ "type": "Feature", "properties": { "name": null, "status": "Destroyed", "building": "yes", "building_levels": null }, "geometry": { "type": "LineString", "coordinates": [ [ 85.170183, 27.961066 ], [ 85.170227, 27.961018 ], [ 85.170315, 27.961082 ], [ 85.170272, 27.961129 ], [ 85.170183, 27.961066 ] ] } },
{ "type": "Feature", "properties": { "name": null, "status": "Destroyed", "building": "yes", "building_levels": null }, "geometry": { "type": "LineString", "coordinates": [ [ 85.180323, 27.968981 ], [ 85.180299, 27.969013 ], [ 85.180365, 27.969051 ], [ 85.180389, 27.969019 ], [ 85.180323, 27.968981 ] ] } },
{ "type": "Feature", "properties": { "name": null, "status": "Destroyed", "building": "yes", "building_levels": null }, "geometry": { "type": "LineString", "coordinates": [ [ 85.164162, 27.957721 ], [ 85.164507, 27.95785 ], [ 85.164554, 27.957752 ], [ 85.164209, 27.957623 ], [ 85.164162, 27.957721 ] ] } },
{ "type": "Feature", "properties": { "name": null, "status": "Destroyed", "building": "yes", "building_levels": null }, "geometry": { "type": "LineString", "coordinates": [ [ 85.172886, 27.965817 ], [ 85.17294, 27.965787 ], [ 85.172878, 27.965702 ], [ 85.172824, 27.965733 ], [ 85.172886, 27.965817 ] ] } },
{ "type": "Feature", "properties": { "name": null, "status": "Destroyed", "building": "yes", "building_levels": null }, "geometry": { "type": "LineString", "coordinates": [ [ 85.184004, 27.971985 ], [ 85.183951, 27.972008 ], [ 85.183995, 27.972085 ], [ 85.184047, 27.972062 ], [ 85.184004, 27.971985 ] ] } },
{ "type": "Feature", "properties": { "name": null, "status": "Destroyed", "building": "yes", "building_levels": null }, "geometry": { "type": "LineString", "coordinates": [ [ 85.152786, 27.935619 ], [ 85.152843, 27.935537 ], [ 85.152981, 27.935612 ], [ 85.15297, 27.935627 ], [ 85.152923, 27.935694 ], [ 85.152786, 27.935619 ] ] } },
{ "type": "Feature", "properties": { "name": null, "status": "Destroyed", "building": "yes", "building_levels": null }, "geometry": { "type": "LineString", "coordinates": [ [ 85.153925, 27.930736 ], [ 85.154081, 27.930771 ], [ 85.1541, 27.930704 ], [ 85.153944, 27.930669 ], [ 85.153925, 27.930736 ] ] } },
{ "type": "Feature", "properties": { "name": null, "status": "Destroyed", "building": "yes", "building_levels": null }, "geometry": { "type": "LineString", "coordinates": [ [ 85.160555, 27.940919 ], [ 85.160561, 27.940986 ], [ 85.160466, 27.940993 ], [ 85.160459, 27.940926 ], [ 85.160555, 27.940919 ] ] } },
{ "type": "Feature", "properties": { "name": null, "status": "Destroyed", "building": "hut", "building_levels": null }, "geometry": { "type": "LineString", "coordinates": [ [ 85.160419, 27.947133 ], [ 85.160413, 27.947136 ], [ 85.160406, 27.947137 ], [ 85.1604, 27.947136 ], [ 85.160394, 27.947133 ], [ 85.16039, 27.947129 ], [ 85.160387, 27.947124 ], [ 85.160386, 27.947119 ], [ 85.160388, 27.947113 ], [ 85.160391, 27.947108 ], [ 85.160396, 27.947104 ], [ 85.160402, 27.947102 ], [ 85.160408, 27.947102 ], [ 85.160415, 27.947104 ], [ 85.16042, 27.947107 ], [ 85.160424, 27.947112 ], [ 85.160426, 27.947118 ], [ 85.160425, 27.947124 ], [ 85.160423, 27.947129 ], [ 85.160419, 27.947133 ] ] } },
{ "type": "Feature", "properties": { "name": null, "status": "Destroyed", "building": "yes", "building_levels": null }, "geometry": { "type": "LineString", "coordinates": [ [ 85.154179, 27.937315 ], [ 85.154125, 27.937387 ], [ 85.154047, 27.937341 ], [ 85.154101, 27.937269 ], [ 85.154179, 27.937315 ] ] } },
{ "type": "Feature", "properties": { "name": null, "status": "Destroyed", "building": "yes", "building_levels": null }, "geometry": { "type": "LineString", "coordinates": [ [ 85.158911, 27.943256 ], [ 85.158994, 27.943318 ], [ 85.159068, 27.943242 ], [ 85.158985, 27.943179 ], [ 85.158911, 27.943256 ] ] } },
{ "type": "Feature", "properties": { "name": null, "status": "Destroyed", "building": "yes", "building_levels": null }, "geometry": { "type": "LineString", "coordinates": [ [ 85.159163, 27.943517 ], [ 85.159216, 27.943611 ], [ 85.159545, 27.943466 ], [ 85.159492, 27.943372 ], [ 85.159163, 27.943517 ] ] } },
{ "type": "Feature", "properties": { "name": null, "status": "Destroyed", "building": "yes", "building_levels": null }, "geometry": { "type": "LineString", "coordinates": [ [ 85.16009, 27.94632 ], [ 85.160136, 27.946385 ], [ 85.160215, 27.946341 ], [ 85.160169, 27.946276 ], [ 85.16009, 27.94632 ] ] } },
{ "type": "Feature", "properties": { "name": null, "status": "Destroyed", "building": "yes", "building_levels": null }, "geometry": { "type": "LineString", "coordinates": [ [ 85.153914, 27.937222 ], [ 85.153964, 27.937162 ], [ 85.153926, 27.937138 ], [ 85.153877, 27.937198 ], [ 85.153914, 27.937222 ] ] } },
{ "type": "Feature", "properties": { "name": null, "status": "Destroyed", "building": "yes", "building_levels": null }, "geometry": { "type": "LineString", "coordinates": [ [ 85.156233, 27.938796 ], [ 85.156258, 27.938776 ], [ 85.156324, 27.938844 ], [ 85.156299, 27.938863 ], [ 85.156233, 27.938796 ] ] } },
{ "type": "Feature", "properties": { "name": null, "status": "Destroyed", "building": "yes", "building_levels": null }, "geometry": { "type": "LineString", "coordinates": [ [ 85.155695, 27.938392 ], [ 85.155742, 27.938431 ], [ 85.155799, 27.938376 ], [ 85.155752, 27.938337 ], [ 85.155695, 27.938392 ] ] } },
{ "type": "Feature", "properties": { "name": null, "status": "Destroyed", "building": "yes", "building_levels": null }, "geometry": { "type": "LineString", "coordinates": [ [ 85.157329, 27.936849 ], [ 85.157374, 27.936833 ], [ 85.157337, 27.936755 ], [ 85.157293, 27.936771 ], [ 85.157329, 27.936849 ] ] } },
{ "type": "Feature", "properties": { "name": null, "status": "Destroyed", "building": "yes", "building_levels": null }, "geometry": { "type": "LineString", "coordinates": [ [ 85.161178, 27.946221 ], [ 85.16123, 27.946199 ], [ 85.161197, 27.946139 ], [ 85.161146, 27.946161 ], [ 85.161178, 27.946221 ] ] } },
{ "type": "Feature", "properties": { "name": null, "status": "Destroyed", "building": "yes", "building_levels": null }, "geometry": { "type": "LineString", "coordinates": [ [ 85.161673, 27.946919 ], [ 85.161656, 27.946883 ], [ 85.161751, 27.946847 ], [ 85.161768, 27.946883 ], [ 85.161673, 27.946919 ] ] } },
{ "type": "Feature", "properties": { "name": null, "status": "Destroyed", "building": "yes", "building_levels": null }, "geometry": { "type": "LineString", "coordinates": [ [ 85.161689, 27.946854 ], [ 85.161737, 27.946841 ], [ 85.161733, 27.946831 ], [ 85.161726, 27.946809 ], [ 85.161678, 27.946822 ], [ 85.161689, 27.946854 ] ] } },
{ "type": "Feature", "properties": { "name": null, "status": "Destroyed", "building": "yes", "building_levels": null }, "geometry": { "type": "LineString", "coordinates": [ [ 85.183816, 27.969506 ], [ 85.183922, 27.96951 ], [ 85.183927, 27.96939 ], [ 85.183821, 27.969387 ], [ 85.183816, 27.969506 ] ] } },
{ "type": "Feature", "properties": { "name": null, "status": "Destroyed", "building": "yes", "building_levels": null }, "geometry": { "type": "LineString", "coordinates": [ [ 85.185372, 27.97062 ], [ 85.1852, 27.970653 ], [ 85.185224, 27.970747 ], [ 85.185395, 27.970715 ], [ 85.185372, 27.97062 ] ] } },
{ "type": "Feature", "properties": { "name": null, "status": "Destroyed", "building": "yes", "building_levels": null }, "geometry": { "type": "LineString", "coordinates": [ [ 85.377903, 28.27259 ], [ 85.378011, 28.272602 ], [ 85.37802, 28.272536 ], [ 85.377913, 28.272525 ], [ 85.377903, 28.27259 ] ] } },
{ "type": "Feature", "properties": { "name": null, "status": "Destroyed", "building": "yes", "building_levels": null }, "geometry": { "type": "LineString", "coordinates": [ [ 85.376662, 28.273563 ], [ 85.376736, 28.273562 ], [ 85.376733, 28.273333 ], [ 85.376659, 28.273333 ], [ 85.376662, 28.273563 ] ] } },
{ "type": "Feature", "properties": { "name": null, "status": "Destroyed", "building": "yes", "building_levels": null }, "geometry": { "type": "LineString", "coordinates": [ [ 85.376691, 28.269724 ], [ 85.376754, 28.269704 ], [ 85.37682, 28.269908 ], [ 85.376751, 28.269923 ], [ 85.376691, 28.269724 ] ] } },
{ "type": "Feature", "properties": { "name": null, "status": "Destroyed", "building": "yes", "building_levels": null }, "geometry": { "type": "LineString", "coordinates": [ [ 85.358508, 28.241178 ], [ 85.358558, 28.241178 ], [ 85.358556, 28.241021 ], [ 85.358506, 28.241022 ], [ 85.358508, 28.241178 ] ] } },
{ "type": "Feature", "properties": { "name": null, "status": "Destroyed", "building": "yes", "building_levels": null }, "geometry": { "type": "LineString", "coordinates": [ [ 85.341559, 28.165186 ], [ 85.341599, 28.165113 ], [ 85.341526, 28.165081 ], [ 85.341485, 28.165154 ], [ 85.341559, 28.165186 ] ] } },
{ "type": "Feature", "properties": { "name": null, "status": "Destroyed", "building": "yes", "building_levels": null }, "geometry": { "type": "LineString", "coordinates": [ [ 85.343595, 28.164369 ], [ 85.343632, 28.16434 ], [ 85.343601, 28.16431 ], [ 85.343564, 28.16434 ], [ 85.343595, 28.164369 ] ] } },
{ "type": "Feature", "properties": { "name": null, "status": "Destroyed", "building": "yes", "building_levels": null }, "geometry": { "type": "LineString", "coordinates": [ [ 85.376159, 28.265748 ], [ 85.376243, 28.265747 ], [ 85.376242, 28.265696 ], [ 85.376159, 28.265697 ], [ 85.376159, 28.265748 ] ] } },
{ "type": "Feature", "properties": { "name": null, "status": "Destroyed", "building": "yes", "building_levels": null }, "geometry": { "type": "LineString", "coordinates": [ [ 85.373916, 28.264164 ], [ 85.374021, 28.26419 ], [ 85.374042, 28.264125 ], [ 85.373937, 28.264099 ], [ 85.373916, 28.264164 ] ] } },
{ "type": "Feature", "properties": { "name": null, "status": "Destroyed", "building": "yes", "building_levels": null }, "geometry": { "type": "LineString", "coordinates": [ [ 85.366262, 28.254015 ], [ 85.366274, 28.254101 ], [ 85.366311, 28.254097 ], [ 85.366294, 28.253978 ], [ 85.366273, 28.25398 ], [ 85.366272, 28.253975 ], [ 85.366225, 28.25398 ], [ 85.36623, 28.254019 ], [ 85.366262, 28.254015 ] ] } },
{ "type": "Feature", "properties": { "name": null, "status": "Destroyed", "building": "yes", "building_levels": null }, "geometry": { "type": "LineString", "coordinates": [ [ 85.366325, 28.252447 ], [ 85.366414, 28.252444 ], [ 85.36641, 28.252349 ], [ 85.366321, 28.252352 ], [ 85.366325, 28.252447 ] ] } },
{ "type": "Feature", "properties": { "name": null, "status": "Destroyed", "building": "yes", "building_levels": null }, "geometry": { "type": "LineString", "coordinates": [ [ 85.367258, 28.254965 ], [ 85.367293, 28.254966 ], [ 85.367296, 28.254896 ], [ 85.36726, 28.254895 ], [ 85.367258, 28.254965 ] ] } },
{ "type": "Feature", "properties": { "name": null, "status": "Destroyed", "building": "yes", "building_levels": null }, "geometry": { "type": "LineString", "coordinates": [ [ 85.089362, 27.861929 ], [ 85.089369, 27.861859 ], [ 85.089298, 27.861853 ], [ 85.089291, 27.861924 ], [ 85.089362, 27.861929 ] ] } },
{ "type": "Feature", "properties": { "name": null, "status": "Destroyed", "building": "yes", "building_levels": null }, "geometry": { "type": "LineString", "coordinates": [ [ 85.109018, 27.860525 ], [ 85.109054, 27.860475 ], [ 85.108989, 27.860438 ], [ 85.108953, 27.860488 ], [ 85.109018, 27.860525 ] ] } },
{ "type": "Feature", "properties": { "name": null, "status": "Destroyed", "building": "yes", "building_levels": null }, "geometry": { "type": "LineString", "coordinates": [ [ 85.168986, 27.959954 ], [ 85.169008, 27.959928 ], [ 85.168958, 27.959897 ], [ 85.168937, 27.959924 ], [ 85.168986, 27.959954 ] ] } },
{ "type": "Feature", "properties": { "name": null, "status": "Destroyed", "building": "yes", "building_levels": null }, "geometry": { "type": "LineString", "coordinates": [ [ 85.180633, 27.969172 ], [ 85.180673, 27.969118 ], [ 85.180742, 27.969158 ], [ 85.180702, 27.969212 ], [ 85.180633, 27.969172 ] ] } },
{ "type": "Feature", "properties": { "name": null, "status": "Destroyed", "building": "yes", "building_levels": null }, "geometry": { "type": "LineString", "coordinates": [ [ 85.182159, 27.971756 ], [ 85.182162, 27.97173 ], [ 85.182208, 27.971733 ], [ 85.182205, 27.971759 ], [ 85.182159, 27.971756 ] ] } },
{ "type": "Feature", "properties": { "name": null, "status": "Destroyed", "building": "yes", "building_levels": null }, "geometry": { "type": "LineString", "coordinates": [ [ 85.172937, 27.964173 ], [ 85.173025, 27.964207 ], [ 85.173059, 27.964139 ], [ 85.172971, 27.964105 ], [ 85.172937, 27.964173 ] ] } },
{ "type": "Feature", "properties": { "name": null, "status": "Destroyed", "building": "yes", "building_levels": null }, "geometry": { "type": "LineString", "coordinates": [ [ 85.184129, 27.969602 ], [ 85.18413, 27.969646 ], [ 85.184222, 27.969643 ], [ 85.18422, 27.969599 ], [ 85.184129, 27.969602 ] ] } },
{ "type": "Feature", "properties": { "name": null, "status": "Destroyed", "building": "yes", "building_levels": null }, "geometry": { "type": "LineString", "coordinates": [ [ 85.163643, 27.948317 ], [ 85.163592, 27.948308 ], [ 85.163612, 27.948218 ], [ 85.163664, 27.948227 ], [ 85.163643, 27.948317 ] ] } },
{ "type": "Feature", "properties": { "name": null, "status": "Destroyed", "building": "yes", "building_levels": null }, "geometry": { "type": "LineString", "coordinates": [ [ 85.156131, 27.938895 ], [ 85.156182, 27.938854 ], [ 85.156226, 27.938897 ], [ 85.156174, 27.938938 ], [ 85.156131, 27.938895 ] ] } },
{ "type": "Feature", "properties": { "name": null, "status": "Destroyed", "building": "yes", "building_levels": null }, "geometry": { "type": "LineString", "coordinates": [ [ 85.154338, 27.936763 ], [ 85.154337, 27.936678 ], [ 85.154492, 27.936676 ], [ 85.154493, 27.936762 ], [ 85.154338, 27.936763 ] ] } },
{ "type": "Feature", "properties": { "name": null, "status": "Destroyed", "building": "yes", "building_levels": null }, "geometry": { "type": "LineString", "coordinates": [ [ 85.15048, 27.923993 ], [ 85.150487, 27.92409 ], [ 85.150595, 27.924084 ], [ 85.150588, 27.923987 ], [ 85.15048, 27.923993 ] ] } },
{ "type": "Feature", "properties": { "name": null, "status": "Destroyed", "building": "yes", "building_levels": null }, "geometry": { "type": "LineString", "coordinates": [ [ 85.151712, 27.930677 ], [ 85.152042, 27.930446 ], [ 85.152395, 27.930476 ], [ 85.152382, 27.930601 ], [ 85.152078, 27.930575 ], [ 85.151915, 27.930714 ], [ 85.151879, 27.930695 ], [ 85.151786, 27.93076 ], [ 85.151712, 27.930677 ] ] } },
{ "type": "Feature", "properties": { "name": null, "status": "Destroyed", "building": "retail", "building_levels": null }, "geometry": { "type": "LineString", "coordinates": [ [ 85.366574, 28.25539 ], [ 85.366584, 28.255472 ], [ 85.366637, 28.255467 ], [ 85.366627, 28.255385 ], [ 85.366574, 28.25539 ] ] } },
{ "type": "Feature", "properties": { "name": null, "status": "Destroyed", "building": "yes", "building_levels": null }, "geometry": { "type": "LineString", "coordinates": [ [ 85.376384, 28.28187 ], [ 85.376436, 28.281803 ], [ 85.376389, 28.281774 ], [ 85.376337, 28.281842 ], [ 85.376384, 28.28187 ] ] } },
{ "type": "Feature", "properties": { "name": null, "status": "Destroyed", "building": "yes", "building_levels": null }, "geometry": { "type": "LineString", "coordinates": [ [ 85.3584, 28.241199 ], [ 85.358401, 28.241254 ], [ 85.358462, 28.241254 ], [ 85.358462, 28.241198 ], [ 85.3584, 28.241199 ] ] } },
{ "type": "Feature", "properties": { "name": null, "status": "Destroyed", "building": "yes", "building_levels": null }, "geometry": { "type": "LineString", "coordinates": [ [ 85.357721, 28.239248 ], [ 85.357748, 28.239259 ], [ 85.357772, 28.239217 ], [ 85.357745, 28.239206 ], [ 85.357721, 28.239248 ] ] } },
{ "type": "Feature", "properties": { "name": null, "status": "Destroyed", "building": "yes", "building_levels": null }, "geometry": { "type": "LineString", "coordinates": [ [ 85.377732, 28.280855 ], [ 85.377773, 28.280871 ], [ 85.377797, 28.280827 ], [ 85.377757, 28.28081 ], [ 85.377732, 28.280855 ] ] } },
{ "type": "Feature", "properties": { "name": null, "status": "Destroyed", "building": "yes", "building_levels": null }, "geometry": { "type": "LineString", "coordinates": [ [ 85.37379, 28.263733 ], [ 85.373913, 28.263801 ], [ 85.374016, 28.263656 ], [ 85.373893, 28.263588 ], [ 85.37379, 28.263733 ] ] } },
{ "type": "Feature", "properties": { "name": null, "status": "Destroyed", "building": "yes", "building_levels": null }, "geometry": { "type": "LineString", "coordinates": [ [ 85.37672, 28.265132 ], [ 85.376769, 28.265123 ], [ 85.376755, 28.265066 ], [ 85.376732, 28.26507 ], [ 85.376728, 28.265052 ], [ 85.376702, 28.265056 ], [ 85.37672, 28.265132 ] ] } },
{ "type": "Feature", "properties": { "name": null, "status": "Destroyed", "building": "yes", "building_levels": null }, "geometry": { "type": "LineString", "coordinates": [ [ 85.367406, 28.25781 ], [ 85.367457, 28.257795 ], [ 85.367493, 28.257889 ], [ 85.367442, 28.257904 ], [ 85.367406, 28.25781 ] ] } },
{ "type": "Feature", "properties": { "name": null, "status": "Destroyed", "building": "yes", "building_levels": null }, "geometry": { "type": "LineString", "coordinates": [ [ 85.366869, 28.255068 ], [ 85.3669, 28.255054 ], [ 85.366887, 28.255032 ], [ 85.366844, 28.254956 ], [ 85.366813, 28.25497 ], [ 85.366869, 28.255068 ] ] } },
{ "type": "Feature", "properties": { "name": null, "status": "Destroyed", "building": "yes", "building_levels": null }, "geometry": { "type": "LineString", "coordinates": [ [ 85.37801, 28.278179 ], [ 85.378056, 28.278184 ], [ 85.378063, 28.27814 ], [ 85.378017, 28.278134 ], [ 85.37801, 28.278179 ] ] } },
{ "type": "Feature", "properties": { "name": null, "status": "Destroyed", "building": "yes", "building_levels": null }, "geometry": { "type": "LineString", "coordinates": [ [ 85.374901, 28.264985 ], [ 85.374997, 28.26504 ], [ 85.375045, 28.264974 ], [ 85.374949, 28.264919 ], [ 85.374901, 28.264985 ] ] } },
{ "type": "Feature", "properties": { "name": null, "status": "Destroyed", "building": "yes", "building_levels": null }, "geometry": { "type": "LineString", "coordinates": [ [ 85.374221, 28.264425 ], [ 85.374164, 28.264554 ], [ 85.374237, 28.26458 ], [ 85.374295, 28.264451 ], [ 85.374221, 28.264425 ] ] } },
{ "type": "Feature", "properties": { "name": null, "status": "Destroyed", "building": "yes", "building_levels": null }, "geometry": { "type": "LineString", "coordinates": [ [ 85.366321, 28.251967 ], [ 85.366297, 28.252071 ], [ 85.366336, 28.252078 ], [ 85.36636, 28.251974 ], [ 85.366321, 28.251967 ] ] } },
{ "type": "Feature", "properties": { "name": null, "status": "Destroyed", "building": "yes", "building_levels": null }, "geometry": { "type": "LineString", "coordinates": [ [ 85.366394, 28.252775 ], [ 85.366409, 28.252858 ], [ 85.36658, 28.252835 ], [ 85.366565, 28.252752 ], [ 85.366394, 28.252775 ] ] } },
{ "type": "Feature", "properties": { "name": null, "status": "Destroyed", "building": "yes", "building_levels": null }, "geometry": { "type": "LineString", "coordinates": [ [ 85.366422, 28.252151 ], [ 85.366473, 28.252146 ], [ 85.366466, 28.25209 ], [ 85.366416, 28.252094 ], [ 85.366422, 28.252151 ] ] } },
{ "type": "Feature", "properties": { "name": null, "status": "Destroyed", "building": "yes", "building_levels": null }, "geometry": { "type": "LineString", "coordinates": [ [ 85.366366, 28.250614 ], [ 85.366431, 28.250586 ], [ 85.366396, 28.250524 ], [ 85.366331, 28.250553 ], [ 85.366366, 28.250614 ] ] } },
{ "type": "Feature", "properties": { "name": null, "status": "Destroyed", "building": "yes", "building_levels": null }, "geometry": { "type": "LineString", "coordinates": [ [ 85.366304, 28.253402 ], [ 85.366373, 28.253393 ], [ 85.366366, 28.253353 ], [ 85.366297, 28.253362 ], [ 85.366304, 28.253402 ] ] } },
{ "type": "Feature", "properties": { "name": null, "status": "Destroyed", "building": "yes", "building_levels": null }, "geometry": { "type": "LineString", "coordinates": [ [ 85.366617, 28.254314 ], [ 85.366687, 28.254311 ], [ 85.366682, 28.25423 ], [ 85.366613, 28.254233 ], [ 85.366617, 28.254314 ] ] } },
{ "type": "Feature", "properties": { "name": null, "status": "Destroyed", "building": "yes", "building_levels": null }, "geometry": { "type": "LineString", "coordinates": [ [ 85.364069, 28.252425 ], [ 85.364113, 28.252424 ], [ 85.36411, 28.252352 ], [ 85.364066, 28.252353 ], [ 85.364069, 28.252425 ] ] } },
{ "type": "Feature", "properties": { "name": null, "status": "Destroyed", "building": "yes", "building_levels": null }, "geometry": { "type": "LineString", "coordinates": [ [ 85.373705, 28.262979 ], [ 85.373708, 28.263033 ], [ 85.373764, 28.26303 ], [ 85.373761, 28.262976 ], [ 85.373705, 28.262979 ] ] } },
{ "type": "Feature", "properties": { "name": null, "status": "Destroyed", "building": "yes", "building_levels": null }, "geometry": { "type": "LineString", "coordinates": [ [ 85.36759, 28.257981 ], [ 85.367679, 28.257944 ], [ 85.367645, 28.257881 ], [ 85.367557, 28.257918 ], [ 85.36759, 28.257981 ] ] } },
{ "type": "Feature", "properties": { "name": null, "status": "Destroyed", "building": "yes", "building_levels": null }, "geometry": { "type": "LineString", "coordinates": [ [ 85.367312, 28.257153 ], [ 85.367331, 28.257149 ], [ 85.367311, 28.257069 ], [ 85.367291, 28.257073 ], [ 85.367312, 28.257153 ] ] } },
{ "type": "Feature", "properties": { "name": null, "status": "Damaged", "building": "yes", "building_levels": null }, "geometry": { "type": "LineString", "coordinates": [ [ 85.366611, 28.254576 ], [ 85.366668, 28.254575 ], [ 85.366667, 28.254511 ], [ 85.366648, 28.254511 ], [ 85.366647, 28.254467 ], [ 85.366609, 28.254468 ], [ 85.366611, 28.254576 ] ] } },
{ "type": "Feature", "properties": { "name": null, "status": "Damaged", "building": "yes", "building_levels": null }, "geometry": { "type": "LineString", "coordinates": [ [ 85.366707, 28.25348 ], [ 85.366785, 28.253483 ], [ 85.366791, 28.253335 ], [ 85.366714, 28.253333 ], [ 85.366707, 28.25348 ] ] } },
{ "type": "Feature", "properties": { "name": null, "status": "Destroyed", "building": "yes", "building_levels": null }, "geometry": { "type": "LineString", "coordinates": [ [ 85.358992, 28.23725 ], [ 85.359021, 28.237281 ], [ 85.359048, 28.237262 ], [ 85.359019, 28.237231 ], [ 85.358992, 28.23725 ] ] } },
{ "type": "Feature", "properties": { "name": null, "status": "Destroyed", "building": "house", "building_levels": null }, "geometry": { "type": "LineString", "coordinates": [ [ 85.357469, 28.238926 ], [ 85.357559, 28.238958 ], [ 85.357584, 28.238904 ], [ 85.357495, 28.238871 ], [ 85.357469, 28.238926 ] ] } },
{ "type": "Feature", "properties": { "name": null, "status": "Destroyed", "building": "yes", "building_levels": null }, "geometry": { "type": "LineString", "coordinates": [ [ 85.378801, 28.279781 ], [ 85.378824, 28.2798 ], [ 85.378848, 28.279777 ], [ 85.378826, 28.279758 ], [ 85.378801, 28.279781 ] ] } },
{ "type": "Feature", "properties": { "name": null, "status": "Destroyed", "building": "yes", "building_levels": null }, "geometry": { "type": "LineString", "coordinates": [ [ 85.336856, 28.163783 ], [ 85.336887, 28.163781 ], [ 85.336888, 28.163792 ], [ 85.33696, 28.163787 ], [ 85.33695, 28.163685 ], [ 85.336847, 28.163693 ], [ 85.336856, 28.163783 ] ] } },
{ "type": "Feature", "properties": { "name": null, "status": "Destroyed", "building": "yes", "building_levels": null }, "geometry": { "type": "LineString", "coordinates": [ [ 85.343594, 28.164209 ], [ 85.343615, 28.164231 ], [ 85.343664, 28.164195 ], [ 85.343643, 28.164173 ], [ 85.343594, 28.164209 ] ] } },
{ "type": "Feature", "properties": { "name": null, "status": "Destroyed", "building": "yes", "building_levels": null }, "geometry": { "type": "LineString", "coordinates": [ [ 85.341513, 28.165323 ], [ 85.341702, 28.165439 ], [ 85.341757, 28.165369 ], [ 85.341568, 28.165253 ], [ 85.341513, 28.165323 ] ] } },
{ "type": "Feature", "properties": { "name": null, "status": "Destroyed", "building": "yes", "building_levels": null }, "geometry": { "type": "LineString", "coordinates": [ [ 85.342399, 28.164393 ], [ 85.342438, 28.164356 ], [ 85.342396, 28.164321 ], [ 85.342356, 28.164359 ], [ 85.342399, 28.164393 ] ] } },
{ "type": "Feature", "properties": { "name": "Rasuwagadhi Hydropower Dam", "status": "Destroyed", "building": "industrial", "building_levels": null }, "geometry": { "type": "LineString", "coordinates": [ [ 85.376962, 28.27406 ], [ 85.377129, 28.274082 ], [ 85.377146, 28.273979 ], [ 85.377275, 28.273229 ], [ 85.377108, 28.273207 ], [ 85.376962, 28.27406 ] ] } },
{ "type": "Feature", "properties": { "name": null, "status": "Destroyed", "building": "yes", "building_levels": null }, "geometry": { "type": "LineString", "coordinates": [ [ 85.108247, 27.85963 ], [ 85.108283, 27.859657 ], [ 85.108347, 27.859592 ], [ 85.108311, 27.859565 ], [ 85.108247, 27.85963 ] ] } },
{ "type": "Feature", "properties": { "name": null, "status": "Destroyed", "building": "yes", "building_levels": null }, "geometry": { "type": "LineString", "coordinates": [ [ 85.10911, 27.860669 ], [ 85.10917, 27.860626 ], [ 85.109111, 27.860562 ], [ 85.109051, 27.860605 ], [ 85.10911, 27.860669 ] ] } },
{ "type": "Feature", "properties": { "name": null, "status": "Destroyed", "building": "yes", "building_levels": null }, "geometry": { "type": "LineString", "coordinates": [ [ 85.108764, 27.859894 ], [ 85.108849, 27.859851 ], [ 85.108805, 27.859785 ], [ 85.108721, 27.859828 ], [ 85.108764, 27.859894 ] ] } },
{ "type": "Feature", "properties": { "name": null, "status": "Destroyed", "building": "yes", "building_levels": null }, "geometry": { "type": "LineString", "coordinates": [ [ 85.10929, 27.860977 ], [ 85.10941, 27.860815 ], [ 85.109349, 27.86078 ], [ 85.109229, 27.860942 ], [ 85.10929, 27.860977 ] ] } },
{ "type": "Feature", "properties": { "name": null, "status": "Destroyed", "building": "yes", "building_levels": null }, "geometry": { "type": "LineString", "coordinates": [ [ 85.11342, 27.865266 ], [ 85.113469, 27.865242 ], [ 85.113437, 27.865189 ], [ 85.113388, 27.865212 ], [ 85.11342, 27.865266 ] ] } },
{ "type": "Feature", "properties": { "name": null, "status": "Destroyed", "building": "yes", "building_levels": null }, "geometry": { "type": "LineString", "coordinates": [ [ 85.07136, 27.854667 ], [ 85.071416, 27.854641 ], [ 85.071389, 27.854596 ], [ 85.071334, 27.854622 ], [ 85.07136, 27.854667 ] ] } },
{ "type": "Feature", "properties": { "name": null, "status": "Destroyed", "building": "yes", "building_levels": null }, "geometry": { "type": "LineString", "coordinates": [ [ 85.184793, 27.970804 ], [ 85.184879, 27.970788 ], [ 85.184845, 27.970637 ], [ 85.184758, 27.970652 ], [ 85.184793, 27.970804 ] ] } },
{ "type": "Feature", "properties": { "name": null, "status": "Destroyed", "building": "yes", "building_levels": null }, "geometry": { "type": "LineString", "coordinates": [ [ 85.184646, 27.970903 ], [ 85.184721, 27.970873 ], [ 85.184657, 27.97075 ], [ 85.184521, 27.970805 ], [ 85.184549, 27.970858 ], [ 85.184578, 27.970846 ], [ 85.184592, 27.970873 ], [ 85.184624, 27.970861 ], [ 85.184646, 27.970903 ] ] } },
{ "type": "Feature", "properties": { "name": null, "status": "Destroyed", "building": "yes", "building_levels": null }, "geometry": { "type": "LineString", "coordinates": [ [ 85.183914, 27.97454 ], [ 85.183886, 27.97456 ], [ 85.183916, 27.974594 ], [ 85.183945, 27.974574 ], [ 85.183914, 27.97454 ] ] } },
{ "type": "Feature", "properties": { "name": null, "status": "Destroyed", "building": "yes", "building_levels": null }, "geometry": { "type": "LineString", "coordinates": [ [ 85.184561, 27.974561 ], [ 85.184578, 27.974528 ], [ 85.184525, 27.974506 ], [ 85.184507, 27.974539 ], [ 85.184561, 27.974561 ] ] } },
{ "type": "Feature", "properties": { "name": null, "status": "Destroyed", "building": "yes", "building_levels": null }, "geometry": { "type": "LineString", "coordinates": [ [ 85.171652, 27.962376 ], [ 85.171625, 27.962339 ], [ 85.171715, 27.962289 ], [ 85.171742, 27.962326 ], [ 85.171652, 27.962376 ] ] } },
{ "type": "Feature", "properties": { "name": null, "status": "Destroyed", "building": "yes", "building_levels": null }, "geometry": { "type": "LineString", "coordinates": [ [ 85.184389, 27.970838 ], [ 85.18452, 27.971027 ], [ 85.184662, 27.970951 ], [ 85.184631, 27.970906 ], [ 85.184536, 27.970958 ], [ 85.184436, 27.970813 ], [ 85.184389, 27.970838 ] ] } },
{ "type": "Feature", "properties": { "name": null, "status": "Destroyed", "building": "yes", "building_levels": null }, "geometry": { "type": "LineString", "coordinates": [ [ 85.172605, 27.965152 ], [ 85.172683, 27.965175 ], [ 85.172746, 27.965002 ], [ 85.172668, 27.96498 ], [ 85.172605, 27.965152 ] ] } },
{ "type": "Feature", "properties": { "name": null, "status": "Destroyed", "building": "yes", "building_levels": null }, "geometry": { "type": "LineString", "coordinates": [ [ 85.182464, 27.969237 ], [ 85.182622, 27.96931 ], [ 85.182656, 27.969252 ], [ 85.182499, 27.969179 ], [ 85.182464, 27.969237 ] ] } },
{ "type": "Feature", "properties": { "name": null, "status": "Destroyed", "building": "yes", "building_levels": null }, "geometry": { "type": "LineString", "coordinates": [ [ 85.179793, 27.96845 ], [ 85.179747, 27.968475 ], [ 85.179707, 27.968419 ], [ 85.179734, 27.968404 ], [ 85.179748, 27.968423 ], [ 85.179766, 27.968413 ], [ 85.179793, 27.96845 ] ] } },
{ "type": "Feature", "properties": { "name": null, "status": "Destroyed", "building": "yes", "building_levels": null }, "geometry": { "type": "LineString", "coordinates": [ [ 85.184717, 27.970822 ], [ 85.18473, 27.970901 ], [ 85.184809, 27.970893 ], [ 85.184798, 27.970811 ], [ 85.184717, 27.970822 ] ] } },
{ "type": "Feature", "properties": { "name": null, "status": "Destroyed", "building": "yes", "building_levels": null }, "geometry": { "type": "LineString", "coordinates": [ [ 85.182761, 27.969265 ], [ 85.182811, 27.969286 ], [ 85.18287, 27.969173 ], [ 85.182821, 27.969153 ], [ 85.182761, 27.969265 ] ] } },
{ "type": "Feature", "properties": { "name": null, "status": "Destroyed", "building": "yes", "building_levels": null }, "geometry": { "type": "LineString", "coordinates": [ [ 85.17217, 27.965828 ], [ 85.171942, 27.965655 ], [ 85.172011, 27.965583 ], [ 85.172239, 27.965756 ], [ 85.17217, 27.965828 ] ] } },
{ "type": "Feature", "properties": { "name": null, "status": "Destroyed", "building": "yes", "building_levels": null }, "geometry": { "type": "LineString", "coordinates": [ [ 85.172869, 27.962982 ], [ 85.172818, 27.962915 ], [ 85.172783, 27.962936 ], [ 85.172834, 27.963003 ], [ 85.172869, 27.962982 ] ] } },
{ "type": "Feature", "properties": { "name": null, "status": "Destroyed", "building": "yes", "building_levels": null }, "geometry": { "type": "LineString", "coordinates": [ [ 85.176975, 27.969129 ], [ 85.177018, 27.969128 ], [ 85.177018, 27.969096 ], [ 85.176965, 27.969096 ], [ 85.176965, 27.969115 ], [ 85.176975, 27.969115 ], [ 85.176975, 27.969129 ] ] } },
{ "type": "Feature", "properties": { "name": null, "status": "Destroyed", "building": "yes", "building_levels": null }, "geometry": { "type": "LineString", "coordinates": [ [ 85.180155, 27.968194 ], [ 85.180075, 27.968231 ], [ 85.18009, 27.968256 ], [ 85.180169, 27.96822 ], [ 85.180155, 27.968194 ] ] } },
{ "type": "Feature", "properties": { "name": null, "status": "Destroyed", "building": "yes", "building_levels": null }, "geometry": { "type": "LineString", "coordinates": [ [ 85.180922, 27.974201 ], [ 85.181117, 27.974132 ], [ 85.181078, 27.974047 ], [ 85.180883, 27.974116 ], [ 85.180922, 27.974201 ] ] } },
{ "type": "Feature", "properties": { "name": null, "status": "Destroyed", "building": "yes", "building_levels": null }, "geometry": { "type": "LineString", "coordinates": [ [ 85.155581, 27.938448 ], [ 85.155625, 27.938403 ], [ 85.15572, 27.938477 ], [ 85.155676, 27.938521 ], [ 85.155581, 27.938448 ] ] } },
{ "type": "Feature", "properties": { "name": null, "status": "Destroyed", "building": "yes", "building_levels": null }, "geometry": { "type": "LineString", "coordinates": [ [ 85.149545, 27.924302 ], [ 85.149743, 27.924283 ], [ 85.149735, 27.924226 ], [ 85.149537, 27.924245 ], [ 85.149545, 27.924302 ] ] } },
{ "type": "Feature", "properties": { "name": null, "status": "Destroyed", "building": "yes", "building_levels": null }, "geometry": { "type": "LineString", "coordinates": [ [ 85.152103, 27.935248 ], [ 85.15211, 27.935262 ], [ 85.152142, 27.93525 ], [ 85.152126, 27.935218 ], [ 85.152091, 27.935231 ], [ 85.1521, 27.935249 ], [ 85.152103, 27.935248 ] ] } },
{ "type": "Feature", "properties": { "name": null, "status": "Destroyed", "building": "yes", "building_levels": null }, "geometry": { "type": "LineString", "coordinates": [ [ 85.148642, 27.933777 ], [ 85.148717, 27.93381 ], [ 85.148746, 27.933758 ], [ 85.148671, 27.933724 ], [ 85.148642, 27.933777 ] ] } },
{ "type": "Feature", "properties": { "name": null, "status": "Destroyed", "building": "yes", "building_levels": null }, "geometry": { "type": "LineString", "coordinates": [ [ 85.156265, 27.938718 ], [ 85.156328, 27.93877 ], [ 85.156361, 27.938738 ], [ 85.156298, 27.938687 ], [ 85.156265, 27.938718 ] ] } },
{ "type": "Feature", "properties": { "name": null, "status": "Destroyed", "building": "yes", "building_levels": null }, "geometry": { "type": "LineString", "coordinates": [ [ 85.160022, 27.946215 ], [ 85.160068, 27.946287 ], [ 85.160124, 27.946258 ], [ 85.160077, 27.946187 ], [ 85.160022, 27.946215 ] ] } },
{ "type": "Feature", "properties": { "name": null, "status": "Destroyed", "building": "yes", "building_levels": null }, "geometry": { "type": "LineString", "coordinates": [ [ 85.155512, 27.938457 ], [ 85.155547, 27.93842 ], [ 85.155516, 27.938397 ], [ 85.155481, 27.938434 ], [ 85.155512, 27.938457 ] ] } },
{ "type": "Feature", "properties": { "name": null, "status": "Destroyed", "building": "yes", "building_levels": null }, "geometry": { "type": "LineString", "coordinates": [ [ 85.157229, 27.94087 ], [ 85.157327, 27.940923 ], [ 85.157372, 27.940859 ], [ 85.157275, 27.940805 ], [ 85.157229, 27.94087 ] ] } },
{ "type": "Feature", "properties": { "name": null, "status": "Destroyed", "building": "yes", "building_levels": null }, "geometry": { "type": "LineString", "coordinates": [ [ 85.161023, 27.946458 ], [ 85.161116, 27.946421 ], [ 85.161092, 27.946374 ], [ 85.160999, 27.946411 ], [ 85.161023, 27.946458 ] ] } },
{ "type": "Feature", "properties": { "name": null, "status": "Destroyed", "building": "yes", "building_levels": null }, "geometry": { "type": "LineString", "coordinates": [ [ 85.147514, 27.929254 ], [ 85.147616, 27.929266 ], [ 85.147601, 27.929358 ], [ 85.147559, 27.929353 ], [ 85.1475, 27.929346 ], [ 85.147514, 27.929254 ] ] } },
{ "type": "Feature", "properties": { "name": null, "status": "Destroyed", "building": "yes", "building_levels": null }, "geometry": { "type": "LineString", "coordinates": [ [ 85.149725, 27.926544 ], [ 85.149734, 27.926317 ], [ 85.149588, 27.926312 ], [ 85.149587, 27.926331 ], [ 85.149457, 27.926327 ], [ 85.149451, 27.926472 ], [ 85.149588, 27.926477 ], [ 85.149592, 27.926382 ], [ 85.149615, 27.926382 ], [ 85.149608, 27.926541 ], [ 85.149725, 27.926544 ] ] } },
{ "type": "Feature", "properties": { "name": null, "status": "Destroyed", "building": "yes", "building_levels": null }, "geometry": { "type": "LineString", "coordinates": [ [ 85.14861, 27.928134 ], [ 85.148648, 27.928091 ], [ 85.148697, 27.928125 ], [ 85.148659, 27.928168 ], [ 85.14861, 27.928134 ] ] } },
{ "type": "Feature", "properties": { "name": null, "status": "Destroyed", "building": "yes", "building_levels": null }, "geometry": { "type": "LineString", "coordinates": [ [ 85.148461, 27.930114 ], [ 85.148502, 27.930088 ], [ 85.14855, 27.930147 ], [ 85.148509, 27.930173 ], [ 85.148461, 27.930114 ] ] } },
{ "type": "Feature", "properties": { "name": null, "status": "Destroyed", "building": "yes", "building_levels": null }, "geometry": { "type": "LineString", "coordinates": [ [ 85.152149, 27.930814 ], [ 85.152383, 27.93081 ], [ 85.152382, 27.930743 ], [ 85.152148, 27.930746 ], [ 85.152149, 27.930814 ] ] } },
{ "type": "Feature", "properties": { "name": null, "status": "Destroyed", "building": "yes", "building_levels": null }, "geometry": { "type": "LineString", "coordinates": [ [ 85.163321, 27.955032 ], [ 85.163375, 27.955049 ], [ 85.163393, 27.955003 ], [ 85.163339, 27.954986 ], [ 85.163321, 27.955032 ] ] } },
{ "type": "Feature", "properties": { "name": null, "status": "Destroyed", "building": "yes", "building_levels": null }, "geometry": { "type": "LineString", "coordinates": [ [ 85.148925, 27.925325 ], [ 85.148941, 27.925369 ], [ 85.148986, 27.925355 ], [ 85.14897, 27.925312 ], [ 85.148925, 27.925325 ] ] } },
{ "type": "Feature", "properties": { "name": null, "status": "Destroyed", "building": "yes", "building_levels": null }, "geometry": { "type": "LineString", "coordinates": [ [ 85.097448, 27.858526 ], [ 85.097476, 27.858584 ], [ 85.097691, 27.858504 ], [ 85.097703, 27.858529 ], [ 85.097754, 27.85851 ], [ 85.097715, 27.858427 ], [ 85.097448, 27.858526 ] ] } },
{ "type": "Feature", "properties": { "name": "Syafru bensi", "status": "Destroyed", "building": "hotel", "building_levels": null }, "geometry": { "type": "LineString", "coordinates": [ [ 85.338343, 28.163849 ], [ 85.338391, 28.163886 ], [ 85.338579, 28.163694 ], [ 85.338531, 28.163658 ], [ 85.338343, 28.163849 ] ] } },
{ "type": "Feature", "properties": { "name": null, "status": "Destroyed", "building": "yes", "building_levels": null }, "geometry": { "type": "LineString", "coordinates": [ [ 85.172402, 27.964304 ], [ 85.172394, 27.964314 ], [ 85.172339, 27.964284 ], [ 85.172269, 27.964246 ], [ 85.172221, 27.964315 ], [ 85.172291, 27.964353 ], [ 85.17231, 27.964326 ], [ 85.172308, 27.96433 ], [ 85.172364, 27.96436 ], [ 85.172349, 27.96438 ], [ 85.172427, 27.964423 ], [ 85.17248, 27.964347 ], [ 85.172402, 27.964304 ] ] } },
{ "type": "Feature", "properties": { "name": null, "status": "Destroyed", "building": "yes", "building_levels": null }, "geometry": { "type": "LineString", "coordinates": [ [ 85.172277, 27.965121 ], [ 85.172261, 27.965173 ], [ 85.172331, 27.96519 ], [ 85.172347, 27.965137 ], [ 85.172277, 27.965121 ] ] } },
{ "type": "Feature", "properties": { "name": null, "status": "Destroyed", "building": "yes", "building_levels": null }, "geometry": { "type": "LineString", "coordinates": [ [ 85.156546, 27.939334 ], [ 85.156574, 27.939369 ], [ 85.156615, 27.939342 ], [ 85.156587, 27.939308 ], [ 85.156546, 27.939334 ] ] } },
{ "type": "Feature", "properties": { "name": null, "status": "Destroyed", "building": "yes", "building_levels": null }, "geometry": { "type": "LineString", "coordinates": [ [ 85.149846, 27.934188 ], [ 85.150093, 27.934312 ], [ 85.15012, 27.934271 ], [ 85.149873, 27.934146 ], [ 85.149846, 27.934188 ] ] } },
{ "type": "Feature", "properties": { "name": null, "status": "Destroyed", "building": "yes", "building_levels": null }, "geometry": { "type": "LineString", "coordinates": [ [ 85.149458, 27.932958 ], [ 85.149522, 27.932993 ], [ 85.149547, 27.932957 ], [ 85.149483, 27.932922 ], [ 85.149458, 27.932958 ] ] } },
{ "type": "Feature", "properties": { "name": null, "status": "Destroyed", "building": "yes", "building_levels": null }, "geometry": { "type": "LineString", "coordinates": [ [ 85.366559, 28.251182 ], [ 85.366564, 28.251183 ], [ 85.36657, 28.251149 ], [ 85.366523, 28.251143 ], [ 85.366518, 28.251177 ], [ 85.366542, 28.25118 ], [ 85.366539, 28.251202 ], [ 85.366556, 28.251204 ], [ 85.366559, 28.251182 ] ] } },
{ "type": "Feature", "properties": { "name": null, "status": "Destroyed", "building": "yes", "building_levels": null }, "geometry": { "type": "LineString", "coordinates": [ [ 85.376086, 28.26549 ], [ 85.376109, 28.265526 ], [ 85.376148, 28.265507 ], [ 85.376159, 28.265525 ], [ 85.376227, 28.265493 ], [ 85.376193, 28.265438 ], [ 85.376086, 28.26549 ] ] } },
{ "type": "Feature", "properties": { "name": null, "status": "Destroyed", "building": "yes", "building_levels": null }, "geometry": { "type": "LineString", "coordinates": [ [ 85.376987, 28.267583 ], [ 85.377038, 28.267559 ], [ 85.376964, 28.267438 ], [ 85.376914, 28.267461 ], [ 85.376987, 28.267583 ] ] } },
{ "type": "Feature", "properties": { "name": null, "status": "Destroyed", "building": "yes", "building_levels": null }, "geometry": { "type": "LineString", "coordinates": [ [ 85.373442, 28.26314 ], [ 85.373474, 28.263237 ], [ 85.373561, 28.263215 ], [ 85.373529, 28.263118 ], [ 85.373442, 28.26314 ] ] } },
{ "type": "Feature", "properties": { "name": null, "status": "Destroyed", "building": "house", "building_levels": null }, "geometry": { "type": "LineString", "coordinates": [ [ 85.179355, 27.967854 ], [ 85.179424, 27.967803 ], [ 85.179367, 27.967744 ], [ 85.179299, 27.967794 ], [ 85.179355, 27.967854 ] ] } },
{ "type": "Feature", "properties": { "name": null, "status": "Destroyed", "building": "yes", "building_levels": null }, "geometry": { "type": "LineString", "coordinates": [ [ 85.18539, 27.970926 ], [ 85.185376, 27.970877 ], [ 85.185477, 27.970854 ], [ 85.185492, 27.970903 ], [ 85.18539, 27.970926 ] ] } },
{ "type": "Feature", "properties": { "name": null, "status": "Destroyed", "building": "yes", "building_levels": null }, "geometry": { "type": "LineString", "coordinates": [ [ 85.149481, 27.926276 ], [ 85.149465, 27.92617 ], [ 85.149575, 27.926157 ], [ 85.14959, 27.926264 ], [ 85.149481, 27.926276 ] ] } },
{ "type": "Feature", "properties": { "name": null, "status": "Destroyed", "building": "yes", "building_levels": null }, "geometry": { "type": "LineString", "coordinates": [ [ 85.337849, 28.163781 ], [ 85.337901, 28.163812 ], [ 85.337963, 28.163731 ], [ 85.33791, 28.1637 ], [ 85.337849, 28.163781 ] ] } },
{ "type": "Feature", "properties": { "name": null, "status": "Destroyed", "building": "yes", "building_levels": null }, "geometry": { "type": "LineString", "coordinates": [ [ 85.33696, 28.162653 ], [ 85.336938, 28.162552 ], [ 85.336846, 28.162568 ], [ 85.336868, 28.162668 ], [ 85.33696, 28.162653 ] ] } },
{ "type": "Feature", "properties": { "name": null, "status": "Destroyed", "building": "yes", "building_levels": null }, "geometry": { "type": "LineString", "coordinates": [ [ 85.377908, 28.27244 ], [ 85.377962, 28.27244 ], [ 85.377961, 28.272338 ], [ 85.377907, 28.272338 ], [ 85.377908, 28.27244 ] ] } },
{ "type": "Feature", "properties": { "name": null, "status": "Destroyed", "building": "yes", "building_levels": null }, "geometry": { "type": "LineString", "coordinates": [ [ 85.184207, 27.973821 ], [ 85.184206, 27.973844 ], [ 85.184246, 27.973846 ], [ 85.184248, 27.973824 ], [ 85.184207, 27.973821 ] ] } },
{ "type": "Feature", "properties": { "name": null, "status": "Destroyed", "building": "house", "building_levels": null }, "geometry": { "type": "LineString", "coordinates": [ [ 85.357559, 28.239057 ], [ 85.357648, 28.23907 ], [ 85.357664, 28.238984 ], [ 85.357576, 28.238971 ], [ 85.357559, 28.239057 ] ] } },
{ "type": "Feature", "properties": { "name": null, "status": "Destroyed", "building": "yes", "building_levels": null }, "geometry": { "type": "LineString", "coordinates": [ [ 85.336274, 28.162006 ], [ 85.336331, 28.16207 ], [ 85.336373, 28.162041 ], [ 85.336316, 28.161977 ], [ 85.336274, 28.162006 ] ] } },
{ "type": "Feature", "properties": { "name": null, "status": "Destroyed", "building": "yes", "building_levels": null }, "geometry": { "type": "LineString", "coordinates": [ [ 85.358874, 28.237419 ], [ 85.358924, 28.237366 ], [ 85.358901, 28.237349 ], [ 85.358851, 28.237401 ], [ 85.358874, 28.237419 ] ] } },
{ "type": "Feature", "properties": { "name": null, "status": "Destroyed", "building": "yes", "building_levels": null }, "geometry": { "type": "LineString", "coordinates": [ [ 85.376057, 28.26542 ], [ 85.376094, 28.265471 ], [ 85.37615, 28.26544 ], [ 85.376113, 28.265389 ], [ 85.376057, 28.26542 ] ] } },
{ "type": "Feature", "properties": { "name": null, "status": "Destroyed", "building": "yes", "building_levels": null }, "geometry": { "type": "LineString", "coordinates": [ [ 85.373858, 28.264039 ], [ 85.373783, 28.264157 ], [ 85.373851, 28.264191 ], [ 85.373926, 28.264073 ], [ 85.373858, 28.264039 ] ] } },
{ "type": "Feature", "properties": { "name": null, "status": "Destroyed", "building": "yes", "building_levels": null }, "geometry": { "type": "LineString", "coordinates": [ [ 85.366623, 28.255643 ], [ 85.366694, 28.255644 ], [ 85.366695, 28.255588 ], [ 85.366623, 28.255587 ], [ 85.366623, 28.255643 ] ] } },
{ "type": "Feature", "properties": { "name": null, "status": "Destroyed", "building": "yes", "building_levels": null }, "geometry": { "type": "LineString", "coordinates": [ [ 85.156384, 27.93904 ], [ 85.15643, 27.938993 ], [ 85.156491, 27.939039 ], [ 85.156445, 27.939086 ], [ 85.156384, 27.93904 ] ] } },
{ "type": "Feature", "properties": { "name": null, "status": "Destroyed", "building": "yes", "building_levels": null }, "geometry": { "type": "LineString", "coordinates": [ [ 85.336663, 28.163675 ], [ 85.33663, 28.163675 ], [ 85.33663, 28.163729 ], [ 85.336691, 28.163729 ], [ 85.336691, 28.163696 ], [ 85.336663, 28.163696 ], [ 85.336663, 28.163675 ] ] } },
{ "type": "Feature", "properties": { "name": null, "status": "Destroyed", "building": "yes", "building_levels": null }, "geometry": { "type": "LineString", "coordinates": [ [ 85.337938, 28.164075 ], [ 85.338056, 28.163993 ], [ 85.337999, 28.16393 ], [ 85.337881, 28.164013 ], [ 85.337938, 28.164075 ] ] } },
{ "type": "Feature", "properties": { "name": null, "status": "Destroyed", "building": "yes", "building_levels": null }, "geometry": { "type": "LineString", "coordinates": [ [ 85.184929, 27.970436 ], [ 85.184941, 27.970495 ], [ 85.184998, 27.970486 ], [ 85.184987, 27.970427 ], [ 85.184929, 27.970436 ] ] } },
{ "type": "Feature", "properties": { "name": null, "status": "Destroyed", "building": "yes", "building_levels": null }, "geometry": { "type": "LineString", "coordinates": [ [ 85.183485, 27.971456 ], [ 85.183429, 27.97139 ], [ 85.183376, 27.971426 ], [ 85.183431, 27.971491 ], [ 85.183485, 27.971456 ] ] } },
{ "type": "Feature", "properties": { "name": null, "status": "Destroyed", "building": "yes", "building_levels": null }, "geometry": { "type": "LineString", "coordinates": [ [ 85.172402, 27.964729 ], [ 85.172438, 27.964743 ], [ 85.17248, 27.964658 ], [ 85.172445, 27.964644 ], [ 85.172402, 27.964729 ] ] } },
{ "type": "Feature", "properties": { "name": null, "status": "Destroyed", "building": "yes", "building_levels": null }, "geometry": { "type": "LineString", "coordinates": [ [ 85.183215, 27.96981 ], [ 85.183228, 27.969696 ], [ 85.183315, 27.969704 ], [ 85.183301, 27.969818 ], [ 85.183215, 27.96981 ] ] } },
{ "type": "Feature", "properties": { "name": null, "status": "Destroyed", "building": "yes", "building_levels": null }, "geometry": { "type": "LineString", "coordinates": [ [ 85.169549, 27.960017 ], [ 85.169578, 27.960016 ], [ 85.169576, 27.959967 ], [ 85.169548, 27.959968 ], [ 85.169549, 27.960017 ] ] } },
{ "type": "Feature", "properties": { "name": null, "status": "Destroyed", "building": "yes", "building_levels": null }, "geometry": { "type": "LineString", "coordinates": [ [ 85.147879, 27.929084 ], [ 85.147919, 27.929084 ], [ 85.147919, 27.928958 ], [ 85.147878, 27.928958 ], [ 85.147879, 27.929084 ] ] } },
{ "type": "Feature", "properties": { "name": null, "status": "Destroyed", "building": "yes", "building_levels": null }, "geometry": { "type": "LineString", "coordinates": [ [ 85.342905, 28.164561 ], [ 85.342944, 28.164616 ], [ 85.343048, 28.164558 ], [ 85.343008, 28.164503 ], [ 85.342905, 28.164561 ] ] } },
{ "type": "Feature", "properties": { "name": null, "status": "Destroyed", "building": "yes", "building_levels": null }, "geometry": { "type": "LineString", "coordinates": [ [ 85.340433, 28.16474 ], [ 85.340741, 28.164792 ], [ 85.340753, 28.164737 ], [ 85.340445, 28.164685 ], [ 85.340433, 28.16474 ] ] } },
{ "type": "Feature", "properties": { "name": null, "status": "Destroyed", "building": "yes", "building_levels": null }, "geometry": { "type": "LineString", "coordinates": [ [ 85.376162, 28.26516 ], [ 85.376214, 28.265146 ], [ 85.376201, 28.265108 ], [ 85.376149, 28.265122 ], [ 85.376162, 28.26516 ] ] } },
{ "type": "Feature", "properties": { "name": null, "status": "Destroyed", "building": "yes", "building_levels": null }, "geometry": { "type": "LineString", "coordinates": [ [ 85.366619, 28.253628 ], [ 85.36668, 28.253628 ], [ 85.366681, 28.253594 ], [ 85.366619, 28.253594 ], [ 85.366619, 28.253628 ] ] } },
{ "type": "Feature", "properties": { "name": null, "status": "Destroyed", "building": "yes", "building_levels": null }, "geometry": { "type": "LineString", "coordinates": [ [ 85.377354, 28.277115 ], [ 85.377477, 28.27713 ], [ 85.377515, 28.276887 ], [ 85.377392, 28.276872 ], [ 85.377354, 28.277115 ] ] } },
{ "type": "Feature", "properties": { "name": null, "status": "Destroyed", "building": "yes", "building_levels": null }, "geometry": { "type": "LineString", "coordinates": [ [ 85.110868, 27.861819 ], [ 85.110989, 27.861758 ], [ 85.110928, 27.861663 ], [ 85.110807, 27.861725 ], [ 85.110868, 27.861819 ] ] } },
{ "type": "Feature", "properties": { "name": null, "status": "Destroyed", "building": "yes", "building_levels": null }, "geometry": { "type": "LineString", "coordinates": [ [ 85.179052, 27.96734 ], [ 85.179111, 27.967375 ], [ 85.179184, 27.967281 ], [ 85.179125, 27.967245 ], [ 85.179052, 27.96734 ] ] } },
{ "type": "Feature", "properties": { "name": null, "status": "Destroyed", "building": "yes", "building_levels": null }, "geometry": { "type": "LineString", "coordinates": [ [ 85.150824, 27.924018 ], [ 85.150813, 27.923933 ], [ 85.150756, 27.923939 ], [ 85.150767, 27.924023 ], [ 85.150824, 27.924018 ] ] } },
{ "type": "Feature", "properties": { "name": null, "status": "Destroyed", "building": "yes", "building_levels": null }, "geometry": { "type": "LineString", "coordinates": [ [ 85.147394, 27.930567 ], [ 85.147437, 27.930549 ], [ 85.147411, 27.930499 ], [ 85.147368, 27.930516 ], [ 85.147394, 27.930567 ] ] } },
{ "type": "Feature", "properties": { "name": null, "status": "Destroyed", "building": "yes", "building_levels": null }, "geometry": { "type": "LineString", "coordinates": [ [ 85.337249, 28.163147 ], [ 85.337332, 28.163229 ], [ 85.337405, 28.163171 ], [ 85.337322, 28.163089 ], [ 85.337249, 28.163147 ] ] } },
{ "type": "Feature", "properties": { "name": null, "status": "Destroyed", "building": "yes", "building_levels": null }, "geometry": { "type": "LineString", "coordinates": [ [ 85.33639, 28.162052 ], [ 85.33644, 28.162048 ], [ 85.336449, 28.16213 ], [ 85.33657, 28.16212 ], [ 85.336566, 28.162079 ], [ 85.336593, 28.162077 ], [ 85.336585, 28.162001 ], [ 85.336559, 28.162003 ], [ 85.336555, 28.161967 ], [ 85.336524, 28.16197 ], [ 85.336514, 28.161877 ], [ 85.336372, 28.161889 ], [ 85.33639, 28.162052 ] ] } },
{ "type": "Feature", "properties": { "name": null, "status": "Destroyed", "building": "yes", "building_levels": null }, "geometry": { "type": "LineString", "coordinates": [ [ 85.378256, 28.272463 ], [ 85.378325, 28.272446 ], [ 85.37826, 28.272252 ], [ 85.378192, 28.27227 ], [ 85.378256, 28.272463 ] ] } },
{ "type": "Feature", "properties": { "name": null, "status": "Destroyed", "building": "yes", "building_levels": null }, "geometry": { "type": "LineString", "coordinates": [ [ 85.378094, 28.271759 ], [ 85.378127, 28.271759 ], [ 85.378127, 28.27171 ], [ 85.378095, 28.271709 ], [ 85.378094, 28.271759 ] ] } },
{ "type": "Feature", "properties": { "name": null, "status": "Destroyed", "building": "yes", "building_levels": null }, "geometry": { "type": "LineString", "coordinates": [ [ 85.172272, 27.964194 ], [ 85.172294, 27.964138 ], [ 85.172365, 27.96416 ], [ 85.172343, 27.964215 ], [ 85.172272, 27.964194 ] ] } },
{ "type": "Feature", "properties": { "name": null, "status": "Destroyed", "building": "yes", "building_levels": null }, "geometry": { "type": "LineString", "coordinates": [ [ 85.183393, 27.96954 ], [ 85.183397, 27.969427 ], [ 85.183495, 27.96943 ], [ 85.183492, 27.969542 ], [ 85.183393, 27.96954 ] ] } },
{ "type": "Feature", "properties": { "name": null, "status": "Destroyed", "building": "yes", "building_levels": null }, "geometry": { "type": "LineString", "coordinates": [ [ 85.184937, 27.971571 ], [ 85.184969, 27.971674 ], [ 85.185111, 27.971639 ], [ 85.185079, 27.971537 ], [ 85.184937, 27.971571 ] ] } },
{ "type": "Feature", "properties": { "name": null, "status": "Destroyed", "building": "yes", "building_levels": null }, "geometry": { "type": "LineString", "coordinates": [ [ 85.37821, 28.280251 ], [ 85.378512, 28.28033 ], [ 85.378535, 28.280262 ], [ 85.378233, 28.280184 ], [ 85.37821, 28.280251 ] ] } },
{ "type": "Feature", "properties": { "name": null, "status": "Destroyed", "building": "yes", "building_levels": null }, "geometry": { "type": "LineString", "coordinates": [ [ 85.336585, 28.162633 ], [ 85.336669, 28.162607 ], [ 85.336642, 28.162547 ], [ 85.33656, 28.162578 ], [ 85.336585, 28.162633 ] ] } },
{ "type": "Feature", "properties": { "name": null, "status": "Destroyed", "building": "yes", "building_levels": null }, "geometry": { "type": "LineString", "coordinates": [ [ 85.33641, 28.160716 ], [ 85.336466, 28.160827 ], [ 85.336615, 28.160769 ], [ 85.336558, 28.160657 ], [ 85.33641, 28.160716 ] ] } },
{ "type": "Feature", "properties": { "name": null, "status": "Destroyed", "building": "yes", "building_levels": null }, "geometry": { "type": "LineString", "coordinates": [ [ 85.337281, 28.163351 ], [ 85.33734, 28.163395 ], [ 85.337381, 28.163353 ], [ 85.337321, 28.163309 ], [ 85.337281, 28.163351 ] ] } },
{ "type": "Feature", "properties": { "name": null, "status": "Destroyed", "building": "yes", "building_levels": null }, "geometry": { "type": "LineString", "coordinates": [ [ 85.337139, 28.162871 ], [ 85.337142, 28.162907 ], [ 85.337181, 28.162905 ], [ 85.337178, 28.162869 ], [ 85.337139, 28.162871 ] ] } },
{ "type": "Feature", "properties": { "name": null, "status": "Destroyed", "building": "yes", "building_levels": null }, "geometry": { "type": "LineString", "coordinates": [ [ 85.37855, 28.271075 ], [ 85.378659, 28.271033 ], [ 85.378598, 28.270907 ], [ 85.378488, 28.270949 ], [ 85.37855, 28.271075 ] ] } },
{ "type": "Feature", "properties": { "name": null, "status": "Destroyed", "building": "yes", "building_levels": null }, "geometry": { "type": "LineString", "coordinates": [ [ 85.376627, 28.270884 ], [ 85.376637, 28.270978 ], [ 85.376908, 28.270957 ], [ 85.376899, 28.270863 ], [ 85.376627, 28.270884 ] ] } },
{ "type": "Feature", "properties": { "name": null, "status": "Destroyed", "building": "yes", "building_levels": null }, "geometry": { "type": "LineString", "coordinates": [ [ 85.338086, 28.164605 ], [ 85.338176, 28.164643 ], [ 85.338215, 28.164571 ], [ 85.338125, 28.164533 ], [ 85.338086, 28.164605 ] ] } },
{ "type": "Feature", "properties": { "name": null, "status": "Destroyed", "building": "yes", "building_levels": null }, "geometry": { "type": "LineString", "coordinates": [ [ 85.3765, 28.26999 ], [ 85.376435, 28.269809 ], [ 85.376519, 28.269786 ], [ 85.376584, 28.269967 ], [ 85.3765, 28.26999 ] ] } },
{ "type": "Feature", "properties": { "name": null, "status": "Destroyed", "building": "yes", "building_levels": null }, "geometry": { "type": "LineString", "coordinates": [ [ 85.343654, 28.164082 ], [ 85.343684, 28.164053 ], [ 85.343652, 28.164027 ], [ 85.343621, 28.164056 ], [ 85.343654, 28.164082 ] ] } },
{ "type": "Feature", "properties": { "name": null, "status": "Destroyed", "building": "yes", "building_levels": null }, "geometry": { "type": "LineString", "coordinates": [ [ 85.342886, 28.164827 ], [ 85.342934, 28.164818 ], [ 85.342916, 28.164742 ], [ 85.342868, 28.164751 ], [ 85.342886, 28.164827 ] ] } },
{ "type": "Feature", "properties": { "name": null, "status": "Destroyed", "building": "yes", "building_levels": null }, "geometry": { "type": "LineString", "coordinates": [ [ 85.358497, 28.24127 ], [ 85.358665, 28.241255 ], [ 85.35866, 28.24121 ], [ 85.358492, 28.241226 ], [ 85.358497, 28.24127 ] ] } },
{ "type": "Feature", "properties": { "name": null, "status": "Destroyed", "building": "yes", "building_levels": null }, "geometry": { "type": "LineString", "coordinates": [ [ 85.358646, 28.242127 ], [ 85.358803, 28.242117 ], [ 85.358798, 28.242051 ], [ 85.35864, 28.242061 ], [ 85.358646, 28.242127 ] ] } },
{ "type": "Feature", "properties": { "name": null, "status": "Destroyed", "building": "yes", "building_levels": null }, "geometry": { "type": "LineString", "coordinates": [ [ 85.358491, 28.242273 ], [ 85.358567, 28.242274 ], [ 85.35857, 28.242006 ], [ 85.358495, 28.242005 ], [ 85.358491, 28.242273 ] ] } },
{ "type": "Feature", "properties": { "name": null, "status": "Destroyed", "building": "yes", "building_levels": null }, "geometry": { "type": "LineString", "coordinates": [ [ 85.358923, 28.237604 ], [ 85.358952, 28.237628 ], [ 85.358997, 28.237585 ], [ 85.358967, 28.237561 ], [ 85.358923, 28.237604 ] ] } },
{ "type": "Feature", "properties": { "name": null, "status": "Destroyed", "building": "yes", "building_levels": null }, "geometry": { "type": "LineString", "coordinates": [ [ 85.336203, 28.161951 ], [ 85.336263, 28.162004 ], [ 85.336291, 28.16198 ], [ 85.336231, 28.161926 ], [ 85.336203, 28.161951 ] ] } },
{ "type": "Feature", "properties": { "name": null, "status": "Destroyed", "building": "yes", "building_levels": null }, "geometry": { "type": "LineString", "coordinates": [ [ 85.364441, 28.252712 ], [ 85.364445, 28.25275 ], [ 85.364701, 28.252726 ], [ 85.364705, 28.252762 ], [ 85.36444, 28.252787 ], [ 85.364446, 28.252834 ], [ 85.364771, 28.252804 ], [ 85.364756, 28.252682 ], [ 85.364441, 28.252712 ] ] } },
{ "type": "Feature", "properties": { "name": null, "status": "Destroyed", "building": "apartments", "building_levels": null }, "geometry": { "type": "LineString", "coordinates": [ [ 85.366094, 28.251708 ], [ 85.366154, 28.251717 ], [ 85.366169, 28.251644 ], [ 85.366108, 28.251635 ], [ 85.366094, 28.251708 ] ] } },
{ "type": "Feature", "properties": { "name": null, "status": "Destroyed", "building": "yes", "building_levels": null }, "geometry": { "type": "LineString", "coordinates": [ [ 85.365959, 28.253234 ], [ 85.366044, 28.253217 ], [ 85.366036, 28.253183 ], [ 85.36595, 28.2532 ], [ 85.365959, 28.253234 ] ] } },
{ "type": "Feature", "properties": { "name": null, "status": "Destroyed", "building": "yes", "building_levels": null }, "geometry": { "type": "LineString", "coordinates": [ [ 85.375483, 28.265452 ], [ 85.375512, 28.265429 ], [ 85.375445, 28.265364 ], [ 85.375416, 28.265387 ], [ 85.375483, 28.265452 ] ] } },
{ "type": "Feature", "properties": { "name": null, "status": "Destroyed", "building": "yes", "building_levels": null }, "geometry": { "type": "LineString", "coordinates": [ [ 85.366723, 28.256944 ], [ 85.366752, 28.256932 ], [ 85.366707, 28.256849 ], [ 85.366679, 28.256861 ], [ 85.366723, 28.256944 ] ] } },
{ "type": "Feature", "properties": { "name": null, "status": "Destroyed", "building": "yes", "building_levels": null }, "geometry": { "type": "LineString", "coordinates": [ [ 85.366885, 28.253793 ], [ 85.366885, 28.253876 ], [ 85.36692, 28.253876 ], [ 85.36692, 28.253793 ], [ 85.366885, 28.253793 ] ] } },
{ "type": "Feature", "properties": { "name": null, "status": "Destroyed", "building": "yes", "building_levels": null }, "geometry": { "type": "LineString", "coordinates": [ [ 85.109249, 27.859126 ], [ 85.109314, 27.859094 ], [ 85.109247, 27.858987 ], [ 85.109182, 27.859019 ], [ 85.109249, 27.859126 ] ] } },
{ "type": "Feature", "properties": { "name": null, "status": "Destroyed", "building": "yes", "building_levels": null }, "geometry": { "type": "LineString", "coordinates": [ [ 85.1095, 27.860867 ], [ 85.109538, 27.860847 ], [ 85.109497, 27.860786 ], [ 85.109459, 27.860806 ], [ 85.1095, 27.860867 ] ] } },
{ "type": "Feature", "properties": { "name": null, "status": "Destroyed", "building": "yes", "building_levels": null }, "geometry": { "type": "LineString", "coordinates": [ [ 85.072224, 27.856308 ], [ 85.072282, 27.856338 ], [ 85.07231, 27.856295 ], [ 85.072252, 27.856265 ], [ 85.072224, 27.856308 ] ] } },
{ "type": "Feature", "properties": { "name": null, "status": "Destroyed", "building": "yes", "building_levels": null }, "geometry": { "type": "LineString", "coordinates": [ [ 85.080472, 27.855037 ], [ 85.080474, 27.855083 ], [ 85.080564, 27.855079 ], [ 85.080562, 27.855033 ], [ 85.080472, 27.855037 ] ] } },
{ "type": "Feature", "properties": { "name": null, "status": "Destroyed", "building": "yes", "building_levels": null }, "geometry": { "type": "LineString", "coordinates": [ [ 85.172724, 27.965641 ], [ 85.172746, 27.965618 ], [ 85.172678, 27.965568 ], [ 85.172656, 27.965591 ], [ 85.172724, 27.965641 ] ] } },
{ "type": "Feature", "properties": { "name": null, "status": "Destroyed", "building": "yes", "building_levels": null }, "geometry": { "type": "LineString", "coordinates": [ [ 85.174361, 27.966199 ], [ 85.174399, 27.966129 ], [ 85.174496, 27.96617 ], [ 85.174458, 27.96624 ], [ 85.174361, 27.966199 ] ] } },
{ "type": "Feature", "properties": { "name": null, "status": "Destroyed", "building": "yes", "building_levels": null }, "geometry": { "type": "LineString", "coordinates": [ [ 85.173413, 27.96335 ], [ 85.173444, 27.963323 ], [ 85.173368, 27.963254 ], [ 85.173337, 27.96328 ], [ 85.173413, 27.96335 ] ] } },
{ "type": "Feature", "properties": { "name": null, "status": "Destroyed", "building": "yes", "building_levels": null }, "geometry": { "type": "LineString", "coordinates": [ [ 85.176246, 27.96715 ], [ 85.176233, 27.96717 ], [ 85.176188, 27.967146 ], [ 85.1762, 27.967127 ], [ 85.176246, 27.96715 ] ] } },
{ "type": "Feature", "properties": { "name": null, "status": "Destroyed", "building": "yes", "building_levels": null }, "geometry": { "type": "LineString", "coordinates": [ [ 85.168453, 27.958582 ], [ 85.168489, 27.958577 ], [ 85.168486, 27.958558 ], [ 85.168449, 27.958563 ], [ 85.168453, 27.958582 ] ] } },
{ "type": "Feature", "properties": { "name": null, "status": "Destroyed", "building": "yes", "building_levels": null }, "geometry": { "type": "LineString", "coordinates": [ [ 85.171827, 27.962492 ], [ 85.171866, 27.962512 ], [ 85.171896, 27.962467 ], [ 85.171857, 27.962446 ], [ 85.171827, 27.962492 ] ] } },
{ "type": "Feature", "properties": { "name": null, "status": "Destroyed", "building": "yes", "building_levels": null }, "geometry": { "type": "LineString", "coordinates": [ [ 85.171875, 27.962613 ], [ 85.17192, 27.96264 ], [ 85.171994, 27.962544 ], [ 85.171949, 27.962517 ], [ 85.171875, 27.962613 ] ] } },
{ "type": "Feature", "properties": { "name": null, "status": "Destroyed", "building": "yes", "building_levels": null }, "geometry": { "type": "LineString", "coordinates": [ [ 85.178876, 27.967187 ], [ 85.178909, 27.967199 ], [ 85.178936, 27.967142 ], [ 85.178902, 27.967129 ], [ 85.178876, 27.967187 ] ] } },
{ "type": "Feature", "properties": { "name": null, "status": "Destroyed", "building": "yes", "building_levels": null }, "geometry": { "type": "LineString", "coordinates": [ [ 85.172876, 27.965441 ], [ 85.172922, 27.965474 ], [ 85.172955, 27.965437 ], [ 85.172908, 27.965402 ], [ 85.172876, 27.965441 ] ] } },
{ "type": "Feature", "properties": { "name": null, "status": "Destroyed", "building": "yes", "building_levels": null }, "geometry": { "type": "LineString", "coordinates": [ [ 85.173796, 27.966393 ], [ 85.173826, 27.966427 ], [ 85.173916, 27.966366 ], [ 85.173887, 27.966331 ], [ 85.173796, 27.966393 ] ] } },
{ "type": "Feature", "properties": { "name": null, "status": "Destroyed", "building": "yes", "building_levels": null }, "geometry": { "type": "LineString", "coordinates": [ [ 85.176377, 27.969165 ], [ 85.176373, 27.969264 ], [ 85.176613, 27.969267 ], [ 85.176606, 27.969172 ], [ 85.176377, 27.969165 ] ] } },
{ "type": "Feature", "properties": { "name": null, "status": "Destroyed", "building": "yes", "building_levels": null }, "geometry": { "type": "LineString", "coordinates": [ [ 85.184149, 27.969717 ], [ 85.184136, 27.969664 ], [ 85.184247, 27.969643 ], [ 85.18426, 27.969696 ], [ 85.184149, 27.969717 ] ] } },
{ "type": "Feature", "properties": { "name": null, "status": "Destroyed", "building": "yes", "building_levels": null }, "geometry": { "type": "LineString", "coordinates": [ [ 85.184046, 27.969141 ], [ 85.184063, 27.969093 ], [ 85.18413, 27.969113 ], [ 85.184113, 27.96916 ], [ 85.184046, 27.969141 ] ] } },
{ "type": "Feature", "properties": { "name": null, "status": "Destroyed", "building": "yes", "building_levels": null }, "geometry": { "type": "LineString", "coordinates": [ [ 85.173947, 27.966015 ], [ 85.173936, 27.966051 ], [ 85.173967, 27.966058 ], [ 85.173957, 27.966088 ], [ 85.174021, 27.966105 ], [ 85.174042, 27.966039 ], [ 85.173947, 27.966015 ] ] } },
{ "type": "Feature", "properties": { "name": null, "status": "Destroyed", "building": "yes", "building_levels": null }, "geometry": { "type": "LineString", "coordinates": [ [ 85.17914, 27.967246 ], [ 85.179157, 27.967215 ], [ 85.179189, 27.967228 ], [ 85.179172, 27.967259 ], [ 85.17914, 27.967246 ] ] } },
{ "type": "Feature", "properties": { "name": null, "status": "Destroyed", "building": "yes", "building_levels": null }, "geometry": { "type": "LineString", "coordinates": [ [ 85.179333, 27.967961 ], [ 85.179428, 27.967894 ], [ 85.179497, 27.967969 ], [ 85.179402, 27.968036 ], [ 85.179333, 27.967961 ] ] } },
{ "type": "Feature", "properties": { "name": null, "status": "Destroyed", "building": "yes", "building_levels": null }, "geometry": { "type": "LineString", "coordinates": [ [ 85.17928, 27.967573 ], [ 85.179299, 27.967552 ], [ 85.179325, 27.967569 ], [ 85.179305, 27.967591 ], [ 85.17928, 27.967573 ] ] } },
{ "type": "Feature", "properties": { "name": null, "status": "Destroyed", "building": "yes", "building_levels": null }, "geometry": { "type": "LineString", "coordinates": [ [ 85.18104, 27.968773 ], [ 85.181089, 27.968761 ], [ 85.181104, 27.968806 ], [ 85.181055, 27.968818 ], [ 85.18104, 27.968773 ] ] } },
{ "type": "Feature", "properties": { "name": "Boys Hostel", "status": "Destroyed", "building": "yes", "building_levels": null }, "geometry": { "type": "LineString", "coordinates": [ [ 85.149749, 27.92574 ], [ 85.149766, 27.925623 ], [ 85.149802, 27.925376 ], [ 85.149893, 27.925386 ], [ 85.14985, 27.925685 ], [ 85.150065, 27.925709 ], [ 85.150099, 27.92547 ], [ 85.150167, 27.925477 ], [ 85.150132, 27.925716 ], [ 85.150164, 27.92572 ], [ 85.150154, 27.925786 ], [ 85.149749, 27.92574 ] ] } },
{ "type": "Feature", "properties": { "name": null, "status": "Destroyed", "building": "yes", "building_levels": null }, "geometry": { "type": "LineString", "coordinates": [ [ 85.149089, 27.924567 ], [ 85.149007, 27.924597 ], [ 85.149068, 27.924726 ], [ 85.149149, 27.924697 ], [ 85.149089, 27.924567 ] ] } },
{ "type": "Feature", "properties": { "name": null, "status": "Destroyed", "building": "yes", "building_levels": null }, "geometry": { "type": "LineString", "coordinates": [ [ 85.149581, 27.925393 ], [ 85.149598, 27.925458 ], [ 85.149457, 27.925487 ], [ 85.14944, 27.925422 ], [ 85.149581, 27.925393 ] ] } },
{ "type": "Feature", "properties": { "name": null, "status": "Destroyed", "building": "yes", "building_levels": null }, "geometry": { "type": "LineString", "coordinates": [ [ 85.14878, 27.925315 ], [ 85.148829, 27.925305 ], [ 85.14879, 27.925161 ], [ 85.148742, 27.925171 ], [ 85.14878, 27.925315 ] ] } },
{ "type": "Feature", "properties": { "name": null, "status": "Destroyed", "building": "yes", "building_levels": null }, "geometry": { "type": "LineString", "coordinates": [ [ 85.154088, 27.930785 ], [ 85.154217, 27.930819 ], [ 85.154235, 27.930765 ], [ 85.154106, 27.930731 ], [ 85.154088, 27.930785 ] ] } },
{ "type": "Feature", "properties": { "name": null, "status": "Destroyed", "building": "yes", "building_levels": null }, "geometry": { "type": "LineString", "coordinates": [ [ 85.161215, 27.94741 ], [ 85.161266, 27.947459 ], [ 85.161223, 27.947495 ], [ 85.161172, 27.947446 ], [ 85.161215, 27.94741 ] ] } },
{ "type": "Feature", "properties": { "name": null, "status": "Destroyed", "building": "yes", "building_levels": null }, "geometry": { "type": "LineString", "coordinates": [ [ 85.148673, 27.925531 ], [ 85.148666, 27.925497 ], [ 85.148724, 27.925487 ], [ 85.148731, 27.925521 ], [ 85.148673, 27.925531 ] ] } },
{ "type": "Feature", "properties": { "name": null, "status": "Destroyed", "building": "yes", "building_levels": null }, "geometry": { "type": "LineString", "coordinates": [ [ 85.149635, 27.924173 ], [ 85.149631, 27.924089 ], [ 85.149694, 27.924087 ], [ 85.149698, 27.92417 ], [ 85.149635, 27.924173 ] ] } },
{ "type": "Feature", "properties": { "name": null, "status": "Destroyed", "building": "yes", "building_levels": null }, "geometry": { "type": "LineString", "coordinates": [ [ 85.151606, 27.935541 ], [ 85.151652, 27.935568 ], [ 85.151721, 27.935474 ], [ 85.151674, 27.935448 ], [ 85.151606, 27.935541 ] ] } },
{ "type": "Feature", "properties": { "name": null, "status": "Destroyed", "building": "yes", "building_levels": null }, "geometry": { "type": "LineString", "coordinates": [ [ 85.148738, 27.933841 ], [ 85.148825, 27.933893 ], [ 85.148861, 27.933846 ], [ 85.148773, 27.933794 ], [ 85.148738, 27.933841 ] ] } },
{ "type": "Feature", "properties": { "name": null, "status": "Destroyed", "building": "yes", "building_levels": null }, "geometry": { "type": "LineString", "coordinates": [ [ 85.14979, 27.934236 ], [ 85.150014, 27.934361 ], [ 85.150037, 27.934329 ], [ 85.149812, 27.934204 ], [ 85.14979, 27.934236 ] ] } },
{ "type": "Feature", "properties": { "name": null, "status": "Destroyed", "building": "yes", "building_levels": null }, "geometry": { "type": "LineString", "coordinates": [ [ 85.15239, 27.930389 ], [ 85.152445, 27.930385 ], [ 85.152443, 27.930359 ], [ 85.152388, 27.930363 ], [ 85.15239, 27.930389 ] ] } },
{ "type": "Feature", "properties": { "name": null, "status": "Destroyed", "building": "yes", "building_levels": null }, "geometry": { "type": "LineString", "coordinates": [ [ 85.153862, 27.937206 ], [ 85.153868, 27.937194 ], [ 85.153851, 27.93718 ], [ 85.153835, 27.937195 ], [ 85.153862, 27.937206 ] ] } },
{ "type": "Feature", "properties": { "name": null, "status": "Destroyed", "building": "yes", "building_levels": null }, "geometry": { "type": "LineString", "coordinates": [ [ 85.159113, 27.944025 ], [ 85.159233, 27.944294 ], [ 85.159297, 27.944271 ], [ 85.159177, 27.944002 ], [ 85.159113, 27.944025 ] ] } },
{ "type": "Feature", "properties": { "name": null, "status": "Destroyed", "building": "yes", "building_levels": null }, "geometry": { "type": "LineString", "coordinates": [ [ 85.15735, 27.939831 ], [ 85.15745, 27.939888 ], [ 85.157494, 27.939828 ], [ 85.157395, 27.93977 ], [ 85.15735, 27.939831 ] ] } },
{ "type": "Feature", "properties": { "name": null, "status": "Destroyed", "building": "yes", "building_levels": null }, "geometry": { "type": "LineString", "coordinates": [ [ 85.156268, 27.938771 ], [ 85.156293, 27.938752 ], [ 85.156329, 27.938788 ], [ 85.156359, 27.938819 ], [ 85.156334, 27.938838 ], [ 85.156268, 27.938771 ] ] } },
{ "type": "Feature", "properties": { "name": null, "status": "Destroyed", "building": "yes", "building_levels": null }, "geometry": { "type": "LineString", "coordinates": [ [ 85.16062, 27.9413 ], [ 85.160643, 27.941378 ], [ 85.160715, 27.941362 ], [ 85.160692, 27.941283 ], [ 85.16062, 27.9413 ] ] } },
{ "type": "Feature", "properties": { "name": null, "status": "Destroyed", "building": "yes", "building_levels": null }, "geometry": { "type": "LineString", "coordinates": [ [ 85.151717, 27.934956 ], [ 85.151752, 27.935 ], [ 85.151857, 27.934934 ], [ 85.151821, 27.93489 ], [ 85.151717, 27.934956 ] ] } },
{ "type": "Feature", "properties": { "name": null, "status": "Destroyed", "building": "yes", "building_levels": null }, "geometry": { "type": "LineString", "coordinates": [ [ 85.157735, 27.939502 ], [ 85.157779, 27.939478 ], [ 85.157734, 27.939413 ], [ 85.15769, 27.939437 ], [ 85.157735, 27.939502 ] ] } },
{ "type": "Feature", "properties": { "name": null, "status": "Destroyed", "building": "yes", "building_levels": null }, "geometry": { "type": "LineString", "coordinates": [ [ 85.150704, 27.923892 ], [ 85.150793, 27.923881 ], [ 85.150786, 27.923837 ], [ 85.150697, 27.923848 ], [ 85.150704, 27.923892 ] ] } },
{ "type": "Feature", "properties": { "name": null, "status": "Destroyed", "building": "yes", "building_levels": null }, "geometry": { "type": "LineString", "coordinates": [ [ 85.161018, 27.946136 ], [ 85.161106, 27.946097 ], [ 85.161083, 27.946057 ], [ 85.160995, 27.946096 ], [ 85.161018, 27.946136 ] ] } },
{ "type": "Feature", "properties": { "name": null, "status": "Destroyed", "building": "yes", "building_levels": null }, "geometry": { "type": "LineString", "coordinates": [ [ 85.161225, 27.946271 ], [ 85.161271, 27.946252 ], [ 85.161243, 27.9462 ], [ 85.161197, 27.946219 ], [ 85.161225, 27.946271 ] ] } },
{ "type": "Feature", "properties": { "name": null, "status": "Destroyed", "building": "yes", "building_levels": null }, "geometry": { "type": "LineString", "coordinates": [ [ 85.160538, 27.946721 ], [ 85.160508, 27.946662 ], [ 85.160592, 27.946629 ], [ 85.160622, 27.946688 ], [ 85.160538, 27.946721 ] ] } },
{ "type": "Feature", "properties": { "name": null, "status": "Destroyed", "building": "yes", "building_levels": null }, "geometry": { "type": "LineString", "coordinates": [ [ 85.147624, 27.929623 ], [ 85.147677, 27.929632 ], [ 85.147695, 27.929555 ], [ 85.147642, 27.929545 ], [ 85.147624, 27.929623 ] ] } },
{ "type": "Feature", "properties": { "name": null, "status": "Destroyed", "building": "yes", "building_levels": null }, "geometry": { "type": "LineString", "coordinates": [ [ 85.147441, 27.929597 ], [ 85.147489, 27.929605 ], [ 85.147508, 27.929522 ], [ 85.147475, 27.929514 ], [ 85.147459, 27.929514 ], [ 85.147441, 27.929597 ] ] } },
{ "type": "Feature", "properties": { "name": null, "status": "Destroyed", "building": "yes", "building_levels": null }, "geometry": { "type": "LineString", "coordinates": [ [ 85.147556, 27.929078 ], [ 85.147584, 27.928964 ], [ 85.14763, 27.928974 ], [ 85.147598, 27.929087 ], [ 85.147556, 27.929078 ] ] } },
{ "type": "Feature", "properties": { "name": null, "status": "Destroyed", "building": "yes", "building_levels": null }, "geometry": { "type": "LineString", "coordinates": [ [ 85.149103, 27.932553 ], [ 85.149173, 27.932584 ], [ 85.149202, 27.932532 ], [ 85.149132, 27.932502 ], [ 85.149103, 27.932553 ] ] } },
{ "type": "Feature", "properties": { "name": null, "status": "Destroyed", "building": "yes", "building_levels": null }, "geometry": { "type": "LineString", "coordinates": [ [ 85.149273, 27.92578 ], [ 85.149368, 27.925766 ], [ 85.149349, 27.925664 ], [ 85.149254, 27.925678 ], [ 85.149273, 27.92578 ] ] } },
{ "type": "Feature", "properties": { "name": null, "status": "Destroyed", "building": "yes", "building_levels": null }, "geometry": { "type": "LineString", "coordinates": [ [ 85.361795, 28.245936 ], [ 85.361913, 28.246014 ], [ 85.361968, 28.245949 ], [ 85.36185, 28.245871 ], [ 85.361795, 28.245936 ] ] } },
{ "type": "Feature", "properties": { "name": null, "status": "Destroyed", "building": "yes", "building_levels": null }, "geometry": { "type": "LineString", "coordinates": [ [ 85.378316, 28.280483 ], [ 85.378492, 28.280492 ], [ 85.378497, 28.280428 ], [ 85.378321, 28.280418 ], [ 85.378316, 28.280483 ] ] } },
{ "type": "Feature", "properties": { "name": null, "status": "Destroyed", "building": "yes", "building_levels": null }, "geometry": { "type": "LineString", "coordinates": [ [ 85.336761, 28.161701 ], [ 85.33684, 28.161701 ], [ 85.33684, 28.161643 ], [ 85.336761, 28.161643 ], [ 85.336761, 28.161701 ] ] } },
{ "type": "Feature", "properties": { "name": null, "status": "Destroyed", "building": "yes", "building_levels": null }, "geometry": { "type": "LineString", "coordinates": [ [ 85.173278, 27.963202 ], [ 85.173239, 27.963158 ], [ 85.1732, 27.963185 ], [ 85.173239, 27.963229 ], [ 85.173278, 27.963202 ] ] } },
{ "type": "Feature", "properties": { "name": null, "status": "Destroyed", "building": "yes", "building_levels": null }, "geometry": { "type": "LineString", "coordinates": [ [ 85.171739, 27.96213 ], [ 85.171706, 27.962104 ], [ 85.171724, 27.962086 ], [ 85.17175, 27.962062 ], [ 85.171782, 27.962088 ], [ 85.171739, 27.96213 ] ] } },
{ "type": "Feature", "properties": { "name": null, "status": "Destroyed", "building": "yes", "building_levels": null }, "geometry": { "type": "LineString", "coordinates": [ [ 85.171635, 27.962391 ], [ 85.171593, 27.962417 ], [ 85.171559, 27.962375 ], [ 85.171601, 27.962349 ], [ 85.171635, 27.962391 ] ] } },
{ "type": "Feature", "properties": { "name": null, "status": "Destroyed", "building": "yes", "building_levels": null }, "geometry": { "type": "LineString", "coordinates": [ [ 85.172735, 27.962765 ], [ 85.172811, 27.962858 ], [ 85.172894, 27.962806 ], [ 85.172817, 27.962712 ], [ 85.172735, 27.962765 ] ] } },
{ "type": "Feature", "properties": { "name": null, "status": "Destroyed", "building": "yes", "building_levels": null }, "geometry": { "type": "LineString", "coordinates": [ [ 85.171911, 27.962447 ], [ 85.171964, 27.96246 ], [ 85.171981, 27.962406 ], [ 85.171929, 27.962393 ], [ 85.171911, 27.962447 ] ] } },
{ "type": "Feature", "properties": { "name": null, "status": "Destroyed", "building": "yes", "building_levels": null }, "geometry": { "type": "LineString", "coordinates": [ [ 85.163775, 27.949333 ], [ 85.163713, 27.949328 ], [ 85.163721, 27.949239 ], [ 85.163783, 27.949243 ], [ 85.163775, 27.949333 ] ] } },
{ "type": "Feature", "properties": { "name": null, "status": "Destroyed", "building": "yes", "building_levels": null }, "geometry": { "type": "LineString", "coordinates": [ [ 85.160546, 27.940643 ], [ 85.160603, 27.940628 ], [ 85.16057, 27.940534 ], [ 85.160514, 27.940549 ], [ 85.160546, 27.940643 ] ] } },
{ "type": "Feature", "properties": { "name": null, "status": "Destroyed", "building": "yes", "building_levels": null }, "geometry": { "type": "LineString", "coordinates": [ [ 85.156343, 27.9384 ], [ 85.156363, 27.938383 ], [ 85.156342, 27.938363 ], [ 85.156321, 27.938379 ], [ 85.156343, 27.9384 ] ] } },
{ "type": "Feature", "properties": { "name": null, "status": "Destroyed", "building": "yes", "building_levels": null }, "geometry": { "type": "LineString", "coordinates": [ [ 85.160548, 27.941179 ], [ 85.160592, 27.94125 ], [ 85.160657, 27.941219 ], [ 85.160614, 27.941148 ], [ 85.160548, 27.941179 ] ] } },
{ "type": "Feature", "properties": { "name": null, "status": "Destroyed", "building": "yes", "building_levels": null }, "geometry": { "type": "LineString", "coordinates": [ [ 85.109079, 27.863455 ], [ 85.108992, 27.863383 ], [ 85.109028, 27.863349 ], [ 85.109115, 27.863421 ], [ 85.109079, 27.863455 ] ] } },
{ "type": "Feature", "properties": { "name": null, "status": "Destroyed", "building": "yes", "building_levels": null }, "geometry": { "type": "LineString", "coordinates": [ [ 85.10961, 27.860386 ], [ 85.109682, 27.860338 ], [ 85.109792, 27.860467 ], [ 85.10972, 27.860515 ], [ 85.10961, 27.860386 ] ] } },
{ "type": "Feature", "properties": { "name": null, "status": "Destroyed", "building": "yes", "building_levels": null }, "geometry": { "type": "LineString", "coordinates": [ [ 85.108446, 27.859849 ], [ 85.108469, 27.859882 ], [ 85.108563, 27.859829 ], [ 85.10854, 27.859796 ], [ 85.108446, 27.859849 ] ] } },
{ "type": "Feature", "properties": { "name": null, "status": "Destroyed", "building": "yes", "building_levels": null }, "geometry": { "type": "LineString", "coordinates": [ [ 85.108551, 27.860024 ], [ 85.108615, 27.859986 ], [ 85.108581, 27.85994 ], [ 85.108516, 27.859977 ], [ 85.108551, 27.860024 ] ] } },
{ "type": "Feature", "properties": { "name": null, "status": "Destroyed", "building": "yes", "building_levels": null }, "geometry": { "type": "LineString", "coordinates": [ [ 85.1085, 27.859796 ], [ 85.108529, 27.85977 ], [ 85.108489, 27.859735 ], [ 85.10846, 27.85976 ], [ 85.1085, 27.859796 ] ] } },
{ "type": "Feature", "properties": { "name": null, "status": "Destroyed", "building": "yes", "building_levels": null }, "geometry": { "type": "LineString", "coordinates": [ [ 85.109308, 27.860713 ], [ 85.109348, 27.860675 ], [ 85.109144, 27.860511 ], [ 85.109105, 27.860549 ], [ 85.109308, 27.860713 ] ] } },
{ "type": "Feature", "properties": { "name": null, "status": "Destroyed", "building": "yes", "building_levels": null }, "geometry": { "type": "LineString", "coordinates": [ [ 85.108405, 27.86193 ], [ 85.108517, 27.862041 ], [ 85.108586, 27.861985 ], [ 85.108474, 27.861875 ], [ 85.108405, 27.86193 ] ] } },
{ "type": "Feature", "properties": { "name": null, "status": "Destroyed", "building": "yes", "building_levels": null }, "geometry": { "type": "LineString", "coordinates": [ [ 85.097032, 27.86081 ], [ 85.09703, 27.860745 ], [ 85.097104, 27.860743 ], [ 85.097106, 27.860808 ], [ 85.097032, 27.86081 ] ] } },
{ "type": "Feature", "properties": { "name": null, "status": "Destroyed", "building": "yes", "building_levels": null }, "geometry": { "type": "LineString", "coordinates": [ [ 85.107753, 27.8594 ], [ 85.107768, 27.859449 ], [ 85.10782, 27.859436 ], [ 85.107804, 27.859387 ], [ 85.107753, 27.8594 ] ] } },
{ "type": "Feature", "properties": { "name": null, "status": "Destroyed", "building": "yes", "building_levels": null }, "geometry": { "type": "LineString", "coordinates": [ [ 85.109592, 27.860189 ], [ 85.109534, 27.86023 ], [ 85.109601, 27.860305 ], [ 85.109659, 27.860264 ], [ 85.109592, 27.860189 ] ] } },
{ "type": "Feature", "properties": { "name": null, "status": "Destroyed", "building": "yes", "building_levels": null }, "geometry": { "type": "LineString", "coordinates": [ [ 85.108791, 27.861628 ], [ 85.108834, 27.861669 ], [ 85.108881, 27.86163 ], [ 85.108838, 27.861589 ], [ 85.108791, 27.861628 ] ] } },
{ "type": "Feature", "properties": { "name": null, "status": "Destroyed", "building": "yes", "building_levels": null }, "geometry": { "type": "LineString", "coordinates": [ [ 85.171604, 27.965292 ], [ 85.171629, 27.965235 ], [ 85.171696, 27.965259 ], [ 85.17167, 27.965315 ], [ 85.171604, 27.965292 ] ] } },
{ "type": "Feature", "properties": { "name": null, "status": "Destroyed", "building": "yes", "building_levels": null }, "geometry": { "type": "LineString", "coordinates": [ [ 85.17487, 27.966472 ], [ 85.174938, 27.966328 ], [ 85.17487, 27.966303 ], [ 85.174802, 27.966446 ], [ 85.17487, 27.966472 ] ] } },
{ "type": "Feature", "properties": { "name": null, "status": "Destroyed", "building": "yes", "building_levels": null }, "geometry": { "type": "LineString", "coordinates": [ [ 85.169449, 27.964055 ], [ 85.169431, 27.964041 ], [ 85.169449, 27.964023 ], [ 85.169467, 27.964037 ], [ 85.169449, 27.964055 ] ] } },
{ "type": "Feature", "properties": { "name": null, "status": "Destroyed", "building": "yes", "building_levels": null }, "geometry": { "type": "LineString", "coordinates": [ [ 85.184321, 27.970133 ], [ 85.184389, 27.970113 ], [ 85.184349, 27.970004 ], [ 85.18428, 27.970023 ], [ 85.184321, 27.970133 ] ] } },
{ "type": "Feature", "properties": { "name": null, "status": "Destroyed", "building": "yes", "building_levels": null }, "geometry": { "type": "LineString", "coordinates": [ [ 85.183374, 27.969798 ], [ 85.183446, 27.969817 ], [ 85.18349, 27.96969 ], [ 85.183417, 27.96967 ], [ 85.183374, 27.969798 ] ] } },
{ "type": "Feature", "properties": { "name": null, "status": "Destroyed", "building": "yes", "building_levels": null }, "geometry": { "type": "LineString", "coordinates": [ [ 85.178916, 27.96709 ], [ 85.178952, 27.967058 ], [ 85.178976, 27.967079 ], [ 85.17894, 27.967111 ], [ 85.178916, 27.96709 ] ] } },
{ "type": "Feature", "properties": { "name": null, "status": "Destroyed", "building": "yes", "building_levels": null }, "geometry": { "type": "LineString", "coordinates": [ [ 85.183918, 27.970196 ], [ 85.183912, 27.970035 ], [ 85.184059, 27.970031 ], [ 85.184065, 27.970192 ], [ 85.183918, 27.970196 ] ] } },
{ "type": "Feature", "properties": { "name": null, "status": "Destroyed", "building": "yes", "building_levels": null }, "geometry": { "type": "LineString", "coordinates": [ [ 85.171192, 27.96496 ], [ 85.171227, 27.964975 ], [ 85.171251, 27.964932 ], [ 85.171216, 27.964917 ], [ 85.171192, 27.96496 ] ] } },
{ "type": "Feature", "properties": { "name": null, "status": "Destroyed", "building": "yes", "building_levels": null }, "geometry": { "type": "LineString", "coordinates": [ [ 85.172466, 27.962656 ], [ 85.172515, 27.962705 ], [ 85.172577, 27.962655 ], [ 85.172528, 27.962607 ], [ 85.172466, 27.962656 ] ] } },
{ "type": "Feature", "properties": { "name": null, "status": "Destroyed", "building": "yes", "building_levels": null }, "geometry": { "type": "LineString", "coordinates": [ [ 85.172037, 27.965553 ], [ 85.172095, 27.965577 ], [ 85.172152, 27.965469 ], [ 85.172094, 27.965445 ], [ 85.172037, 27.965553 ] ] } },
{ "type": "Feature", "properties": { "name": null, "status": "Destroyed", "building": "yes", "building_levels": null }, "geometry": { "type": "LineString", "coordinates": [ [ 85.18445, 27.970286 ], [ 85.184634, 27.970219 ], [ 85.184589, 27.970123 ], [ 85.184405, 27.97019 ], [ 85.18445, 27.970286 ] ] } },
{ "type": "Feature", "properties": { "name": null, "status": "Destroyed", "building": "yes", "building_levels": null }, "geometry": { "type": "LineString", "coordinates": [ [ 85.150153, 27.923679 ], [ 85.15042, 27.923651 ], [ 85.150435, 27.923761 ], [ 85.150168, 27.923789 ], [ 85.150153, 27.923679 ] ] } },
{ "type": "Feature", "properties": { "name": null, "status": "Destroyed", "building": "yes", "building_levels": null }, "geometry": { "type": "LineString", "coordinates": [ [ 85.156526, 27.939032 ], [ 85.156572, 27.939064 ], [ 85.156508, 27.939136 ], [ 85.156462, 27.939104 ], [ 85.156526, 27.939032 ] ] } },
{ "type": "Feature", "properties": { "name": null, "status": "Destroyed", "building": "yes", "building_levels": null }, "geometry": { "type": "LineString", "coordinates": [ [ 85.155525, 27.93846 ], [ 85.155541, 27.93844 ], [ 85.155607, 27.938482 ], [ 85.15559, 27.938502 ], [ 85.155525, 27.93846 ] ] } },
{ "type": "Feature", "properties": { "name": null, "status": "Destroyed", "building": "yes", "building_levels": null }, "geometry": { "type": "LineString", "coordinates": [ [ 85.154851, 27.937808 ], [ 85.154872, 27.93778 ], [ 85.154903, 27.937799 ], [ 85.154882, 27.937826 ], [ 85.154851, 27.937808 ] ] } },
{ "type": "Feature", "properties": { "name": null, "status": "Destroyed", "building": "yes", "building_levels": null }, "geometry": { "type": "LineString", "coordinates": [ [ 85.153299, 27.936317 ], [ 85.153387, 27.936213 ], [ 85.153449, 27.936254 ], [ 85.15336, 27.936358 ], [ 85.153299, 27.936317 ] ] } },
{ "type": "Feature", "properties": { "name": null, "status": "Destroyed", "building": "yes", "building_levels": null }, "geometry": { "type": "LineString", "coordinates": [ [ 85.156662, 27.939421 ], [ 85.156619, 27.939448 ], [ 85.156587, 27.939409 ], [ 85.156631, 27.939382 ], [ 85.156662, 27.939421 ] ] } },
{ "type": "Feature", "properties": { "name": null, "status": "Destroyed", "building": "yes", "building_levels": null }, "geometry": { "type": "LineString", "coordinates": [ [ 85.149643, 27.925293 ], [ 85.149653, 27.925141 ], [ 85.149566, 27.925137 ], [ 85.149557, 27.925289 ], [ 85.149643, 27.925293 ] ] } },
{ "type": "Feature", "properties": { "name": null, "status": "Destroyed", "building": "yes", "building_levels": null }, "geometry": { "type": "LineString", "coordinates": [ [ 85.148597, 27.924873 ], [ 85.148627, 27.92486 ], [ 85.148663, 27.924924 ], [ 85.148634, 27.924937 ], [ 85.148597, 27.924873 ] ] } },
{ "type": "Feature", "properties": { "name": null, "status": "Destroyed", "building": "yes", "building_levels": null }, "geometry": { "type": "LineString", "coordinates": [ [ 85.148779, 27.925783 ], [ 85.148771, 27.925745 ], [ 85.14888, 27.925727 ], [ 85.148888, 27.925766 ], [ 85.148779, 27.925783 ] ] } },
{ "type": "Feature", "properties": { "name": null, "status": "Destroyed", "building": "yes", "building_levels": null }, "geometry": { "type": "LineString", "coordinates": [ [ 85.157866, 27.940144 ], [ 85.157903, 27.940113 ], [ 85.157633, 27.939857 ], [ 85.157595, 27.939888 ], [ 85.157866, 27.940144 ] ] } },
{ "type": "Feature", "properties": { "name": null, "status": "Destroyed", "building": "yes", "building_levels": null }, "geometry": { "type": "LineString", "coordinates": [ [ 85.147797, 27.929301 ], [ 85.147852, 27.929301 ], [ 85.147852, 27.92909 ], [ 85.147796, 27.929091 ], [ 85.147797, 27.929301 ] ] } },
{ "type": "Feature", "properties": { "name": null, "status": "Destroyed", "building": "yes", "building_levels": null }, "geometry": { "type": "LineString", "coordinates": [ [ 85.152482, 27.930651 ], [ 85.152517, 27.930703 ], [ 85.152553, 27.930685 ], [ 85.152517, 27.930633 ], [ 85.152482, 27.930651 ] ] } },
{ "type": "Feature", "properties": { "name": null, "status": "Destroyed", "building": "yes", "building_levels": null }, "geometry": { "type": "LineString", "coordinates": [ [ 85.152351, 27.93041 ], [ 85.152387, 27.930423 ], [ 85.152395, 27.930407 ], [ 85.152359, 27.930393 ], [ 85.152351, 27.93041 ] ] } },
{ "type": "Feature", "properties": { "name": null, "status": "Destroyed", "building": "yes", "building_levels": null }, "geometry": { "type": "LineString", "coordinates": [ [ 85.152548, 27.930395 ], [ 85.15259, 27.930392 ], [ 85.152587, 27.930368 ], [ 85.152546, 27.930371 ], [ 85.152548, 27.930395 ] ] } },
{ "type": "Feature", "properties": { "name": null, "status": "Destroyed", "building": "yes", "building_levels": null }, "geometry": { "type": "LineString", "coordinates": [ [ 85.1587, 27.942396 ], [ 85.158729, 27.942436 ], [ 85.158787, 27.942402 ], [ 85.158758, 27.942363 ], [ 85.158736, 27.942375 ], [ 85.1587, 27.942396 ] ] } },
{ "type": "Feature", "properties": { "name": null, "status": "Destroyed", "building": "yes", "building_levels": null }, "geometry": { "type": "LineString", "coordinates": [ [ 85.150798, 27.924062 ], [ 85.150812, 27.924124 ], [ 85.150871, 27.924114 ], [ 85.150858, 27.924052 ], [ 85.150798, 27.924062 ] ] } },
{ "type": "Feature", "properties": { "name": null, "status": "Destroyed", "building": "yes", "building_levels": null }, "geometry": { "type": "LineString", "coordinates": [ [ 85.160268, 27.946093 ], [ 85.160395, 27.946034 ], [ 85.160426, 27.946085 ], [ 85.160298, 27.946144 ], [ 85.160268, 27.946093 ] ] } },
{ "type": "Feature", "properties": { "name": null, "status": "Destroyed", "building": "yes", "building_levels": null }, "geometry": { "type": "LineString", "coordinates": [ [ 85.15804, 27.940846 ], [ 85.158075, 27.940876 ], [ 85.158129, 27.940826 ], [ 85.158094, 27.940796 ], [ 85.15804, 27.940846 ] ] } },
{ "type": "Feature", "properties": { "name": null, "status": "Destroyed", "building": "yes", "building_levels": null }, "geometry": { "type": "LineString", "coordinates": [ [ 85.156006, 27.938259 ], [ 85.155971, 27.93823 ], [ 85.15614, 27.938074 ], [ 85.156175, 27.938103 ], [ 85.156006, 27.938259 ] ] } },
{ "type": "Feature", "properties": { "name": null, "status": "Destroyed", "building": "yes", "building_levels": null }, "geometry": { "type": "LineString", "coordinates": [ [ 85.150549, 27.923096 ], [ 85.150604, 27.923061 ], [ 85.150563, 27.923011 ], [ 85.150508, 27.923045 ], [ 85.150549, 27.923096 ] ] } },
{ "type": "Feature", "properties": { "name": null, "status": "Destroyed", "building": "yes", "building_levels": null }, "geometry": { "type": "LineString", "coordinates": [ [ 85.150033, 27.924085 ], [ 85.150404, 27.924033 ], [ 85.150377, 27.923884 ], [ 85.150273, 27.923899 ], [ 85.150287, 27.923977 ], [ 85.150116, 27.924001 ], [ 85.150103, 27.923925 ], [ 85.150007, 27.923938 ], [ 85.150033, 27.924085 ] ] } },
{ "type": "Feature", "properties": { "name": null, "status": "Destroyed", "building": "yes", "building_levels": null }, "geometry": { "type": "LineString", "coordinates": [ [ 85.150004, 27.926214 ], [ 85.150131, 27.926219 ], [ 85.150139, 27.926058 ], [ 85.150078, 27.926056 ], [ 85.150082, 27.925978 ], [ 85.150015, 27.925976 ], [ 85.150004, 27.926214 ] ] } },
{ "type": "Feature", "properties": { "name": null, "status": "Destroyed", "building": "yes", "building_levels": null }, "geometry": { "type": "LineString", "coordinates": [ [ 85.160898, 27.946383 ], [ 85.16086, 27.946314 ], [ 85.160915, 27.946291 ], [ 85.160927, 27.946311 ], [ 85.161013, 27.946275 ], [ 85.161039, 27.946323 ], [ 85.160898, 27.946383 ] ] } },
{ "type": "Feature", "properties": { "name": null, "status": "Destroyed", "building": "yes", "building_levels": null }, "geometry": { "type": "LineString", "coordinates": [ [ 85.161001, 27.946395 ], [ 85.160983, 27.946356 ], [ 85.161075, 27.946322 ], [ 85.161093, 27.946361 ], [ 85.161001, 27.946395 ] ] } },
{ "type": "Feature", "properties": { "name": null, "status": "Destroyed", "building": "yes", "building_levels": null }, "geometry": { "type": "LineString", "coordinates": [ [ 85.161354, 27.94743 ], [ 85.161395, 27.94741 ], [ 85.161366, 27.947363 ], [ 85.161325, 27.947382 ], [ 85.161354, 27.94743 ] ] } },
{ "type": "Feature", "properties": { "name": null, "status": "Destroyed", "building": "yes", "building_levels": null }, "geometry": { "type": "LineString", "coordinates": [ [ 85.161379, 27.947296 ], [ 85.161365, 27.947268 ], [ 85.161401, 27.947254 ], [ 85.161415, 27.947282 ], [ 85.161379, 27.947296 ] ] } },
{ "type": "Feature", "properties": { "name": null, "status": "Destroyed", "building": "yes", "building_levels": null }, "geometry": { "type": "LineString", "coordinates": [ [ 85.147475, 27.929514 ], [ 85.147558, 27.929521 ], [ 85.147565, 27.929464 ], [ 85.147483, 27.929456 ], [ 85.147475, 27.929514 ] ] } },
{ "type": "Feature", "properties": { "name": null, "status": "Destroyed", "building": "yes", "building_levels": null }, "geometry": { "type": "LineString", "coordinates": [ [ 85.148974, 27.93203 ], [ 85.149021, 27.932097 ], [ 85.149087, 27.932061 ], [ 85.14904, 27.931994 ], [ 85.148974, 27.93203 ] ] } },
{ "type": "Feature", "properties": { "name": null, "status": "Destroyed", "building": "yes", "building_levels": null }, "geometry": { "type": "LineString", "coordinates": [ [ 85.09601, 27.859447 ], [ 85.096026, 27.85948 ], [ 85.09612, 27.859446 ], [ 85.096104, 27.859412 ], [ 85.09601, 27.859447 ] ] } },
{ "type": "Feature", "properties": { "name": null, "status": "Destroyed", "building": "yes", "building_levels": null }, "geometry": { "type": "LineString", "coordinates": [ [ 85.358647, 28.241197 ], [ 85.358705, 28.241199 ], [ 85.358709, 28.241037 ], [ 85.358652, 28.241036 ], [ 85.358647, 28.241197 ] ] } },
{ "type": "Feature", "properties": { "name": null, "status": "Destroyed", "building": "yes", "building_levels": null }, "geometry": { "type": "LineString", "coordinates": [ [ 85.358627, 28.242542 ], [ 85.358697, 28.242496 ], [ 85.358545, 28.242314 ], [ 85.358475, 28.242359 ], [ 85.358627, 28.242542 ] ] } },
{ "type": "Feature", "properties": { "name": null, "status": "Destroyed", "building": "yes", "building_levels": null }, "geometry": { "type": "LineString", "coordinates": [ [ 85.358707, 28.242889 ], [ 85.358733, 28.242884 ], [ 85.358778, 28.242874 ], [ 85.358687, 28.242549 ], [ 85.358617, 28.242564 ], [ 85.358707, 28.242889 ] ] } },
{ "type": "Feature", "properties": { "name": null, "status": "Destroyed", "building": "yes", "building_levels": null }, "geometry": { "type": "LineString", "coordinates": [ [ 85.358871, 28.243055 ], [ 85.358867, 28.243012 ], [ 85.358791, 28.243017 ], [ 85.358794, 28.24306 ], [ 85.358871, 28.243055 ] ] } },
{ "type": "Feature", "properties": { "name": null, "status": "Destroyed", "building": "yes", "building_levels": null }, "geometry": { "type": "LineString", "coordinates": [ [ 85.358484, 28.241644 ], [ 85.3587, 28.241647 ], [ 85.358701, 28.241604 ], [ 85.358484, 28.241602 ], [ 85.358484, 28.241644 ] ] } },
{ "type": "Feature", "properties": { "name": null, "status": "Destroyed", "building": "yes", "building_levels": null }, "geometry": { "type": "LineString", "coordinates": [ [ 85.358918, 28.243128 ], [ 85.359127, 28.243439 ], [ 85.359194, 28.243405 ], [ 85.358984, 28.243093 ], [ 85.358918, 28.243128 ] ] } },
{ "type": "Feature", "properties": { "name": null, "status": "Destroyed", "building": "yes", "building_levels": null }, "geometry": { "type": "LineString", "coordinates": [ [ 85.358375, 28.237766 ], [ 85.358433, 28.237787 ], [ 85.358521, 28.237599 ], [ 85.358464, 28.237578 ], [ 85.358375, 28.237766 ] ] } },
{ "type": "Feature", "properties": { "name": null, "status": "Destroyed", "building": "house", "building_levels": null }, "geometry": { "type": "LineString", "coordinates": [ [ 85.358346, 28.235984 ], [ 85.358442, 28.235791 ], [ 85.358555, 28.235834 ], [ 85.358474, 28.23604 ], [ 85.358346, 28.235984 ] ] } },
{ "type": "Feature", "properties": { "name": null, "status": "Destroyed", "building": "yes", "building_levels": null }, "geometry": { "type": "LineString", "coordinates": [ [ 85.358128, 28.236566 ], [ 85.358083, 28.236548 ], [ 85.358156, 28.236404 ], [ 85.358201, 28.236422 ], [ 85.358128, 28.236566 ] ] } },
{ "type": "Feature", "properties": { "name": null, "status": "Destroyed", "building": "yes", "building_levels": null }, "geometry": { "type": "LineString", "coordinates": [ [ 85.361389, 28.22668 ], [ 85.361419, 28.226576 ], [ 85.361647, 28.226627 ], [ 85.361617, 28.226731 ], [ 85.361389, 28.22668 ] ] } },
{ "type": "Feature", "properties": { "name": null, "status": "Destroyed", "building": "yes", "building_levels": null }, "geometry": { "type": "LineString", "coordinates": [ [ 85.111152, 27.861782 ], [ 85.111278, 27.86179 ], [ 85.111283, 27.86173 ], [ 85.111157, 27.861722 ], [ 85.111152, 27.861782 ] ] } },
{ "type": "Feature", "properties": { "name": null, "status": "Destroyed", "building": "yes", "building_levels": null }, "geometry": { "type": "LineString", "coordinates": [ [ 85.376451, 28.281643 ], [ 85.376545, 28.28169 ], [ 85.376803, 28.281293 ], [ 85.376709, 28.281246 ], [ 85.376451, 28.281643 ] ] } },
{ "type": "Feature", "properties": { "name": null, "status": "Destroyed", "building": "yes", "building_levels": null }, "geometry": { "type": "LineString", "coordinates": [ [ 85.343271, 28.164378 ], [ 85.343233, 28.164349 ], [ 85.343208, 28.164374 ], [ 85.343246, 28.164403 ], [ 85.343271, 28.164378 ] ] } },
{ "type": "Feature", "properties": { "name": null, "status": "Destroyed", "building": "yes", "building_levels": null }, "geometry": { "type": "LineString", "coordinates": [ [ 85.358816, 28.238194 ], [ 85.358852, 28.238184 ], [ 85.358828, 28.238114 ], [ 85.358792, 28.238124 ], [ 85.358816, 28.238194 ] ] } },
{ "type": "Feature", "properties": { "name": null, "status": "Destroyed", "building": "yes", "building_levels": null }, "geometry": { "type": "LineString", "coordinates": [ [ 85.376001, 28.265808 ], [ 85.376055, 28.265853 ], [ 85.376092, 28.265818 ], [ 85.376038, 28.265774 ], [ 85.376001, 28.265808 ] ] } },
{ "type": "Feature", "properties": { "name": null, "status": "Destroyed", "building": "yes", "building_levels": null }, "geometry": { "type": "LineString", "coordinates": [ [ 85.364159, 28.255468 ], [ 85.364156, 28.255644 ], [ 85.364234, 28.255645 ], [ 85.364237, 28.255469 ], [ 85.364159, 28.255468 ] ] } },
{ "type": "Feature", "properties": { "name": null, "status": "Destroyed", "building": "yes", "building_levels": null }, "geometry": { "type": "LineString", "coordinates": [ [ 85.373501, 28.263247 ], [ 85.373512, 28.263325 ], [ 85.373575, 28.263319 ], [ 85.373564, 28.26324 ], [ 85.373501, 28.263247 ] ] } },
{ "type": "Feature", "properties": { "name": null, "status": "Destroyed", "building": "yes", "building_levels": null }, "geometry": { "type": "LineString", "coordinates": [ [ 85.377713, 28.277617 ], [ 85.377802, 28.277871 ], [ 85.378094, 28.277791 ], [ 85.378004, 28.277538 ], [ 85.377713, 28.277617 ] ] } },
{ "type": "Feature", "properties": { "name": null, "status": "Destroyed", "building": "yes", "building_levels": null }, "geometry": { "type": "LineString", "coordinates": [ [ 85.366872, 28.252534 ], [ 85.366927, 28.25253 ], [ 85.366923, 28.252485 ], [ 85.366867, 28.252489 ], [ 85.366872, 28.252534 ] ] } },
{ "type": "Feature", "properties": { "name": null, "status": "Destroyed", "building": "yes", "building_levels": null }, "geometry": { "type": "LineString", "coordinates": [ [ 85.366694, 28.255173 ], [ 85.366743, 28.255167 ], [ 85.366723, 28.255056 ], [ 85.366674, 28.255063 ], [ 85.366694, 28.255173 ] ] } },
{ "type": "Feature", "properties": { "name": null, "status": "Destroyed", "building": "yes", "building_levels": null }, "geometry": { "type": "LineString", "coordinates": [ [ 85.366426, 28.255624 ], [ 85.36649, 28.255621 ], [ 85.366487, 28.255562 ], [ 85.366423, 28.255565 ], [ 85.366426, 28.255624 ] ] } },
{ "type": "Feature", "properties": { "name": null, "status": "Destroyed", "building": "yes", "building_levels": null }, "geometry": { "type": "LineString", "coordinates": [ [ 85.365969, 28.25234 ], [ 85.365972, 28.252419 ], [ 85.366053, 28.252417 ], [ 85.36605, 28.252338 ], [ 85.365969, 28.25234 ] ] } },
{ "type": "Feature", "properties": { "name": null, "status": "Destroyed", "building": "yes", "building_levels": null }, "geometry": { "type": "LineString", "coordinates": [ [ 85.110585, 27.864861 ], [ 85.110644, 27.864943 ], [ 85.110701, 27.864911 ], [ 85.110642, 27.864829 ], [ 85.110585, 27.864861 ] ] } },
{ "type": "Feature", "properties": { "name": null, "status": "Destroyed", "building": "yes", "building_levels": null }, "geometry": { "type": "LineString", "coordinates": [ [ 85.185183, 27.971068 ], [ 85.185166, 27.971027 ], [ 85.18524, 27.971002 ], [ 85.185246, 27.971016 ], [ 85.185258, 27.971043 ], [ 85.185183, 27.971068 ] ] } },
{ "type": "Feature", "properties": { "name": null, "status": "Destroyed", "building": "yes", "building_levels": null }, "geometry": { "type": "LineString", "coordinates": [ [ 85.183811, 27.974715 ], [ 85.183859, 27.974717 ], [ 85.183862, 27.974675 ], [ 85.183814, 27.974672 ], [ 85.183811, 27.974715 ] ] } },
{ "type": "Feature", "properties": { "name": null, "status": "Destroyed", "building": "yes", "building_levels": null }, "geometry": { "type": "LineString", "coordinates": [ [ 85.184228, 27.96954 ], [ 85.184169, 27.96954 ], [ 85.18417, 27.969592 ], [ 85.184229, 27.969591 ], [ 85.184228, 27.96954 ] ] } },
{ "type": "Feature", "properties": { "name": null, "status": "Destroyed", "building": "yes", "building_levels": null }, "geometry": { "type": "LineString", "coordinates": [ [ 85.149632, 27.924665 ], [ 85.149681, 27.924529 ], [ 85.149587, 27.924502 ], [ 85.149538, 27.924639 ], [ 85.149632, 27.924665 ] ] } },
{ "type": "Feature", "properties": { "name": null, "status": "Destroyed", "building": "yes", "building_levels": null }, "geometry": { "type": "LineString", "coordinates": [ [ 85.15626, 27.939173 ], [ 85.156304, 27.939212 ], [ 85.156357, 27.939167 ], [ 85.156313, 27.939127 ], [ 85.15626, 27.939173 ] ] } },
{ "type": "Feature", "properties": { "name": null, "status": "Destroyed", "building": "yes", "building_levels": null }, "geometry": { "type": "LineString", "coordinates": [ [ 85.158601, 27.94262 ], [ 85.158635, 27.942659 ], [ 85.158686, 27.942624 ], [ 85.158652, 27.942585 ], [ 85.158601, 27.94262 ] ] } },
{ "type": "Feature", "properties": { "name": null, "status": "Destroyed", "building": "yes", "building_levels": null }, "geometry": { "type": "LineString", "coordinates": [ [ 85.147532, 27.929166 ], [ 85.147598, 27.929179 ], [ 85.147622, 27.929092 ], [ 85.147598, 27.929087 ], [ 85.147556, 27.929078 ], [ 85.147532, 27.929166 ] ] } },
{ "type": "Feature", "properties": { "name": null, "status": "Destroyed", "building": "yes", "building_levels": null }, "geometry": { "type": "LineString", "coordinates": [ [ 85.14896, 27.926235 ], [ 85.149026, 27.926223 ], [ 85.149008, 27.926138 ], [ 85.148941, 27.926149 ], [ 85.14896, 27.926235 ] ] } },
{ "type": "Feature", "properties": { "name": null, "status": "Destroyed", "building": "yes", "building_levels": null }, "geometry": { "type": "LineString", "coordinates": [ [ 85.377827, 28.280141 ], [ 85.378199, 28.280237 ], [ 85.378222, 28.280169 ], [ 85.37785, 28.280073 ], [ 85.377827, 28.280141 ] ] } },
{ "type": "Feature", "properties": { "name": null, "status": "Destroyed", "building": "yes", "building_levels": null }, "geometry": { "type": "LineString", "coordinates": [ [ 85.378235, 28.279789 ], [ 85.378172, 28.27974 ], [ 85.378324, 28.279589 ], [ 85.378387, 28.279638 ], [ 85.378235, 28.279789 ] ] } },
{ "type": "Feature", "properties": { "name": null, "status": "Destroyed", "building": "yes", "building_levels": null }, "geometry": { "type": "LineString", "coordinates": [ [ 85.341253, 28.180889 ], [ 85.34126, 28.180935 ], [ 85.341304, 28.180929 ], [ 85.341297, 28.180884 ], [ 85.341253, 28.180889 ] ] } },
{ "type": "Feature", "properties": { "name": null, "status": "Destroyed", "building": "yes", "building_levels": null }, "geometry": { "type": "LineString", "coordinates": [ [ 85.376348, 28.269636 ], [ 85.376448, 28.269884 ], [ 85.376366, 28.269909 ], [ 85.376266, 28.269662 ], [ 85.376348, 28.269636 ] ] } },
{ "type": "Feature", "properties": { "name": null, "status": "Destroyed", "building": "yes", "building_levels": null }, "geometry": { "type": "LineString", "coordinates": [ [ 85.36736, 28.257968 ], [ 85.367446, 28.257911 ], [ 85.367527, 28.257993 ], [ 85.367432, 28.258057 ], [ 85.36736, 28.257968 ] ] } },
{ "type": "Feature", "properties": { "name": null, "status": "Destroyed", "building": "yes", "building_levels": null }, "geometry": { "type": "LineString", "coordinates": [ [ 85.375039, 28.265307 ], [ 85.375066, 28.265274 ], [ 85.375101, 28.265296 ], [ 85.375074, 28.265329 ], [ 85.375039, 28.265307 ] ] } },
{ "type": "Feature", "properties": { "name": null, "status": "Destroyed", "building": "yes", "building_levels": null }, "geometry": { "type": "LineString", "coordinates": [ [ 85.366771, 28.253991 ], [ 85.366813, 28.253988 ], [ 85.366808, 28.253943 ], [ 85.366805, 28.253915 ], [ 85.366763, 28.253919 ], [ 85.366771, 28.253991 ] ] } },
{ "type": "Feature", "properties": { "name": null, "status": "Destroyed", "building": "yes", "building_levels": null }, "geometry": { "type": "LineString", "coordinates": [ [ 85.36678, 28.254263 ], [ 85.366866, 28.254258 ], [ 85.36686, 28.254185 ], [ 85.366774, 28.25419 ], [ 85.36678, 28.254263 ] ] } },
{ "type": "Feature", "properties": { "name": null, "status": "Destroyed", "building": "yes", "building_levels": null }, "geometry": { "type": "LineString", "coordinates": [ [ 85.376554, 28.265321 ], [ 85.376576, 28.265355 ], [ 85.376652, 28.265315 ], [ 85.376629, 28.265281 ], [ 85.376554, 28.265321 ] ] } },
{ "type": "Feature", "properties": { "name": null, "status": "Destroyed", "building": "yes", "building_levels": null }, "geometry": { "type": "LineString", "coordinates": [ [ 85.375965, 28.265671 ], [ 85.376047, 28.265737 ], [ 85.376126, 28.265662 ], [ 85.376044, 28.265595 ], [ 85.375965, 28.265671 ] ] } },
{ "type": "Feature", "properties": { "name": null, "status": "Destroyed", "building": "yes", "building_levels": null }, "geometry": { "type": "LineString", "coordinates": [ [ 85.374087, 28.264058 ], [ 85.374128, 28.264076 ], [ 85.374199, 28.26395 ], [ 85.374158, 28.263932 ], [ 85.374087, 28.264058 ] ] } },
{ "type": "Feature", "properties": { "name": null, "status": "Destroyed", "building": "yes", "building_levels": null }, "geometry": { "type": "LineString", "coordinates": [ [ 85.366338, 28.253564 ], [ 85.366385, 28.253559 ], [ 85.366378, 28.253506 ], [ 85.366331, 28.25351 ], [ 85.366338, 28.253564 ] ] } },
{ "type": "Feature", "properties": { "name": null, "status": "Destroyed", "building": "yes", "building_levels": null }, "geometry": { "type": "LineString", "coordinates": [ [ 85.37006, 28.25967 ], [ 85.370116, 28.259628 ], [ 85.370148, 28.259663 ], [ 85.370093, 28.259704 ], [ 85.37006, 28.25967 ] ] } },
{ "type": "Feature", "properties": { "name": null, "status": "Destroyed", "building": "yes", "building_levels": null }, "geometry": { "type": "LineString", "coordinates": [ [ 85.366629, 28.254433 ], [ 85.366683, 28.254435 ], [ 85.366685, 28.254366 ], [ 85.366631, 28.254365 ], [ 85.366629, 28.254433 ] ] } },
{ "type": "Feature", "properties": { "name": null, "status": "Destroyed", "building": "yes", "building_levels": null }, "geometry": { "type": "LineString", "coordinates": [ [ 85.364486, 28.252225 ], [ 85.364664, 28.252218 ], [ 85.364659, 28.252124 ], [ 85.364481, 28.252131 ], [ 85.364486, 28.252225 ] ] } },
{ "type": "Feature", "properties": { "name": null, "status": "Destroyed", "building": "yes", "building_levels": null }, "geometry": { "type": "LineString", "coordinates": [ [ 85.366765, 28.257239 ], [ 85.366796, 28.257234 ], [ 85.366775, 28.257127 ], [ 85.366743, 28.257131 ], [ 85.366765, 28.257239 ] ] } },
{ "type": "Feature", "properties": { "name": null, "status": "Destroyed", "building": "yes", "building_levels": null }, "geometry": { "type": "LineString", "coordinates": [ [ 85.110614, 27.860995 ], [ 85.110695, 27.8611 ], [ 85.110948, 27.860948 ], [ 85.110867, 27.860843 ], [ 85.110614, 27.860995 ] ] } },
{ "type": "Feature", "properties": { "name": null, "status": "Destroyed", "building": "yes", "building_levels": null }, "geometry": { "type": "LineString", "coordinates": [ [ 85.070422, 27.855891 ], [ 85.070481, 27.855881 ], [ 85.07047, 27.855829 ], [ 85.070411, 27.855839 ], [ 85.070422, 27.855891 ] ] } },
{ "type": "Feature", "properties": { "name": null, "status": "Destroyed", "building": "yes", "building_levels": null }, "geometry": { "type": "LineString", "coordinates": [ [ 85.070245, 27.8559 ], [ 85.070308, 27.855894 ], [ 85.070297, 27.855809 ], [ 85.070234, 27.855815 ], [ 85.070245, 27.8559 ] ] } },
{ "type": "Feature", "properties": { "name": null, "status": "Destroyed", "building": "yes", "building_levels": null }, "geometry": { "type": "LineString", "coordinates": [ [ 85.072415, 27.854406 ], [ 85.072471, 27.854371 ], [ 85.072439, 27.854331 ], [ 85.072383, 27.854367 ], [ 85.072415, 27.854406 ] ] } },
{ "type": "Feature", "properties": { "name": null, "status": "Destroyed", "building": "yes", "building_levels": null }, "geometry": { "type": "LineString", "coordinates": [ [ 85.172256, 27.962374 ], [ 85.172327, 27.962301 ], [ 85.172267, 27.962255 ], [ 85.172195, 27.962328 ], [ 85.172256, 27.962374 ] ] } },
{ "type": "Feature", "properties": { "name": null, "status": "Destroyed", "building": "yes", "building_levels": null }, "geometry": { "type": "LineString", "coordinates": [ [ 85.163846, 27.948212 ], [ 85.163882, 27.948338 ], [ 85.163814, 27.948352 ], [ 85.163779, 27.948227 ], [ 85.163846, 27.948212 ] ] } },
{ "type": "Feature", "properties": { "name": null, "status": "Destroyed", "building": "house", "building_levels": null }, "geometry": { "type": "LineString", "coordinates": [ [ 85.179863, 27.968082 ], [ 85.179967, 27.968073 ], [ 85.179956, 27.967975 ], [ 85.179852, 27.967985 ], [ 85.179863, 27.968082 ] ] } },
{ "type": "Feature", "properties": { "name": null, "status": "Destroyed", "building": "yes", "building_levels": null }, "geometry": { "type": "LineString", "coordinates": [ [ 85.163518, 27.956375 ], [ 85.163539, 27.956376 ], [ 85.16354, 27.956328 ], [ 85.16352, 27.956328 ], [ 85.163518, 27.956375 ] ] } },
{ "type": "Feature", "properties": { "name": null, "status": "Destroyed", "building": "yes", "building_levels": null }, "geometry": { "type": "LineString", "coordinates": [ [ 85.172133, 27.96504 ], [ 85.172162, 27.964997 ], [ 85.172255, 27.965045 ], [ 85.172227, 27.965089 ], [ 85.172133, 27.96504 ] ] } },
{ "type": "Feature", "properties": { "name": null, "status": "Destroyed", "building": "yes", "building_levels": null }, "geometry": { "type": "LineString", "coordinates": [ [ 85.179958, 27.968504 ], [ 85.179982, 27.968576 ], [ 85.180036, 27.968562 ], [ 85.180012, 27.96849 ], [ 85.179958, 27.968504 ] ] } },
{ "type": "Feature", "properties": { "name": null, "status": "Destroyed", "building": "yes", "building_levels": null }, "geometry": { "type": "LineString", "coordinates": [ [ 85.17993, 27.967692 ], [ 85.179936, 27.967664 ], [ 85.179984, 27.967672 ], [ 85.179978, 27.9677 ], [ 85.17993, 27.967692 ] ] } },
{ "type": "Feature", "properties": { "name": null, "status": "Destroyed", "building": "yes", "building_levels": null }, "geometry": { "type": "LineString", "coordinates": [ [ 85.357785, 28.239181 ], [ 85.35781, 28.239181 ], [ 85.357856, 28.23918 ], [ 85.357856, 28.239154 ], [ 85.357811, 28.239155 ], [ 85.357785, 28.239155 ], [ 85.357785, 28.239181 ] ] } },
{ "type": "Feature", "properties": { "name": null, "status": "Destroyed", "building": "yes", "building_levels": null }, "geometry": { "type": "LineString", "coordinates": [ [ 85.343039, 28.164587 ], [ 85.34308, 28.164617 ], [ 85.343122, 28.164571 ], [ 85.343081, 28.164541 ], [ 85.343039, 28.164587 ] ] } },
{ "type": "Feature", "properties": { "name": null, "status": "Destroyed", "building": "yes", "building_levels": null }, "geometry": { "type": "LineString", "coordinates": [ [ 85.343049, 28.164327 ], [ 85.343108, 28.164378 ], [ 85.343193, 28.164302 ], [ 85.343135, 28.164251 ], [ 85.343049, 28.164327 ] ] } },
{ "type": "Feature", "properties": { "name": null, "status": "Destroyed", "building": "yes", "building_levels": null }, "geometry": { "type": "LineString", "coordinates": [ [ 85.343308, 28.164151 ], [ 85.343352, 28.164187 ], [ 85.34341, 28.164131 ], [ 85.343366, 28.164095 ], [ 85.343308, 28.164151 ] ] } },
{ "type": "Feature", "properties": { "name": null, "status": "Destroyed", "building": "yes", "building_levels": null }, "geometry": { "type": "LineString", "coordinates": [ [ 85.343493, 28.164134 ], [ 85.343518, 28.164161 ], [ 85.343564, 28.164128 ], [ 85.343539, 28.1641 ], [ 85.343493, 28.164134 ] ] } },
{ "type": "Feature", "properties": { "name": null, "status": "Destroyed", "building": "yes", "building_levels": null }, "geometry": { "type": "LineString", "coordinates": [ [ 85.34139, 28.165083 ], [ 85.341448, 28.165106 ], [ 85.341435, 28.165132 ], [ 85.34148, 28.16515 ], [ 85.341508, 28.165095 ], [ 85.341405, 28.165054 ], [ 85.34139, 28.165083 ] ] } },
{ "type": "Feature", "properties": { "name": null, "status": "Destroyed", "building": "yes", "building_levels": null }, "geometry": { "type": "LineString", "coordinates": [ [ 85.361996, 28.24605 ], [ 85.362087, 28.246113 ], [ 85.36216, 28.246031 ], [ 85.362069, 28.245968 ], [ 85.361996, 28.24605 ] ] } },
{ "type": "Feature", "properties": { "name": null, "status": "Destroyed", "building": "yes", "building_levels": null }, "geometry": { "type": "LineString", "coordinates": [ [ 85.362147, 28.246164 ], [ 85.362207, 28.246211 ], [ 85.362299, 28.246119 ], [ 85.362238, 28.246072 ], [ 85.362147, 28.246164 ] ] } },
{ "type": "Feature", "properties": { "name": null, "status": "Destroyed", "building": "yes", "building_levels": null }, "geometry": { "type": "LineString", "coordinates": [ [ 85.358462, 28.242521 ], [ 85.358432, 28.242449 ], [ 85.358367, 28.24247 ], [ 85.358397, 28.242542 ], [ 85.358462, 28.242521 ] ] } },
{ "type": "Feature", "properties": { "name": "Gosaikunda Gaunpalika office", "status": "Destroyed", "building": "yes", "building_levels": null }, "geometry": { "type": "LineString", "coordinates": [ [ 85.340812, 28.164967 ], [ 85.340976, 28.165026 ], [ 85.341004, 28.164965 ], [ 85.340841, 28.164906 ], [ 85.340812, 28.164967 ] ] } },
{ "type": "Feature", "properties": { "name": null, "status": "Destroyed", "building": "yes", "building_levels": null }, "geometry": { "type": "LineString", "coordinates": [ [ 85.336858, 28.162673 ], [ 85.336858, 28.162733 ], [ 85.336953, 28.162733 ], [ 85.336953, 28.162673 ], [ 85.336858, 28.162673 ] ] } },
{ "type": "Feature", "properties": { "name": null, "status": "Destroyed", "building": "yes", "building_levels": null }, "geometry": { "type": "LineString", "coordinates": [ [ 85.336209, 28.161055 ], [ 85.336244, 28.161113 ], [ 85.336283, 28.161095 ], [ 85.336248, 28.161037 ], [ 85.336209, 28.161055 ] ] } },
{ "type": "Feature", "properties": { "name": null, "status": "Destroyed", "building": "yes", "building_levels": null }, "geometry": { "type": "LineString", "coordinates": [ [ 85.33605, 28.161962 ], [ 85.33609, 28.161987 ], [ 85.336124, 28.161942 ], [ 85.336084, 28.161918 ], [ 85.33605, 28.161962 ] ] } },
{ "type": "Feature", "properties": { "name": null, "status": "Destroyed", "building": "house", "building_levels": null }, "geometry": { "type": "LineString", "coordinates": [ [ 85.357992, 28.236617 ], [ 85.358049, 28.236655 ], [ 85.35812, 28.236577 ], [ 85.358063, 28.236545 ], [ 85.357992, 28.236617 ] ] } },
{ "type": "Feature", "properties": { "name": null, "status": "Destroyed", "building": "yes", "building_levels": null }, "geometry": { "type": "LineString", "coordinates": [ [ 85.358795, 28.237827 ], [ 85.358846, 28.237734 ], [ 85.358885, 28.237751 ], [ 85.358834, 28.237843 ], [ 85.358795, 28.237827 ] ] } },
{ "type": "Feature", "properties": { "name": null, "status": "Destroyed", "building": "yes", "building_levels": null }, "geometry": { "type": "LineString", "coordinates": [ [ 85.343627, 28.163931 ], [ 85.343598, 28.163903 ], [ 85.343542, 28.163946 ], [ 85.34357, 28.163975 ], [ 85.343627, 28.163931 ] ] } },
{ "type": "Feature", "properties": { "name": null, "status": "Destroyed", "building": "yes", "building_levels": null }, "geometry": { "type": "LineString", "coordinates": [ [ 85.336172, 28.161012 ], [ 85.336136, 28.161024 ], [ 85.336162, 28.161081 ], [ 85.336198, 28.161069 ], [ 85.336172, 28.161012 ] ] } },
{ "type": "Feature", "properties": { "name": null, "status": "Destroyed", "building": "yes", "building_levels": null }, "geometry": { "type": "LineString", "coordinates": [ [ 85.342704, 28.164472 ], [ 85.342795, 28.164472 ], [ 85.342795, 28.164409 ], [ 85.342704, 28.164409 ], [ 85.342704, 28.164472 ] ] } },
{ "type": "Feature", "properties": { "name": null, "status": "Destroyed", "building": "yes", "building_levels": null }, "geometry": { "type": "LineString", "coordinates": [ [ 85.343545, 28.164203 ], [ 85.343568, 28.164204 ], [ 85.343569, 28.164183 ], [ 85.343559, 28.164183 ], [ 85.343546, 28.164182 ], [ 85.343545, 28.164203 ] ] } },
{ "type": "Feature", "properties": { "name": null, "status": "Destroyed", "building": "yes", "building_levels": null }, "geometry": { "type": "LineString", "coordinates": [ [ 85.343492, 28.164259 ], [ 85.343508, 28.164259 ], [ 85.343507, 28.164235 ], [ 85.343492, 28.164236 ], [ 85.343492, 28.164259 ] ] } },
{ "type": "Feature", "properties": { "name": null, "status": "Destroyed", "building": "yes", "building_levels": null }, "geometry": { "type": "LineString", "coordinates": [ [ 85.343339, 28.16444 ], [ 85.343368, 28.164458 ], [ 85.343386, 28.164436 ], [ 85.343357, 28.164418 ], [ 85.343339, 28.16444 ] ] } },
{ "type": "Feature", "properties": { "name": null, "status": "Destroyed", "building": "yes", "building_levels": null }, "geometry": { "type": "LineString", "coordinates": [ [ 85.365935, 28.252549 ], [ 85.365951, 28.252632 ], [ 85.366185, 28.252595 ], [ 85.366174, 28.252545 ], [ 85.366134, 28.252551 ], [ 85.366137, 28.252564 ], [ 85.365995, 28.252586 ], [ 85.365986, 28.252541 ], [ 85.365935, 28.252549 ] ] } },
{ "type": "Feature", "properties": { "name": null, "status": "Destroyed", "building": "yes", "building_levels": null }, "geometry": { "type": "LineString", "coordinates": [ [ 85.365916, 28.251537 ], [ 85.365955, 28.25146 ], [ 85.365992, 28.251388 ], [ 85.366036, 28.251406 ], [ 85.36596, 28.251555 ], [ 85.365916, 28.251537 ] ] } },
{ "type": "Feature", "properties": { "name": null, "status": "Destroyed", "building": "yes", "building_levels": null }, "geometry": { "type": "LineString", "coordinates": [ [ 85.366317, 28.252133 ], [ 85.366246, 28.252121 ], [ 85.366218, 28.252256 ], [ 85.366289, 28.252267 ], [ 85.366317, 28.252133 ] ] } },
{ "type": "Feature", "properties": { "name": null, "status": "Destroyed", "building": "yes", "building_levels": null }, "geometry": { "type": "LineString", "coordinates": [ [ 85.366638, 28.253559 ], [ 85.366837, 28.253572 ], [ 85.366843, 28.2535 ], [ 85.366644, 28.253487 ], [ 85.366638, 28.253559 ] ] } },
{ "type": "Feature", "properties": { "name": null, "status": "Destroyed", "building": "yes", "building_levels": null }, "geometry": { "type": "LineString", "coordinates": [ [ 85.366529, 28.254447 ], [ 85.366619, 28.254447 ], [ 85.366618, 28.254374 ], [ 85.366578, 28.254374 ], [ 85.366577, 28.254261 ], [ 85.366528, 28.254262 ], [ 85.366529, 28.254447 ] ] } },
{ "type": "Feature", "properties": { "name": null, "status": "Destroyed", "building": "yes", "building_levels": null }, "geometry": { "type": "LineString", "coordinates": [ [ 85.364809, 28.252838 ], [ 85.364812, 28.252876 ], [ 85.364856, 28.252874 ], [ 85.364853, 28.252836 ], [ 85.364809, 28.252838 ] ] } },
{ "type": "Feature", "properties": { "name": null, "status": "Destroyed", "building": "yes", "building_levels": null }, "geometry": { "type": "LineString", "coordinates": [ [ 85.364804, 28.253098 ], [ 85.364826, 28.253096 ], [ 85.364816, 28.25299 ], [ 85.364524, 28.25301 ], [ 85.364534, 28.253116 ], [ 85.364662, 28.253107 ], [ 85.364674, 28.253244 ], [ 85.364816, 28.253234 ], [ 85.364804, 28.253098 ] ] } },
{ "type": "Feature", "properties": { "name": null, "status": "Destroyed", "building": "yes", "building_levels": null }, "geometry": { "type": "LineString", "coordinates": [ [ 85.36448, 28.252243 ], [ 85.36448, 28.252318 ], [ 85.364616, 28.252319 ], [ 85.364617, 28.252244 ], [ 85.36448, 28.252243 ] ] } },
{ "type": "Feature", "properties": { "name": null, "status": "Destroyed", "building": "retail", "building_levels": null }, "geometry": { "type": "LineString", "coordinates": [ [ 85.366096, 28.253341 ], [ 85.366095, 28.253453 ], [ 85.36613, 28.253453 ], [ 85.366131, 28.253341 ], [ 85.366096, 28.253341 ] ] } },
{ "type": "Feature", "properties": { "name": null, "status": "Destroyed", "building": "yes", "building_levels": null }, "geometry": { "type": "LineString", "coordinates": [ [ 85.366243, 28.253804 ], [ 85.36624, 28.253973 ], [ 85.366286, 28.253973 ], [ 85.366288, 28.253804 ], [ 85.366243, 28.253804 ] ] } },
{ "type": "Feature", "properties": { "name": null, "status": "Destroyed", "building": "yes", "building_levels": null }, "geometry": { "type": "LineString", "coordinates": [ [ 85.366887, 28.254527 ], [ 85.366893, 28.254619 ], [ 85.366994, 28.254613 ], [ 85.366988, 28.254521 ], [ 85.366887, 28.254527 ] ] } },
{ "type": "Feature", "properties": { "name": null, "status": "Destroyed", "building": "yes", "building_levels": null }, "geometry": { "type": "LineString", "coordinates": [ [ 85.364747, 28.254224 ], [ 85.364756, 28.254273 ], [ 85.364811, 28.254265 ], [ 85.364802, 28.254216 ], [ 85.364747, 28.254224 ] ] } },
{ "type": "Feature", "properties": { "name": null, "status": "Destroyed", "building": "yes", "building_levels": null }, "geometry": { "type": "LineString", "coordinates": [ [ 85.366598, 28.252541 ], [ 85.366621, 28.25261 ], [ 85.366687, 28.252593 ], [ 85.366664, 28.252524 ], [ 85.366598, 28.252541 ] ] } },
{ "type": "Feature", "properties": { "name": null, "status": "Destroyed", "building": "retail", "building_levels": null }, "geometry": { "type": "LineString", "coordinates": [ [ 85.366552, 28.255222 ], [ 85.366556, 28.255335 ], [ 85.366628, 28.255333 ], [ 85.366624, 28.25522 ], [ 85.366552, 28.255222 ] ] } },
{ "type": "Feature", "properties": { "name": null, "status": "Destroyed", "building": "yes", "building_levels": null }, "geometry": { "type": "LineString", "coordinates": [ [ 85.366724, 28.255902 ], [ 85.366733, 28.255927 ], [ 85.366806, 28.255907 ], [ 85.366796, 28.255882 ], [ 85.366724, 28.255902 ] ] } },
{ "type": "Feature", "properties": { "name": null, "status": "Destroyed", "building": "yes", "building_levels": null }, "geometry": { "type": "LineString", "coordinates": [ [ 85.366441, 28.254549 ], [ 85.366483, 28.254536 ], [ 85.366466, 28.254494 ], [ 85.366424, 28.254507 ], [ 85.366441, 28.254549 ] ] } },
{ "type": "Feature", "properties": { "name": null, "status": "Destroyed", "building": "yes", "building_levels": null }, "geometry": { "type": "LineString", "coordinates": [ [ 85.366449, 28.254568 ], [ 85.366462, 28.254649 ], [ 85.366499, 28.254645 ], [ 85.366485, 28.254563 ], [ 85.366449, 28.254568 ] ] } },
{ "type": "Feature", "properties": { "name": null, "status": "Destroyed", "building": "yes", "building_levels": null }, "geometry": { "type": "LineString", "coordinates": [ [ 85.366237, 28.254146 ], [ 85.366268, 28.254142 ], [ 85.366257, 28.254067 ], [ 85.366226, 28.25407 ], [ 85.366237, 28.254146 ] ] } },
{ "type": "Feature", "properties": { "name": null, "status": "Destroyed", "building": "yes", "building_levels": null }, "geometry": { "type": "LineString", "coordinates": [ [ 85.366917, 28.252436 ], [ 85.366951, 28.252447 ], [ 85.366971, 28.252398 ], [ 85.366937, 28.252387 ], [ 85.366917, 28.252436 ] ] } },
{ "type": "Feature", "properties": { "name": null, "status": "Destroyed", "building": "yes", "building_levels": null }, "geometry": { "type": "LineString", "coordinates": [ [ 85.365978, 28.251899 ], [ 85.366045, 28.251919 ], [ 85.366065, 28.251867 ], [ 85.365998, 28.251847 ], [ 85.365978, 28.251899 ] ] } },
{ "type": "Feature", "properties": { "name": null, "status": "Destroyed", "building": "yes", "building_levels": null }, "geometry": { "type": "LineString", "coordinates": [ [ 85.366118, 28.250821 ], [ 85.366128, 28.250864 ], [ 85.366204, 28.25085 ], [ 85.366175, 28.250794 ], [ 85.366118, 28.250821 ] ] } },
{ "type": "Feature", "properties": { "name": null, "status": "Destroyed", "building": "yes", "building_levels": null }, "geometry": { "type": "LineString", "coordinates": [ [ 85.366953, 28.254785 ], [ 85.366965, 28.254816 ], [ 85.367026, 28.254797 ], [ 85.367014, 28.254766 ], [ 85.366953, 28.254785 ] ] } },
{ "type": "Feature", "properties": { "name": null, "status": "Destroyed", "building": "yes", "building_levels": null }, "geometry": { "type": "LineString", "coordinates": [ [ 85.367072, 28.25468 ], [ 85.36708, 28.254776 ], [ 85.367172, 28.254769 ], [ 85.367164, 28.254674 ], [ 85.367072, 28.25468 ] ] } },
{ "type": "Feature", "properties": { "name": null, "status": "Destroyed", "building": "yes", "building_levels": null }, "geometry": { "type": "LineString", "coordinates": [ [ 85.366469, 28.2533 ], [ 85.366542, 28.253287 ], [ 85.366536, 28.253258 ], [ 85.366602, 28.253247 ], [ 85.366593, 28.253206 ], [ 85.366454, 28.25323 ], [ 85.366469, 28.2533 ] ] } },
{ "type": "Feature", "properties": { "name": null, "status": "Destroyed", "building": "yes", "building_levels": null }, "geometry": { "type": "LineString", "coordinates": [ [ 85.366689, 28.254173 ], [ 85.36682, 28.254165 ], [ 85.36681, 28.254045 ], [ 85.366765, 28.254048 ], [ 85.36676, 28.253993 ], [ 85.366675, 28.253998 ], [ 85.366689, 28.254173 ] ] } },
{ "type": "Feature", "properties": { "name": null, "status": "Destroyed", "building": "yes", "building_levels": null }, "geometry": { "type": "LineString", "coordinates": [ [ 85.366554, 28.253101 ], [ 85.366638, 28.253089 ], [ 85.366627, 28.253028 ], [ 85.366543, 28.253039 ], [ 85.366554, 28.253101 ] ] } },
{ "type": "Feature", "properties": { "name": null, "status": "Destroyed", "building": "yes", "building_levels": null }, "geometry": { "type": "LineString", "coordinates": [ [ 85.366546, 28.254202 ], [ 85.366598, 28.254199 ], [ 85.366597, 28.254179 ], [ 85.366545, 28.254182 ], [ 85.366546, 28.254202 ] ] } },
{ "type": "Feature", "properties": { "name": null, "status": "Destroyed", "building": "yes", "building_levels": null }, "geometry": { "type": "LineString", "coordinates": [ [ 85.366223, 28.2523 ], [ 85.366269, 28.2523 ], [ 85.366268, 28.252267 ], [ 85.366222, 28.252267 ], [ 85.366223, 28.2523 ] ] } },
{ "type": "Feature", "properties": { "name": null, "status": "Destroyed", "building": "yes", "building_levels": null }, "geometry": { "type": "LineString", "coordinates": [ [ 85.366108, 28.252148 ], [ 85.366173, 28.252178 ], [ 85.36623, 28.25208 ], [ 85.366165, 28.25205 ], [ 85.366108, 28.252148 ] ] } },
{ "type": "Feature", "properties": { "name": null, "status": "Destroyed", "building": "yes", "building_levels": null }, "geometry": { "type": "LineString", "coordinates": [ [ 85.366914, 28.254407 ], [ 85.366958, 28.254406 ], [ 85.366956, 28.254359 ], [ 85.366912, 28.25436 ], [ 85.366914, 28.254407 ] ] } },
{ "type": "Feature", "properties": { "name": null, "status": "Destroyed", "building": "yes", "building_levels": null }, "geometry": { "type": "LineString", "coordinates": [ [ 85.36687, 28.254822 ], [ 85.366954, 28.254805 ], [ 85.366916, 28.254659 ], [ 85.366832, 28.254676 ], [ 85.36687, 28.254822 ] ] } },
{ "type": "Feature", "properties": { "name": null, "status": "Destroyed", "building": "yes", "building_levels": null }, "geometry": { "type": "LineString", "coordinates": [ [ 85.365909, 28.255361 ], [ 85.365982, 28.25536 ], [ 85.365979, 28.255206 ], [ 85.365906, 28.255207 ], [ 85.365909, 28.255361 ] ] } },
{ "type": "Feature", "properties": { "name": null, "status": "Destroyed", "building": "yes", "building_levels": null }, "geometry": { "type": "LineString", "coordinates": [ [ 85.366841, 28.256798 ], [ 85.366879, 28.256783 ], [ 85.36683, 28.256685 ], [ 85.366792, 28.2567 ], [ 85.366841, 28.256798 ] ] } },
{ "type": "Feature", "properties": { "name": null, "status": "Destroyed", "building": "yes", "building_levels": null }, "geometry": { "type": "LineString", "coordinates": [ [ 85.366558, 28.256654 ], [ 85.366601, 28.256646 ], [ 85.36659, 28.256595 ], [ 85.366547, 28.256602 ], [ 85.366558, 28.256654 ] ] } },
{ "type": "Feature", "properties": { "name": null, "status": "Destroyed", "building": "yes", "building_levels": null }, "geometry": { "type": "LineString", "coordinates": [ [ 85.366501, 28.256668 ], [ 85.366536, 28.256654 ], [ 85.366508, 28.256598 ], [ 85.366473, 28.256612 ], [ 85.366501, 28.256668 ] ] } },
{ "type": "Feature", "properties": { "name": null, "status": "Destroyed", "building": "yes", "building_levels": null }, "geometry": { "type": "LineString", "coordinates": [ [ 85.365776, 28.255159 ], [ 85.36595, 28.255114 ], [ 85.36573, 28.254447 ], [ 85.365556, 28.254491 ], [ 85.365776, 28.255159 ] ] } },
{ "type": "Feature", "properties": { "name": null, "status": "Destroyed", "building": "yes", "building_levels": null }, "geometry": { "type": "LineString", "coordinates": [ [ 85.171369, 27.964688 ], [ 85.171398, 27.964637 ], [ 85.171307, 27.964597 ], [ 85.171278, 27.964648 ], [ 85.171369, 27.964688 ] ] } },
{ "type": "Feature", "properties": { "name": null, "status": "Destroyed", "building": "yes", "building_levels": null }, "geometry": { "type": "LineString", "coordinates": [ [ 85.172147, 27.965255 ], [ 85.172081, 27.965227 ], [ 85.172119, 27.965156 ], [ 85.172185, 27.965184 ], [ 85.172147, 27.965255 ] ] } },
{ "type": "Feature", "properties": { "name": null, "status": "Destroyed", "building": "yes", "building_levels": null }, "geometry": { "type": "LineString", "coordinates": [ [ 85.171062, 27.964558 ], [ 85.171003, 27.964529 ], [ 85.171036, 27.964478 ], [ 85.171095, 27.964507 ], [ 85.171062, 27.964558 ] ] } },
{ "type": "Feature", "properties": { "name": null, "status": "Destroyed", "building": "yes", "building_levels": null }, "geometry": { "type": "LineString", "coordinates": [ [ 85.184517, 27.974608 ], [ 85.184486, 27.974639 ], [ 85.184422, 27.974588 ], [ 85.184453, 27.974557 ], [ 85.184517, 27.974608 ] ] } },
{ "type": "Feature", "properties": { "name": null, "status": "Destroyed", "building": "yes", "building_levels": null }, "geometry": { "type": "LineString", "coordinates": [ [ 85.185104, 27.97077 ], [ 85.18521, 27.970742 ], [ 85.185169, 27.970622 ], [ 85.185063, 27.97065 ], [ 85.185104, 27.97077 ] ] } },
{ "type": "Feature", "properties": { "name": null, "status": "Destroyed", "building": "yes", "building_levels": null }, "geometry": { "type": "LineString", "coordinates": [ [ 85.170096, 27.960296 ], [ 85.1702, 27.960219 ], [ 85.170114, 27.960128 ], [ 85.17007, 27.96016 ], [ 85.170076, 27.960166 ], [ 85.170054, 27.960182 ], [ 85.170087, 27.960217 ], [ 85.170075, 27.960226 ], [ 85.170066, 27.960216 ], [ 85.17004, 27.960235 ], [ 85.170096, 27.960296 ] ] } },
{ "type": "Feature", "properties": { "name": null, "status": "Destroyed", "building": "yes", "building_levels": null }, "geometry": { "type": "LineString", "coordinates": [ [ 85.174987, 27.966759 ], [ 85.175026, 27.966729 ], [ 85.17499, 27.966691 ], [ 85.174951, 27.96672 ], [ 85.174987, 27.966759 ] ] } },
{ "type": "Feature", "properties": { "name": null, "status": "Destroyed", "building": "yes", "building_levels": null }, "geometry": { "type": "LineString", "coordinates": [ [ 85.176391, 27.967222 ], [ 85.176417, 27.967174 ], [ 85.176361, 27.96715 ], [ 85.176335, 27.967198 ], [ 85.176391, 27.967222 ] ] } },
{ "type": "Feature", "properties": { "name": null, "status": "Destroyed", "building": "yes", "building_levels": null }, "geometry": { "type": "LineString", "coordinates": [ [ 85.174257, 27.966319 ], [ 85.174217, 27.966302 ], [ 85.174246, 27.966251 ], [ 85.174286, 27.966268 ], [ 85.174257, 27.966319 ] ] } },
{ "type": "Feature", "properties": { "name": null, "status": "Destroyed", "building": "yes", "building_levels": null }, "geometry": { "type": "LineString", "coordinates": [ [ 85.177273, 27.969384 ], [ 85.177249, 27.969408 ], [ 85.177203, 27.969373 ], [ 85.177226, 27.969348 ], [ 85.177273, 27.969384 ] ] } },
{ "type": "Feature", "properties": { "name": null, "status": "Destroyed", "building": "yes", "building_levels": null }, "geometry": { "type": "LineString", "coordinates": [ [ 85.174191, 27.96609 ], [ 85.174086, 27.966045 ], [ 85.174113, 27.965997 ], [ 85.174217, 27.966042 ], [ 85.174191, 27.96609 ] ] } },
{ "type": "Feature", "properties": { "name": null, "status": "Destroyed", "building": "yes", "building_levels": null }, "geometry": { "type": "LineString", "coordinates": [ [ 85.171992, 27.962453 ], [ 85.172026, 27.962471 ], [ 85.172055, 27.962429 ], [ 85.172021, 27.96241 ], [ 85.171992, 27.962453 ] ] } },
{ "type": "Feature", "properties": { "name": null, "status": "Destroyed", "building": "yes", "building_levels": null }, "geometry": { "type": "LineString", "coordinates": [ [ 85.172388, 27.962497 ], [ 85.172411, 27.962463 ], [ 85.172354, 27.962433 ], [ 85.172331, 27.962467 ], [ 85.172388, 27.962497 ] ] } },
{ "type": "Feature", "properties": { "name": null, "status": "Destroyed", "building": "yes", "building_levels": null }, "geometry": { "type": "LineString", "coordinates": [ [ 85.175326, 27.967369 ], [ 85.175286, 27.967345 ], [ 85.175322, 27.967299 ], [ 85.175361, 27.967323 ], [ 85.175326, 27.967369 ] ] } },
{ "type": "Feature", "properties": { "name": null, "status": "Destroyed", "building": "yes", "building_levels": null }, "geometry": { "type": "LineString", "coordinates": [ [ 85.17343, 27.965633 ], [ 85.173457, 27.965608 ], [ 85.173423, 27.965581 ], [ 85.173397, 27.965605 ], [ 85.17343, 27.965633 ] ] } },
{ "type": "Feature", "properties": { "name": null, "status": "Destroyed", "building": "yes", "building_levels": null }, "geometry": { "type": "LineString", "coordinates": [ [ 85.180434, 27.968939 ], [ 85.180401, 27.969008 ], [ 85.180453, 27.969028 ], [ 85.180517, 27.968897 ], [ 85.18043, 27.968864 ], [ 85.1804, 27.968926 ], [ 85.180434, 27.968939 ] ] } },
{ "type": "Feature", "properties": { "name": null, "status": "Destroyed", "building": "house", "building_levels": null }, "geometry": { "type": "LineString", "coordinates": [ [ 85.179773, 27.968369 ], [ 85.179847, 27.968304 ], [ 85.1798, 27.968262 ], [ 85.179726, 27.968326 ], [ 85.179773, 27.968369 ] ] } },
{ "type": "Feature", "properties": { "name": null, "status": "Destroyed", "building": "yes", "building_levels": null }, "geometry": { "type": "LineString", "coordinates": [ [ 85.184794, 27.974532 ], [ 85.184873, 27.974546 ], [ 85.184882, 27.974506 ], [ 85.184803, 27.974492 ], [ 85.184794, 27.974532 ] ] } },
{ "type": "Feature", "properties": { "name": null, "status": "Destroyed", "building": "yes", "building_levels": null }, "geometry": { "type": "LineString", "coordinates": [ [ 85.184725, 27.974195 ], [ 85.184764, 27.974213 ], [ 85.184777, 27.974191 ], [ 85.184738, 27.974174 ], [ 85.184725, 27.974195 ] ] } },
{ "type": "Feature", "properties": { "name": null, "status": "Destroyed", "building": "yes", "building_levels": null }, "geometry": { "type": "LineString", "coordinates": [ [ 85.17033, 27.960434 ], [ 85.170363, 27.960459 ], [ 85.170413, 27.960409 ], [ 85.17038, 27.960384 ], [ 85.17033, 27.960434 ] ] } },
{ "type": "Feature", "properties": { "name": null, "status": "Destroyed", "building": "yes", "building_levels": null }, "geometry": { "type": "LineString", "coordinates": [ [ 85.171243, 27.960881 ], [ 85.171283, 27.960959 ], [ 85.171391, 27.960915 ], [ 85.17135, 27.960837 ], [ 85.171243, 27.960881 ] ] } },
{ "type": "Feature", "properties": { "name": null, "status": "Destroyed", "building": "yes", "building_levels": null }, "geometry": { "type": "LineString", "coordinates": [ [ 85.172432, 27.962455 ], [ 85.172452, 27.962424 ], [ 85.172495, 27.962446 ], [ 85.172475, 27.962477 ], [ 85.172432, 27.962455 ] ] } },
{ "type": "Feature", "properties": { "name": null, "status": "Destroyed", "building": "yes", "building_levels": null }, "geometry": { "type": "LineString", "coordinates": [ [ 85.173527, 27.963426 ], [ 85.173556, 27.963457 ], [ 85.173508, 27.963493 ], [ 85.173478, 27.963462 ], [ 85.173527, 27.963426 ] ] } },
{ "type": "Feature", "properties": { "name": null, "status": "Destroyed", "building": "yes", "building_levels": null }, "geometry": { "type": "LineString", "coordinates": [ [ 85.179199, 27.967454 ], [ 85.179265, 27.967492 ], [ 85.179314, 27.967426 ], [ 85.179248, 27.967387 ], [ 85.179199, 27.967454 ] ] } },
{ "type": "Feature", "properties": { "name": null, "status": "Destroyed", "building": "yes", "building_levels": null }, "geometry": { "type": "LineString", "coordinates": [ [ 85.170102, 27.964465 ], [ 85.17014, 27.964502 ], [ 85.170189, 27.964463 ], [ 85.170151, 27.964426 ], [ 85.170102, 27.964465 ] ] } },
{ "type": "Feature", "properties": { "name": null, "status": "Destroyed", "building": "yes", "building_levels": null }, "geometry": { "type": "LineString", "coordinates": [ [ 85.171436, 27.964782 ], [ 85.171449, 27.964695 ], [ 85.171504, 27.964701 ], [ 85.171491, 27.964788 ], [ 85.171436, 27.964782 ] ] } },
{ "type": "Feature", "properties": { "name": null, "status": "Destroyed", "building": "yes", "building_levels": null }, "geometry": { "type": "LineString", "coordinates": [ [ 85.171364, 27.964869 ], [ 85.171362, 27.964908 ], [ 85.171436, 27.964912 ], [ 85.171439, 27.964872 ], [ 85.171364, 27.964869 ] ] } },
{ "type": "Feature", "properties": { "name": null, "status": "Destroyed", "building": "yes", "building_levels": null }, "geometry": { "type": "LineString", "coordinates": [ [ 85.171378, 27.964952 ], [ 85.171418, 27.96496 ], [ 85.171427, 27.964928 ], [ 85.171386, 27.96492 ], [ 85.171378, 27.964952 ] ] } },
{ "type": "Feature", "properties": { "name": null, "status": "Destroyed", "building": "yes", "building_levels": null }, "geometry": { "type": "LineString", "coordinates": [ [ 85.172684, 27.965445 ], [ 85.172742, 27.965495 ], [ 85.172805, 27.965443 ], [ 85.172745, 27.965396 ], [ 85.172684, 27.965445 ] ] } },
{ "type": "Feature", "properties": { "name": null, "status": "Destroyed", "building": "yes", "building_levels": null }, "geometry": { "type": "LineString", "coordinates": [ [ 85.183699, 27.969858 ], [ 85.183819, 27.969866 ], [ 85.183824, 27.969801 ], [ 85.183704, 27.969793 ], [ 85.183699, 27.969858 ] ] } },
{ "type": "Feature", "properties": { "name": null, "status": "Destroyed", "building": "yes", "building_levels": null }, "geometry": { "type": "LineString", "coordinates": [ [ 85.183086, 27.969658 ], [ 85.183184, 27.96966 ], [ 85.18319, 27.969419 ], [ 85.183092, 27.969417 ], [ 85.183086, 27.969658 ] ] } },
{ "type": "Feature", "properties": { "name": null, "status": "Destroyed", "building": "yes", "building_levels": null }, "geometry": { "type": "LineString", "coordinates": [ [ 85.183521, 27.969486 ], [ 85.183523, 27.96934 ], [ 85.183573, 27.969341 ], [ 85.183574, 27.969309 ], [ 85.183654, 27.96931 ], [ 85.183652, 27.969487 ], [ 85.183521, 27.969486 ] ] } },
{ "type": "Feature", "properties": { "name": null, "status": "Destroyed", "building": "yes", "building_levels": null }, "geometry": { "type": "LineString", "coordinates": [ [ 85.180339, 27.96843 ], [ 85.18038, 27.968476 ], [ 85.180425, 27.968446 ], [ 85.180384, 27.968399 ], [ 85.180339, 27.96843 ] ] } },
{ "type": "Feature", "properties": { "name": null, "status": "Destroyed", "building": "yes", "building_levels": null }, "geometry": { "type": "LineString", "coordinates": [ [ 85.180158, 27.968311 ], [ 85.180195, 27.968364 ], [ 85.18023, 27.968345 ], [ 85.180193, 27.968292 ], [ 85.180158, 27.968311 ] ] } },
{ "type": "Feature", "properties": { "name": null, "status": "Destroyed", "building": "yes", "building_levels": null }, "geometry": { "type": "LineString", "coordinates": [ [ 85.172015, 27.966178 ], [ 85.172004, 27.966092 ], [ 85.172173, 27.966077 ], [ 85.172183, 27.966163 ], [ 85.172015, 27.966178 ] ] } },
{ "type": "Feature", "properties": { "name": null, "status": "Destroyed", "building": "yes", "building_levels": null }, "geometry": { "type": "LineString", "coordinates": [ [ 85.182603, 27.969707 ], [ 85.182662, 27.969775 ], [ 85.18271, 27.969742 ], [ 85.182652, 27.969675 ], [ 85.182603, 27.969707 ] ] } },
{ "type": "Feature", "properties": { "name": null, "status": "Destroyed", "building": "yes", "building_levels": null }, "geometry": { "type": "LineString", "coordinates": [ [ 85.180967, 27.972592 ], [ 85.180921, 27.972607 ], [ 85.180944, 27.97266 ], [ 85.18099, 27.972644 ], [ 85.180967, 27.972592 ] ] } },
{ "type": "Feature", "properties": { "name": null, "status": "Destroyed", "building": "yes", "building_levels": null }, "geometry": { "type": "LineString", "coordinates": [ [ 85.179872, 27.968309 ], [ 85.179941, 27.96837 ], [ 85.179908, 27.9684 ], [ 85.179839, 27.968339 ], [ 85.179872, 27.968309 ] ] } },
{ "type": "Feature", "properties": { "name": null, "status": "Destroyed", "building": "yes", "building_levels": null }, "geometry": { "type": "LineString", "coordinates": [ [ 85.172835, 27.965103 ], [ 85.172924, 27.965142 ], [ 85.172948, 27.9651 ], [ 85.172859, 27.96506 ], [ 85.172835, 27.965103 ] ] } },
{ "type": "Feature", "properties": { "name": null, "status": "Destroyed", "building": "yes", "building_levels": null }, "geometry": { "type": "LineString", "coordinates": [ [ 85.182704, 27.969342 ], [ 85.182766, 27.969369 ], [ 85.182791, 27.969326 ], [ 85.182729, 27.969298 ], [ 85.182704, 27.969342 ] ] } },
{ "type": "Feature", "properties": { "name": null, "status": "Destroyed", "building": "yes", "building_levels": null }, "geometry": { "type": "LineString", "coordinates": [ [ 85.183964, 27.97211 ], [ 85.183983, 27.972158 ], [ 85.184044, 27.972139 ], [ 85.184025, 27.972091 ], [ 85.183964, 27.97211 ] ] } },
{ "type": "Feature", "properties": { "name": null, "status": "Damaged", "building": "yes", "building_levels": null }, "geometry": { "type": "LineString", "coordinates": [ [ 85.366901, 28.254353 ], [ 85.366956, 28.254351 ], [ 85.366953, 28.254293 ], [ 85.366899, 28.254295 ], [ 85.366901, 28.254353 ] ] } },
{ "type": "Feature", "properties": { "name": null, "status": "Destroyed", "building": "yes", "building_levels": null }, "geometry": { "type": "LineString", "coordinates": [ [ 85.357635, 28.238899 ], [ 85.3577, 28.238904 ], [ 85.357708, 28.238829 ], [ 85.357643, 28.238823 ], [ 85.357635, 28.238899 ] ] } },
{ "type": "Feature", "properties": { "name": null, "status": "Destroyed", "building": "yes", "building_levels": null }, "geometry": { "type": "LineString", "coordinates": [ [ 85.343042, 28.182907 ], [ 85.343118, 28.182903 ], [ 85.343115, 28.182847 ], [ 85.343039, 28.182851 ], [ 85.343042, 28.182907 ] ] } },
{ "type": "Feature", "properties": { "name": null, "status": "Destroyed", "building": "yes", "building_levels": null }, "geometry": { "type": "LineString", "coordinates": [ [ 85.338566, 28.163871 ], [ 85.338707, 28.16395 ], [ 85.338744, 28.163899 ], [ 85.338603, 28.163819 ], [ 85.338566, 28.163871 ] ] } },
{ "type": "Feature", "properties": { "name": null, "status": "Destroyed", "building": "yes", "building_levels": null }, "geometry": { "type": "LineString", "coordinates": [ [ 85.337178, 28.162989 ], [ 85.337224, 28.163054 ], [ 85.33726, 28.163035 ], [ 85.337214, 28.162969 ], [ 85.337178, 28.162989 ] ] } },
{ "type": "Feature", "properties": { "name": null, "status": "Destroyed", "building": "yes", "building_levels": null }, "geometry": { "type": "LineString", "coordinates": [ [ 85.336268, 28.16115 ], [ 85.33629, 28.161206 ], [ 85.336334, 28.161192 ], [ 85.336311, 28.161136 ], [ 85.336268, 28.16115 ] ] } },
{ "type": "Feature", "properties": { "name": null, "status": "Destroyed", "building": "yes", "building_levels": null }, "geometry": { "type": "LineString", "coordinates": [ [ 85.337264, 28.16291 ], [ 85.337273, 28.16295 ], [ 85.33732, 28.162941 ], [ 85.337311, 28.162902 ], [ 85.337264, 28.16291 ] ] } },
{ "type": "Feature", "properties": { "name": null, "status": "Destroyed", "building": "yes", "building_levels": null }, "geometry": { "type": "LineString", "coordinates": [ [ 85.337663, 28.163176 ], [ 85.337698, 28.163207 ], [ 85.337716, 28.163191 ], [ 85.337681, 28.16316 ], [ 85.337663, 28.163176 ] ] } },
{ "type": "Feature", "properties": { "name": null, "status": "Destroyed", "building": "yes", "building_levels": null }, "geometry": { "type": "LineString", "coordinates": [ [ 85.342447, 28.16458 ], [ 85.342377, 28.16452 ], [ 85.342323, 28.164568 ], [ 85.342393, 28.164629 ], [ 85.342447, 28.16458 ] ] } },
{ "type": "Feature", "properties": { "name": null, "status": "Destroyed", "building": "yes", "building_levels": null }, "geometry": { "type": "LineString", "coordinates": [ [ 85.34305, 28.164662 ], [ 85.343098, 28.164698 ], [ 85.343125, 28.164669 ], [ 85.343076, 28.164633 ], [ 85.34305, 28.164662 ] ] } },
{ "type": "Feature", "properties": { "name": null, "status": "Destroyed", "building": "yes", "building_levels": null }, "geometry": { "type": "LineString", "coordinates": [ [ 85.33584, 28.161797 ], [ 85.335886, 28.161769 ], [ 85.335832, 28.1617 ], [ 85.335786, 28.161728 ], [ 85.33584, 28.161797 ] ] } },
{ "type": "Feature", "properties": { "name": null, "status": "Destroyed", "building": "yes", "building_levels": null }, "geometry": { "type": "LineString", "coordinates": [ [ 85.342631, 28.164836 ], [ 85.342649, 28.164812 ], [ 85.342613, 28.164791 ], [ 85.342595, 28.164814 ], [ 85.342631, 28.164836 ] ] } },
{ "type": "Feature", "properties": { "name": null, "status": "Destroyed", "building": "yes", "building_levels": null }, "geometry": { "type": "LineString", "coordinates": [ [ 85.071236, 27.856218 ], [ 85.071273, 27.85621 ], [ 85.071259, 27.856161 ], [ 85.071222, 27.856169 ], [ 85.071236, 27.856218 ] ] } },
{ "type": "Feature", "properties": { "name": null, "status": "Destroyed", "building": "yes", "building_levels": null }, "geometry": { "type": "LineString", "coordinates": [ [ 85.070164, 27.856483 ], [ 85.070218, 27.856461 ], [ 85.070177, 27.856385 ], [ 85.070124, 27.856408 ], [ 85.070164, 27.856483 ] ] } },
{ "type": "Feature", "properties": { "name": null, "status": "Destroyed", "building": "yes", "building_levels": null }, "geometry": { "type": "LineString", "coordinates": [ [ 85.169988, 27.960072 ], [ 85.170007, 27.960089 ], [ 85.170037, 27.960062 ], [ 85.170018, 27.960045 ], [ 85.169988, 27.960072 ] ] } },
{ "type": "Feature", "properties": { "name": null, "status": "Destroyed", "building": "yes", "building_levels": null }, "geometry": { "type": "LineString", "coordinates": [ [ 85.179265, 27.967505 ], [ 85.179292, 27.967485 ], [ 85.179328, 27.967522 ], [ 85.179301, 27.967543 ], [ 85.179265, 27.967505 ] ] } },
{ "type": "Feature", "properties": { "name": null, "status": "Destroyed", "building": "yes", "building_levels": null }, "geometry": { "type": "LineString", "coordinates": [ [ 85.152182, 27.935452 ], [ 85.152102, 27.935383 ], [ 85.15218, 27.935312 ], [ 85.152261, 27.935381 ], [ 85.152182, 27.935452 ] ] } },
{ "type": "Feature", "properties": { "name": null, "status": "Destroyed", "building": "yes", "building_levels": null }, "geometry": { "type": "LineString", "coordinates": [ [ 85.156484, 27.939313 ], [ 85.156512, 27.939342 ], [ 85.156581, 27.939291 ], [ 85.156553, 27.939262 ], [ 85.156484, 27.939313 ] ] } },
{ "type": "Feature", "properties": { "name": null, "status": "Destroyed", "building": "yes", "building_levels": null }, "geometry": { "type": "LineString", "coordinates": [ [ 85.149028, 27.926254 ], [ 85.149028, 27.926299 ], [ 85.149091, 27.926299 ], [ 85.149091, 27.926254 ], [ 85.149028, 27.926254 ] ] } },
{ "type": "Feature", "properties": { "name": null, "status": "Destroyed", "building": "yes", "building_levels": null }, "geometry": { "type": "LineString", "coordinates": [ [ 85.336676, 28.16362 ], [ 85.336643, 28.16362 ], [ 85.336643, 28.163663 ], [ 85.336675, 28.163664 ], [ 85.336676, 28.16362 ] ] } },
{ "type": "Feature", "properties": { "name": null, "status": "Destroyed", "building": "yes", "building_levels": null }, "geometry": { "type": "LineString", "coordinates": [ [ 85.112762, 27.864327 ], [ 85.112812, 27.864294 ], [ 85.112761, 27.864233 ], [ 85.112711, 27.864265 ], [ 85.112762, 27.864327 ] ] } },
{ "type": "Feature", "properties": { "name": null, "status": "Destroyed", "building": "yes", "building_levels": null }, "geometry": { "type": "LineString", "coordinates": [ [ 85.340221, 28.182643 ], [ 85.340215, 28.182497 ], [ 85.340165, 28.182499 ], [ 85.340169, 28.182591 ], [ 85.340106, 28.182593 ], [ 85.340108, 28.182646 ], [ 85.340221, 28.182643 ] ] } },
{ "type": "Feature", "properties": { "name": null, "status": "Destroyed", "building": "yes", "building_levels": null }, "geometry": { "type": "LineString", "coordinates": [ [ 85.339827, 28.182697 ], [ 85.340096, 28.182681 ], [ 85.340089, 28.18259 ], [ 85.339941, 28.182599 ], [ 85.339933, 28.182495 ], [ 85.339812, 28.182502 ], [ 85.339827, 28.182697 ] ] } },
{ "type": "Feature", "properties": { "name": null, "status": "Destroyed", "building": "yes", "building_levels": null }, "geometry": { "type": "LineString", "coordinates": [ [ 85.341381, 28.181899 ], [ 85.341249, 28.181654 ], [ 85.341147, 28.181697 ], [ 85.341279, 28.181942 ], [ 85.341381, 28.181899 ] ] } },
{ "type": "Feature", "properties": { "name": null, "status": "Destroyed", "building": "yes", "building_levels": null }, "geometry": { "type": "LineString", "coordinates": [ [ 85.341342, 28.166172 ], [ 85.341417, 28.1661 ], [ 85.341377, 28.166067 ], [ 85.341338, 28.166104 ], [ 85.341275, 28.166053 ], [ 85.341239, 28.166088 ], [ 85.341342, 28.166172 ] ] } },
{ "type": "Feature", "properties": { "name": null, "status": "Destroyed", "building": "yes", "building_levels": null }, "geometry": { "type": "LineString", "coordinates": [ [ 85.341304, 28.165964 ], [ 85.34137, 28.165896 ], [ 85.341272, 28.165822 ], [ 85.341206, 28.165889 ], [ 85.341304, 28.165964 ] ] } },
{ "type": "Feature", "properties": { "name": null, "status": "Destroyed", "building": "yes", "building_levels": null }, "geometry": { "type": "LineString", "coordinates": [ [ 85.340928, 28.166703 ], [ 85.340969, 28.166734 ], [ 85.341002, 28.1667 ], [ 85.34096, 28.166669 ], [ 85.340928, 28.166703 ] ] } },
{ "type": "Feature", "properties": { "name": null, "status": "Destroyed", "building": "yes", "building_levels": null }, "geometry": { "type": "LineString", "coordinates": [ [ 85.111176, 27.860723 ], [ 85.111226, 27.8607 ], [ 85.11119, 27.86064 ], [ 85.11114, 27.860663 ], [ 85.111176, 27.860723 ] ] } },
{ "type": "Feature", "properties": { "name": null, "status": "Destroyed", "building": "yes", "building_levels": null }, "geometry": { "type": "LineString", "coordinates": [ [ 85.336843, 28.161273 ], [ 85.336798, 28.161283 ], [ 85.336823, 28.161372 ], [ 85.336868, 28.161362 ], [ 85.336843, 28.161273 ] ] } },
{ "type": "Feature", "properties": { "name": null, "status": "Destroyed", "building": "yes", "building_levels": null }, "geometry": { "type": "LineString", "coordinates": [ [ 85.337649, 28.163882 ], [ 85.337726, 28.163809 ], [ 85.337667, 28.163761 ], [ 85.337591, 28.163835 ], [ 85.337649, 28.163882 ] ] } },
{ "type": "Feature", "properties": { "name": null, "status": "Destroyed", "building": "yes", "building_levels": null }, "geometry": { "type": "LineString", "coordinates": [ [ 85.336796, 28.161422 ], [ 85.336751, 28.161295 ], [ 85.33655, 28.161351 ], [ 85.336562, 28.161387 ], [ 85.336555, 28.161389 ], [ 85.336573, 28.161439 ], [ 85.336652, 28.161417 ], [ 85.336666, 28.161458 ], [ 85.336796, 28.161422 ] ] } },
{ "type": "Feature", "properties": { "name": null, "status": "Destroyed", "building": "yes", "building_levels": null }, "geometry": { "type": "LineString", "coordinates": [ [ 85.337993, 28.163676 ], [ 85.338024, 28.163696 ], [ 85.338071, 28.16364 ], [ 85.33804, 28.16362 ], [ 85.337993, 28.163676 ] ] } },
{ "type": "Feature", "properties": { "name": null, "status": "Destroyed", "building": "yes", "building_levels": null }, "geometry": { "type": "LineString", "coordinates": [ [ 85.337729, 28.163656 ], [ 85.337776, 28.163693 ], [ 85.337845, 28.163625 ], [ 85.337798, 28.163589 ], [ 85.337729, 28.163656 ] ] } },
{ "type": "Feature", "properties": { "name": null, "status": "Destroyed", "building": "yes", "building_levels": null }, "geometry": { "type": "LineString", "coordinates": [ [ 85.33738, 28.163469 ], [ 85.337429, 28.163497 ], [ 85.337485, 28.163419 ], [ 85.337436, 28.163392 ], [ 85.33738, 28.163469 ] ] } },
{ "type": "Feature", "properties": { "name": null, "status": "Destroyed", "building": "yes", "building_levels": null }, "geometry": { "type": "LineString", "coordinates": [ [ 85.337666, 28.163427 ], [ 85.337769, 28.163507 ], [ 85.337856, 28.16342 ], [ 85.337753, 28.16334 ], [ 85.337666, 28.163427 ] ] } },
{ "type": "Feature", "properties": { "name": null, "status": "Destroyed", "building": "yes", "building_levels": null }, "geometry": { "type": "LineString", "coordinates": [ [ 85.336945, 28.162958 ], [ 85.337039, 28.162966 ], [ 85.337049, 28.162873 ], [ 85.336955, 28.162865 ], [ 85.336945, 28.162958 ] ] } },
{ "type": "Feature", "properties": { "name": null, "status": "Destroyed", "building": "yes", "building_levels": null }, "geometry": { "type": "LineString", "coordinates": [ [ 85.336672, 28.161988 ], [ 85.336768, 28.161987 ], [ 85.336768, 28.161855 ], [ 85.336671, 28.161855 ], [ 85.336672, 28.161988 ] ] } },
{ "type": "Feature", "properties": { "name": null, "status": "Destroyed", "building": "yes", "building_levels": null }, "geometry": { "type": "LineString", "coordinates": [ [ 85.336724, 28.161664 ], [ 85.336622, 28.161688 ], [ 85.336658, 28.161808 ], [ 85.33676, 28.161785 ], [ 85.336724, 28.161664 ] ] } },
{ "type": "Feature", "properties": { "name": null, "status": "Destroyed", "building": "yes", "building_levels": null }, "geometry": { "type": "LineString", "coordinates": [ [ 85.33788, 28.162841 ], [ 85.33791, 28.162862 ], [ 85.337937, 28.162833 ], [ 85.337908, 28.162811 ], [ 85.33788, 28.162841 ] ] } },
{ "type": "Feature", "properties": { "name": "helipat", "status": "Destroyed", "building": "yes", "building_levels": null }, "geometry": { "type": "LineString", "coordinates": [ [ 85.338901, 28.164073 ], [ 85.338965, 28.164049 ], [ 85.338938, 28.163995 ], [ 85.338874, 28.164019 ], [ 85.338901, 28.164073 ] ] } },
{ "type": "Feature", "properties": { "name": null, "status": "Destroyed", "building": "yes", "building_levels": null }, "geometry": { "type": "LineString", "coordinates": [ [ 85.336623, 28.160863 ], [ 85.336624, 28.160818 ], [ 85.336586, 28.160817 ], [ 85.336585, 28.160862 ], [ 85.336623, 28.160863 ] ] } },
{ "type": "Feature", "properties": { "name": null, "status": "Destroyed", "building": "yes", "building_levels": null }, "geometry": { "type": "LineString", "coordinates": [ [ 85.336457, 28.160913 ], [ 85.336581, 28.160869 ], [ 85.336563, 28.160831 ], [ 85.33644, 28.160876 ], [ 85.336457, 28.160913 ] ] } },
{ "type": "Feature", "properties": { "name": null, "status": "Damaged", "building": "yes", "building_levels": null }, "geometry": { "type": "LineString", "coordinates": [ [ 85.336499, 28.16288 ], [ 85.336554, 28.162872 ], [ 85.336542, 28.162812 ], [ 85.336487, 28.16282 ], [ 85.336499, 28.16288 ] ] } },
{ "type": "Feature", "properties": { "name": null, "status": "Destroyed", "building": "yes", "building_levels": null }, "geometry": { "type": "LineString", "coordinates": [ [ 85.345157, 28.176932 ], [ 85.345187, 28.176973 ], [ 85.345228, 28.17695 ], [ 85.345197, 28.176908 ], [ 85.345157, 28.176932 ] ] } },
{ "type": "Feature", "properties": { "name": null, "status": "Destroyed", "building": "yes", "building_levels": null }, "geometry": { "type": "LineString", "coordinates": [ [ 85.358838, 28.237703 ], [ 85.358887, 28.237604 ], [ 85.358921, 28.237629 ], [ 85.358916, 28.237708 ], [ 85.358899, 28.237733 ], [ 85.358838, 28.237703 ] ] } },
{ "type": "Feature", "properties": { "name": null, "status": "Destroyed", "building": "yes", "building_levels": null }, "geometry": { "type": "LineString", "coordinates": [ [ 85.378692, 28.280098 ], [ 85.378741, 28.280135 ], [ 85.378803, 28.280071 ], [ 85.378754, 28.280034 ], [ 85.378692, 28.280098 ] ] } },
{ "type": "Feature", "properties": { "name": null, "status": "Destroyed", "building": "yes", "building_levels": null }, "geometry": { "type": "LineString", "coordinates": [ [ 85.355467, 28.214867 ], [ 85.355504, 28.214872 ], [ 85.355515, 28.214807 ], [ 85.355478, 28.214802 ], [ 85.355467, 28.214867 ] ] } },
{ "type": "Feature", "properties": { "name": null, "status": "Destroyed", "building": "yes", "building_levels": null }, "geometry": { "type": "LineString", "coordinates": [ [ 85.343556, 28.16409 ], [ 85.343581, 28.164121 ], [ 85.343622, 28.164096 ], [ 85.343597, 28.164064 ], [ 85.343556, 28.16409 ] ] } },
{ "type": "Feature", "properties": { "name": null, "status": "Destroyed", "building": "yes", "building_levels": null }, "geometry": { "type": "LineString", "coordinates": [ [ 85.342736, 28.164265 ], [ 85.342733, 28.164196 ], [ 85.342669, 28.164198 ], [ 85.342671, 28.164267 ], [ 85.342736, 28.164265 ] ] } },
{ "type": "Feature", "properties": { "name": null, "status": "Destroyed", "building": "retail", "building_levels": null }, "geometry": { "type": "LineString", "coordinates": [ [ 85.366286, 28.251276 ], [ 85.366396, 28.251307 ], [ 85.366419, 28.251243 ], [ 85.366309, 28.251212 ], [ 85.366286, 28.251276 ] ] } },
{ "type": "Feature", "properties": { "name": null, "status": "Destroyed", "building": "yes", "building_levels": null }, "geometry": { "type": "LineString", "coordinates": [ [ 85.376447, 28.274466 ], [ 85.376632, 28.274558 ], [ 85.376735, 28.274395 ], [ 85.37665, 28.274353 ], [ 85.376689, 28.274292 ], [ 85.376589, 28.274243 ], [ 85.376447, 28.274466 ] ] } },
{ "type": "Feature", "properties": { "name": null, "status": "Destroyed", "building": "yes", "building_levels": null }, "geometry": { "type": "LineString", "coordinates": [ [ 85.366737, 28.255984 ], [ 85.366755, 28.256017 ], [ 85.366787, 28.256004 ], [ 85.36677, 28.255971 ], [ 85.366737, 28.255984 ] ] } },
{ "type": "Feature", "properties": { "name": null, "status": "Destroyed", "building": "yes", "building_levels": null }, "geometry": { "type": "LineString", "coordinates": [ [ 85.365752, 28.257706 ], [ 85.365888, 28.257665 ], [ 85.36581, 28.257462 ], [ 85.365673, 28.257503 ], [ 85.365752, 28.257706 ] ] } },
{ "type": "Feature", "properties": { "name": null, "status": "Destroyed", "building": "yes", "building_levels": null }, "geometry": { "type": "LineString", "coordinates": [ [ 85.108863, 27.859707 ], [ 85.10897, 27.859671 ], [ 85.108941, 27.859617 ], [ 85.108829, 27.859647 ], [ 85.108863, 27.859707 ] ] } },
{ "type": "Feature", "properties": { "name": null, "status": "Destroyed", "building": "yes", "building_levels": null }, "geometry": { "type": "LineString", "coordinates": [ [ 85.10991, 27.860301 ], [ 85.110004, 27.860249 ], [ 85.109947, 27.860169 ], [ 85.109853, 27.86022 ], [ 85.10991, 27.860301 ] ] } },
{ "type": "Feature", "properties": { "name": null, "status": "Destroyed", "building": "yes", "building_levels": null }, "geometry": { "type": "LineString", "coordinates": [ [ 85.108649, 27.859728 ], [ 85.108694, 27.859714 ], [ 85.108669, 27.859653 ], [ 85.108625, 27.859667 ], [ 85.108649, 27.859728 ] ] } },
{ "type": "Feature", "properties": { "name": null, "status": "Destroyed", "building": "yes", "building_levels": null }, "geometry": { "type": "LineString", "coordinates": [ [ 85.10973, 27.860863 ], [ 85.109776, 27.860827 ], [ 85.109745, 27.860796 ], [ 85.109699, 27.860832 ], [ 85.10973, 27.860863 ] ] } },
{ "type": "Feature", "properties": { "name": null, "status": "Destroyed", "building": "yes", "building_levels": null }, "geometry": { "type": "LineString", "coordinates": [ [ 85.110688, 27.861318 ], [ 85.110622, 27.861265 ], [ 85.110565, 27.861321 ], [ 85.110631, 27.861373 ], [ 85.110688, 27.861318 ] ] } },
{ "type": "Feature", "properties": { "name": null, "status": "Destroyed", "building": "yes", "building_levels": null }, "geometry": { "type": "LineString", "coordinates": [ [ 85.108427, 27.859513 ], [ 85.108504, 27.859481 ], [ 85.108461, 27.859401 ], [ 85.108415, 27.85942 ], [ 85.108432, 27.859453 ], [ 85.108401, 27.859466 ], [ 85.108427, 27.859513 ] ] } },
{ "type": "Feature", "properties": { "name": null, "status": "Destroyed", "building": "yes", "building_levels": null }, "geometry": { "type": "LineString", "coordinates": [ [ 85.113117, 27.864829 ], [ 85.113321, 27.864757 ], [ 85.113295, 27.864701 ], [ 85.113092, 27.864773 ], [ 85.113117, 27.864829 ] ] } },
{ "type": "Feature", "properties": { "name": null, "status": "Destroyed", "building": "yes", "building_levels": null }, "geometry": { "type": "LineString", "coordinates": [ [ 85.075791, 27.854626 ], [ 85.075842, 27.85465 ], [ 85.07586, 27.854623 ], [ 85.075809, 27.854598 ], [ 85.075791, 27.854626 ] ] } },
{ "type": "Feature", "properties": { "name": null, "status": "Destroyed", "building": "yes", "building_levels": null }, "geometry": { "type": "LineString", "coordinates": [ [ 85.173267, 27.965622 ], [ 85.173299, 27.965571 ], [ 85.173239, 27.965542 ], [ 85.173208, 27.965592 ], [ 85.173267, 27.965622 ] ] } },
{ "type": "Feature", "properties": { "name": null, "status": "Destroyed", "building": "yes", "building_levels": null }, "geometry": { "type": "LineString", "coordinates": [ [ 85.174489, 27.966238 ], [ 85.17447, 27.966276 ], [ 85.174508, 27.96629 ], [ 85.174526, 27.966253 ], [ 85.174489, 27.966238 ] ] } },
{ "type": "Feature", "properties": { "name": null, "status": "Destroyed", "building": "yes", "building_levels": null }, "geometry": { "type": "LineString", "coordinates": [ [ 85.185218, 27.970944 ], [ 85.185332, 27.970918 ], [ 85.185322, 27.970886 ], [ 85.185208, 27.970913 ], [ 85.185218, 27.970944 ] ] } },
{ "type": "Feature", "properties": { "name": null, "status": "Destroyed", "building": "yes", "building_levels": null }, "geometry": { "type": "LineString", "coordinates": [ [ 85.183246, 27.969593 ], [ 85.183284, 27.969593 ], [ 85.183284, 27.969566 ], [ 85.183246, 27.969566 ], [ 85.183246, 27.969593 ] ] } },
{ "type": "Feature", "properties": { "name": null, "status": "Destroyed", "building": "yes", "building_levels": null }, "geometry": { "type": "LineString", "coordinates": [ [ 85.149342, 27.925137 ], [ 85.149324, 27.925053 ], [ 85.14915, 27.925082 ], [ 85.149169, 27.925166 ], [ 85.149342, 27.925137 ] ] } },
{ "type": "Feature", "properties": { "name": null, "status": "Destroyed", "building": "yes", "building_levels": null }, "geometry": { "type": "LineString", "coordinates": [ [ 85.152325, 27.935394 ], [ 85.152387, 27.935341 ], [ 85.152454, 27.935402 ], [ 85.152392, 27.935455 ], [ 85.152325, 27.935394 ] ] } },
{ "type": "Feature", "properties": { "name": null, "status": "Destroyed", "building": "yes", "building_levels": null }, "geometry": { "type": "LineString", "coordinates": [ [ 85.155973, 27.938691 ], [ 85.156035, 27.938741 ], [ 85.156068, 27.93871 ], [ 85.156006, 27.938659 ], [ 85.155973, 27.938691 ] ] } },
{ "type": "Feature", "properties": { "name": null, "status": "Destroyed", "building": "yes", "building_levels": null }, "geometry": { "type": "LineString", "coordinates": [ [ 85.155766, 27.938316 ], [ 85.155813, 27.938354 ], [ 85.15587, 27.938299 ], [ 85.155823, 27.938261 ], [ 85.155766, 27.938316 ] ] } },
{ "type": "Feature", "properties": { "name": null, "status": "Destroyed", "building": "yes", "building_levels": null }, "geometry": { "type": "LineString", "coordinates": [ [ 85.147106, 27.930205 ], [ 85.147167, 27.930177 ], [ 85.147109, 27.930077 ], [ 85.147047, 27.930106 ], [ 85.147106, 27.930205 ] ] } },
{ "type": "Feature", "properties": { "name": null, "status": "Destroyed", "building": "yes", "building_levels": null }, "geometry": { "type": "LineString", "coordinates": [ [ 85.357689, 28.238613 ], [ 85.357772, 28.23862 ], [ 85.35778, 28.238542 ], [ 85.357697, 28.238535 ], [ 85.357689, 28.238613 ] ] } },
{ "type": "Feature", "properties": { "name": null, "status": "Destroyed", "building": "yes", "building_levels": null }, "geometry": { "type": "LineString", "coordinates": [ [ 85.096442, 27.859265 ], [ 85.096453, 27.859296 ], [ 85.096547, 27.85927 ], [ 85.096536, 27.859239 ], [ 85.096442, 27.859265 ] ] } },
{ "type": "Feature", "properties": { "name": null, "status": "Destroyed", "building": "yes", "building_levels": null }, "geometry": { "type": "LineString", "coordinates": [ [ 85.341428, 28.16693 ], [ 85.341502, 28.166917 ], [ 85.34149, 28.166866 ], [ 85.341416, 28.166879 ], [ 85.341428, 28.16693 ] ] } },
{ "type": "Feature", "properties": { "name": null, "status": "Destroyed", "building": "yes", "building_levels": null }, "geometry": { "type": "LineString", "coordinates": [ [ 85.336779, 28.161133 ], [ 85.336804, 28.161182 ], [ 85.336833, 28.16117 ], [ 85.336808, 28.161122 ], [ 85.336779, 28.161133 ] ] } },
{ "type": "Feature", "properties": { "name": null, "status": "Destroyed", "building": "yes", "building_levels": null }, "geometry": { "type": "LineString", "coordinates": [ [ 85.152897, 27.935521 ], [ 85.152956, 27.935441 ], [ 85.153099, 27.935524 ], [ 85.15304, 27.935604 ], [ 85.152897, 27.935521 ] ] } },
{ "type": "Feature", "properties": { "name": null, "status": "Destroyed", "building": "yes", "building_levels": null }, "geometry": { "type": "LineString", "coordinates": [ [ 85.376472, 28.269516 ], [ 85.376632, 28.269459 ], [ 85.376654, 28.269507 ], [ 85.376493, 28.269563 ], [ 85.376472, 28.269516 ] ] } },
{ "type": "Feature", "properties": { "name": null, "status": "Destroyed", "building": "yes", "building_levels": null }, "geometry": { "type": "LineString", "coordinates": [ [ 85.362248, 28.246229 ], [ 85.362398, 28.246366 ], [ 85.362468, 28.246306 ], [ 85.362318, 28.246169 ], [ 85.362248, 28.246229 ] ] } },
{ "type": "Feature", "properties": { "name": null, "status": "Destroyed", "building": "yes", "building_levels": null }, "geometry": { "type": "LineString", "coordinates": [ [ 85.366998, 28.255027 ], [ 85.367099, 28.25501 ], [ 85.367055, 28.254804 ], [ 85.366954, 28.254821 ], [ 85.366998, 28.255027 ] ] } },
{ "type": "Feature", "properties": { "name": null, "status": "Destroyed", "building": "retail", "building_levels": null }, "geometry": { "type": "LineString", "coordinates": [ [ 85.366058, 28.253485 ], [ 85.366072, 28.25359 ], [ 85.366138, 28.253583 ], [ 85.366125, 28.253478 ], [ 85.366058, 28.253485 ] ] } },
{ "type": "Feature", "properties": { "name": null, "status": "Destroyed", "building": "yes", "building_levels": null }, "geometry": { "type": "LineString", "coordinates": [ [ 85.366015, 28.252092 ], [ 85.366071, 28.252102 ], [ 85.3661, 28.251981 ], [ 85.366044, 28.25197 ], [ 85.366015, 28.252092 ] ] } },
{ "type": "Feature", "properties": { "name": null, "status": "Destroyed", "building": "yes", "building_levels": null }, "geometry": { "type": "LineString", "coordinates": [ [ 85.366494, 28.253434 ], [ 85.366557, 28.253426 ], [ 85.366549, 28.253374 ], [ 85.366486, 28.253382 ], [ 85.366494, 28.253434 ] ] } },
{ "type": "Feature", "properties": { "name": null, "status": "Destroyed", "building": "yes", "building_levels": null }, "geometry": { "type": "LineString", "coordinates": [ [ 85.184923, 27.97107 ], [ 85.18497, 27.971061 ], [ 85.184947, 27.970974 ], [ 85.1849, 27.970984 ], [ 85.184923, 27.97107 ] ] } },
{ "type": "Feature", "properties": { "name": null, "status": "Destroyed", "building": "yes", "building_levels": null }, "geometry": { "type": "LineString", "coordinates": [ [ 85.184819, 27.974664 ], [ 85.184847, 27.974604 ], [ 85.184726, 27.974559 ], [ 85.184698, 27.974619 ], [ 85.184819, 27.974664 ] ] } },
{ "type": "Feature", "properties": { "name": null, "status": "Destroyed", "building": "yes", "building_levels": null }, "geometry": { "type": "LineString", "coordinates": [ [ 85.174069, 27.966212 ], [ 85.174099, 27.9662 ], [ 85.174084, 27.966172 ], [ 85.174054, 27.966184 ], [ 85.174069, 27.966212 ] ] } },
{ "type": "Feature", "properties": { "name": null, "status": "Damaged", "building": "yes", "building_levels": null }, "geometry": { "type": "LineString", "coordinates": [ [ 85.36688, 28.252855 ], [ 85.366894, 28.252938 ], [ 85.366989, 28.252926 ], [ 85.366975, 28.252843 ], [ 85.36688, 28.252855 ] ] } },
{ "type": "Feature", "properties": { "name": null, "status": "Destroyed", "building": "yes", "building_levels": null }, "geometry": { "type": "LineString", "coordinates": [ [ 85.318822, 28.147054 ], [ 85.318852, 28.147084 ], [ 85.318888, 28.147056 ], [ 85.318859, 28.147026 ], [ 85.318822, 28.147054 ] ] } },
{ "type": "Feature", "properties": { "name": null, "status": "Destroyed", "building": "yes", "building_levels": null }, "geometry": { "type": "LineString", "coordinates": [ [ 85.373688, 28.263856 ], [ 85.373785, 28.263894 ], [ 85.373827, 28.26381 ], [ 85.373731, 28.263772 ], [ 85.373688, 28.263856 ] ] } },
{ "type": "Feature", "properties": { "name": null, "status": "Destroyed", "building": "yes", "building_levels": null }, "geometry": { "type": "LineString", "coordinates": [ [ 85.338034, 28.163704 ], [ 85.338072, 28.163727 ], [ 85.338115, 28.163673 ], [ 85.338077, 28.16365 ], [ 85.338034, 28.163704 ] ] } },
{ "type": "Feature", "properties": { "name": null, "status": "Destroyed", "building": "yes", "building_levels": null }, "geometry": { "type": "LineString", "coordinates": [ [ 85.366841, 28.256905 ], [ 85.366889, 28.256881 ], [ 85.366851, 28.256823 ], [ 85.366803, 28.256847 ], [ 85.366841, 28.256905 ] ] } },
{ "type": "Feature", "properties": { "name": null, "status": "Damaged", "building": "yes", "building_levels": null }, "geometry": { "type": "LineString", "coordinates": [ [ 85.36682, 28.254345 ], [ 85.366846, 28.254344 ], [ 85.366848, 28.2544 ], [ 85.366825, 28.2544 ], [ 85.366826, 28.25445 ], [ 85.366908, 28.254448 ], [ 85.366906, 28.254398 ], [ 85.366897, 28.254398 ], [ 85.366893, 28.254284 ], [ 85.366818, 28.254286 ], [ 85.36682, 28.254345 ] ] } },
{ "type": "Feature", "properties": { "name": null, "status": "Destroyed", "building": "yes", "building_levels": null }, "geometry": { "type": "LineString", "coordinates": [ [ 85.366479, 28.251306 ], [ 85.366432, 28.251459 ], [ 85.366503, 28.251476 ], [ 85.36655, 28.251323 ], [ 85.366479, 28.251306 ] ] } },
{ "type": "Feature", "properties": { "name": null, "status": "Destroyed", "building": "yes", "building_levels": null }, "geometry": { "type": "LineString", "coordinates": [ [ 85.110274, 27.863375 ], [ 85.110394, 27.863503 ], [ 85.110446, 27.863465 ], [ 85.110326, 27.863336 ], [ 85.110274, 27.863375 ] ] } },
{ "type": "Feature", "properties": { "name": null, "status": "Destroyed", "building": "yes", "building_levels": null }, "geometry": { "type": "LineString", "coordinates": [ [ 85.377047, 28.271287 ], [ 85.377044, 28.271344 ], [ 85.377135, 28.271348 ], [ 85.377138, 28.271291 ], [ 85.377047, 28.271287 ] ] } },
{ "type": "Feature", "properties": { "name": null, "status": "Destroyed", "building": "yes", "building_levels": null }, "geometry": { "type": "LineString", "coordinates": [ [ 85.378547, 28.271826 ], [ 85.378602, 28.271819 ], [ 85.378576, 28.271663 ], [ 85.378521, 28.27167 ], [ 85.378547, 28.271826 ] ] } },
{ "type": "Feature", "properties": { "name": null, "status": "Destroyed", "building": "yes", "building_levels": null }, "geometry": { "type": "LineString", "coordinates": [ [ 85.37689, 28.27351 ], [ 85.376864, 28.273551 ], [ 85.376924, 28.273579 ], [ 85.376936, 28.273559 ], [ 85.376976, 28.273578 ], [ 85.376992, 28.273551 ], [ 85.376954, 28.273515 ], [ 85.37689, 28.27351 ] ] } },
{ "type": "Feature", "properties": { "name": null, "status": "Destroyed", "building": "yes", "building_levels": null }, "geometry": { "type": "LineString", "coordinates": [ [ 85.343373, 28.164088 ], [ 85.343425, 28.164134 ], [ 85.343507, 28.164061 ], [ 85.343455, 28.164016 ], [ 85.343373, 28.164088 ] ] } },
{ "type": "Feature", "properties": { "name": null, "status": "Destroyed", "building": "yes", "building_levels": null }, "geometry": { "type": "LineString", "coordinates": [ [ 85.3426, 28.164501 ], [ 85.34253, 28.164429 ], [ 85.34248, 28.164466 ], [ 85.34255, 28.164538 ], [ 85.3426, 28.164501 ] ] } },
{ "type": "Feature", "properties": { "name": null, "status": "Destroyed", "building": "yes", "building_levels": null }, "geometry": { "type": "LineString", "coordinates": [ [ 85.358433, 28.241748 ], [ 85.35873, 28.24176 ], [ 85.358734, 28.241681 ], [ 85.358437, 28.241668 ], [ 85.358433, 28.241748 ] ] } },
{ "type": "Feature", "properties": { "name": "Gosaikunda English School", "status": "Destroyed", "building": "school", "building_levels": null }, "geometry": { "type": "LineString", "coordinates": [ [ 85.341252, 28.165287 ], [ 85.341361, 28.165348 ], [ 85.341397, 28.1653 ], [ 85.341288, 28.165238 ], [ 85.341252, 28.165287 ] ] } },
{ "type": "Feature", "properties": { "name": null, "status": "Destroyed", "building": "yes", "building_levels": null }, "geometry": { "type": "LineString", "coordinates": [ [ 85.357941, 28.239813 ], [ 85.357921, 28.239781 ], [ 85.357981, 28.239751 ], [ 85.358001, 28.239784 ], [ 85.357941, 28.239813 ] ] } },
{ "type": "Feature", "properties": { "name": null, "status": "Destroyed", "building": "yes", "building_levels": null }, "geometry": { "type": "LineString", "coordinates": [ [ 85.336123, 28.16045 ], [ 85.336071, 28.160472 ], [ 85.336127, 28.160577 ], [ 85.33618, 28.160555 ], [ 85.336123, 28.16045 ] ] } },
{ "type": "Feature", "properties": { "name": null, "status": "Destroyed", "building": "yes", "building_levels": null }, "geometry": { "type": "LineString", "coordinates": [ [ 85.342319, 28.164342 ], [ 85.342351, 28.164359 ], [ 85.342381, 28.164314 ], [ 85.342348, 28.164297 ], [ 85.342319, 28.164342 ] ] } },
{ "type": "Feature", "properties": { "name": null, "status": "Destroyed", "building": "yes", "building_levels": null }, "geometry": { "type": "LineString", "coordinates": [ [ 85.364228, 28.255964 ], [ 85.364235, 28.256065 ], [ 85.364292, 28.256062 ], [ 85.364285, 28.255961 ], [ 85.364228, 28.255964 ] ] } },
{ "type": "Feature", "properties": { "name": null, "status": "Destroyed", "building": "yes", "building_levels": null }, "geometry": { "type": "LineString", "coordinates": [ [ 85.366737, 28.252613 ], [ 85.366778, 28.252735 ], [ 85.366866, 28.252712 ], [ 85.366826, 28.252591 ], [ 85.366737, 28.252613 ] ] } },
{ "type": "Feature", "properties": { "name": null, "status": "Destroyed", "building": "yes", "building_levels": null }, "geometry": { "type": "LineString", "coordinates": [ [ 85.366906, 28.255717 ], [ 85.366888, 28.255603 ], [ 85.366848, 28.255608 ], [ 85.366867, 28.255722 ], [ 85.366906, 28.255717 ] ] } },
{ "type": "Feature", "properties": { "name": null, "status": "Destroyed", "building": "yes", "building_levels": null }, "geometry": { "type": "LineString", "coordinates": [ [ 85.367187, 28.254874 ], [ 85.367252, 28.254863 ], [ 85.367233, 28.25477 ], [ 85.367167, 28.25478 ], [ 85.367187, 28.254874 ] ] } },
{ "type": "Feature", "properties": { "name": null, "status": "Destroyed", "building": "yes", "building_levels": null }, "geometry": { "type": "LineString", "coordinates": [ [ 85.366438, 28.253518 ], [ 85.366467, 28.253514 ], [ 85.366458, 28.253463 ], [ 85.36643, 28.253467 ], [ 85.366438, 28.253518 ] ] } },
{ "type": "Feature", "properties": { "name": null, "status": "Destroyed", "building": "yes", "building_levels": null }, "geometry": { "type": "LineString", "coordinates": [ [ 85.366363, 28.253567 ], [ 85.366361, 28.253602 ], [ 85.366427, 28.253604 ], [ 85.366428, 28.253569 ], [ 85.366363, 28.253567 ] ] } },
{ "type": "Feature", "properties": { "name": null, "status": "Destroyed", "building": "yes", "building_levels": null }, "geometry": { "type": "LineString", "coordinates": [ [ 85.366355, 28.252771 ], [ 85.366569, 28.252719 ], [ 85.366553, 28.252668 ], [ 85.366375, 28.252711 ], [ 85.366355, 28.252647 ], [ 85.366319, 28.252655 ], [ 85.366355, 28.252771 ] ] } },
{ "type": "Feature", "properties": { "name": null, "status": "Destroyed", "building": "yes", "building_levels": null }, "geometry": { "type": "LineString", "coordinates": [ [ 85.376899, 28.26495 ], [ 85.376968, 28.264919 ], [ 85.376946, 28.264881 ], [ 85.376877, 28.264913 ], [ 85.376899, 28.26495 ] ] } },
{ "type": "Feature", "properties": { "name": null, "status": "Destroyed", "building": "yes", "building_levels": null }, "geometry": { "type": "LineString", "coordinates": [ [ 85.366377, 28.25741 ], [ 85.366518, 28.257332 ], [ 85.366224, 28.25692 ], [ 85.366083, 28.256998 ], [ 85.366377, 28.25741 ] ] } },
{ "type": "Feature", "properties": { "name": null, "status": "Destroyed", "building": "yes", "building_levels": null }, "geometry": { "type": "LineString", "coordinates": [ [ 85.366387, 28.254202 ], [ 85.366424, 28.254196 ], [ 85.36641, 28.254118 ], [ 85.366373, 28.254123 ], [ 85.366387, 28.254202 ] ] } },
{ "type": "Feature", "properties": { "name": null, "status": "Destroyed", "building": "yes", "building_levels": null }, "geometry": { "type": "LineString", "coordinates": [ [ 85.365938, 28.252295 ], [ 85.365923, 28.252364 ], [ 85.365956, 28.252369 ], [ 85.365971, 28.252301 ], [ 85.365938, 28.252295 ] ] } },
{ "type": "Feature", "properties": { "name": null, "status": "Destroyed", "building": "yes", "building_levels": null }, "geometry": { "type": "LineString", "coordinates": [ [ 85.366733, 28.253294 ], [ 85.366737, 28.253325 ], [ 85.366771, 28.253322 ], [ 85.366767, 28.253291 ], [ 85.366733, 28.253294 ] ] } },
{ "type": "Feature", "properties": { "name": null, "status": "Destroyed", "building": "yes", "building_levels": null }, "geometry": { "type": "LineString", "coordinates": [ [ 85.172621, 27.96461 ], [ 85.172573, 27.964579 ], [ 85.172619, 27.964521 ], [ 85.172668, 27.964552 ], [ 85.172621, 27.96461 ] ] } },
{ "type": "Feature", "properties": { "name": null, "status": "Destroyed", "building": "yes", "building_levels": null }, "geometry": { "type": "LineString", "coordinates": [ [ 85.17125, 27.964748 ], [ 85.171203, 27.964722 ], [ 85.171256, 27.964649 ], [ 85.171302, 27.964675 ], [ 85.17125, 27.964748 ] ] } },
{ "type": "Feature", "properties": { "name": null, "status": "Destroyed", "building": "yes", "building_levels": null }, "geometry": { "type": "LineString", "coordinates": [ [ 85.172836, 27.965539 ], [ 85.172798, 27.965508 ], [ 85.172838, 27.96547 ], [ 85.172876, 27.965501 ], [ 85.172836, 27.965539 ] ] } },
{ "type": "Feature", "properties": { "name": null, "status": "Destroyed", "building": "yes", "building_levels": null }, "geometry": { "type": "LineString", "coordinates": [ [ 85.17664, 27.969192 ], [ 85.176638, 27.969165 ], [ 85.176697, 27.969161 ], [ 85.176699, 27.969188 ], [ 85.17664, 27.969192 ] ] } },
{ "type": "Feature", "properties": { "name": null, "status": "Destroyed", "building": "yes", "building_levels": null }, "geometry": { "type": "LineString", "coordinates": [ [ 85.174064, 27.963769 ], [ 85.173938, 27.963715 ], [ 85.173958, 27.963679 ], [ 85.174084, 27.963733 ], [ 85.174064, 27.963769 ] ] } },
{ "type": "Feature", "properties": { "name": null, "status": "Destroyed", "building": "yes", "building_levels": null }, "geometry": { "type": "LineString", "coordinates": [ [ 85.176339, 27.967273 ], [ 85.176328, 27.967299 ], [ 85.176291, 27.967287 ], [ 85.176301, 27.967261 ], [ 85.176339, 27.967273 ] ] } },
{ "type": "Feature", "properties": { "name": null, "status": "Destroyed", "building": "yes", "building_levels": null }, "geometry": { "type": "LineString", "coordinates": [ [ 85.173856, 27.965979 ], [ 85.173857, 27.966004 ], [ 85.173906, 27.966002 ], [ 85.173906, 27.965978 ], [ 85.173856, 27.965979 ] ] } },
{ "type": "Feature", "properties": { "name": null, "status": "Destroyed", "building": "yes", "building_levels": null }, "geometry": { "type": "LineString", "coordinates": [ [ 85.174641, 27.966842 ], [ 85.174681, 27.966819 ], [ 85.174652, 27.96678 ], [ 85.174612, 27.966804 ], [ 85.174641, 27.966842 ] ] } },
{ "type": "Feature", "properties": { "name": null, "status": "Destroyed", "building": "yes", "building_levels": null }, "geometry": { "type": "LineString", "coordinates": [ [ 85.174966, 27.966883 ], [ 85.174901, 27.966845 ], [ 85.174943, 27.96679 ], [ 85.175007, 27.966828 ], [ 85.174994, 27.966845 ], [ 85.174966, 27.966883 ] ] } },
{ "type": "Feature", "properties": { "name": null, "status": "Destroyed", "building": "yes", "building_levels": null }, "geometry": { "type": "LineString", "coordinates": [ [ 85.175813, 27.967787 ], [ 85.175906, 27.967748 ], [ 85.175883, 27.967704 ], [ 85.175898, 27.967698 ], [ 85.17587, 27.967646 ], [ 85.175837, 27.96766 ], [ 85.175849, 27.967682 ], [ 85.175773, 27.967713 ], [ 85.175813, 27.967787 ] ] } },
{ "type": "Feature", "properties": { "name": null, "status": "Destroyed", "building": "yes", "building_levels": null }, "geometry": { "type": "LineString", "coordinates": [ [ 85.171798, 27.961821 ], [ 85.171826, 27.961844 ], [ 85.171866, 27.961805 ], [ 85.171838, 27.961783 ], [ 85.171798, 27.961821 ] ] } },
{ "type": "Feature", "properties": { "name": null, "status": "Destroyed", "building": "house", "building_levels": null }, "geometry": { "type": "LineString", "coordinates": [ [ 85.180405, 27.968636 ], [ 85.180498, 27.968567 ], [ 85.180426, 27.968491 ], [ 85.180333, 27.968559 ], [ 85.180405, 27.968636 ] ] } },
{ "type": "Feature", "properties": { "name": null, "status": "Destroyed", "building": "yes", "building_levels": null }, "geometry": { "type": "LineString", "coordinates": [ [ 85.182832, 27.976114 ], [ 85.182875, 27.976144 ], [ 85.182896, 27.97612 ], [ 85.182853, 27.97609 ], [ 85.182832, 27.976114 ] ] } },
{ "type": "Feature", "properties": { "name": null, "status": "Destroyed", "building": "yes", "building_levels": null }, "geometry": { "type": "LineString", "coordinates": [ [ 85.17214, 27.962549 ], [ 85.172234, 27.962571 ], [ 85.172259, 27.962485 ], [ 85.172165, 27.962464 ], [ 85.17214, 27.962549 ] ] } },
{ "type": "Feature", "properties": { "name": null, "status": "Destroyed", "building": "yes", "building_levels": null }, "geometry": { "type": "LineString", "coordinates": [ [ 85.177365, 27.969126 ], [ 85.17737, 27.96907 ], [ 85.177457, 27.969076 ], [ 85.177452, 27.969132 ], [ 85.177365, 27.969126 ] ] } },
{ "type": "Feature", "properties": { "name": null, "status": "Destroyed", "building": "yes", "building_levels": null }, "geometry": { "type": "LineString", "coordinates": [ [ 85.181096, 27.977963 ], [ 85.180993, 27.97795 ], [ 85.181022, 27.977747 ], [ 85.181135, 27.977756 ], [ 85.181096, 27.977963 ] ] } },
{ "type": "Feature", "properties": { "name": null, "status": "Destroyed", "building": "yes", "building_levels": null }, "geometry": { "type": "LineString", "coordinates": [ [ 85.183646, 27.970095 ], [ 85.183757, 27.970108 ], [ 85.183777, 27.96997 ], [ 85.183667, 27.969957 ], [ 85.183646, 27.970095 ] ] } },
{ "type": "Feature", "properties": { "name": null, "status": "Damaged", "building": "yes", "building_levels": null }, "geometry": { "type": "LineString", "coordinates": [ [ 85.367211, 28.255252 ], [ 85.367149, 28.255362 ], [ 85.367184, 28.255377 ], [ 85.367245, 28.255267 ], [ 85.367211, 28.255252 ] ] } },
{ "type": "Feature", "properties": { "name": null, "status": "Destroyed", "building": "yes", "building_levels": null }, "geometry": { "type": "LineString", "coordinates": [ [ 85.357894, 28.239639 ], [ 85.357965, 28.239627 ], [ 85.357953, 28.239568 ], [ 85.357882, 28.23958 ], [ 85.357894, 28.239639 ] ] } },
{ "type": "Feature", "properties": { "name": null, "status": "Destroyed", "building": "yes", "building_levels": null }, "geometry": { "type": "LineString", "coordinates": [ [ 85.341458, 28.166799 ], [ 85.341522, 28.166775 ], [ 85.341473, 28.166673 ], [ 85.341335, 28.166725 ], [ 85.341365, 28.166788 ], [ 85.34144, 28.16676 ], [ 85.341458, 28.166799 ] ] } },
{ "type": "Feature", "properties": { "name": null, "status": "Destroyed", "building": "yes", "building_levels": null }, "geometry": { "type": "LineString", "coordinates": [ [ 85.341201, 28.166699 ], [ 85.341243, 28.166765 ], [ 85.341373, 28.1667 ], [ 85.341331, 28.166635 ], [ 85.341201, 28.166699 ] ] } },
{ "type": "Feature", "properties": { "name": null, "status": "Destroyed", "building": "yes", "building_levels": null }, "geometry": { "type": "LineString", "coordinates": [ [ 85.336705, 28.16111 ], [ 85.336739, 28.161204 ], [ 85.336779, 28.161193 ], [ 85.336746, 28.161099 ], [ 85.336705, 28.16111 ] ] } },
{ "type": "Feature", "properties": { "name": null, "status": "Destroyed", "building": "yes", "building_levels": null }, "geometry": { "type": "LineString", "coordinates": [ [ 85.109395, 27.859744 ], [ 85.109311, 27.859803 ], [ 85.109337, 27.859831 ], [ 85.109249, 27.859893 ], [ 85.109218, 27.859858 ], [ 85.109165, 27.859895 ], [ 85.109193, 27.859926 ], [ 85.109159, 27.85995 ], [ 85.109263, 27.860066 ], [ 85.109399, 27.859971 ], [ 85.109522, 27.859885 ], [ 85.109395, 27.859744 ] ] } },
{ "type": "Feature", "properties": { "name": null, "status": "Destroyed", "building": "yes", "building_levels": null }, "geometry": { "type": "LineString", "coordinates": [ [ 85.109577, 27.861006 ], [ 85.109664, 27.861072 ], [ 85.109746, 27.861002 ], [ 85.109657, 27.860934 ], [ 85.109577, 27.861006 ] ] } },
{ "type": "Feature", "properties": { "name": null, "status": "Destroyed", "building": "yes", "building_levels": null }, "geometry": { "type": "LineString", "coordinates": [ [ 85.110472, 27.861395 ], [ 85.110547, 27.861338 ], [ 85.110621, 27.861416 ], [ 85.110546, 27.861472 ], [ 85.110472, 27.861395 ] ] } },
{ "type": "Feature", "properties": { "name": null, "status": "Destroyed", "building": "yes", "building_levels": null }, "geometry": { "type": "LineString", "coordinates": [ [ 85.109982, 27.859625 ], [ 85.110028, 27.859602 ], [ 85.109991, 27.859543 ], [ 85.109944, 27.859566 ], [ 85.109982, 27.859625 ] ] } },
{ "type": "Feature", "properties": { "name": null, "status": "Destroyed", "building": "yes", "building_levels": null }, "geometry": { "type": "LineString", "coordinates": [ [ 85.108335, 27.859765 ], [ 85.108435, 27.859703 ], [ 85.108388, 27.859644 ], [ 85.108288, 27.859707 ], [ 85.108335, 27.859765 ] ] } },
{ "type": "Feature", "properties": { "name": null, "status": "Destroyed", "building": "yes", "building_levels": null }, "geometry": { "type": "LineString", "coordinates": [ [ 85.111729, 27.866049 ], [ 85.111831, 27.865998 ], [ 85.111787, 27.865928 ], [ 85.111685, 27.865979 ], [ 85.111729, 27.866049 ] ] } },
{ "type": "Feature", "properties": { "name": null, "status": "Destroyed", "building": "yes", "building_levels": null }, "geometry": { "type": "LineString", "coordinates": [ [ 85.109001, 27.860264 ], [ 85.109032, 27.860233 ], [ 85.108961, 27.860178 ], [ 85.10893, 27.860209 ], [ 85.109001, 27.860264 ] ] } },
{ "type": "Feature", "properties": { "name": null, "status": "Destroyed", "building": "yes", "building_levels": null }, "geometry": { "type": "LineString", "coordinates": [ [ 85.109787, 27.860836 ], [ 85.109713, 27.860896 ], [ 85.109762, 27.860943 ], [ 85.109836, 27.860883 ], [ 85.109787, 27.860836 ] ] } },
{ "type": "Feature", "properties": { "name": null, "status": "Destroyed", "building": "yes", "building_levels": null }, "geometry": { "type": "LineString", "coordinates": [ [ 85.108597, 27.859506 ], [ 85.108706, 27.859502 ], [ 85.108701, 27.859391 ], [ 85.108593, 27.859394 ], [ 85.108597, 27.859506 ] ] } },
{ "type": "Feature", "properties": { "name": null, "status": "Destroyed", "building": "yes", "building_levels": null }, "geometry": { "type": "LineString", "coordinates": [ [ 85.072393, 27.854456 ], [ 85.072419, 27.854436 ], [ 85.072376, 27.854393 ], [ 85.07235, 27.854413 ], [ 85.072393, 27.854456 ] ] } },
{ "type": "Feature", "properties": { "name": null, "status": "Destroyed", "building": "yes", "building_levels": null }, "geometry": { "type": "LineString", "coordinates": [ [ 85.071307, 27.854444 ], [ 85.071369, 27.854409 ], [ 85.071318, 27.854338 ], [ 85.071256, 27.854373 ], [ 85.071307, 27.854444 ] ] } },
{ "type": "Feature", "properties": { "name": null, "status": "Destroyed", "building": "yes", "building_levels": null }, "geometry": { "type": "LineString", "coordinates": [ [ 85.152772, 27.935441 ], [ 85.152845, 27.935352 ], [ 85.152754, 27.935293 ], [ 85.15268, 27.935381 ], [ 85.152772, 27.935441 ] ] } },
{ "type": "Feature", "properties": { "name": null, "status": "Destroyed", "building": "yes", "building_levels": null }, "geometry": { "type": "LineString", "coordinates": [ [ 85.160325, 27.946753 ], [ 85.16029, 27.946764 ], [ 85.160271, 27.946716 ], [ 85.160307, 27.946705 ], [ 85.160325, 27.946753 ] ] } },
{ "type": "Feature", "properties": { "name": null, "status": "Destroyed", "building": "yes", "building_levels": null }, "geometry": { "type": "LineString", "coordinates": [ [ 85.156188, 27.937222 ], [ 85.156156, 27.937252 ], [ 85.156116, 27.937219 ], [ 85.156148, 27.937189 ], [ 85.156188, 27.937222 ] ] } },
{ "type": "Feature", "properties": { "name": null, "status": "Destroyed", "building": "yes", "building_levels": null }, "geometry": { "type": "LineString", "coordinates": [ [ 85.1498, 27.92394 ], [ 85.149893, 27.923927 ], [ 85.14991, 27.924019 ], [ 85.149817, 27.924032 ], [ 85.1498, 27.92394 ] ] } },
{ "type": "Feature", "properties": { "name": null, "status": "Destroyed", "building": "yes", "building_levels": null }, "geometry": { "type": "LineString", "coordinates": [ [ 85.147804, 27.929054 ], [ 85.147804, 27.928864 ], [ 85.147851, 27.928864 ], [ 85.147852, 27.929054 ], [ 85.147804, 27.929054 ] ] } },
{ "type": "Feature", "properties": { "name": null, "status": "Destroyed", "building": "yes", "building_levels": null }, "geometry": { "type": "LineString", "coordinates": [ [ 85.155509, 27.938373 ], [ 85.15553, 27.938389 ], [ 85.155556, 27.938409 ], [ 85.155588, 27.938376 ], [ 85.155541, 27.93834 ], [ 85.155509, 27.938373 ] ] } },
{ "type": "Feature", "properties": { "name": null, "status": "Destroyed", "building": "yes", "building_levels": null }, "geometry": { "type": "LineString", "coordinates": [ [ 85.155554, 27.938338 ], [ 85.15562, 27.938391 ], [ 85.155648, 27.938364 ], [ 85.155583, 27.93831 ], [ 85.155554, 27.938338 ] ] } },
{ "type": "Feature", "properties": { "name": null, "status": "Destroyed", "building": "yes", "building_levels": null }, "geometry": { "type": "LineString", "coordinates": [ [ 85.156544, 27.93918 ], [ 85.156506, 27.939147 ], [ 85.156607, 27.939056 ], [ 85.156646, 27.939089 ], [ 85.156544, 27.93918 ] ] } },
{ "type": "Feature", "properties": { "name": null, "status": "Destroyed", "building": "yes", "building_levels": null }, "geometry": { "type": "LineString", "coordinates": [ [ 85.150573, 27.924309 ], [ 85.150689, 27.924306 ], [ 85.150684, 27.924177 ], [ 85.150568, 27.92418 ], [ 85.150573, 27.924309 ] ] } },
{ "type": "Feature", "properties": { "name": null, "status": "Destroyed", "building": "yes", "building_levels": null }, "geometry": { "type": "LineString", "coordinates": [ [ 85.14764, 27.929371 ], [ 85.147697, 27.929379 ], [ 85.147709, 27.92931 ], [ 85.147651, 27.929303 ], [ 85.14764, 27.929371 ] ] } },
{ "type": "Feature", "properties": { "name": null, "status": "Destroyed", "building": "yes", "building_levels": null }, "geometry": { "type": "LineString", "coordinates": [ [ 85.149052, 27.932684 ], [ 85.149113, 27.932734 ], [ 85.149182, 27.932669 ], [ 85.14912, 27.932619 ], [ 85.149052, 27.932684 ] ] } },
{ "type": "Feature", "properties": { "name": null, "status": "Destroyed", "building": "yes", "building_levels": null }, "geometry": { "type": "LineString", "coordinates": [ [ 85.341292, 28.181714 ], [ 85.341263, 28.181646 ], [ 85.341506, 28.181568 ], [ 85.341533, 28.181639 ], [ 85.341292, 28.181714 ] ] } },
{ "type": "Feature", "properties": { "name": null, "status": "Destroyed", "building": "yes", "building_levels": null }, "geometry": { "type": "LineString", "coordinates": [ [ 85.149129, 27.934303 ], [ 85.14918, 27.934333 ], [ 85.149203, 27.934302 ], [ 85.149151, 27.934273 ], [ 85.149129, 27.934303 ] ] } },
{ "type": "Feature", "properties": { "name": null, "status": "Destroyed", "building": "school", "building_levels": null }, "geometry": { "type": "LineString", "coordinates": [ [ 85.338733, 28.164282 ], [ 85.338814, 28.164323 ], [ 85.338833, 28.164295 ], [ 85.338751, 28.164254 ], [ 85.338733, 28.164282 ] ] } },
{ "type": "Feature", "properties": { "name": null, "status": "Destroyed", "building": "yes", "building_levels": null }, "geometry": { "type": "LineString", "coordinates": [ [ 85.17677, 27.968899 ], [ 85.176799, 27.968857 ], [ 85.176755, 27.968833 ], [ 85.176726, 27.968874 ], [ 85.17677, 27.968899 ] ] } },
{ "type": "Feature", "properties": { "name": null, "status": "Destroyed", "building": "yes", "building_levels": null }, "geometry": { "type": "LineString", "coordinates": [ [ 85.152483, 27.930374 ], [ 85.152531, 27.93037 ], [ 85.152529, 27.930345 ], [ 85.152481, 27.930349 ], [ 85.152483, 27.930374 ] ] } },
{ "type": "Feature", "properties": { "name": null, "status": "Destroyed", "building": "yes", "building_levels": null }, "geometry": { "type": "LineString", "coordinates": [ [ 85.151057, 27.927858 ], [ 85.151177, 27.927905 ], [ 85.151219, 27.92782 ], [ 85.1511, 27.927773 ], [ 85.151057, 27.927858 ] ] } },
{ "type": "Feature", "properties": { "name": null, "status": "Destroyed", "building": "yes", "building_levels": null }, "geometry": { "type": "LineString", "coordinates": [ [ 85.378835, 28.279805 ], [ 85.378877, 28.279837 ], [ 85.378903, 28.27981 ], [ 85.378861, 28.279778 ], [ 85.378835, 28.279805 ] ] } },
{ "type": "Feature", "properties": { "name": null, "status": "Destroyed", "building": "yes", "building_levels": null }, "geometry": { "type": "LineString", "coordinates": [ [ 85.110706, 27.861568 ], [ 85.110748, 27.861537 ], [ 85.110716, 27.861503 ], [ 85.110674, 27.861534 ], [ 85.110706, 27.861568 ] ] } },
{ "type": "Feature", "properties": { "name": null, "status": "Destroyed", "building": "yes", "building_levels": null }, "geometry": { "type": "LineString", "coordinates": [ [ 85.176908, 27.968806 ], [ 85.176896, 27.968798 ], [ 85.17691, 27.968782 ], [ 85.176922, 27.96879 ], [ 85.176908, 27.968806 ] ] } },
{ "type": "Feature", "properties": { "name": null, "status": "Destroyed", "building": "yes", "building_levels": null }, "geometry": { "type": "LineString", "coordinates": [ [ 85.18447, 27.970564 ], [ 85.184518, 27.970563 ], [ 85.184516, 27.970501 ], [ 85.184468, 27.970503 ], [ 85.18447, 27.970564 ] ] } },
{ "type": "Feature", "properties": { "name": null, "status": "Destroyed", "building": "yes", "building_levels": null }, "geometry": { "type": "LineString", "coordinates": [ [ 85.173554, 27.963409 ], [ 85.173503, 27.963354 ], [ 85.173508, 27.963351 ], [ 85.173535, 27.963331 ], [ 85.173586, 27.963386 ], [ 85.173554, 27.963409 ] ] } },
{ "type": "Feature", "properties": { "name": null, "status": "Destroyed", "building": "yes", "building_levels": null }, "geometry": { "type": "LineString", "coordinates": [ [ 85.176837, 27.969367 ], [ 85.176905, 27.969334 ], [ 85.176863, 27.969264 ], [ 85.176794, 27.969296 ], [ 85.176837, 27.969367 ] ] } },
{ "type": "Feature", "properties": { "name": null, "status": "Destroyed", "building": "yes", "building_levels": null }, "geometry": { "type": "LineString", "coordinates": [ [ 85.174388, 27.966753 ], [ 85.174435, 27.966713 ], [ 85.174398, 27.966679 ], [ 85.174351, 27.966718 ], [ 85.174388, 27.966753 ] ] } },
{ "type": "Feature", "properties": { "name": null, "status": "Destroyed", "building": "yes", "building_levels": null }, "geometry": { "type": "LineString", "coordinates": [ [ 85.180717, 27.969108 ], [ 85.180777, 27.968915 ], [ 85.180839, 27.96893 ], [ 85.180779, 27.969123 ], [ 85.180717, 27.969108 ] ] } },
{ "type": "Feature", "properties": { "name": null, "status": "Destroyed", "building": "yes", "building_levels": null }, "geometry": { "type": "LineString", "coordinates": [ [ 85.182507, 27.976131 ], [ 85.182765, 27.97625 ], [ 85.182787, 27.976213 ], [ 85.182587, 27.97612 ], [ 85.182663, 27.975993 ], [ 85.182878, 27.976093 ], [ 85.182903, 27.97605 ], [ 85.182631, 27.975923 ], [ 85.182507, 27.976131 ] ] } },
{ "type": "Feature", "properties": { "name": null, "status": "Destroyed", "building": "yes", "building_levels": null }, "geometry": { "type": "LineString", "coordinates": [ [ 85.171601, 27.962438 ], [ 85.171648, 27.962484 ], [ 85.171763, 27.962392 ], [ 85.171715, 27.962346 ], [ 85.171601, 27.962438 ] ] } },
{ "type": "Feature", "properties": { "name": null, "status": "Destroyed", "building": "yes", "building_levels": null }, "geometry": { "type": "LineString", "coordinates": [ [ 85.171761, 27.962532 ], [ 85.171808, 27.962571 ], [ 85.171856, 27.962525 ], [ 85.171807, 27.962486 ], [ 85.171761, 27.962532 ] ] } },
{ "type": "Feature", "properties": { "name": null, "status": "Destroyed", "building": "yes", "building_levels": null }, "geometry": { "type": "LineString", "coordinates": [ [ 85.178737, 27.967392 ], [ 85.178785, 27.967445 ], [ 85.178861, 27.96739 ], [ 85.178813, 27.967338 ], [ 85.178737, 27.967392 ] ] } },
{ "type": "Feature", "properties": { "name": null, "status": "Destroyed", "building": "yes", "building_levels": null }, "geometry": { "type": "LineString", "coordinates": [ [ 85.178816, 27.967288 ], [ 85.178857, 27.967237 ], [ 85.179114, 27.967403 ], [ 85.179072, 27.967454 ], [ 85.178816, 27.967288 ] ] } },
{ "type": "Feature", "properties": { "name": null, "status": "Destroyed", "building": "yes", "building_levels": null }, "geometry": { "type": "LineString", "coordinates": [ [ 85.171351, 27.964589 ], [ 85.171455, 27.9646 ], [ 85.171476, 27.964448 ], [ 85.171372, 27.964437 ], [ 85.171351, 27.964589 ] ] } },
{ "type": "Feature", "properties": { "name": null, "status": "Destroyed", "building": "yes", "building_levels": null }, "geometry": { "type": "LineString", "coordinates": [ [ 85.174106, 27.965815 ], [ 85.174146, 27.965773 ], [ 85.174297, 27.965887 ], [ 85.174258, 27.965928 ], [ 85.174106, 27.965815 ] ] } },
{ "type": "Feature", "properties": { "name": null, "status": "Destroyed", "building": "yes", "building_levels": null }, "geometry": { "type": "LineString", "coordinates": [ [ 85.183725, 27.969538 ], [ 85.183813, 27.969536 ], [ 85.18381, 27.969451 ], [ 85.183722, 27.969454 ], [ 85.183725, 27.969538 ] ] } },
{ "type": "Feature", "properties": { "name": null, "status": "Destroyed", "building": "yes", "building_levels": null }, "geometry": { "type": "LineString", "coordinates": [ [ 85.179832, 27.967758 ], [ 85.179891, 27.967769 ], [ 85.179919, 27.967655 ], [ 85.179859, 27.967644 ], [ 85.179832, 27.967758 ] ] } },
{ "type": "Feature", "properties": { "name": null, "status": "Destroyed", "building": "yes", "building_levels": null }, "geometry": { "type": "LineString", "coordinates": [ [ 85.180945, 27.968998 ], [ 85.180948, 27.968958 ], [ 85.181014, 27.968963 ], [ 85.18101, 27.969002 ], [ 85.180945, 27.968998 ] ] } },
{ "type": "Feature", "properties": { "name": null, "status": "Destroyed", "building": "yes", "building_levels": null }, "geometry": { "type": "LineString", "coordinates": [ [ 85.181342, 27.97691 ], [ 85.18115, 27.976914 ], [ 85.181148, 27.976842 ], [ 85.18134, 27.976838 ], [ 85.181342, 27.97691 ] ] } },
{ "type": "Feature", "properties": { "name": null, "status": "Destroyed", "building": "yes", "building_levels": null }, "geometry": { "type": "LineString", "coordinates": [ [ 85.184451, 27.970766 ], [ 85.184453, 27.970798 ], [ 85.184501, 27.970795 ], [ 85.184499, 27.970764 ], [ 85.184451, 27.970766 ] ] } },
{ "type": "Feature", "properties": { "name": null, "status": "Destroyed", "building": "yes", "building_levels": null }, "geometry": { "type": "LineString", "coordinates": [ [ 85.16355, 27.948361 ], [ 85.163559, 27.948313 ], [ 85.163622, 27.948322 ], [ 85.163612, 27.94837 ], [ 85.16355, 27.948361 ] ] } },
{ "type": "Feature", "properties": { "name": null, "status": "Destroyed", "building": "yes", "building_levels": null }, "geometry": { "type": "LineString", "coordinates": [ [ 85.163783, 27.953029 ], [ 85.163897, 27.953021 ], [ 85.16389, 27.952942 ], [ 85.163777, 27.95295 ], [ 85.163783, 27.953029 ] ] } },
{ "type": "Feature", "properties": { "name": "Teacher Cantine", "status": "Destroyed", "building": "yes", "building_levels": null }, "geometry": { "type": "LineString", "coordinates": [ [ 85.150344, 27.925494 ], [ 85.150364, 27.925354 ], [ 85.150334, 27.92535 ], [ 85.150348, 27.925256 ], [ 85.150477, 27.925271 ], [ 85.150464, 27.925366 ], [ 85.150484, 27.925369 ], [ 85.150464, 27.925507 ], [ 85.150344, 27.925494 ] ] } },
{ "type": "Feature", "properties": { "name": null, "status": "Destroyed", "building": "yes", "building_levels": null }, "geometry": { "type": "LineString", "coordinates": [ [ 85.158932, 27.943808 ], [ 85.158962, 27.943889 ], [ 85.159023, 27.943872 ], [ 85.158992, 27.94379 ], [ 85.158932, 27.943808 ] ] } },
{ "type": "Feature", "properties": { "name": null, "status": "Destroyed", "building": "yes", "building_levels": null }, "geometry": { "type": "LineString", "coordinates": [ [ 85.158757, 27.942439 ], [ 85.158775, 27.942464 ], [ 85.158813, 27.942442 ], [ 85.158794, 27.942417 ], [ 85.158757, 27.942439 ] ] } },
{ "type": "Feature", "properties": { "name": null, "status": "Destroyed", "building": "yes", "building_levels": null }, "geometry": { "type": "LineString", "coordinates": [ [ 85.151349, 27.934848 ], [ 85.151288, 27.93491 ], [ 85.151344, 27.934954 ], [ 85.151406, 27.934891 ], [ 85.151349, 27.934848 ] ] } },
{ "type": "Feature", "properties": { "name": null, "status": "Destroyed", "building": "yes", "building_levels": null }, "geometry": { "type": "LineString", "coordinates": [ [ 85.160844, 27.946219 ], [ 85.160814, 27.946181 ], [ 85.16085, 27.946159 ], [ 85.160881, 27.946197 ], [ 85.160844, 27.946219 ] ] } },
{ "type": "Feature", "properties": { "name": null, "status": "Destroyed", "building": "yes", "building_levels": null }, "geometry": { "type": "LineString", "coordinates": [ [ 85.161189, 27.94627 ], [ 85.161212, 27.946261 ], [ 85.161198, 27.946234 ], [ 85.161176, 27.946242 ], [ 85.161189, 27.94627 ] ] } },
{ "type": "Feature", "properties": { "name": null, "status": "Destroyed", "building": "yes", "building_levels": null }, "geometry": { "type": "LineString", "coordinates": [ [ 85.161443, 27.946587 ], [ 85.16148, 27.946573 ], [ 85.161467, 27.946545 ], [ 85.161429, 27.946559 ], [ 85.161443, 27.946587 ] ] } },
{ "type": "Feature", "properties": { "name": null, "status": "Destroyed", "building": "yes", "building_levels": null }, "geometry": { "type": "LineString", "coordinates": [ [ 85.161311, 27.94738 ], [ 85.161355, 27.947353 ], [ 85.161306, 27.947288 ], [ 85.161261, 27.947315 ], [ 85.161311, 27.94738 ] ] } },
{ "type": "Feature", "properties": { "name": null, "status": "Destroyed", "building": "yes", "building_levels": null }, "geometry": { "type": "LineString", "coordinates": [ [ 85.148884, 27.926697 ], [ 85.148957, 27.926684 ], [ 85.148961, 27.926705 ], [ 85.149058, 27.926688 ], [ 85.149038, 27.9266 ], [ 85.148944, 27.926617 ], [ 85.148938, 27.926593 ], [ 85.149019, 27.926579 ], [ 85.149008, 27.926533 ], [ 85.148932, 27.926547 ], [ 85.148937, 27.92657 ], [ 85.148858, 27.926584 ], [ 85.148884, 27.926697 ] ] } },
{ "type": "Feature", "properties": { "name": null, "status": "Destroyed", "building": "yes", "building_levels": null }, "geometry": { "type": "LineString", "coordinates": [ [ 85.341003, 28.165028 ], [ 85.34108, 28.16507 ], [ 85.341145, 28.164975 ], [ 85.341068, 28.164934 ], [ 85.341003, 28.165028 ] ] } },
{ "type": "Feature", "properties": { "name": null, "status": "Destroyed", "building": "yes", "building_levels": null }, "geometry": { "type": "LineString", "coordinates": [ [ 85.338433, 28.164104 ], [ 85.3385, 28.164141 ], [ 85.338527, 28.164102 ], [ 85.33846, 28.164065 ], [ 85.338433, 28.164104 ] ] } },
{ "type": "Feature", "properties": { "name": null, "status": "Destroyed", "building": "retail", "building_levels": null }, "geometry": { "type": "LineString", "coordinates": [ [ 85.366184, 28.251404 ], [ 85.366262, 28.251451 ], [ 85.366305, 28.251393 ], [ 85.366325, 28.251368 ], [ 85.366247, 28.251321 ], [ 85.366184, 28.251404 ] ] } },
{ "type": "Feature", "properties": { "name": null, "status": "Destroyed", "building": "yes", "building_levels": null }, "geometry": { "type": "LineString", "coordinates": [ [ 85.366189, 28.251933 ], [ 85.366284, 28.251977 ], [ 85.366293, 28.251962 ], [ 85.366298, 28.251964 ], [ 85.36633, 28.251908 ], [ 85.366286, 28.251887 ], [ 85.366259, 28.251933 ], [ 85.366204, 28.251908 ], [ 85.366189, 28.251933 ] ] } },
{ "type": "Feature", "properties": { "name": null, "status": "Destroyed", "building": "yes", "building_levels": null }, "geometry": { "type": "LineString", "coordinates": [ [ 85.07386, 27.854193 ], [ 85.073952, 27.854193 ], [ 85.073952, 27.854122 ], [ 85.07386, 27.854122 ], [ 85.07386, 27.854193 ] ] } },
{ "type": "Feature", "properties": { "name": null, "status": "Destroyed", "building": "yes", "building_levels": null }, "geometry": { "type": "LineString", "coordinates": [ [ 85.176868, 27.968787 ], [ 85.176848, 27.968818 ], [ 85.176821, 27.968805 ], [ 85.176811, 27.968821 ], [ 85.176791, 27.968811 ], [ 85.176801, 27.968795 ], [ 85.176791, 27.968789 ], [ 85.17681, 27.968758 ], [ 85.176868, 27.968787 ] ] } },
{ "type": "Feature", "properties": { "name": null, "status": "Destroyed", "building": "yes", "building_levels": null }, "geometry": { "type": "LineString", "coordinates": [ [ 85.174228, 27.966622 ], [ 85.174203, 27.966586 ], [ 85.174239, 27.966567 ], [ 85.174251, 27.966585 ], [ 85.174262, 27.966579 ], [ 85.174274, 27.966598 ], [ 85.174228, 27.966622 ] ] } },
{ "type": "Feature", "properties": { "name": "Uttargaya Secondary School", "status": "Destroyed", "building": "school", "building_levels": null }, "geometry": { "type": "LineString", "coordinates": [ [ 85.180679, 27.967697 ], [ 85.18077, 27.967681 ], [ 85.180843, 27.967995 ], [ 85.180751, 27.968011 ], [ 85.180679, 27.967697 ] ] } },
{ "type": "Feature", "properties": { "name": null, "status": "Destroyed", "building": "yes", "building_levels": null }, "geometry": { "type": "LineString", "coordinates": [ [ 85.160528, 27.946757 ], [ 85.160562, 27.946813 ], [ 85.160659, 27.946767 ], [ 85.160625, 27.946711 ], [ 85.160528, 27.946757 ] ] } },
{ "type": "Feature", "properties": { "name": null, "status": "Destroyed", "building": "yes", "building_levels": null }, "geometry": { "type": "LineString", "coordinates": [ [ 85.358821, 28.242988 ], [ 85.358901, 28.242973 ], [ 85.358784, 28.242493 ], [ 85.358705, 28.242508 ], [ 85.358821, 28.242988 ] ] } },
{ "type": "Feature", "properties": { "name": null, "status": "Destroyed", "building": "yes", "building_levels": null }, "geometry": { "type": "LineString", "coordinates": [ [ 85.336112, 28.161219 ], [ 85.336163, 28.161308 ], [ 85.336275, 28.161258 ], [ 85.336225, 28.161169 ], [ 85.336112, 28.161219 ] ] } },
{ "type": "Feature", "properties": { "name": null, "status": "Destroyed", "building": "yes", "building_levels": null }, "geometry": { "type": "LineString", "coordinates": [ [ 85.357887, 28.239433 ], [ 85.357901, 28.239477 ], [ 85.357936, 28.239468 ], [ 85.357923, 28.239425 ], [ 85.357887, 28.239433 ] ] } },
{ "type": "Feature", "properties": { "name": null, "status": "Destroyed", "building": "yes", "building_levels": null }, "geometry": { "type": "LineString", "coordinates": [ [ 85.358629, 28.242258 ], [ 85.358691, 28.242258 ], [ 85.35869, 28.242187 ], [ 85.358629, 28.242188 ], [ 85.358629, 28.242258 ] ] } },
{ "type": "Feature", "properties": { "name": null, "status": "Destroyed", "building": "yes", "building_levels": null }, "geometry": { "type": "LineString", "coordinates": [ [ 85.342398, 28.164479 ], [ 85.342475, 28.164407 ], [ 85.342435, 28.164374 ], [ 85.342359, 28.164447 ], [ 85.342398, 28.164479 ] ] } },
{ "type": "Feature", "properties": { "name": null, "status": "Destroyed", "building": "yes", "building_levels": null }, "geometry": { "type": "LineString", "coordinates": [ [ 85.376904, 28.267409 ], [ 85.376937, 28.267392 ], [ 85.376887, 28.267316 ], [ 85.376853, 28.267334 ], [ 85.376904, 28.267409 ] ] } },
{ "type": "Feature", "properties": { "name": null, "status": "Destroyed", "building": "yes", "building_levels": null }, "geometry": { "type": "LineString", "coordinates": [ [ 85.376464, 28.265106 ], [ 85.376505, 28.265175 ], [ 85.37657, 28.265145 ], [ 85.37653, 28.265076 ], [ 85.376464, 28.265106 ] ] } },
{ "type": "Feature", "properties": { "name": null, "status": "Destroyed", "building": "retail", "building_levels": null }, "geometry": { "type": "LineString", "coordinates": [ [ 85.366318, 28.251069 ], [ 85.366287, 28.251197 ], [ 85.366414, 28.25122 ], [ 85.366423, 28.251179 ], [ 85.366494, 28.251192 ], [ 85.366515, 28.251105 ], [ 85.366318, 28.251069 ] ] } },
{ "type": "Feature", "properties": { "name": null, "status": "Destroyed", "building": "yes", "building_levels": null }, "geometry": { "type": "LineString", "coordinates": [ [ 85.376304, 28.265617 ], [ 85.376329, 28.265644 ], [ 85.376384, 28.265606 ], [ 85.37636, 28.265578 ], [ 85.376304, 28.265617 ] ] } },
{ "type": "Feature", "properties": { "name": null, "status": "Destroyed", "building": "yes", "building_levels": null }, "geometry": { "type": "LineString", "coordinates": [ [ 85.366857, 28.252319 ], [ 85.366821, 28.252318 ], [ 85.366819, 28.252366 ], [ 85.366856, 28.252368 ], [ 85.366854, 28.252418 ], [ 85.366905, 28.252419 ], [ 85.36691, 28.252319 ], [ 85.366857, 28.252317 ], [ 85.366857, 28.252319 ] ] } },
{ "type": "Feature", "properties": { "name": null, "status": "Destroyed", "building": "yes", "building_levels": null }, "geometry": { "type": "LineString", "coordinates": [ [ 85.367006, 28.255107 ], [ 85.367063, 28.255083 ], [ 85.367049, 28.255056 ], [ 85.366992, 28.25508 ], [ 85.367006, 28.255107 ] ] } },
{ "type": "Feature", "properties": { "name": null, "status": "Destroyed", "building": "yes", "building_levels": null }, "geometry": { "type": "LineString", "coordinates": [ [ 85.366042, 28.257743 ], [ 85.366142, 28.257808 ], [ 85.366308, 28.257611 ], [ 85.366207, 28.257546 ], [ 85.366042, 28.257743 ] ] } },
{ "type": "Feature", "properties": { "name": null, "status": "Destroyed", "building": "yes", "building_levels": null }, "geometry": { "type": "LineString", "coordinates": [ [ 85.374443, 28.264691 ], [ 85.374477, 28.264701 ], [ 85.374503, 28.264632 ], [ 85.37447, 28.264622 ], [ 85.374443, 28.264691 ] ] } },
{ "type": "Feature", "properties": { "name": null, "status": "Destroyed", "building": "yes", "building_levels": null }, "geometry": { "type": "LineString", "coordinates": [ [ 85.171294, 27.9649 ], [ 85.171328, 27.964846 ], [ 85.171269, 27.964818 ], [ 85.171236, 27.964872 ], [ 85.171294, 27.9649 ] ] } },
{ "type": "Feature", "properties": { "name": null, "status": "Destroyed", "building": "yes", "building_levels": null }, "geometry": { "type": "LineString", "coordinates": [ [ 85.170094, 27.960125 ], [ 85.170037, 27.960073 ], [ 85.169995, 27.960109 ], [ 85.170052, 27.960161 ], [ 85.170094, 27.960125 ] ] } },
{ "type": "Feature", "properties": { "name": null, "status": "Destroyed", "building": "yes", "building_levels": null }, "geometry": { "type": "LineString", "coordinates": [ [ 85.174813, 27.966646 ], [ 85.174796, 27.966636 ], [ 85.174821, 27.9666 ], [ 85.174838, 27.96661 ], [ 85.174813, 27.966646 ] ] } },
{ "type": "Feature", "properties": { "name": null, "status": "Destroyed", "building": "yes", "building_levels": null }, "geometry": { "type": "LineString", "coordinates": [ [ 85.173363, 27.965705 ], [ 85.173321, 27.965677 ], [ 85.173356, 27.965636 ], [ 85.173397, 27.965664 ], [ 85.173363, 27.965705 ] ] } },
{ "type": "Feature", "properties": { "name": null, "status": "Destroyed", "building": "yes", "building_levels": null }, "geometry": { "type": "LineString", "coordinates": [ [ 85.171646, 27.962502 ], [ 85.171687, 27.962547 ], [ 85.171762, 27.962493 ], [ 85.171721, 27.962448 ], [ 85.171646, 27.962502 ] ] } },
{ "type": "Feature", "properties": { "name": null, "status": "Destroyed", "building": "yes", "building_levels": null }, "geometry": { "type": "LineString", "coordinates": [ [ 85.179346, 27.968116 ], [ 85.179385, 27.968188 ], [ 85.179452, 27.968159 ], [ 85.179413, 27.968087 ], [ 85.179346, 27.968116 ] ] } },
{ "type": "Feature", "properties": { "name": null, "status": "Destroyed", "building": "yes", "building_levels": null }, "geometry": { "type": "LineString", "coordinates": [ [ 85.178661, 27.96731 ], [ 85.178697, 27.967351 ], [ 85.178761, 27.967308 ], [ 85.178725, 27.967267 ], [ 85.178661, 27.96731 ] ] } },
{ "type": "Feature", "properties": { "name": null, "status": "Destroyed", "building": "yes", "building_levels": null }, "geometry": { "type": "LineString", "coordinates": [ [ 85.152181, 27.935202 ], [ 85.152284, 27.935207 ], [ 85.15229, 27.935106 ], [ 85.152186, 27.935101 ], [ 85.152181, 27.935202 ] ] } },
{ "type": "Feature", "properties": { "name": null, "status": "Destroyed", "building": "yes", "building_levels": null }, "geometry": { "type": "LineString", "coordinates": [ [ 85.153034, 27.935752 ], [ 85.152938, 27.9357 ], [ 85.152985, 27.935633 ], [ 85.153081, 27.935685 ], [ 85.153034, 27.935752 ] ] } },
{ "type": "Feature", "properties": { "name": null, "status": "Destroyed", "building": "yes", "building_levels": null }, "geometry": { "type": "LineString", "coordinates": [ [ 85.149289, 27.925943 ], [ 85.149285, 27.925904 ], [ 85.149338, 27.925899 ], [ 85.149343, 27.925939 ], [ 85.149289, 27.925943 ] ] } },
{ "type": "Feature", "properties": { "name": null, "status": "Destroyed", "building": "yes", "building_levels": null }, "geometry": { "type": "LineString", "coordinates": [ [ 85.157942, 27.940072 ], [ 85.157979, 27.94004 ], [ 85.157685, 27.939771 ], [ 85.157648, 27.939803 ], [ 85.157942, 27.940072 ] ] } },
{ "type": "Feature", "properties": { "name": null, "status": "Destroyed", "building": "yes", "building_levels": null }, "geometry": { "type": "LineString", "coordinates": [ [ 85.153961, 27.937259 ], [ 85.154013, 27.937199 ], [ 85.153971, 27.937171 ], [ 85.15392, 27.937231 ], [ 85.153961, 27.937259 ] ] } },
{ "type": "Feature", "properties": { "name": null, "status": "Destroyed", "building": "yes", "building_levels": null }, "geometry": { "type": "LineString", "coordinates": [ [ 85.147306, 27.930431 ], [ 85.147358, 27.930421 ], [ 85.147375, 27.930492 ], [ 85.147323, 27.930502 ], [ 85.147306, 27.930431 ] ] } },
{ "type": "Feature", "properties": { "name": null, "status": "Destroyed", "building": "yes", "building_levels": null }, "geometry": { "type": "LineString", "coordinates": [ [ 85.149336, 27.933086 ], [ 85.14941, 27.933113 ], [ 85.149447, 27.933034 ], [ 85.149372, 27.933007 ], [ 85.149359, 27.933036 ], [ 85.149336, 27.933086 ] ] } },
{ "type": "Feature", "properties": { "name": null, "status": "Destroyed", "building": "yes", "building_levels": null }, "geometry": { "type": "LineString", "coordinates": [ [ 85.149023, 27.932121 ], [ 85.149061, 27.932168 ], [ 85.14912, 27.932131 ], [ 85.149083, 27.932084 ], [ 85.149023, 27.932121 ] ] } },
{ "type": "Feature", "properties": { "name": null, "status": "Destroyed", "building": "yes", "building_levels": null }, "geometry": { "type": "LineString", "coordinates": [ [ 85.14888, 27.925445 ], [ 85.148907, 27.925519 ], [ 85.14899, 27.925495 ], [ 85.148963, 27.925422 ], [ 85.14888, 27.925445 ] ] } },
{ "type": "Feature", "properties": { "name": null, "status": "Destroyed", "building": "yes", "building_levels": null }, "geometry": { "type": "LineString", "coordinates": [ [ 85.149474, 27.924552 ], [ 85.149591, 27.924515 ], [ 85.149557, 27.924431 ], [ 85.14944, 27.924467 ], [ 85.149474, 27.924552 ] ] } },
{ "type": "Feature", "properties": { "name": null, "status": "Destroyed", "building": "yes", "building_levels": null }, "geometry": { "type": "LineString", "coordinates": [ [ 85.341778, 28.166791 ], [ 85.341875, 28.166759 ], [ 85.341773, 28.166514 ], [ 85.341676, 28.166545 ], [ 85.341778, 28.166791 ] ] } },
{ "type": "Feature", "properties": { "name": null, "status": "Destroyed", "building": "yes", "building_levels": null }, "geometry": { "type": "LineString", "coordinates": [ [ 85.337144, 28.164038 ], [ 85.337218, 28.164006 ], [ 85.337178, 28.163935 ], [ 85.337104, 28.163967 ], [ 85.337144, 28.164038 ] ] } },
{ "type": "Feature", "properties": { "name": null, "status": "Destroyed", "building": "yes", "building_levels": null }, "geometry": { "type": "LineString", "coordinates": [ [ 85.341582, 28.167515 ], [ 85.341657, 28.167498 ], [ 85.341605, 28.167313 ], [ 85.341529, 28.167329 ], [ 85.341582, 28.167515 ] ] } },
{ "type": "Feature", "properties": { "name": null, "status": "Destroyed", "building": "yes", "building_levels": null }, "geometry": { "type": "LineString", "coordinates": [ [ 85.337418, 28.163259 ], [ 85.337472, 28.1633 ], [ 85.337495, 28.163276 ], [ 85.33753, 28.163303 ], [ 85.3376, 28.163231 ], [ 85.337511, 28.163163 ], [ 85.337418, 28.163259 ] ] } },
{ "type": "Feature", "properties": { "name": null, "status": "Destroyed", "building": "yes", "building_levels": null }, "geometry": { "type": "LineString", "coordinates": [ [ 85.336474, 28.162305 ], [ 85.336514, 28.1623 ], [ 85.336507, 28.162261 ], [ 85.336467, 28.162266 ], [ 85.336474, 28.162305 ] ] } },
{ "type": "Feature", "properties": { "name": null, "status": "Destroyed", "building": "yes", "building_levels": null }, "geometry": { "type": "LineString", "coordinates": [ [ 85.366409, 28.254071 ], [ 85.36648, 28.254073 ], [ 85.366482, 28.254021 ], [ 85.366411, 28.25402 ], [ 85.366409, 28.254071 ] ] } },
{ "type": "Feature", "properties": { "name": null, "status": "Destroyed", "building": "yes", "building_levels": null }, "geometry": { "type": "LineString", "coordinates": [ [ 85.376404, 28.273481 ], [ 85.376418, 28.273598 ], [ 85.376511, 28.27359 ], [ 85.376497, 28.273472 ], [ 85.376404, 28.273481 ] ] } },
{ "type": "Feature", "properties": { "name": null, "status": "Destroyed", "building": "yes", "building_levels": null }, "geometry": { "type": "LineString", "coordinates": [ [ 85.34354, 28.16421 ], [ 85.34352, 28.164239 ], [ 85.343562, 28.164261 ], [ 85.343582, 28.164232 ], [ 85.34354, 28.16421 ] ] } },
{ "type": "Feature", "properties": { "name": null, "status": "Destroyed", "building": "yes", "building_levels": null }, "geometry": { "type": "LineString", "coordinates": [ [ 85.366304, 28.253955 ], [ 85.366368, 28.25395 ], [ 85.366382, 28.254084 ], [ 85.366317, 28.254089 ], [ 85.366304, 28.253955 ] ] } },
{ "type": "Feature", "properties": { "name": null, "status": "Destroyed", "building": "yes", "building_levels": null }, "geometry": { "type": "LineString", "coordinates": [ [ 85.36649, 28.255509 ], [ 85.366488, 28.255553 ], [ 85.366631, 28.255558 ], [ 85.366635, 28.255479 ], [ 85.366491, 28.255474 ], [ 85.36649, 28.255509 ] ] } },
{ "type": "Feature", "properties": { "name": null, "status": "Destroyed", "building": "yes", "building_levels": null }, "geometry": { "type": "LineString", "coordinates": [ [ 85.365971, 28.253369 ], [ 85.366053, 28.253366 ], [ 85.366092, 28.253365 ], [ 85.366091, 28.253337 ], [ 85.366088, 28.253258 ], [ 85.366038, 28.25326 ], [ 85.366038, 28.25324 ], [ 85.365966, 28.253242 ], [ 85.365971, 28.253369 ] ] } },
{ "type": "Feature", "properties": { "name": null, "status": "Destroyed", "building": "yes", "building_levels": null }, "geometry": { "type": "LineString", "coordinates": [ [ 85.174119, 27.963644 ], [ 85.174151, 27.963597 ], [ 85.174089, 27.963564 ], [ 85.174057, 27.963611 ], [ 85.174119, 27.963644 ] ] } },
{ "type": "Feature", "properties": { "name": null, "status": "Destroyed", "building": "yes", "building_levels": null }, "geometry": { "type": "LineString", "coordinates": [ [ 85.184948, 27.971207 ], [ 85.184957, 27.971263 ], [ 85.185023, 27.971254 ], [ 85.185013, 27.971198 ], [ 85.184948, 27.971207 ] ] } },
{ "type": "Feature", "properties": { "name": null, "status": "Destroyed", "building": "yes", "building_levels": null }, "geometry": { "type": "LineString", "coordinates": [ [ 85.170417, 27.964462 ], [ 85.170494, 27.964427 ], [ 85.170459, 27.964369 ], [ 85.170383, 27.964404 ], [ 85.170417, 27.964462 ] ] } },
{ "type": "Feature", "properties": { "name": null, "status": "Destroyed", "building": "yes", "building_levels": null }, "geometry": { "type": "LineString", "coordinates": [ [ 85.173838, 27.966151 ], [ 85.173893, 27.966149 ], [ 85.173892, 27.966117 ], [ 85.173837, 27.966119 ], [ 85.173838, 27.966151 ] ] } },
{ "type": "Feature", "properties": { "name": null, "status": "Destroyed", "building": "yes", "building_levels": null }, "geometry": { "type": "LineString", "coordinates": [ [ 85.149462, 27.926818 ], [ 85.149484, 27.926647 ], [ 85.149422, 27.926641 ], [ 85.149401, 27.926812 ], [ 85.149462, 27.926818 ] ] } },
{ "type": "Feature", "properties": { "name": null, "status": "Destroyed", "building": "yes", "building_levels": null }, "geometry": { "type": "LineString", "coordinates": [ [ 85.160282, 27.946825 ], [ 85.160349, 27.946925 ], [ 85.160407, 27.946895 ], [ 85.16034, 27.946794 ], [ 85.160282, 27.946825 ] ] } },
{ "type": "Feature", "properties": { "name": null, "status": "Destroyed", "building": "yes", "building_levels": null }, "geometry": { "type": "LineString", "coordinates": [ [ 85.150169, 27.925622 ], [ 85.150331, 27.925645 ], [ 85.150355, 27.925512 ], [ 85.150322, 27.925507 ], [ 85.150344, 27.925386 ], [ 85.150206, 27.925366 ], [ 85.150174, 27.92554 ], [ 85.150228, 27.925548 ], [ 85.150221, 27.925591 ], [ 85.150176, 27.925585 ], [ 85.150169, 27.925622 ] ] } },
{ "type": "Feature", "properties": { "name": null, "status": "Destroyed", "building": "yes", "building_levels": null }, "geometry": { "type": "LineString", "coordinates": [ [ 85.377993, 28.271185 ], [ 85.378024, 28.271201 ], [ 85.378053, 28.271156 ], [ 85.378022, 28.271141 ], [ 85.377993, 28.271185 ] ] } },
{ "type": "Feature", "properties": { "name": null, "status": "Destroyed", "building": "yes", "building_levels": null }, "geometry": { "type": "LineString", "coordinates": [ [ 85.376584, 28.270848 ], [ 85.376739, 28.270809 ], [ 85.376728, 28.270775 ], [ 85.376573, 28.270815 ], [ 85.376584, 28.270848 ] ] } },
{ "type": "Feature", "properties": { "name": null, "status": "Destroyed", "building": "yes", "building_levels": null }, "geometry": { "type": "LineString", "coordinates": [ [ 85.376749, 28.265217 ], [ 85.37677, 28.265245 ], [ 85.376817, 28.265218 ], [ 85.376796, 28.26519 ], [ 85.376749, 28.265217 ] ] } },
{ "type": "Feature", "properties": { "name": null, "status": "Destroyed", "building": "yes", "building_levels": null }, "geometry": { "type": "LineString", "coordinates": [ [ 85.108884, 27.860452 ], [ 85.108924, 27.860407 ], [ 85.108816, 27.860333 ], [ 85.108776, 27.860305 ], [ 85.108736, 27.86035 ], [ 85.108684, 27.860408 ], [ 85.108725, 27.860436 ], [ 85.108765, 27.860464 ], [ 85.108803, 27.860421 ], [ 85.108871, 27.860467 ], [ 85.108884, 27.860452 ] ] } },
{ "type": "Feature", "properties": { "name": null, "status": "Destroyed", "building": "yes", "building_levels": null }, "geometry": { "type": "LineString", "coordinates": [ [ 85.169431, 27.964108 ], [ 85.169442, 27.964087 ], [ 85.169411, 27.964075 ], [ 85.1694, 27.964095 ], [ 85.169431, 27.964108 ] ] } },
{ "type": "Feature", "properties": { "name": null, "status": "Destroyed", "building": "yes", "building_levels": null }, "geometry": { "type": "LineString", "coordinates": [ [ 85.172366, 27.962418 ], [ 85.172397, 27.962367 ], [ 85.172445, 27.962391 ], [ 85.172415, 27.962441 ], [ 85.172366, 27.962418 ] ] } },
{ "type": "Feature", "properties": { "name": null, "status": "Destroyed", "building": "yes", "building_levels": null }, "geometry": { "type": "LineString", "coordinates": [ [ 85.366592, 28.256217 ], [ 85.366624, 28.256262 ], [ 85.366668, 28.256238 ], [ 85.366636, 28.256193 ], [ 85.366592, 28.256217 ] ] } },
{ "type": "Feature", "properties": { "name": null, "status": "Destroyed", "building": "yes", "building_levels": null }, "geometry": { "type": "LineString", "coordinates": [ [ 85.366402, 28.254489 ], [ 85.366443, 28.254476 ], [ 85.366422, 28.254427 ], [ 85.366382, 28.25444 ], [ 85.366402, 28.254489 ] ] } },
{ "type": "Feature", "properties": { "name": null, "status": "Destroyed", "building": "yes", "building_levels": null }, "geometry": { "type": "LineString", "coordinates": [ [ 85.366534, 28.257209 ], [ 85.366626, 28.257163 ], [ 85.36654, 28.25703 ], [ 85.366448, 28.257076 ], [ 85.366534, 28.257209 ] ] } },
{ "type": "Feature", "properties": { "name": null, "status": "Destroyed", "building": "yes", "building_levels": null }, "geometry": { "type": "LineString", "coordinates": [ [ 85.366171, 28.2534 ], [ 85.366267, 28.253393 ], [ 85.366258, 28.253285 ], [ 85.366162, 28.253291 ], [ 85.366171, 28.2534 ] ] } },
{ "type": "Feature", "properties": { "name": null, "status": "Destroyed", "building": "yes", "building_levels": null }, "geometry": { "type": "LineString", "coordinates": [ [ 85.109473, 27.860493 ], [ 85.109562, 27.860431 ], [ 85.10947, 27.860329 ], [ 85.109381, 27.860392 ], [ 85.109473, 27.860493 ] ] } },
{ "type": "Feature", "properties": { "name": null, "status": "Destroyed", "building": "yes", "building_levels": null }, "geometry": { "type": "LineString", "coordinates": [ [ 85.17991, 27.967875 ], [ 85.179964, 27.967877 ], [ 85.179967, 27.967812 ], [ 85.179913, 27.96781 ], [ 85.17991, 27.967875 ] ] } },
{ "type": "Feature", "properties": { "name": null, "status": "Destroyed", "building": "yes", "building_levels": null }, "geometry": { "type": "LineString", "coordinates": [ [ 85.170113, 27.963457 ], [ 85.170133, 27.963431 ], [ 85.170107, 27.963416 ], [ 85.170087, 27.963409 ], [ 85.17007, 27.963441 ], [ 85.170113, 27.963457 ] ] } },
{ "type": "Feature", "properties": { "name": null, "status": "Destroyed", "building": "yes", "building_levels": null }, "geometry": { "type": "LineString", "coordinates": [ [ 85.160512, 27.946496 ], [ 85.160498, 27.946453 ], [ 85.160576, 27.946432 ], [ 85.160591, 27.946475 ], [ 85.160512, 27.946496 ] ] } },
{ "type": "Feature", "properties": { "name": null, "status": "Destroyed", "building": "yes", "building_levels": null }, "geometry": { "type": "LineString", "coordinates": [ [ 85.17056, 27.964893 ], [ 85.170601, 27.964873 ], [ 85.170564, 27.964815 ], [ 85.170523, 27.964835 ], [ 85.170446, 27.964872 ], [ 85.170483, 27.96493 ], [ 85.17056, 27.964893 ] ] } },
{ "type": "Feature", "properties": { "name": null, "status": "Destroyed", "building": "yes", "building_levels": null }, "geometry": { "type": "LineString", "coordinates": [ [ 85.170146, 27.960351 ], [ 85.170253, 27.960271 ], [ 85.170207, 27.960224 ], [ 85.1701, 27.960303 ], [ 85.170146, 27.960351 ] ] } },
{ "type": "Feature", "properties": { "name": null, "status": "Destroyed", "building": "yes", "building_levels": null }, "geometry": { "type": "LineString", "coordinates": [ [ 85.184678, 27.972625 ], [ 85.184721, 27.972631 ], [ 85.184728, 27.972591 ], [ 85.184685, 27.972585 ], [ 85.184678, 27.972625 ] ] } },
{ "type": "Feature", "properties": { "name": null, "status": "Destroyed", "building": "yes", "building_levels": null }, "geometry": { "type": "LineString", "coordinates": [ [ 85.358571, 28.240643 ], [ 85.35862, 28.240643 ], [ 85.35862, 28.240537 ], [ 85.358571, 28.240537 ], [ 85.358571, 28.240643 ] ] } },
{ "type": "Feature", "properties": { "name": null, "status": "Destroyed", "building": "yes", "building_levels": null }, "geometry": { "type": "LineString", "coordinates": [ [ 85.336195, 28.16083 ], [ 85.336232, 28.160895 ], [ 85.336285, 28.160873 ], [ 85.336253, 28.160807 ], [ 85.336195, 28.16083 ] ] } },
{ "type": "Feature", "properties": { "name": null, "status": "Destroyed", "building": "yes", "building_levels": null }, "geometry": { "type": "LineString", "coordinates": [ [ 85.366494, 28.256065 ], [ 85.366633, 28.256055 ], [ 85.366627, 28.255998 ], [ 85.366488, 28.256008 ], [ 85.366494, 28.256065 ] ] } },
{ "type": "Feature", "properties": { "name": null, "status": "Destroyed", "building": "yes", "building_levels": null }, "geometry": { "type": "LineString", "coordinates": [ [ 85.366529, 28.252097 ], [ 85.366618, 28.252097 ], [ 85.366618, 28.252067 ], [ 85.366529, 28.252067 ], [ 85.366529, 28.252097 ] ] } },
{ "type": "Feature", "properties": { "name": null, "status": "Destroyed", "building": "yes", "building_levels": null }, "geometry": { "type": "LineString", "coordinates": [ [ 85.3401, 28.164638 ], [ 85.340187, 28.164665 ], [ 85.340201, 28.164632 ], [ 85.340114, 28.164605 ], [ 85.3401, 28.164638 ] ] } },
{ "type": "Feature", "properties": { "name": null, "status": "Destroyed", "building": "yes", "building_levels": null }, "geometry": { "type": "LineString", "coordinates": [ [ 85.366772, 28.253692 ], [ 85.366852, 28.253684 ], [ 85.366844, 28.253622 ], [ 85.366764, 28.25363 ], [ 85.366772, 28.253692 ] ] } },
{ "type": "Feature", "properties": { "name": null, "status": "Destroyed", "building": "yes", "building_levels": null }, "geometry": { "type": "LineString", "coordinates": [ [ 85.375296, 28.265132 ], [ 85.375325, 28.265163 ], [ 85.375407, 28.265103 ], [ 85.375378, 28.265072 ], [ 85.375296, 28.265132 ] ] } },
{ "type": "Feature", "properties": { "name": null, "status": "Destroyed", "building": "yes", "building_levels": null }, "geometry": { "type": "LineString", "coordinates": [ [ 85.152011, 27.935331 ], [ 85.152029, 27.93531 ], [ 85.152059, 27.935331 ], [ 85.152041, 27.935351 ], [ 85.152011, 27.935331 ] ] } },
{ "type": "Feature", "properties": { "name": null, "status": "Destroyed", "building": "yes", "building_levels": null }, "geometry": { "type": "LineString", "coordinates": [ [ 85.367005, 28.255119 ], [ 85.367007, 28.25515 ], [ 85.367058, 28.255147 ], [ 85.367055, 28.255116 ], [ 85.367005, 28.255119 ] ] } },
{ "type": "Feature", "properties": { "name": null, "status": "Destroyed", "building": "yes", "building_levels": null }, "geometry": { "type": "LineString", "coordinates": [ [ 85.175475, 27.967191 ], [ 85.17552, 27.967117 ], [ 85.17538, 27.96705 ], [ 85.175335, 27.967125 ], [ 85.175475, 27.967191 ] ] } },
{ "type": "Feature", "properties": { "name": null, "status": "Destroyed", "building": "yes", "building_levels": null }, "geometry": { "type": "LineString", "coordinates": [ [ 85.172712, 27.964498 ], [ 85.172753, 27.964505 ], [ 85.172756, 27.964478 ], [ 85.172784, 27.964481 ], [ 85.172786, 27.964451 ], [ 85.172716, 27.964441 ], [ 85.172712, 27.964498 ] ] } },
{ "type": "Feature", "properties": { "name": null, "status": "Destroyed", "building": "yes", "building_levels": null }, "geometry": { "type": "LineString", "coordinates": [ [ 85.37858, 28.272024 ], [ 85.378634, 28.272017 ], [ 85.378608, 28.271861 ], [ 85.378553, 28.271868 ], [ 85.37858, 28.272024 ] ] } },
{ "type": "Feature", "properties": { "name": null, "status": "Destroyed", "building": "government", "building_levels": null }, "geometry": { "type": "LineString", "coordinates": [ [ 85.366147, 28.251491 ], [ 85.366212, 28.251532 ], [ 85.366268, 28.251463 ], [ 85.366204, 28.251422 ], [ 85.366147, 28.251491 ] ] } },
{ "type": "Feature", "properties": { "name": null, "status": "Destroyed", "building": "yes", "building_levels": null }, "geometry": { "type": "LineString", "coordinates": [ [ 85.108513, 27.859972 ], [ 85.108572, 27.859941 ], [ 85.108519, 27.859861 ], [ 85.108459, 27.859892 ], [ 85.108513, 27.859972 ] ] } },
{ "type": "Feature", "properties": { "name": null, "status": "Destroyed", "building": "yes", "building_levels": null }, "geometry": { "type": "LineString", "coordinates": [ [ 85.081057, 27.855502 ], [ 85.081102, 27.855498 ], [ 85.081096, 27.855442 ], [ 85.08105, 27.855447 ], [ 85.081057, 27.855502 ] ] } },
{ "type": "Feature", "properties": { "name": null, "status": "Destroyed", "building": "house", "building_levels": "1" }, "geometry": { "type": "LineString", "coordinates": [ [ 85.179724, 27.968211 ], [ 85.179769, 27.968186 ], [ 85.179732, 27.968133 ], [ 85.179686, 27.968158 ], [ 85.179724, 27.968211 ] ] } },
{ "type": "Feature", "properties": { "name": null, "status": "Destroyed", "building": "yes", "building_levels": null }, "geometry": { "type": "LineString", "coordinates": [ [ 85.171892, 27.962504 ], [ 85.171923, 27.962519 ], [ 85.171946, 27.962483 ], [ 85.171914, 27.962468 ], [ 85.171892, 27.962504 ] ] } },
{ "type": "Feature", "properties": { "name": null, "status": "Destroyed", "building": "yes", "building_levels": null }, "geometry": { "type": "LineString", "coordinates": [ [ 85.185189, 27.970614 ], [ 85.18519, 27.97064 ], [ 85.185222, 27.970639 ], [ 85.185221, 27.970612 ], [ 85.185189, 27.970614 ] ] } },
{ "type": "Feature", "properties": { "name": null, "status": "Destroyed", "building": "yes", "building_levels": null }, "geometry": { "type": "LineString", "coordinates": [ [ 85.18334, 27.970026 ], [ 85.183453, 27.970074 ], [ 85.183492, 27.970002 ], [ 85.183378, 27.969955 ], [ 85.18334, 27.970026 ] ] } },
{ "type": "Feature", "properties": { "name": null, "status": "Destroyed", "building": "yes", "building_levels": null }, "geometry": { "type": "LineString", "coordinates": [ [ 85.14884, 27.925824 ], [ 85.148833, 27.925789 ], [ 85.148922, 27.925774 ], [ 85.148929, 27.925809 ], [ 85.14884, 27.925824 ] ] } },
{ "type": "Feature", "properties": { "name": null, "status": "Destroyed", "building": "yes", "building_levels": null }, "geometry": { "type": "LineString", "coordinates": [ [ 85.157392, 27.940615 ], [ 85.157462, 27.940671 ], [ 85.157505, 27.940628 ], [ 85.157435, 27.940573 ], [ 85.157392, 27.940615 ] ] } },
{ "type": "Feature", "properties": { "name": null, "status": "Destroyed", "building": "yes", "building_levels": null }, "geometry": { "type": "LineString", "coordinates": [ [ 85.150152, 27.925383 ], [ 85.150007, 27.925377 ], [ 85.150004, 27.925432 ], [ 85.150149, 27.925438 ], [ 85.150152, 27.925383 ] ] } },
{ "type": "Feature", "properties": { "name": null, "status": "Destroyed", "building": "yes", "building_levels": null }, "geometry": { "type": "LineString", "coordinates": [ [ 85.149171, 27.924832 ], [ 85.149208, 27.924817 ], [ 85.149177, 27.924756 ], [ 85.149141, 27.92477 ], [ 85.149171, 27.924832 ] ] } },
{ "type": "Feature", "properties": { "name": null, "status": "Destroyed", "building": "yes", "building_levels": null }, "geometry": { "type": "LineString", "coordinates": [ [ 85.366855, 28.257314 ], [ 85.366813, 28.257198 ], [ 85.366881, 28.257177 ], [ 85.366914, 28.25731 ], [ 85.366855, 28.257314 ] ] } },
{ "type": "Feature", "properties": { "name": "Pangsang guest house and restaurant", "status": "Destroyed", "building": "hotel", "building_levels": null }, "geometry": { "type": "LineString", "coordinates": [ [ 85.336727, 28.16237 ], [ 85.336784, 28.162361 ], [ 85.336767, 28.162293 ], [ 85.336713, 28.162302 ], [ 85.336727, 28.16237 ] ] } },
{ "type": "Feature", "properties": { "name": null, "status": "Destroyed", "building": "yes", "building_levels": null }, "geometry": { "type": "LineString", "coordinates": [ [ 85.366527, 28.2567 ], [ 85.366602, 28.256736 ], [ 85.366625, 28.2567 ], [ 85.366549, 28.256664 ], [ 85.366527, 28.2567 ] ] } },
{ "type": "Feature", "properties": { "name": null, "status": "Destroyed", "building": "yes", "building_levels": null }, "geometry": { "type": "LineString", "coordinates": [ [ 85.183368, 27.975449 ], [ 85.183434, 27.975371 ], [ 85.183571, 27.975462 ], [ 85.183505, 27.97554 ], [ 85.183368, 27.975449 ] ] } },
{ "type": "Feature", "properties": { "name": null, "status": "Destroyed", "building": "yes", "building_levels": null }, "geometry": { "type": "LineString", "coordinates": [ [ 85.173076, 27.964511 ], [ 85.173167, 27.964547 ], [ 85.173191, 27.964499 ], [ 85.173101, 27.964463 ], [ 85.173076, 27.964511 ] ] } },
{ "type": "Feature", "properties": { "name": null, "status": "Destroyed", "building": "yes", "building_levels": null }, "geometry": { "type": "LineString", "coordinates": [ [ 85.149472, 27.933191 ], [ 85.149526, 27.933233 ], [ 85.149559, 27.9332 ], [ 85.149505, 27.933157 ], [ 85.149472, 27.933191 ] ] } },
{ "type": "Feature", "properties": { "name": null, "status": "Destroyed", "building": "yes", "building_levels": null }, "geometry": { "type": "LineString", "coordinates": [ [ 85.377917, 28.280626 ], [ 85.37798, 28.28063 ], [ 85.377983, 28.280591 ], [ 85.37792, 28.280588 ], [ 85.377917, 28.280626 ] ] } },
{ "type": "Feature", "properties": { "name": null, "status": "Destroyed", "building": "yes", "building_levels": null }, "geometry": { "type": "LineString", "coordinates": [ [ 85.37811, 28.279807 ], [ 85.378163, 28.279849 ], [ 85.378221, 28.279791 ], [ 85.378168, 28.27975 ], [ 85.37811, 28.279807 ] ] } },
{ "type": "Feature", "properties": { "name": null, "status": "Destroyed", "building": "yes", "building_levels": null }, "geometry": { "type": "LineString", "coordinates": [ [ 85.110529, 27.860617 ], [ 85.110624, 27.860564 ], [ 85.110564, 27.86048 ], [ 85.110469, 27.860533 ], [ 85.110529, 27.860617 ] ] } },
{ "type": "Feature", "properties": { "name": null, "status": "Destroyed", "building": "yes", "building_levels": null }, "geometry": { "type": "LineString", "coordinates": [ [ 85.17026, 27.960422 ], [ 85.170236, 27.960397 ], [ 85.170247, 27.960388 ], [ 85.170237, 27.960378 ], [ 85.170294, 27.960334 ], [ 85.170345, 27.960386 ], [ 85.170277, 27.960438 ], [ 85.17026, 27.960422 ] ] } },
{ "type": "Feature", "properties": { "name": null, "status": "Destroyed", "building": "yes", "building_levels": null }, "geometry": { "type": "LineString", "coordinates": [ [ 85.179649, 27.968176 ], [ 85.179596, 27.968113 ], [ 85.179664, 27.968069 ], [ 85.179717, 27.968131 ], [ 85.179649, 27.968176 ] ] } },
{ "type": "Feature", "properties": { "name": null, "status": "Destroyed", "building": "yes", "building_levels": null }, "geometry": { "type": "LineString", "coordinates": [ [ 85.1827, 27.969777 ], [ 85.182738, 27.969821 ], [ 85.182789, 27.969786 ], [ 85.182752, 27.969742 ], [ 85.1827, 27.969777 ] ] } },
{ "type": "Feature", "properties": { "name": null, "status": "Destroyed", "building": "yes", "building_levels": null }, "geometry": { "type": "LineString", "coordinates": [ [ 85.376838, 28.272235 ], [ 85.376911, 28.272212 ], [ 85.376883, 28.272144 ], [ 85.37681, 28.272167 ], [ 85.376838, 28.272235 ] ] } },
{ "type": "Feature", "properties": { "name": null, "status": "Destroyed", "building": "yes", "building_levels": null }, "geometry": { "type": "LineString", "coordinates": [ [ 85.342263, 28.18201 ], [ 85.342263, 28.181952 ], [ 85.342384, 28.181951 ], [ 85.342385, 28.182008 ], [ 85.342263, 28.18201 ] ] } },
{ "type": "Feature", "properties": { "name": null, "status": "Destroyed", "building": "yes", "building_levels": null }, "geometry": { "type": "LineString", "coordinates": [ [ 85.366882, 28.254521 ], [ 85.366879, 28.254461 ], [ 85.366983, 28.254458 ], [ 85.366985, 28.254517 ], [ 85.366882, 28.254521 ] ] } },
{ "type": "Feature", "properties": { "name": null, "status": "Destroyed", "building": "yes", "building_levels": null }, "geometry": { "type": "LineString", "coordinates": [ [ 85.366586, 28.251805 ], [ 85.366617, 28.251815 ], [ 85.366641, 28.251756 ], [ 85.36661, 28.251746 ], [ 85.366586, 28.251805 ] ] } },
{ "type": "Feature", "properties": { "name": null, "status": "Destroyed", "building": "yes", "building_levels": null }, "geometry": { "type": "LineString", "coordinates": [ [ 85.366076, 28.250677 ], [ 85.366079, 28.250735 ], [ 85.366147, 28.250732 ], [ 85.366145, 28.250674 ], [ 85.366076, 28.250677 ] ] } },
{ "type": "Feature", "properties": { "name": null, "status": "Destroyed", "building": "yes", "building_levels": null }, "geometry": { "type": "LineString", "coordinates": [ [ 85.366663, 28.25315 ], [ 85.366666, 28.253194 ], [ 85.366759, 28.25319 ], [ 85.366752, 28.253055 ], [ 85.366696, 28.253058 ], [ 85.366701, 28.253149 ], [ 85.366663, 28.25315 ] ] } },
{ "type": "Feature", "properties": { "name": null, "status": "Damaged", "building": "yes", "building_levels": null }, "geometry": { "type": "LineString", "coordinates": [ [ 85.366956, 28.252122 ], [ 85.366953, 28.252302 ], [ 85.367039, 28.252303 ], [ 85.367042, 28.252123 ], [ 85.366956, 28.252122 ] ] } },
{ "type": "Feature", "properties": { "name": null, "status": "Destroyed", "building": "yes", "building_levels": null }, "geometry": { "type": "LineString", "coordinates": [ [ 85.15663, 27.939046 ], [ 85.156671, 27.939079 ], [ 85.156711, 27.939041 ], [ 85.15667, 27.939008 ], [ 85.15663, 27.939046 ] ] } },
{ "type": "Feature", "properties": { "name": null, "status": "Destroyed", "building": "yes", "building_levels": null }, "geometry": { "type": "LineString", "coordinates": [ [ 85.342925, 28.164845 ], [ 85.342935, 28.164876 ], [ 85.342976, 28.164866 ], [ 85.342967, 28.164835 ], [ 85.342925, 28.164845 ] ] } },
{ "type": "Feature", "properties": { "name": null, "status": "Destroyed", "building": "yes", "building_levels": null }, "geometry": { "type": "LineString", "coordinates": [ [ 85.366046, 28.252723 ], [ 85.36621, 28.252707 ], [ 85.366198, 28.252614 ], [ 85.366034, 28.25263 ], [ 85.366046, 28.252723 ] ] } },
{ "type": "Feature", "properties": { "name": null, "status": "Destroyed", "building": "yes", "building_levels": null }, "geometry": { "type": "LineString", "coordinates": [ [ 85.373662, 28.263074 ], [ 85.373691, 28.263071 ], [ 85.37368, 28.262994 ], [ 85.373651, 28.262998 ], [ 85.373662, 28.263074 ] ] } },
{ "type": "Feature", "properties": { "name": null, "status": "Destroyed", "building": "yes", "building_levels": null }, "geometry": { "type": "LineString", "coordinates": [ [ 85.108596, 27.859736 ], [ 85.108625, 27.859712 ], [ 85.108564, 27.859654 ], [ 85.108536, 27.859678 ], [ 85.108596, 27.859736 ] ] } },
{ "type": "Feature", "properties": { "name": null, "status": "Destroyed", "building": "yes", "building_levels": null }, "geometry": { "type": "LineString", "coordinates": [ [ 85.184877, 27.96995 ], [ 85.184912, 27.970047 ], [ 85.18503, 27.970014 ], [ 85.185017, 27.96998 ], [ 85.185062, 27.969967 ], [ 85.18504, 27.969905 ], [ 85.184877, 27.96995 ] ] } },
{ "type": "Feature", "properties": { "name": null, "status": "Destroyed", "building": "yes", "building_levels": null }, "geometry": { "type": "LineString", "coordinates": [ [ 85.148925, 27.925217 ], [ 85.148996, 27.925198 ], [ 85.148973, 27.925133 ], [ 85.148902, 27.925153 ], [ 85.148925, 27.925217 ] ] } },
{ "type": "Feature", "properties": { "name": null, "status": "Destroyed", "building": "yes", "building_levels": null }, "geometry": { "type": "LineString", "coordinates": [ [ 85.160373, 27.947082 ], [ 85.160411, 27.947064 ], [ 85.160391, 27.94703 ], [ 85.160352, 27.947048 ], [ 85.160373, 27.947082 ] ] } },
{ "type": "Feature", "properties": { "name": null, "status": "Destroyed", "building": "yes", "building_levels": null }, "geometry": { "type": "LineString", "coordinates": [ [ 85.161648, 27.944544 ], [ 85.161596, 27.944434 ], [ 85.161627, 27.944422 ], [ 85.161679, 27.944533 ], [ 85.161648, 27.944544 ] ] } },
{ "type": "Feature", "properties": { "name": null, "status": "Destroyed", "building": "yes", "building_levels": null }, "geometry": { "type": "LineString", "coordinates": [ [ 85.341408, 28.165956 ], [ 85.341352, 28.16601 ], [ 85.341515, 28.166139 ], [ 85.341526, 28.166128 ], [ 85.341552, 28.16615 ], [ 85.341584, 28.166119 ], [ 85.341558, 28.166097 ], [ 85.34157, 28.166086 ], [ 85.341408, 28.165956 ] ] } },
{ "type": "Feature", "properties": { "name": null, "status": "Destroyed", "building": "yes", "building_levels": null }, "geometry": { "type": "LineString", "coordinates": [ [ 85.33733, 28.164182 ], [ 85.337368, 28.164215 ], [ 85.337399, 28.164187 ], [ 85.337361, 28.164154 ], [ 85.33733, 28.164182 ] ] } },
{ "type": "Feature", "properties": { "name": null, "status": "Destroyed", "building": "yes", "building_levels": null }, "geometry": { "type": "LineString", "coordinates": [ [ 85.337501, 28.163507 ], [ 85.337546, 28.163537 ], [ 85.337497, 28.163593 ], [ 85.337551, 28.163629 ], [ 85.33767, 28.163491 ], [ 85.337572, 28.163425 ], [ 85.337501, 28.163507 ] ] } },
{ "type": "Feature", "properties": { "name": null, "status": "Destroyed", "building": "yes", "building_levels": null }, "geometry": { "type": "LineString", "coordinates": [ [ 85.172515, 27.962518 ], [ 85.17254, 27.962547 ], [ 85.172603, 27.962505 ], [ 85.172577, 27.962475 ], [ 85.172515, 27.962518 ] ] } },
{ "type": "Feature", "properties": { "name": null, "status": "Destroyed", "building": "yes", "building_levels": null }, "geometry": { "type": "LineString", "coordinates": [ [ 85.170565, 27.960656 ], [ 85.170602, 27.960623 ], [ 85.170562, 27.960588 ], [ 85.170524, 27.960621 ], [ 85.170565, 27.960656 ] ] } },
{ "type": "Feature", "properties": { "name": null, "status": "Destroyed", "building": "yes", "building_levels": null }, "geometry": { "type": "LineString", "coordinates": [ [ 85.377846, 28.280504 ], [ 85.377985, 28.280496 ], [ 85.377982, 28.280455 ], [ 85.377843, 28.280463 ], [ 85.377846, 28.280504 ] ] } },
{ "type": "Feature", "properties": { "name": null, "status": "Destroyed", "building": "yes", "building_levels": null }, "geometry": { "type": "LineString", "coordinates": [ [ 85.153213, 27.935712 ], [ 85.153238, 27.935678 ], [ 85.153301, 27.935715 ], [ 85.153276, 27.935749 ], [ 85.153213, 27.935712 ] ] } },
{ "type": "Feature", "properties": { "name": null, "status": "Destroyed", "building": "yes", "building_levels": null }, "geometry": { "type": "LineString", "coordinates": [ [ 85.172718, 27.962733 ], [ 85.172767, 27.962702 ], [ 85.172736, 27.962664 ], [ 85.172687, 27.962695 ], [ 85.172718, 27.962733 ] ] } },
{ "type": "Feature", "properties": { "name": null, "status": "Destroyed", "building": "yes", "building_levels": null }, "geometry": { "type": "LineString", "coordinates": [ [ 85.336665, 28.160794 ], [ 85.336692, 28.160832 ], [ 85.336722, 28.160815 ], [ 85.336695, 28.160777 ], [ 85.336665, 28.160794 ] ] } },
{ "type": "Feature", "properties": { "name": null, "status": "Destroyed", "building": "yes", "building_levels": null }, "geometry": { "type": "LineString", "coordinates": [ [ 85.150226, 27.925723 ], [ 85.150289, 27.925729 ], [ 85.150294, 27.925683 ], [ 85.150231, 27.925677 ], [ 85.150226, 27.925723 ] ] } },
{ "type": "Feature", "properties": { "name": null, "status": "Destroyed", "building": "yes", "building_levels": null }, "geometry": { "type": "LineString", "coordinates": [ [ 85.378073, 28.27252 ], [ 85.378086, 28.272599 ], [ 85.378349, 28.272568 ], [ 85.378337, 28.272489 ], [ 85.378073, 28.27252 ] ] } },
{ "type": "Feature", "properties": { "name": null, "status": "Destroyed", "building": "yes", "building_levels": null }, "geometry": { "type": "LineString", "coordinates": [ [ 85.376561, 28.272257 ], [ 85.376539, 28.2723 ], [ 85.37669, 28.27236 ], [ 85.376711, 28.272316 ], [ 85.376561, 28.272257 ] ] } },
{ "type": "Feature", "properties": { "name": null, "status": "Destroyed", "building": "yes", "building_levels": null }, "geometry": { "type": "LineString", "coordinates": [ [ 85.376637, 28.272238 ], [ 85.376617, 28.272265 ], [ 85.376654, 28.272286 ], [ 85.376673, 28.272258 ], [ 85.376637, 28.272238 ] ] } },
{ "type": "Feature", "properties": { "name": null, "status": "Destroyed", "building": "yes", "building_levels": null }, "geometry": { "type": "LineString", "coordinates": [ [ 85.376319, 28.270083 ], [ 85.376365, 28.270295 ], [ 85.376495, 28.270273 ], [ 85.376449, 28.270061 ], [ 85.376319, 28.270083 ] ] } },
{ "type": "Feature", "properties": { "name": null, "status": "Destroyed", "building": "yes", "building_levels": null }, "geometry": { "type": "LineString", "coordinates": [ [ 85.376387, 28.269372 ], [ 85.376471, 28.269335 ], [ 85.37649, 28.269367 ], [ 85.376406, 28.269405 ], [ 85.376387, 28.269372 ] ] } },
{ "type": "Feature", "properties": { "name": null, "status": "Destroyed", "building": "yes", "building_levels": null }, "geometry": { "type": "LineString", "coordinates": [ [ 85.37642, 28.269724 ], [ 85.376656, 28.269644 ], [ 85.376636, 28.269598 ], [ 85.3764, 28.269678 ], [ 85.37642, 28.269724 ] ] } },
{ "type": "Feature", "properties": { "name": null, "status": "Destroyed", "building": "yes", "building_levels": null }, "geometry": { "type": "LineString", "coordinates": [ [ 85.376443, 28.269787 ], [ 85.376738, 28.269693 ], [ 85.376717, 28.269642 ], [ 85.376422, 28.269736 ], [ 85.376443, 28.269787 ] ] } },
{ "type": "Feature", "properties": { "name": null, "status": "Destroyed", "building": "yes", "building_levels": null }, "geometry": { "type": "LineString", "coordinates": [ [ 85.343142, 28.164238 ], [ 85.3432, 28.16429 ], [ 85.343265, 28.164233 ], [ 85.343207, 28.164181 ], [ 85.343142, 28.164238 ] ] } },
{ "type": "Feature", "properties": { "name": null, "status": "Destroyed", "building": "yes", "building_levels": null }, "geometry": { "type": "LineString", "coordinates": [ [ 85.342544, 28.16476 ], [ 85.342598, 28.164713 ], [ 85.342534, 28.164655 ], [ 85.34248, 28.164703 ], [ 85.342544, 28.16476 ] ] } },
{ "type": "Feature", "properties": { "name": null, "status": "Destroyed", "building": "yes", "building_levels": null }, "geometry": { "type": "LineString", "coordinates": [ [ 85.358481, 28.241576 ], [ 85.358729, 28.241585 ], [ 85.358734, 28.241471 ], [ 85.358485, 28.241462 ], [ 85.358481, 28.241576 ] ] } },
{ "type": "Feature", "properties": { "name": null, "status": "Destroyed", "building": "yes", "building_levels": null }, "geometry": { "type": "LineString", "coordinates": [ [ 85.35847, 28.241984 ], [ 85.358761, 28.241988 ], [ 85.358764, 28.241808 ], [ 85.358474, 28.241803 ], [ 85.35847, 28.241984 ] ] } },
{ "type": "Feature", "properties": { "name": null, "status": "Destroyed", "building": "yes", "building_levels": null }, "geometry": { "type": "LineString", "coordinates": [ [ 85.357827, 28.23944 ], [ 85.357855, 28.239514 ], [ 85.357893, 28.239503 ], [ 85.357866, 28.239429 ], [ 85.357827, 28.23944 ] ] } },
{ "type": "Feature", "properties": { "name": null, "status": "Destroyed", "building": "yes", "building_levels": null }, "geometry": { "type": "LineString", "coordinates": [ [ 85.358518, 28.240898 ], [ 85.358518, 28.240954 ], [ 85.358622, 28.240954 ], [ 85.358622, 28.240898 ], [ 85.358518, 28.240898 ] ] } },
{ "type": "Feature", "properties": { "name": null, "status": "Destroyed", "building": "yes", "building_levels": null }, "geometry": { "type": "LineString", "coordinates": [ [ 85.342842, 28.16525 ], [ 85.342871, 28.165253 ], [ 85.342874, 28.165217 ], [ 85.342845, 28.165215 ], [ 85.342842, 28.16525 ] ] } },
{ "type": "Feature", "properties": { "name": null, "status": "Destroyed", "building": "yes", "building_levels": null }, "geometry": { "type": "LineString", "coordinates": [ [ 85.342691, 28.164846 ], [ 85.342777, 28.16484 ], [ 85.342783, 28.164891 ], [ 85.342697, 28.164898 ], [ 85.342691, 28.164846 ] ] } },
{ "type": "Feature", "properties": { "name": null, "status": "Destroyed", "building": "yes", "building_levels": null }, "geometry": { "type": "LineString", "coordinates": [ [ 85.338534, 28.164128 ], [ 85.338522, 28.16413 ], [ 85.338512, 28.164137 ], [ 85.338509, 28.164147 ], [ 85.338511, 28.164158 ], [ 85.338519, 28.164166 ], [ 85.33853, 28.164169 ], [ 85.338542, 28.164167 ], [ 85.338551, 28.164161 ], [ 85.338555, 28.164151 ], [ 85.338554, 28.164141 ], [ 85.338546, 28.164132 ], [ 85.338534, 28.164128 ] ] } },
{ "type": "Feature", "properties": { "name": null, "status": "Destroyed", "building": "yes", "building_levels": null }, "geometry": { "type": "LineString", "coordinates": [ [ 85.350225, 28.194612 ], [ 85.350283, 28.194589 ], [ 85.350254, 28.194531 ], [ 85.350221, 28.194544 ], [ 85.350238, 28.194577 ], [ 85.350213, 28.194587 ], [ 85.350225, 28.194612 ] ] } },
{ "type": "Feature", "properties": { "name": null, "status": "Destroyed", "building": "yes", "building_levels": null }, "geometry": { "type": "LineString", "coordinates": [ [ 85.361366, 28.226061 ], [ 85.361391, 28.225725 ], [ 85.361654, 28.225741 ], [ 85.361626, 28.226112 ], [ 85.361544, 28.226087 ], [ 85.361565, 28.225807 ], [ 85.361484, 28.225803 ], [ 85.361463, 28.226067 ], [ 85.361366, 28.226061 ] ] } },
{ "type": "Feature", "properties": { "name": null, "status": "Destroyed", "building": "yes", "building_levels": null }, "geometry": { "type": "LineString", "coordinates": [ [ 85.376518, 28.264991 ], [ 85.376541, 28.265065 ], [ 85.376647, 28.26504 ], [ 85.376624, 28.264966 ], [ 85.376518, 28.264991 ] ] } },
{ "type": "Feature", "properties": { "name": null, "status": "Destroyed", "building": "yes", "building_levels": null }, "geometry": { "type": "LineString", "coordinates": [ [ 85.375144, 28.265331 ], [ 85.375103, 28.26535 ], [ 85.375136, 28.265405 ], [ 85.375177, 28.265386 ], [ 85.375144, 28.265331 ] ] } },
{ "type": "Feature", "properties": { "name": null, "status": "Destroyed", "building": "yes", "building_levels": null }, "geometry": { "type": "LineString", "coordinates": [ [ 85.36649, 28.254071 ], [ 85.366489, 28.253955 ], [ 85.366563, 28.253954 ], [ 85.366564, 28.25407 ], [ 85.36649, 28.254071 ] ] } },
{ "type": "Feature", "properties": { "name": null, "status": "Destroyed", "building": "yes", "building_levels": null }, "geometry": { "type": "LineString", "coordinates": [ [ 85.377802, 28.2806 ], [ 85.377844, 28.280612 ], [ 85.37786, 28.280567 ], [ 85.377818, 28.280555 ], [ 85.377802, 28.2806 ] ] } },
{ "type": "Feature", "properties": { "name": null, "status": "Destroyed", "building": "yes", "building_levels": null }, "geometry": { "type": "LineString", "coordinates": [ [ 85.364478, 28.252933 ], [ 85.364486, 28.252982 ], [ 85.364803, 28.252943 ], [ 85.364796, 28.252893 ], [ 85.364478, 28.252933 ] ] } },
{ "type": "Feature", "properties": { "name": null, "status": "Destroyed", "building": "yes", "building_levels": null }, "geometry": { "type": "LineString", "coordinates": [ [ 85.366297, 28.251685 ], [ 85.366225, 28.251745 ], [ 85.366257, 28.251775 ], [ 85.366329, 28.251715 ], [ 85.366297, 28.251685 ] ] } },
{ "type": "Feature", "properties": { "name": null, "status": "Destroyed", "building": "yes", "building_levels": null }, "geometry": { "type": "LineString", "coordinates": [ [ 85.365748, 28.251938 ], [ 85.365732, 28.251977 ], [ 85.365777, 28.251992 ], [ 85.365794, 28.251953 ], [ 85.365748, 28.251938 ] ] } },
{ "type": "Feature", "properties": { "name": null, "status": "Destroyed", "building": "yes", "building_levels": null }, "geometry": { "type": "LineString", "coordinates": [ [ 85.366019, 28.252933 ], [ 85.366073, 28.252926 ], [ 85.366045, 28.252755 ], [ 85.36599, 28.252762 ], [ 85.366019, 28.252933 ] ] } },
{ "type": "Feature", "properties": { "name": null, "status": "Destroyed", "building": "yes", "building_levels": null }, "geometry": { "type": "LineString", "coordinates": [ [ 85.377516, 28.277938 ], [ 85.377572, 28.27785 ], [ 85.37777, 28.277947 ], [ 85.377714, 28.278035 ], [ 85.377516, 28.277938 ] ] } },
{ "type": "Feature", "properties": { "name": null, "status": "Destroyed", "building": "yes", "building_levels": null }, "geometry": { "type": "LineString", "coordinates": [ [ 85.367002, 28.254671 ], [ 85.367066, 28.25467 ], [ 85.367064, 28.254529 ], [ 85.367, 28.254529 ], [ 85.367002, 28.254671 ] ] } },
{ "type": "Feature", "properties": { "name": null, "status": "Destroyed", "building": "yes", "building_levels": null }, "geometry": { "type": "LineString", "coordinates": [ [ 85.373602, 28.263602 ], [ 85.373598, 28.263666 ], [ 85.373564, 28.263664 ], [ 85.373567, 28.2636 ], [ 85.373602, 28.263602 ] ] } },
{ "type": "Feature", "properties": { "name": null, "status": "Destroyed", "building": "yes", "building_levels": null }, "geometry": { "type": "LineString", "coordinates": [ [ 85.366165, 28.256367 ], [ 85.36622, 28.25635 ], [ 85.366157, 28.256194 ], [ 85.366102, 28.256211 ], [ 85.366165, 28.256367 ] ] } },
{ "type": "Feature", "properties": { "name": null, "status": "Destroyed", "building": "yes", "building_levels": null }, "geometry": { "type": "LineString", "coordinates": [ [ 85.366765, 28.255162 ], [ 85.366813, 28.255163 ], [ 85.366815, 28.255103 ], [ 85.366766, 28.255102 ], [ 85.366765, 28.255162 ] ] } },
{ "type": "Feature", "properties": { "name": null, "status": "Destroyed", "building": "yes", "building_levels": null }, "geometry": { "type": "LineString", "coordinates": [ [ 85.367175, 28.254686 ], [ 85.36721, 28.254683 ], [ 85.367204, 28.254631 ], [ 85.367169, 28.254634 ], [ 85.367175, 28.254686 ] ] } },
{ "type": "Feature", "properties": { "name": null, "status": "Destroyed", "building": "yes", "building_levels": null }, "geometry": { "type": "LineString", "coordinates": [ [ 85.367106, 28.257611 ], [ 85.367168, 28.257579 ], [ 85.367085, 28.257454 ], [ 85.367023, 28.257486 ], [ 85.367106, 28.257611 ] ] } },
{ "type": "Feature", "properties": { "name": null, "status": "Destroyed", "building": "yes", "building_levels": null }, "geometry": { "type": "LineString", "coordinates": [ [ 85.366751, 28.253755 ], [ 85.36681, 28.253755 ], [ 85.36681, 28.253715 ], [ 85.366751, 28.253715 ], [ 85.366751, 28.253755 ] ] } },
{ "type": "Feature", "properties": { "name": null, "status": "Destroyed", "building": "yes", "building_levels": null }, "geometry": { "type": "LineString", "coordinates": [ [ 85.1685, 27.958451 ], [ 85.168533, 27.958512 ], [ 85.16862, 27.958475 ], [ 85.168586, 27.958414 ], [ 85.1685, 27.958451 ] ] } },
{ "type": "Feature", "properties": { "name": null, "status": "Destroyed", "building": "yes", "building_levels": null }, "geometry": { "type": "LineString", "coordinates": [ [ 85.171171, 27.961813 ], [ 85.171262, 27.961867 ], [ 85.171288, 27.96183 ], [ 85.171253, 27.961807 ], [ 85.171351, 27.961704 ], [ 85.171302, 27.961673 ], [ 85.171171, 27.961813 ] ] } },
{ "type": "Feature", "properties": { "name": null, "status": "Destroyed", "building": "yes", "building_levels": null }, "geometry": { "type": "LineString", "coordinates": [ [ 85.179724, 27.967752 ], [ 85.179752, 27.967828 ], [ 85.179831, 27.967806 ], [ 85.179803, 27.967729 ], [ 85.179724, 27.967752 ] ] } },
{ "type": "Feature", "properties": { "name": null, "status": "Destroyed", "building": "yes", "building_levels": null }, "geometry": { "type": "LineString", "coordinates": [ [ 85.182521, 27.96916 ], [ 85.182632, 27.969218 ], [ 85.182713, 27.969099 ], [ 85.182602, 27.96904 ], [ 85.182521, 27.96916 ] ] } },
{ "type": "Feature", "properties": { "name": null, "status": "Destroyed", "building": "yes", "building_levels": null }, "geometry": { "type": "LineString", "coordinates": [ [ 85.184426, 27.970547 ], [ 85.184432, 27.970579 ], [ 85.184455, 27.970576 ], [ 85.184449, 27.970544 ], [ 85.184426, 27.970547 ] ] } },
{ "type": "Feature", "properties": { "name": null, "status": "Destroyed", "building": "yes", "building_levels": null }, "geometry": { "type": "LineString", "coordinates": [ [ 85.185016, 27.970416 ], [ 85.185011, 27.970393 ], [ 85.185072, 27.970382 ], [ 85.185077, 27.970406 ], [ 85.185016, 27.970416 ] ] } },
{ "type": "Feature", "properties": { "name": null, "status": "Destroyed", "building": "yes", "building_levels": null }, "geometry": { "type": "LineString", "coordinates": [ [ 85.15337, 27.936529 ], [ 85.15333, 27.936587 ], [ 85.153375, 27.936611 ], [ 85.153415, 27.936554 ], [ 85.15337, 27.936529 ] ] } },
{ "type": "Feature", "properties": { "name": null, "status": "Destroyed", "building": "yes", "building_levels": null }, "geometry": { "type": "LineString", "coordinates": [ [ 85.153984, 27.937333 ], [ 85.154, 27.937314 ], [ 85.154028, 27.937334 ], [ 85.154012, 27.937352 ], [ 85.153984, 27.937333 ] ] } },
{ "type": "Feature", "properties": { "name": null, "status": "Destroyed", "building": "yes", "building_levels": null }, "geometry": { "type": "LineString", "coordinates": [ [ 85.155711, 27.938592 ], [ 85.155752, 27.938625 ], [ 85.155792, 27.938587 ], [ 85.155751, 27.938553 ], [ 85.155711, 27.938592 ] ] } },
{ "type": "Feature", "properties": { "name": null, "status": "Damaged", "building": "yes", "building_levels": null }, "geometry": { "type": "LineString", "coordinates": [ [ 85.366912, 28.254021 ], [ 85.366913, 28.253967 ], [ 85.366993, 28.253968 ], [ 85.366992, 28.254023 ], [ 85.366912, 28.254021 ] ] } },
{ "type": "Feature", "properties": { "name": null, "status": "Damaged", "building": "yes", "building_levels": null }, "geometry": { "type": "LineString", "coordinates": [ [ 85.367177, 28.255016 ], [ 85.367177, 28.254911 ], [ 85.367245, 28.254911 ], [ 85.367244, 28.255016 ], [ 85.367177, 28.255016 ] ] } },
{ "type": "Feature", "properties": { "name": null, "status": "Damaged", "building": "yes", "building_levels": null }, "geometry": { "type": "LineString", "coordinates": [ [ 85.366947, 28.253902 ], [ 85.367027, 28.253902 ], [ 85.367027, 28.253851 ], [ 85.366947, 28.253851 ], [ 85.366947, 28.253902 ] ] } },
{ "type": "Feature", "properties": { "name": null, "status": "Damaged", "building": "yes", "building_levels": null }, "geometry": { "type": "LineString", "coordinates": [ [ 85.366841, 28.253405 ], [ 85.366838, 28.253465 ], [ 85.366875, 28.253466 ], [ 85.366878, 28.253407 ], [ 85.366841, 28.253405 ] ] } },
{ "type": "Feature", "properties": { "name": null, "status": "Destroyed", "building": "yes", "building_levels": null }, "geometry": { "type": "LineString", "coordinates": [ [ 85.358866, 28.237485 ], [ 85.358938, 28.23752 ], [ 85.358976, 28.237459 ], [ 85.358903, 28.237424 ], [ 85.358866, 28.237485 ] ] } },
{ "type": "Feature", "properties": { "name": null, "status": "Destroyed", "building": "yes", "building_levels": null }, "geometry": { "type": "LineString", "coordinates": [ [ 85.357976, 28.23849 ], [ 85.358044, 28.238474 ], [ 85.358019, 28.238396 ], [ 85.357952, 28.238412 ], [ 85.357976, 28.23849 ] ] } },
{ "type": "Feature", "properties": { "name": null, "status": "Destroyed", "building": "yes", "building_levels": null }, "geometry": { "type": "LineString", "coordinates": [ [ 85.341347, 28.166909 ], [ 85.341398, 28.166908 ], [ 85.3414, 28.166946 ], [ 85.341349, 28.166948 ], [ 85.341347, 28.166909 ] ] } },
{ "type": "Feature", "properties": { "name": null, "status": "Destroyed", "building": "yes", "building_levels": null }, "geometry": { "type": "LineString", "coordinates": [ [ 85.379449, 28.280414 ], [ 85.379825, 28.280735 ], [ 85.379906, 28.280662 ], [ 85.379877, 28.280638 ], [ 85.379903, 28.280614 ], [ 85.379582, 28.280339 ], [ 85.379559, 28.280359 ], [ 85.379534, 28.280337 ], [ 85.379449, 28.280414 ] ] } },
{ "type": "Feature", "properties": { "name": null, "status": "Destroyed", "building": "yes", "building_levels": null }, "geometry": { "type": "LineString", "coordinates": [ [ 85.376814, 28.281019 ], [ 85.377208, 28.27987 ], [ 85.377518, 28.279952 ], [ 85.377123, 28.281101 ], [ 85.376814, 28.281019 ] ] } },
{ "type": "Feature", "properties": { "name": null, "status": "Destroyed", "building": "yes", "building_levels": null }, "geometry": { "type": "LineString", "coordinates": [ [ 85.353503, 28.202971 ], [ 85.353555, 28.202959 ], [ 85.35354, 28.202911 ], [ 85.353488, 28.202923 ], [ 85.353503, 28.202971 ] ] } },
{ "type": "Feature", "properties": { "name": "Hotel Shiva guest house", "status": "Destroyed", "building": "hotel", "building_levels": null }, "geometry": { "type": "LineString", "coordinates": [ [ 85.338042, 28.163536 ], [ 85.338078, 28.163553 ], [ 85.338119, 28.163487 ], [ 85.338083, 28.16347 ], [ 85.338042, 28.163536 ] ] } },
{ "type": "Feature", "properties": { "name": null, "status": "Destroyed", "building": "yes", "building_levels": null }, "geometry": { "type": "LineString", "coordinates": [ [ 85.337628, 28.163702 ], [ 85.337692, 28.163748 ], [ 85.337741, 28.163694 ], [ 85.337677, 28.163648 ], [ 85.337628, 28.163702 ] ] } },
{ "type": "Feature", "properties": { "name": null, "status": "Destroyed", "building": "yes", "building_levels": null }, "geometry": { "type": "LineString", "coordinates": [ [ 85.343621, 28.164268 ], [ 85.343694, 28.164331 ], [ 85.343751, 28.164279 ], [ 85.343678, 28.164216 ], [ 85.343621, 28.164268 ] ] } },
{ "type": "Feature", "properties": { "name": null, "status": "Destroyed", "building": "yes", "building_levels": null }, "geometry": { "type": "LineString", "coordinates": [ [ 85.339132, 28.16443 ], [ 85.339217, 28.164461 ], [ 85.339232, 28.164427 ], [ 85.339148, 28.164396 ], [ 85.339132, 28.16443 ] ] } },
{ "type": "Feature", "properties": { "name": null, "status": "Destroyed", "building": "yes", "building_levels": null }, "geometry": { "type": "LineString", "coordinates": [ [ 85.10957, 27.860938 ], [ 85.109607, 27.860973 ], [ 85.109655, 27.860933 ], [ 85.109617, 27.860898 ], [ 85.10957, 27.860938 ] ] } },
{ "type": "Feature", "properties": { "name": null, "status": "Destroyed", "building": "yes", "building_levels": null }, "geometry": { "type": "LineString", "coordinates": [ [ 85.170513, 27.964436 ], [ 85.170593, 27.964398 ], [ 85.170517, 27.964273 ], [ 85.170438, 27.96431 ], [ 85.170513, 27.964436 ] ] } },
{ "type": "Feature", "properties": { "name": null, "status": "Destroyed", "building": "yes", "building_levels": null }, "geometry": { "type": "LineString", "coordinates": [ [ 85.184215, 27.974543 ], [ 85.184273, 27.974501 ], [ 85.184346, 27.974579 ], [ 85.184288, 27.974621 ], [ 85.184215, 27.974543 ] ] } },
{ "type": "Feature", "properties": { "name": null, "status": "Destroyed", "building": "yes", "building_levels": null }, "geometry": { "type": "LineString", "coordinates": [ [ 85.183932, 27.974614 ], [ 85.183966, 27.97466 ], [ 85.184052, 27.974609 ], [ 85.184018, 27.974563 ], [ 85.183932, 27.974614 ] ] } },
{ "type": "Feature", "properties": { "name": null, "status": "Destroyed", "building": "yes", "building_levels": null }, "geometry": { "type": "LineString", "coordinates": [ [ 85.170226, 27.960376 ], [ 85.170273, 27.960341 ], [ 85.170231, 27.960297 ], [ 85.170207, 27.960315 ], [ 85.170215, 27.960323 ], [ 85.170192, 27.96034 ], [ 85.170226, 27.960376 ] ] } },
{ "type": "Feature", "properties": { "name": null, "status": "Destroyed", "building": "yes", "building_levels": null }, "geometry": { "type": "LineString", "coordinates": [ [ 85.171668, 27.961806 ], [ 85.171725, 27.961755 ], [ 85.171666, 27.961703 ], [ 85.171608, 27.961754 ], [ 85.171668, 27.961806 ] ] } },
{ "type": "Feature", "properties": { "name": null, "status": "Destroyed", "building": "yes", "building_levels": null }, "geometry": { "type": "LineString", "coordinates": [ [ 85.168465, 27.95843 ], [ 85.168438, 27.958381 ], [ 85.168508, 27.95835 ], [ 85.168536, 27.958398 ], [ 85.168465, 27.95843 ] ] } },
{ "type": "Feature", "properties": { "name": null, "status": "Destroyed", "building": "yes", "building_levels": null }, "geometry": { "type": "LineString", "coordinates": [ [ 85.171895, 27.962271 ], [ 85.171922, 27.962244 ], [ 85.171972, 27.962282 ], [ 85.171946, 27.962309 ], [ 85.171895, 27.962271 ] ] } },
{ "type": "Feature", "properties": { "name": null, "status": "Destroyed", "building": "yes", "building_levels": null }, "geometry": { "type": "LineString", "coordinates": [ [ 85.175074, 27.966982 ], [ 85.175126, 27.967013 ], [ 85.175158, 27.966971 ], [ 85.175106, 27.96694 ], [ 85.175074, 27.966982 ] ] } },
{ "type": "Feature", "properties": { "name": null, "status": "Destroyed", "building": "yes", "building_levels": null }, "geometry": { "type": "LineString", "coordinates": [ [ 85.182868, 27.969546 ], [ 85.182869, 27.969619 ], [ 85.183025, 27.969617 ], [ 85.183024, 27.969545 ], [ 85.182868, 27.969546 ] ] } },
{ "type": "Feature", "properties": { "name": null, "status": "Destroyed", "building": "yes", "building_levels": null }, "geometry": { "type": "LineString", "coordinates": [ [ 85.183727, 27.969629 ], [ 85.18383, 27.969631 ], [ 85.183831, 27.969553 ], [ 85.183728, 27.969552 ], [ 85.183727, 27.969629 ] ] } },
{ "type": "Feature", "properties": { "name": null, "status": "Destroyed", "building": "yes", "building_levels": null }, "geometry": { "type": "LineString", "coordinates": [ [ 85.170757, 27.964807 ], [ 85.170832, 27.964852 ], [ 85.170867, 27.964807 ], [ 85.170793, 27.964762 ], [ 85.170757, 27.964807 ] ] } },
{ "type": "Feature", "properties": { "name": null, "status": "Destroyed", "building": "yes", "building_levels": null }, "geometry": { "type": "LineString", "coordinates": [ [ 85.179153, 27.967356 ], [ 85.179179, 27.967295 ], [ 85.179233, 27.967313 ], [ 85.179207, 27.967374 ], [ 85.179153, 27.967356 ] ] } },
{ "type": "Feature", "properties": { "name": null, "status": "Destroyed", "building": "yes", "building_levels": null }, "geometry": { "type": "LineString", "coordinates": [ [ 85.183373, 27.97012 ], [ 85.183346, 27.970159 ], [ 85.183407, 27.970191 ], [ 85.183433, 27.970152 ], [ 85.183373, 27.97012 ] ] } },
{ "type": "Feature", "properties": { "name": null, "status": "Destroyed", "building": "yes", "building_levels": null }, "geometry": { "type": "LineString", "coordinates": [ [ 85.172877, 27.963074 ], [ 85.172925, 27.963049 ], [ 85.172884, 27.962988 ], [ 85.172837, 27.963012 ], [ 85.172877, 27.963074 ] ] } },
{ "type": "Feature", "properties": { "name": null, "status": "Destroyed", "building": "yes", "building_levels": null }, "geometry": { "type": "LineString", "coordinates": [ [ 85.179939, 27.967512 ], [ 85.180013, 27.967522 ], [ 85.180026, 27.967451 ], [ 85.179952, 27.96744 ], [ 85.179939, 27.967512 ] ] } },
{ "type": "Feature", "properties": { "name": null, "status": "Destroyed", "building": "yes", "building_levels": null }, "geometry": { "type": "LineString", "coordinates": [ [ 85.177507, 27.96902 ], [ 85.177649, 27.969088 ], [ 85.177685, 27.969028 ], [ 85.177593, 27.968984 ], [ 85.177585, 27.968998 ], [ 85.177535, 27.968974 ], [ 85.177507, 27.96902 ] ] } },
{ "type": "Feature", "properties": { "name": null, "status": "Destroyed", "building": "yes", "building_levels": null }, "geometry": { "type": "LineString", "coordinates": [ [ 85.184681, 27.972829 ], [ 85.184597, 27.97279 ], [ 85.18455, 27.972871 ], [ 85.184634, 27.972909 ], [ 85.184681, 27.972829 ] ] } },
{ "type": "Feature", "properties": { "name": null, "status": "Destroyed", "building": "yes", "building_levels": null }, "geometry": { "type": "LineString", "coordinates": [ [ 85.150714, 27.922886 ], [ 85.150655, 27.922808 ], [ 85.150713, 27.922774 ], [ 85.150772, 27.922852 ], [ 85.150714, 27.922886 ] ] } },
{ "type": "Feature", "properties": { "name": null, "status": "Destroyed", "building": "yes", "building_levels": null }, "geometry": { "type": "LineString", "coordinates": [ [ 85.150024, 27.925866 ], [ 85.150106, 27.925866 ], [ 85.150106, 27.925828 ], [ 85.150023, 27.925829 ], [ 85.150024, 27.925866 ] ] } },
{ "type": "Feature", "properties": { "name": null, "status": "Destroyed", "building": "yes", "building_levels": null }, "geometry": { "type": "LineString", "coordinates": [ [ 85.158158, 27.94081 ], [ 85.158226, 27.940871 ], [ 85.158252, 27.940849 ], [ 85.158183, 27.940788 ], [ 85.158158, 27.94081 ] ] } },
{ "type": "Feature", "properties": { "name": null, "status": "Destroyed", "building": "yes", "building_levels": null }, "geometry": { "type": "LineString", "coordinates": [ [ 85.153625, 27.937059 ], [ 85.15369, 27.937105 ], [ 85.153723, 27.937069 ], [ 85.153657, 27.937023 ], [ 85.153625, 27.937059 ] ] } },
{ "type": "Feature", "properties": { "name": null, "status": "Destroyed", "building": "yes", "building_levels": null }, "geometry": { "type": "LineString", "coordinates": [ [ 85.150752, 27.92886 ], [ 85.150783, 27.928872 ], [ 85.150815, 27.928808 ], [ 85.150785, 27.928796 ], [ 85.150752, 27.92886 ] ] } },
{ "type": "Feature", "properties": { "name": null, "status": "Destroyed", "building": "yes", "building_levels": null }, "geometry": { "type": "LineString", "coordinates": [ [ 85.149055, 27.924745 ], [ 85.149075, 27.924811 ], [ 85.149108, 27.924803 ], [ 85.149088, 27.924737 ], [ 85.149055, 27.924745 ] ] } },
{ "type": "Feature", "properties": { "name": null, "status": "Destroyed", "building": "yes", "building_levels": null }, "geometry": { "type": "LineString", "coordinates": [ [ 85.1605, 27.947083 ], [ 85.160556, 27.947142 ], [ 85.160638, 27.947081 ], [ 85.160581, 27.947022 ], [ 85.1605, 27.947083 ] ] } },
{ "type": "Feature", "properties": { "name": null, "status": "Destroyed", "building": "yes", "building_levels": null }, "geometry": { "type": "LineString", "coordinates": [ [ 85.160425, 27.94701 ], [ 85.160463, 27.947056 ], [ 85.16051, 27.947027 ], [ 85.160471, 27.94698 ], [ 85.160425, 27.94701 ] ] } },
{ "type": "Feature", "properties": { "name": null, "status": "Destroyed", "building": "yes", "building_levels": null }, "geometry": { "type": "LineString", "coordinates": [ [ 85.147395, 27.929208 ], [ 85.147474, 27.92922 ], [ 85.147493, 27.929145 ], [ 85.147473, 27.929137 ], [ 85.14749, 27.929064 ], [ 85.147423, 27.929055 ], [ 85.147404, 27.929127 ], [ 85.147416, 27.929129 ], [ 85.147395, 27.929208 ] ] } },
{ "type": "Feature", "properties": { "name": null, "status": "Destroyed", "building": "yes", "building_levels": null }, "geometry": { "type": "LineString", "coordinates": [ [ 85.14902, 27.926134 ], [ 85.149138, 27.926132 ], [ 85.149136, 27.926058 ], [ 85.149018, 27.92606 ], [ 85.14902, 27.926134 ] ] } },
{ "type": "Feature", "properties": { "name": null, "status": "Destroyed", "building": "yes", "building_levels": null }, "geometry": { "type": "LineString", "coordinates": [ [ 85.340075, 28.182474 ], [ 85.340068, 28.182392 ], [ 85.340001, 28.182397 ], [ 85.340008, 28.182479 ], [ 85.340075, 28.182474 ] ] } },
{ "type": "Feature", "properties": { "name": null, "status": "Destroyed", "building": "yes", "building_levels": null }, "geometry": { "type": "LineString", "coordinates": [ [ 85.338007, 28.163838 ], [ 85.338056, 28.16378 ], [ 85.337988, 28.163735 ], [ 85.337939, 28.163793 ], [ 85.338007, 28.163838 ] ] } },
{ "type": "Feature", "properties": { "name": null, "status": "Destroyed", "building": "yes", "building_levels": null }, "geometry": { "type": "LineString", "coordinates": [ [ 85.337776, 28.163967 ], [ 85.337835, 28.163908 ], [ 85.337775, 28.163862 ], [ 85.337716, 28.16392 ], [ 85.337776, 28.163967 ] ] } },
{ "type": "Feature", "properties": { "name": null, "status": "Destroyed", "building": "yes", "building_levels": null }, "geometry": { "type": "LineString", "coordinates": [ [ 85.33635, 28.160513 ], [ 85.336395, 28.160552 ], [ 85.336456, 28.160497 ], [ 85.336411, 28.160458 ], [ 85.33635, 28.160513 ] ] } },
{ "type": "Feature", "properties": { "name": null, "status": "Destroyed", "building": "yes", "building_levels": null }, "geometry": { "type": "LineString", "coordinates": [ [ 85.33681, 28.162509 ], [ 85.33681, 28.162556 ], [ 85.336883, 28.162556 ], [ 85.336883, 28.162509 ], [ 85.33681, 28.162509 ] ] } },
{ "type": "Feature", "properties": { "name": null, "status": "Destroyed", "building": "yes", "building_levels": null }, "geometry": { "type": "LineString", "coordinates": [ [ 85.337918, 28.162866 ], [ 85.337943, 28.162881 ], [ 85.337964, 28.162855 ], [ 85.337938, 28.162839 ], [ 85.337918, 28.162866 ] ] } },
{ "type": "Feature", "properties": { "name": null, "status": "Destroyed", "building": "yes", "building_levels": null }, "geometry": { "type": "LineString", "coordinates": [ [ 85.337227, 28.164273 ], [ 85.337313, 28.164199 ], [ 85.33727, 28.16416 ], [ 85.337184, 28.164234 ], [ 85.337227, 28.164273 ] ] } },
{ "type": "Feature", "properties": { "name": null, "status": "Destroyed", "building": "yes", "building_levels": null }, "geometry": { "type": "LineString", "coordinates": [ [ 85.376764, 28.281229 ], [ 85.376854, 28.281258 ], [ 85.376878, 28.281199 ], [ 85.376788, 28.281171 ], [ 85.376764, 28.281229 ] ] } },
{ "type": "Feature", "properties": { "name": null, "status": "Destroyed", "building": "yes", "building_levels": null }, "geometry": { "type": "LineString", "coordinates": [ [ 85.376655, 28.273288 ], [ 85.376911, 28.273269 ], [ 85.376899, 28.273148 ], [ 85.376643, 28.273167 ], [ 85.376655, 28.273288 ] ] } },
{ "type": "Feature", "properties": { "name": null, "status": "Destroyed", "building": "yes", "building_levels": null }, "geometry": { "type": "LineString", "coordinates": [ [ 85.376901, 28.273053 ], [ 85.376981, 28.273046 ], [ 85.376968, 28.272934 ], [ 85.376887, 28.272942 ], [ 85.376901, 28.273053 ] ] } },
{ "type": "Feature", "properties": { "name": null, "status": "Destroyed", "building": "yes", "building_levels": null }, "geometry": { "type": "LineString", "coordinates": [ [ 85.376646, 28.271462 ], [ 85.376704, 28.271462 ], [ 85.376704, 28.271338 ], [ 85.376647, 28.271338 ], [ 85.376646, 28.271462 ] ] } },
{ "type": "Feature", "properties": { "name": null, "status": "Destroyed", "building": "yes", "building_levels": null }, "geometry": { "type": "LineString", "coordinates": [ [ 85.37641, 28.26942 ], [ 85.376521, 28.26937 ], [ 85.376541, 28.269404 ], [ 85.37643, 28.269454 ], [ 85.37641, 28.26942 ] ] } },
{ "type": "Feature", "properties": { "name": null, "status": "Destroyed", "building": "yes", "building_levels": null }, "geometry": { "type": "LineString", "coordinates": [ [ 85.350258, 28.194614 ], [ 85.35029, 28.194679 ], [ 85.350332, 28.194663 ], [ 85.350301, 28.194598 ], [ 85.350258, 28.194614 ] ] } },
{ "type": "Feature", "properties": { "name": null, "status": "Destroyed", "building": "yes", "building_levels": null }, "geometry": { "type": "LineString", "coordinates": [ [ 85.342469, 28.164698 ], [ 85.342526, 28.16465 ], [ 85.342465, 28.164594 ], [ 85.342408, 28.164642 ], [ 85.342469, 28.164698 ] ] } },
{ "type": "Feature", "properties": { "name": null, "status": "Destroyed", "building": "yes", "building_levels": null }, "geometry": { "type": "LineString", "coordinates": [ [ 85.343414, 28.164198 ], [ 85.343462, 28.164247 ], [ 85.343526, 28.164197 ], [ 85.343478, 28.164148 ], [ 85.343414, 28.164198 ] ] } },
{ "type": "Feature", "properties": { "name": null, "status": "Destroyed", "building": "yes", "building_levels": null }, "geometry": { "type": "LineString", "coordinates": [ [ 85.33616, 28.160947 ], [ 85.336223, 28.160919 ], [ 85.33617, 28.160824 ], [ 85.336107, 28.160851 ], [ 85.33616, 28.160947 ] ] } },
{ "type": "Feature", "properties": { "name": null, "status": "Destroyed", "building": "yes", "building_levels": null }, "geometry": { "type": "LineString", "coordinates": [ [ 85.358576, 28.241189 ], [ 85.358636, 28.24119 ], [ 85.35864, 28.241024 ], [ 85.358581, 28.241023 ], [ 85.358576, 28.241189 ] ] } },
{ "type": "Feature", "properties": { "name": null, "status": "Destroyed", "building": "yes", "building_levels": null }, "geometry": { "type": "LineString", "coordinates": [ [ 85.35878, 28.242143 ], [ 85.35869, 28.242148 ], [ 85.358709, 28.242403 ], [ 85.358798, 28.242399 ], [ 85.35878, 28.242143 ] ] } },
{ "type": "Feature", "properties": { "name": null, "status": "Destroyed", "building": "yes", "building_levels": null }, "geometry": { "type": "LineString", "coordinates": [ [ 85.343635, 28.163884 ], [ 85.343658, 28.163907 ], [ 85.343769, 28.163822 ], [ 85.343746, 28.163798 ], [ 85.343635, 28.163884 ] ] } },
{ "type": "Feature", "properties": { "name": null, "status": "Destroyed", "building": "yes", "building_levels": null }, "geometry": { "type": "LineString", "coordinates": [ [ 85.359017, 28.237031 ], [ 85.359039, 28.23704 ], [ 85.359058, 28.237001 ], [ 85.359035, 28.236992 ], [ 85.359017, 28.237031 ] ] } },
{ "type": "Feature", "properties": { "name": null, "status": "Destroyed", "building": "yes", "building_levels": null }, "geometry": { "type": "LineString", "coordinates": [ [ 85.336275, 28.161378 ], [ 85.336311, 28.161501 ], [ 85.336388, 28.161483 ], [ 85.336351, 28.16136 ], [ 85.336275, 28.161378 ] ] } },
{ "type": "Feature", "properties": { "name": null, "status": "Destroyed", "building": "yes", "building_levels": null }, "geometry": { "type": "LineString", "coordinates": [ [ 85.336087, 28.160934 ], [ 85.336129, 28.161012 ], [ 85.336163, 28.160997 ], [ 85.336121, 28.16092 ], [ 85.336087, 28.160934 ] ] } },
{ "type": "Feature", "properties": { "name": null, "status": "Destroyed", "building": "yes", "building_levels": null }, "geometry": { "type": "LineString", "coordinates": [ [ 85.336192, 28.160609 ], [ 85.336121, 28.160636 ], [ 85.336151, 28.160698 ], [ 85.336222, 28.160671 ], [ 85.336192, 28.160609 ] ] } },
{ "type": "Feature", "properties": { "name": null, "status": "Destroyed", "building": "yes", "building_levels": null }, "geometry": { "type": "LineString", "coordinates": [ [ 85.342481, 28.164294 ], [ 85.342404, 28.164231 ], [ 85.342366, 28.164267 ], [ 85.342443, 28.16433 ], [ 85.342481, 28.164294 ] ] } },
{ "type": "Feature", "properties": { "name": null, "status": "Destroyed", "building": "yes", "building_levels": null }, "geometry": { "type": "LineString", "coordinates": [ [ 85.341798, 28.181494 ], [ 85.3419, 28.181581 ], [ 85.341951, 28.181541 ], [ 85.341851, 28.181452 ], [ 85.341798, 28.181494 ] ] } },
{ "type": "Feature", "properties": { "name": null, "status": "Destroyed", "building": "yes", "building_levels": null }, "geometry": { "type": "LineString", "coordinates": [ [ 85.350479, 28.19503 ], [ 85.350518, 28.195019 ], [ 85.350504, 28.194983 ], [ 85.350465, 28.194995 ], [ 85.350479, 28.19503 ] ] } },
{ "type": "Feature", "properties": { "name": null, "status": "Destroyed", "building": "yes", "building_levels": null }, "geometry": { "type": "LineString", "coordinates": [ [ 85.343741, 28.164182 ], [ 85.34378, 28.164213 ], [ 85.343819, 28.164177 ], [ 85.34378, 28.164145 ], [ 85.343741, 28.164182 ] ] } },
{ "type": "Feature", "properties": { "name": null, "status": "Destroyed", "building": "yes", "building_levels": null }, "geometry": { "type": "LineString", "coordinates": [ [ 85.335244, 28.160249 ], [ 85.335266, 28.160303 ], [ 85.335309, 28.16029 ], [ 85.335288, 28.160236 ], [ 85.335244, 28.160249 ] ] } },
{ "type": "Feature", "properties": { "name": null, "status": "Destroyed", "building": "yes", "building_levels": null }, "geometry": { "type": "LineString", "coordinates": [ [ 85.366481, 28.253886 ], [ 85.366462, 28.25377 ], [ 85.366564, 28.253757 ], [ 85.366583, 28.253873 ], [ 85.366481, 28.253886 ] ] } },
{ "type": "Feature", "properties": { "name": null, "status": "Destroyed", "building": "yes", "building_levels": null }, "geometry": { "type": "LineString", "coordinates": [ [ 85.366387, 28.253959 ], [ 85.36648, 28.253948 ], [ 85.366474, 28.253905 ], [ 85.36638, 28.253916 ], [ 85.366387, 28.253959 ] ] } },
{ "type": "Feature", "properties": { "name": null, "status": "Destroyed", "building": "yes", "building_levels": null }, "geometry": { "type": "LineString", "coordinates": [ [ 85.366423, 28.254292 ], [ 85.366506, 28.254285 ], [ 85.366499, 28.254214 ], [ 85.366416, 28.254221 ], [ 85.366423, 28.254292 ] ] } },
{ "type": "Feature", "properties": { "name": null, "status": "Destroyed", "building": "yes", "building_levels": null }, "geometry": { "type": "LineString", "coordinates": [ [ 85.366717, 28.253828 ], [ 85.366775, 28.253822 ], [ 85.366768, 28.253769 ], [ 85.36671, 28.253775 ], [ 85.366717, 28.253828 ] ] } },
{ "type": "Feature", "properties": { "name": null, "status": "Destroyed", "building": "yes", "building_levels": null }, "geometry": { "type": "LineString", "coordinates": [ [ 85.364171, 28.255235 ], [ 85.364172, 28.255446 ], [ 85.364253, 28.255445 ], [ 85.364251, 28.255235 ], [ 85.364171, 28.255235 ] ] } },
{ "type": "Feature", "properties": { "name": null, "status": "Destroyed", "building": "yes", "building_levels": null }, "geometry": { "type": "LineString", "coordinates": [ [ 85.366513, 28.251885 ], [ 85.366543, 28.252006 ], [ 85.366667, 28.251982 ], [ 85.366638, 28.251862 ], [ 85.366513, 28.251885 ] ] } },
{ "type": "Feature", "properties": { "name": null, "status": "Destroyed", "building": "yes", "building_levels": null }, "geometry": { "type": "LineString", "coordinates": [ [ 85.373522, 28.263364 ], [ 85.373543, 28.263438 ], [ 85.373592, 28.263427 ], [ 85.373571, 28.263353 ], [ 85.373522, 28.263364 ] ] } },
{ "type": "Feature", "properties": { "name": null, "status": "Destroyed", "building": "yes", "building_levels": null }, "geometry": { "type": "LineString", "coordinates": [ [ 85.37492, 28.264102 ], [ 85.374966, 28.264135 ], [ 85.375, 28.264097 ], [ 85.374954, 28.264064 ], [ 85.37492, 28.264102 ] ] } },
{ "type": "Feature", "properties": { "name": null, "status": "Destroyed", "building": "yes", "building_levels": null }, "geometry": { "type": "LineString", "coordinates": [ [ 85.366936, 28.255422 ], [ 85.367088, 28.255447 ], [ 85.367127, 28.25526 ], [ 85.367041, 28.255246 ], [ 85.36703, 28.255299 ], [ 85.367065, 28.255305 ], [ 85.367046, 28.255396 ], [ 85.366945, 28.255379 ], [ 85.366936, 28.255422 ] ] } },
{ "type": "Feature", "properties": { "name": null, "status": "Destroyed", "building": "house", "building_levels": null }, "geometry": { "type": "LineString", "coordinates": [ [ 85.366505, 28.256761 ], [ 85.366571, 28.256797 ], [ 85.366606, 28.256747 ], [ 85.36654, 28.256711 ], [ 85.366505, 28.256761 ] ] } },
{ "type": "Feature", "properties": { "name": null, "status": "Destroyed", "building": "yes", "building_levels": null }, "geometry": { "type": "LineString", "coordinates": [ [ 85.366622, 28.253733 ], [ 85.366669, 28.253724 ], [ 85.366658, 28.253677 ], [ 85.36661, 28.253686 ], [ 85.366622, 28.253733 ] ] } },
{ "type": "Feature", "properties": { "name": null, "status": "Destroyed", "building": "yes", "building_levels": null }, "geometry": { "type": "LineString", "coordinates": [ [ 85.366224, 28.256502 ], [ 85.366276, 28.256482 ], [ 85.366239, 28.256405 ], [ 85.366186, 28.256425 ], [ 85.366224, 28.256502 ] ] } },
{ "type": "Feature", "properties": { "name": null, "status": "Destroyed", "building": "yes", "building_levels": null }, "geometry": { "type": "LineString", "coordinates": [ [ 85.37754, 28.269115 ], [ 85.377553, 28.269094 ], [ 85.377603, 28.269118 ], [ 85.37759, 28.269139 ], [ 85.37754, 28.269115 ] ] } },
{ "type": "Feature", "properties": { "name": null, "status": "Destroyed", "building": "yes", "building_levels": null }, "geometry": { "type": "LineString", "coordinates": [ [ 85.366093, 28.253603 ], [ 85.366037, 28.253601 ], [ 85.366035, 28.253644 ], [ 85.366069, 28.253645 ], [ 85.366067, 28.253686 ], [ 85.366091, 28.253686 ], [ 85.366091, 28.253693 ], [ 85.366142, 28.253695 ], [ 85.366146, 28.253594 ], [ 85.366094, 28.253593 ], [ 85.366093, 28.253603 ] ] } },
{ "type": "Feature", "properties": { "name": null, "status": "Destroyed", "building": "yes", "building_levels": null }, "geometry": { "type": "LineString", "coordinates": [ [ 85.366677, 28.253698 ], [ 85.366681, 28.253748 ], [ 85.366718, 28.253746 ], [ 85.366714, 28.253696 ], [ 85.366677, 28.253698 ] ] } },
{ "type": "Feature", "properties": { "name": null, "status": "Destroyed", "building": "yes", "building_levels": null }, "geometry": { "type": "LineString", "coordinates": [ [ 85.358545, 28.237172 ], [ 85.35858, 28.237204 ], [ 85.358653, 28.237143 ], [ 85.358617, 28.23711 ], [ 85.358545, 28.237172 ] ] } },
{ "type": "Feature", "properties": { "name": null, "status": "Destroyed", "building": "yes", "building_levels": null }, "geometry": { "type": "LineString", "coordinates": [ [ 85.358389, 28.23733 ], [ 85.358441, 28.237366 ], [ 85.358494, 28.237307 ], [ 85.358443, 28.237271 ], [ 85.358389, 28.23733 ] ] } },
{ "type": "Feature", "properties": { "name": null, "status": "Destroyed", "building": "yes", "building_levels": null }, "geometry": { "type": "LineString", "coordinates": [ [ 85.341642, 28.166985 ], [ 85.341611, 28.166916 ], [ 85.341547, 28.166938 ], [ 85.341578, 28.167009 ], [ 85.341547, 28.16702 ], [ 85.341578, 28.167091 ], [ 85.341679, 28.167056 ], [ 85.341647, 28.166983 ], [ 85.341642, 28.166985 ] ] } },
{ "type": "Feature", "properties": { "name": null, "status": "Destroyed", "building": "yes", "building_levels": null }, "geometry": { "type": "LineString", "coordinates": [ [ 85.341424, 28.166466 ], [ 85.341473, 28.166554 ], [ 85.341539, 28.166526 ], [ 85.34149, 28.166438 ], [ 85.341424, 28.166466 ] ] } },
{ "type": "Feature", "properties": { "name": null, "status": "Destroyed", "building": "yes", "building_levels": null }, "geometry": { "type": "LineString", "coordinates": [ [ 85.34161, 28.167603 ], [ 85.341656, 28.167597 ], [ 85.341648, 28.167555 ], [ 85.341602, 28.167561 ], [ 85.34161, 28.167603 ] ] } },
{ "type": "Feature", "properties": { "name": null, "status": "Destroyed", "building": "yes", "building_levels": null }, "geometry": { "type": "LineString", "coordinates": [ [ 85.379305, 28.280251 ], [ 85.379423, 28.280347 ], [ 85.37949, 28.280283 ], [ 85.379471, 28.280268 ], [ 85.379485, 28.280255 ], [ 85.379405, 28.28019 ], [ 85.379393, 28.280202 ], [ 85.379374, 28.280186 ], [ 85.379305, 28.280251 ] ] } },
{ "type": "Feature", "properties": { "name": null, "status": "Destroyed", "building": "yes", "building_levels": null }, "geometry": { "type": "LineString", "coordinates": [ [ 85.378884, 28.280491 ], [ 85.379144, 28.280635 ], [ 85.379207, 28.280547 ], [ 85.378947, 28.280403 ], [ 85.378884, 28.280491 ] ] } },
{ "type": "Feature", "properties": { "name": null, "status": "Destroyed", "building": "yes", "building_levels": null }, "geometry": { "type": "LineString", "coordinates": [ [ 85.355399, 28.214979 ], [ 85.355485, 28.214982 ], [ 85.355489, 28.214902 ], [ 85.355443, 28.2149 ], [ 85.355442, 28.214932 ], [ 85.355401, 28.21493 ], [ 85.355399, 28.214979 ] ] } },
{ "type": "Feature", "properties": { "name": null, "status": "Destroyed", "building": "yes", "building_levels": null }, "geometry": { "type": "LineString", "coordinates": [ [ 85.353629, 28.203308 ], [ 85.35369, 28.203287 ], [ 85.353609, 28.203104 ], [ 85.353548, 28.203126 ], [ 85.353629, 28.203308 ] ] } },
{ "type": "Feature", "properties": { "name": null, "status": "Destroyed", "building": "yes", "building_levels": null }, "geometry": { "type": "LineString", "coordinates": [ [ 85.341203, 28.16649 ], [ 85.341292, 28.166457 ], [ 85.341228, 28.166321 ], [ 85.341139, 28.166354 ], [ 85.341203, 28.16649 ] ] } },
{ "type": "Feature", "properties": { "name": null, "status": "Destroyed", "building": "yes", "building_levels": null }, "geometry": { "type": "LineString", "coordinates": [ [ 85.33632, 28.160618 ], [ 85.336392, 28.160706 ], [ 85.336459, 28.160663 ], [ 85.336387, 28.160576 ], [ 85.33632, 28.160618 ] ] } },
{ "type": "Feature", "properties": { "name": null, "status": "Destroyed", "building": "yes", "building_levels": null }, "geometry": { "type": "LineString", "coordinates": [ [ 85.33813, 28.164035 ], [ 85.33817, 28.164068 ], [ 85.338286, 28.163961 ], [ 85.338247, 28.163928 ], [ 85.33813, 28.164035 ] ] } },
{ "type": "Feature", "properties": { "name": null, "status": "Destroyed", "building": "yes", "building_levels": null }, "geometry": { "type": "LineString", "coordinates": [ [ 85.337135, 28.163128 ], [ 85.33718, 28.163124 ], [ 85.337172, 28.163056 ], [ 85.337127, 28.16306 ], [ 85.337135, 28.163128 ] ] } },
{ "type": "Feature", "properties": { "name": null, "status": "Destroyed", "building": "yes", "building_levels": null }, "geometry": { "type": "LineString", "coordinates": [ [ 85.336759, 28.163175 ], [ 85.336843, 28.163151 ], [ 85.336808, 28.163056 ], [ 85.336724, 28.16308 ], [ 85.336759, 28.163175 ] ] } },
{ "type": "Feature", "properties": { "name": null, "status": "Destroyed", "building": "yes", "building_levels": null }, "geometry": { "type": "LineString", "coordinates": [ [ 85.336261, 28.160498 ], [ 85.336331, 28.160456 ], [ 85.336303, 28.160419 ], [ 85.336282, 28.160432 ], [ 85.336248, 28.160388 ], [ 85.336199, 28.160417 ], [ 85.336261, 28.160498 ] ] } },
{ "type": "Feature", "properties": { "name": null, "status": "Destroyed", "building": "yes", "building_levels": null }, "geometry": { "type": "LineString", "coordinates": [ [ 85.336817, 28.161466 ], [ 85.33688, 28.161465 ], [ 85.336879, 28.161431 ], [ 85.336815, 28.161433 ], [ 85.336817, 28.161466 ] ] } },
{ "type": "Feature", "properties": { "name": null, "status": "Destroyed", "building": "yes", "building_levels": null }, "geometry": { "type": "LineString", "coordinates": [ [ 85.345274, 28.176941 ], [ 85.345245, 28.176914 ], [ 85.345219, 28.176935 ], [ 85.345248, 28.176962 ], [ 85.345274, 28.176941 ] ] } },
{ "type": "Feature", "properties": { "name": null, "status": "Destroyed", "building": "yes", "building_levels": null }, "geometry": { "type": "LineString", "coordinates": [ [ 85.345346, 28.176939 ], [ 85.345313, 28.176911 ], [ 85.345289, 28.176933 ], [ 85.345322, 28.176961 ], [ 85.345346, 28.176939 ] ] } },
{ "type": "Feature", "properties": { "name": null, "status": "Destroyed", "building": "yes", "building_levels": null }, "geometry": { "type": "LineString", "coordinates": [ [ 85.364293, 28.255196 ], [ 85.36431, 28.255282 ], [ 85.364354, 28.255275 ], [ 85.364336, 28.255189 ], [ 85.364293, 28.255196 ] ] } },
{ "type": "Feature", "properties": { "name": null, "status": "Destroyed", "building": "retail", "building_levels": null }, "geometry": { "type": "LineString", "coordinates": [ [ 85.366559, 28.255215 ], [ 85.366536, 28.255128 ], [ 85.36649, 28.255137 ], [ 85.366513, 28.255225 ], [ 85.366559, 28.255215 ] ] } },
{ "type": "Feature", "properties": { "name": null, "status": "Destroyed", "building": "yes", "building_levels": null }, "geometry": { "type": "LineString", "coordinates": [ [ 85.366139, 28.252525 ], [ 85.36623, 28.252527 ], [ 85.366232, 28.252461 ], [ 85.366218, 28.252461 ], [ 85.366219, 28.252418 ], [ 85.366109, 28.252416 ], [ 85.366108, 28.252469 ], [ 85.366141, 28.25247 ], [ 85.366139, 28.252525 ] ] } },
{ "type": "Feature", "properties": { "name": null, "status": "Destroyed", "building": "yes", "building_levels": null }, "geometry": { "type": "LineString", "coordinates": [ [ 85.36609, 28.252409 ], [ 85.366173, 28.252396 ], [ 85.366163, 28.252348 ], [ 85.36608, 28.252361 ], [ 85.36609, 28.252409 ] ] } },
{ "type": "Feature", "properties": { "name": null, "status": "Destroyed", "building": "yes", "building_levels": null }, "geometry": { "type": "LineString", "coordinates": [ [ 85.174778, 27.966622 ], [ 85.174813, 27.966574 ], [ 85.174825, 27.966581 ], [ 85.174841, 27.966559 ], [ 85.17478, 27.966525 ], [ 85.174729, 27.966595 ], [ 85.174778, 27.966622 ] ] } },
{ "type": "Feature", "properties": { "name": null, "status": "Destroyed", "building": "yes", "building_levels": null }, "geometry": { "type": "LineString", "coordinates": [ [ 85.155774, 27.938551 ], [ 85.155736, 27.938519 ], [ 85.155859, 27.938407 ], [ 85.155897, 27.938439 ], [ 85.155774, 27.938551 ] ] } },
{ "type": "Feature", "properties": { "name": null, "status": "Destroyed", "building": "yes", "building_levels": null }, "geometry": { "type": "LineString", "coordinates": [ [ 85.353544, 28.203104 ], [ 85.353606, 28.203088 ], [ 85.353565, 28.202972 ], [ 85.353503, 28.202989 ], [ 85.353544, 28.203104 ] ] } },
{ "type": "Feature", "properties": { "name": null, "status": "Destroyed", "building": "yes", "building_levels": null }, "geometry": { "type": "LineString", "coordinates": [ [ 85.337844, 28.16281 ], [ 85.337868, 28.162829 ], [ 85.337894, 28.162803 ], [ 85.33787, 28.162784 ], [ 85.337844, 28.16281 ] ] } },
{ "type": "Feature", "properties": { "name": "吉隆口岸联检大楼", "status": "Destroyed", "building": "yes", "building_levels": null }, "geometry": { "type": "Polygon", "coordinates": [ [ [ 85.37727, 28.279582 ], [ 85.377407, 28.279227 ], [ 85.377485, 28.279251 ], [ 85.377498, 28.279217 ], [ 85.377552, 28.279233 ], [ 85.377606, 28.279249 ], [ 85.377593, 28.279284 ], [ 85.377662, 28.279305 ], [ 85.377679, 28.279264 ], [ 85.377725, 28.279278 ], [ 85.377777, 28.279294 ], [ 85.377863, 28.279319 ], [ 85.377912, 28.279334 ], [ 85.377959, 28.279348 ], [ 85.377944, 28.27939 ], [ 85.378017, 28.279412 ], [ 85.378031, 28.279377 ], [ 85.378086, 28.279394 ], [ 85.378142, 28.279411 ], [ 85.378128, 28.279446 ], [ 85.378204, 28.279469 ], [ 85.378067, 28.279821 ], [ 85.377997, 28.2798 ], [ 85.377983, 28.279837 ], [ 85.377926, 28.27982 ], [ 85.37787, 28.279803 ], [ 85.377884, 28.279765 ], [ 85.377789, 28.279736 ], [ 85.377804, 28.279697 ], [ 85.377755, 28.279682 ], [ 85.377726, 28.279673 ], [ 85.377638, 28.279647 ], [ 85.377607, 28.279637 ], [ 85.377558, 28.279622 ], [ 85.377542, 28.279664 ], [ 85.377456, 28.279639 ], [ 85.377443, 28.279674 ], [ 85.377388, 28.279658 ], [ 85.377333, 28.279641 ], [ 85.377347, 28.279605 ], [ 85.37727, 28.279582 ] ], [ [ 85.377624, 28.279593 ], [ 85.377655, 28.279603 ], [ 85.377743, 28.279629 ], [ 85.377771, 28.279638 ], [ 85.377797, 28.27957 ], [ 85.377769, 28.279562 ], [ 85.377682, 28.279535 ], [ 85.377649, 28.279525 ], [ 85.377624, 28.279593 ] ], [ [ 85.377692, 28.27936 ], [ 85.377745, 28.279376 ], [ 85.377831, 28.279402 ], [ 85.377881, 28.279417 ], [ 85.377896, 28.279377 ], [ 85.377846, 28.279362 ], [ 85.37776, 28.279336 ], [ 85.377708, 28.27932 ], [ 85.377692, 28.27936 ] ] ] } },
{ "type": "Feature", "properties": { "name": "中国移民管理", "status": "Destroyed", "building": "yes", "building_levels": null }, "geometry": { "type": "Polygon", "coordinates": [ [ [ 85.377297, 28.27988 ], [ 85.377338, 28.279784 ], [ 85.377533, 28.279848 ], [ 85.377503, 28.279917 ], [ 85.377454, 28.279901 ], [ 85.377442, 28.279928 ], [ 85.377297, 28.27988 ] ] ] } }
]
}
