{
"type": "FeatureCollection",
"name": "channel",
"crs": { "type": "name", "properties": { "name": "urn:ogc:def:crs:OGC:1.3:CRS84" } },
"xy_coordinate_resolution": 1e-05,
"features": [
{ "type": "Feature", "properties": { "area_m2": 2000.0 }, "geometry": { "type": "Polygon", "coordinates": [ [ [ 85.44808, 28.35241 ], [ 85.44828, 28.35241 ], [ 85.44829, 28.35151 ], [ 85.44809, 28.35151 ], [ 85.44808, 28.35241 ] ] ] } },
{ "type": "Feature", "properties": { "area_m2": 2000.0 }, "geometry": { "type": "Polygon", "coordinates": [ [ [ 85.35669, 28.35098 ], [ 85.35689, 28.35098 ], [ 85.35691, 28.35008 ], [ 85.3567, 28.35008 ], [ 85.35669, 28.35098 ] ] ] } },
{ "type": "Feature", "properties": { "area_m2": 2400.0 }, "geometry": { "type": "Polygon", "coordinates": [ [ [ 85.51134, 28.35131 ], [ 85.51236, 28.35132 ], [ 85.51237, 28.35114 ], [ 85.51155, 28.35113 ], [ 85.51155, 28.35095 ], [ 85.51135, 28.35095 ], [ 85.51134, 28.35131 ] ] ] } },
{ "type": "Feature", "properties": { "area_m2": 2400.0 }, "geometry": { "type": "Polygon", "coordinates": [ [ [ 85.3565, 28.35007 ], [ 85.3567, 28.35008 ], [ 85.35672, 28.34899 ], [ 85.35652, 28.34899 ], [ 85.3565, 28.35007 ] ] ] } },
{ "type": "Feature", "properties": { "area_m2": 3600.0 }, "geometry": { "type": "Polygon", "coordinates": [ [ [ 85.50951, 28.35093 ], [ 85.51135, 28.35095 ], [ 85.51135, 28.35077 ], [ 85.50952, 28.35075 ], [ 85.50951, 28.35093 ] ] ] } },
{ "type": "Feature", "properties": { "area_m2": 2000.0 }, "geometry": { "type": "Polygon", "coordinates": [ [ [ 85.44629, 28.34932 ], [ 85.4469, 28.34933 ], [ 85.4469, 28.34915 ], [ 85.44649, 28.34914 ], [ 85.4465, 28.34878 ], [ 85.44629, 28.34878 ], [ 85.44629, 28.34932 ] ] ] } },
{ "type": "Feature", "properties": { "area_m2": 2400.0 }, "geometry": { "type": "Polygon", "coordinates": [ [ [ 85.50892, 28.34984 ], [ 85.50912, 28.34984 ], [ 85.50913, 28.34948 ], [ 85.50872, 28.34948 ], [ 85.50872, 28.34912 ], [ 85.50852, 28.34911 ], [ 85.50851, 28.34965 ], [ 85.50892, 28.34966 ], [ 85.50892, 28.34984 ] ] ] } },
{ "type": "Feature", "properties": { "area_m2": 3600.0 }, "geometry": { "type": "Polygon", "coordinates": [ [ [ 85.50893, 28.34894 ], [ 85.50913, 28.34894 ], [ 85.50915, 28.34804 ], [ 85.50874, 28.34803 ], [ 85.50874, 28.34767 ], [ 85.50854, 28.34767 ], [ 85.50853, 28.34821 ], [ 85.50894, 28.34822 ], [ 85.50893, 28.34894 ] ] ] } },
{ "type": "Feature", "properties": { "area_m2": 6400.0 }, "geometry": { "type": "Polygon", "coordinates": [ [ [ 85.44609, 28.34878 ], [ 85.44629, 28.34878 ], [ 85.44634, 28.34589 ], [ 85.44613, 28.34589 ], [ 85.44609, 28.34878 ] ] ] } },
{ "type": "Feature", "properties": { "area_m2": 6800.0 }, "geometry": { "type": "Polygon", "coordinates": [ [ [ 85.50833, 28.34767 ], [ 85.50854, 28.34767 ], [ 85.50855, 28.34713 ], [ 85.50814, 28.34712 ], [ 85.50815, 28.3464 ], [ 85.50733, 28.34639 ], [ 85.50734, 28.34567 ], [ 85.50714, 28.34567 ], [ 85.50713, 28.34657 ], [ 85.50794, 28.34658 ], [ 85.50793, 28.3473 ], [ 85.50834, 28.34731 ], [ 85.50833, 28.34767 ] ] ] } },
{ "type": "Feature", "properties": { "area_m2": 2400.0 }, "geometry": { "type": "Polygon", "coordinates": [ [ [ 85.44655, 28.34517 ], [ 85.44675, 28.34517 ], [ 85.44677, 28.34409 ], [ 85.44657, 28.34409 ], [ 85.44655, 28.34517 ] ] ] } },
{ "type": "Feature", "properties": { "area_m2": 2000.0 }, "geometry": { "type": "Polygon", "coordinates": [ [ [ 85.50693, 28.34567 ], [ 85.50714, 28.34567 ], [ 85.50715, 28.34477 ], [ 85.50695, 28.34476 ], [ 85.50693, 28.34567 ] ] ] } },
{ "type": "Feature", "properties": { "area_m2": 2800.0 }, "geometry": { "type": "Polygon", "coordinates": [ [ [ 85.50512, 28.34438 ], [ 85.50634, 28.3444 ], [ 85.50634, 28.34422 ], [ 85.50532, 28.3442 ], [ 85.50533, 28.34402 ], [ 85.50512, 28.34402 ], [ 85.50512, 28.34438 ] ] ] } },
{ "type": "Feature", "properties": { "area_m2": 2400.0 }, "geometry": { "type": "Polygon", "coordinates": [ [ [ 85.50472, 28.34384 ], [ 85.50492, 28.34384 ], [ 85.50493, 28.3433 ], [ 85.50452, 28.34329 ], [ 85.50452, 28.34311 ], [ 85.50432, 28.34311 ], [ 85.50431, 28.34347 ], [ 85.50472, 28.34348 ], [ 85.50472, 28.34384 ] ] ] } },
{ "type": "Feature", "properties": { "area_m2": 2000.0 }, "geometry": { "type": "Polygon", "coordinates": [ [ [ 85.44556, 28.34318 ], [ 85.44576, 28.34318 ], [ 85.44577, 28.34246 ], [ 85.44537, 28.34245 ], [ 85.44536, 28.34263 ], [ 85.44557, 28.34263 ], [ 85.44556, 28.34318 ] ] ] } },
{ "type": "Feature", "properties": { "area_m2": 2000.0 }, "geometry": { "type": "Polygon", "coordinates": [ [ [ 85.3499, 28.34133 ], [ 85.35011, 28.34133 ], [ 85.35012, 28.34043 ], [ 85.34992, 28.34043 ], [ 85.3499, 28.34133 ] ] ] } },
{ "type": "Feature", "properties": { "area_m2": 2000.0 }, "geometry": { "type": "Polygon", "coordinates": [ [ [ 85.50433, 28.34257 ], [ 85.50453, 28.34257 ], [ 85.50454, 28.34167 ], [ 85.50434, 28.34167 ], [ 85.50433, 28.34257 ] ] ] } },
{ "type": "Feature", "properties": { "area_m2": 4400.0 }, "geometry": { "type": "Polygon", "coordinates": [ [ [ 85.44516, 28.34245 ], [ 85.44537, 28.34245 ], [ 85.44538, 28.34155 ], [ 85.44558, 28.34155 ], [ 85.4456, 28.34065 ], [ 85.44539, 28.34065 ], [ 85.44538, 28.34137 ], [ 85.44518, 28.34137 ], [ 85.44516, 28.34245 ] ] ] } },
{ "type": "Feature", "properties": { "area_m2": 2000.0 }, "geometry": { "type": "Polygon", "coordinates": [ [ [ 85.34911, 28.33988 ], [ 85.34931, 28.33988 ], [ 85.34933, 28.33898 ], [ 85.34912, 28.33897 ], [ 85.34911, 28.33988 ] ] ] } },
{ "type": "Feature", "properties": { "area_m2": 2400.0 }, "geometry": { "type": "Polygon", "coordinates": [ [ [ 85.50292, 28.34093 ], [ 85.50353, 28.34094 ], [ 85.50353, 28.34076 ], [ 85.50313, 28.34075 ], [ 85.50313, 28.34021 ], [ 85.50293, 28.34021 ], [ 85.50292, 28.34093 ] ] ] } },
{ "type": "Feature", "properties": { "area_m2": 3200.0 }, "geometry": { "type": "Polygon", "coordinates": [ [ [ 85.44378, 28.33936 ], [ 85.44459, 28.33937 ], [ 85.4446, 28.33919 ], [ 85.44398, 28.33919 ], [ 85.44399, 28.33883 ], [ 85.44338, 28.33882 ], [ 85.44338, 28.339 ], [ 85.44378, 28.339 ], [ 85.44378, 28.33936 ] ] ] } },
{ "type": "Feature", "properties": { "area_m2": 2800.0 }, "geometry": { "type": "Polygon", "coordinates": [ [ [ 85.5007, 28.3391 ], [ 85.50172, 28.33911 ], [ 85.50172, 28.33893 ], [ 85.50091, 28.33892 ], [ 85.50091, 28.33856 ], [ 85.50071, 28.33856 ], [ 85.5007, 28.3391 ] ] ] } },
{ "type": "Feature", "properties": { "area_m2": 2000.0 }, "geometry": { "type": "Polygon", "coordinates": [ [ [ 85.44135, 28.33771 ], [ 85.44176, 28.33772 ], [ 85.44176, 28.33754 ], [ 85.44156, 28.33753 ], [ 85.44157, 28.33717 ], [ 85.44116, 28.33717 ], [ 85.44116, 28.33735 ], [ 85.44136, 28.33735 ], [ 85.44135, 28.33771 ] ] ] } },
{ "type": "Feature", "properties": { "area_m2": 6000.0 }, "geometry": { "type": "Polygon", "coordinates": [ [ [ 85.49928, 28.33854 ], [ 85.50071, 28.33856 ], [ 85.50071, 28.33838 ], [ 85.49949, 28.33836 ], [ 85.49949, 28.338 ], [ 85.4997, 28.33801 ], [ 85.49971, 28.3371 ], [ 85.49951, 28.3371 ], [ 85.4995, 28.33782 ], [ 85.49929, 28.33782 ], [ 85.49928, 28.33854 ] ] ] } },
{ "type": "Feature", "properties": { "area_m2": 7600.0 }, "geometry": { "type": "Polygon", "coordinates": [ [ [ 85.45769, 28.33663 ], [ 85.46157, 28.33668 ], [ 85.46157, 28.3365 ], [ 85.45769, 28.33645 ], [ 85.45769, 28.33663 ] ] ] } },
{ "type": "Feature", "properties": { "area_m2": 2400.0 }, "geometry": { "type": "Polygon", "coordinates": [ [ [ 85.45647, 28.33644 ], [ 85.45769, 28.33645 ], [ 85.4577, 28.33627 ], [ 85.45647, 28.33626 ], [ 85.45647, 28.33644 ] ] ] } },
{ "type": "Feature", "properties": { "area_m2": 2800.0 }, "geometry": { "type": "Polygon", "coordinates": [ [ [ 85.45464, 28.33624 ], [ 85.45606, 28.33626 ], [ 85.45607, 28.33607 ], [ 85.45464, 28.33606 ], [ 85.45464, 28.33624 ] ] ] } },
{ "type": "Feature", "properties": { "area_m2": 2800.0 }, "geometry": { "type": "Polygon", "coordinates": [ [ [ 85.46423, 28.33581 ], [ 85.46566, 28.33582 ], [ 85.46566, 28.33564 ], [ 85.46423, 28.33563 ], [ 85.46423, 28.33581 ] ] ] } },
{ "type": "Feature", "properties": { "area_m2": 2800.0 }, "geometry": { "type": "Polygon", "coordinates": [ [ [ 85.44016, 28.33571 ], [ 85.44036, 28.33572 ], [ 85.44037, 28.33535 ], [ 85.44078, 28.33536 ], [ 85.44078, 28.33518 ], [ 85.43976, 28.33517 ], [ 85.43976, 28.33535 ], [ 85.44016, 28.33535 ], [ 85.44016, 28.33571 ] ] ] } },
{ "type": "Feature", "properties": { "area_m2": 5200.0 }, "geometry": { "type": "Polygon", "coordinates": [ [ [ 85.442, 28.33537 ], [ 85.44465, 28.3354 ], [ 85.44465, 28.33522 ], [ 85.442, 28.33519 ], [ 85.442, 28.33537 ] ] ] } },
{ "type": "Feature", "properties": { "area_m2": 12800.0 }, "geometry": { "type": "Polygon", "coordinates": [ [ [ 85.44547, 28.33541 ], [ 85.45199, 28.33549 ], [ 85.452, 28.33531 ], [ 85.44547, 28.33523 ], [ 85.44547, 28.33541 ] ] ] } },
{ "type": "Feature", "properties": { "area_m2": 2400.0 }, "geometry": { "type": "Polygon", "coordinates": [ [ [ 85.44078, 28.33518 ], [ 85.442, 28.33519 ], [ 85.44201, 28.33501 ], [ 85.44078, 28.335 ], [ 85.44078, 28.33518 ] ] ] } },
{ "type": "Feature", "properties": { "area_m2": 5200.0 }, "geometry": { "type": "Polygon", "coordinates": [ [ [ 85.49463, 28.33578 ], [ 85.49728, 28.33581 ], [ 85.49728, 28.33563 ], [ 85.49463, 28.3356 ], [ 85.49463, 28.33578 ] ] ] } },
{ "type": "Feature", "properties": { "area_m2": 2400.0 }, "geometry": { "type": "Polygon", "coordinates": [ [ [ 85.46607, 28.33547 ], [ 85.46628, 28.33547 ], [ 85.46628, 28.33529 ], [ 85.46709, 28.3353 ], [ 85.4671, 28.33512 ], [ 85.46608, 28.3351 ], [ 85.46607, 28.33547 ] ] ] } },
{ "type": "Feature", "properties": { "area_m2": 3200.0 }, "geometry": { "type": "Polygon", "coordinates": [ [ [ 85.49769, 28.336 ], [ 85.4985, 28.33601 ], [ 85.4985, 28.33583 ], [ 85.49789, 28.33582 ], [ 85.4979, 28.33546 ], [ 85.49729, 28.33545 ], [ 85.49728, 28.33563 ], [ 85.49769, 28.33564 ], [ 85.49769, 28.336 ] ] ] } },
{ "type": "Feature", "properties": { "area_m2": 6000.0 }, "geometry": { "type": "Polygon", "coordinates": [ [ [ 85.43833, 28.33515 ], [ 85.43976, 28.33517 ], [ 85.43976, 28.33499 ], [ 85.43854, 28.33497 ], [ 85.43854, 28.33461 ], [ 85.43712, 28.3346 ], [ 85.43711, 28.33478 ], [ 85.43834, 28.33479 ], [ 85.43833, 28.33515 ] ] ] } },
{ "type": "Feature", "properties": { "area_m2": 2400.0 }, "geometry": { "type": "Polygon", "coordinates": [ [ [ 85.4671, 28.33512 ], [ 85.46771, 28.33512 ], [ 85.46771, 28.33476 ], [ 85.46792, 28.33476 ], [ 85.46792, 28.33458 ], [ 85.46751, 28.33458 ], [ 85.46751, 28.33494 ], [ 85.4671, 28.33494 ], [ 85.4671, 28.33512 ] ] ] } },
{ "type": "Feature", "properties": { "area_m2": 2000.0 }, "geometry": { "type": "Polygon", "coordinates": [ [ [ 85.4363, 28.33459 ], [ 85.43712, 28.3346 ], [ 85.43712, 28.33442 ], [ 85.43651, 28.33441 ], [ 85.43651, 28.33423 ], [ 85.4363, 28.33423 ], [ 85.4363, 28.33459 ] ] ] } },
{ "type": "Feature", "properties": { "area_m2": 2400.0 }, "geometry": { "type": "Polygon", "coordinates": [ [ [ 85.46792, 28.33458 ], [ 85.46812, 28.33459 ], [ 85.46813, 28.33441 ], [ 85.46894, 28.33442 ], [ 85.46895, 28.33423 ], [ 85.46793, 28.33422 ], [ 85.46792, 28.33458 ] ] ] } },
{ "type": "Feature", "properties": { "area_m2": 2400.0 }, "geometry": { "type": "Polygon", "coordinates": [ [ [ 85.46895, 28.33423 ], [ 85.47017, 28.33425 ], [ 85.47017, 28.33407 ], [ 85.46895, 28.33405 ], [ 85.46895, 28.33423 ] ] ] } },
{ "type": "Feature", "properties": { "area_m2": 2400.0 }, "geometry": { "type": "Polygon", "coordinates": [ [ [ 85.43468, 28.33403 ], [ 85.43549, 28.33404 ], [ 85.43549, 28.33386 ], [ 85.43488, 28.33385 ], [ 85.43489, 28.33349 ], [ 85.43468, 28.33348 ], [ 85.43468, 28.33403 ] ] ] } },
{ "type": "Feature", "properties": { "area_m2": 4400.0 }, "geometry": { "type": "Polygon", "coordinates": [ [ [ 85.47038, 28.33389 ], [ 85.47262, 28.33391 ], [ 85.47262, 28.33373 ], [ 85.47038, 28.33371 ], [ 85.47038, 28.33389 ] ] ] } },
{ "type": "Feature", "properties": { "area_m2": 2800.0 }, "geometry": { "type": "Polygon", "coordinates": [ [ [ 85.47365, 28.33338 ], [ 85.47508, 28.3334 ], [ 85.47508, 28.33322 ], [ 85.47365, 28.3332 ], [ 85.47365, 28.33338 ] ] ] } },
{ "type": "Feature", "properties": { "area_m2": 2000.0 }, "geometry": { "type": "Polygon", "coordinates": [ [ [ 85.34433, 28.33242 ], [ 85.34453, 28.33242 ], [ 85.34455, 28.33152 ], [ 85.34434, 28.33152 ], [ 85.34433, 28.33242 ] ] ] } },
{ "type": "Feature", "properties": { "area_m2": 2000.0 }, "geometry": { "type": "Polygon", "coordinates": [ [ [ 85.43388, 28.33293 ], [ 85.43408, 28.33294 ], [ 85.43409, 28.33239 ], [ 85.43348, 28.33239 ], [ 85.43347, 28.33257 ], [ 85.43388, 28.33257 ], [ 85.43388, 28.33293 ] ] ] } },
{ "type": "Feature", "properties": { "area_m2": 4000.0 }, "geometry": { "type": "Polygon", "coordinates": [ [ [ 85.47529, 28.33304 ], [ 85.47733, 28.33306 ], [ 85.47733, 28.33288 ], [ 85.47529, 28.33286 ], [ 85.47529, 28.33304 ] ] ] } },
{ "type": "Feature", "properties": { "area_m2": 2400.0 }, "geometry": { "type": "Polygon", "coordinates": [ [ [ 85.48039, 28.3331 ], [ 85.48161, 28.33311 ], [ 85.48161, 28.33293 ], [ 85.48039, 28.33292 ], [ 85.48039, 28.3331 ] ] ] } },
{ "type": "Feature", "properties": { "area_m2": 2000.0 }, "geometry": { "type": "Polygon", "coordinates": [ [ [ 85.50384, 28.33336 ], [ 85.50486, 28.33337 ], [ 85.50487, 28.33319 ], [ 85.50385, 28.33318 ], [ 85.50384, 28.33336 ] ] ] } },
{ "type": "Feature", "properties": { "area_m2": 2800.0 }, "geometry": { "type": "Polygon", "coordinates": [ [ [ 85.50201, 28.33334 ], [ 85.50323, 28.33335 ], [ 85.50324, 28.33299 ], [ 85.50303, 28.33299 ], [ 85.50303, 28.33317 ], [ 85.50201, 28.33316 ], [ 85.50201, 28.33334 ] ] ] } },
{ "type": "Feature", "properties": { "area_m2": 6000.0 }, "geometry": { "type": "Polygon", "coordinates": [ [ [ 85.47733, 28.33288 ], [ 85.48039, 28.33292 ], [ 85.48039, 28.33274 ], [ 85.47733, 28.3327 ], [ 85.47733, 28.33288 ] ] ] } },
{ "type": "Feature", "properties": { "area_m2": 2400.0 }, "geometry": { "type": "Polygon", "coordinates": [ [ [ 85.48161, 28.33293 ], [ 85.48284, 28.33295 ], [ 85.48284, 28.33277 ], [ 85.48161, 28.33275 ], [ 85.48161, 28.33293 ] ] ] } },
{ "type": "Feature", "properties": { "area_m2": 2400.0 }, "geometry": { "type": "Polygon", "coordinates": [ [ [ 85.50079, 28.33314 ], [ 85.50201, 28.33316 ], [ 85.50201, 28.33298 ], [ 85.50079, 28.33296 ], [ 85.50079, 28.33314 ] ] ] } },
{ "type": "Feature", "properties": { "area_m2": 2800.0 }, "geometry": { "type": "Polygon", "coordinates": [ [ [ 85.50487, 28.33319 ], [ 85.50629, 28.3332 ], [ 85.5063, 28.33302 ], [ 85.50487, 28.33301 ], [ 85.50487, 28.33319 ] ] ] } },
{ "type": "Feature", "properties": { "area_m2": 2000.0 }, "geometry": { "type": "Polygon", "coordinates": [ [ [ 85.50711, 28.33321 ], [ 85.50731, 28.33322 ], [ 85.50732, 28.33304 ], [ 85.50793, 28.33304 ], [ 85.50793, 28.33286 ], [ 85.50711, 28.33285 ], [ 85.50711, 28.33321 ] ] ] } },
{ "type": "Feature", "properties": { "area_m2": 2000.0 }, "geometry": { "type": "Polygon", "coordinates": [ [ [ 85.48386, 28.33278 ], [ 85.48467, 28.33279 ], [ 85.48468, 28.33242 ], [ 85.48448, 28.33242 ], [ 85.48447, 28.3326 ], [ 85.48386, 28.3326 ], [ 85.48386, 28.33278 ] ] ] } },
{ "type": "Feature", "properties": { "area_m2": 2000.0 }, "geometry": { "type": "Polygon", "coordinates": [ [ [ 85.49875, 28.33258 ], [ 85.49977, 28.33259 ], [ 85.49978, 28.33241 ], [ 85.49876, 28.3324 ], [ 85.49875, 28.33258 ] ] ] } },
{ "type": "Feature", "properties": { "area_m2": 2400.0 }, "geometry": { "type": "Polygon", "coordinates": [ [ [ 85.50793, 28.33286 ], [ 85.50854, 28.33287 ], [ 85.50855, 28.33251 ], [ 85.50875, 28.33251 ], [ 85.50875, 28.33233 ], [ 85.50835, 28.33232 ], [ 85.50834, 28.33269 ], [ 85.50793, 28.33268 ], [ 85.50793, 28.33286 ] ] ] } },
{ "type": "Feature", "properties": { "area_m2": 6800.0 }, "geometry": { "type": "Polygon", "coordinates": [ [ [ 85.49468, 28.33235 ], [ 85.49814, 28.33239 ], [ 85.49815, 28.33221 ], [ 85.49468, 28.33217 ], [ 85.49468, 28.33235 ] ] ] } },
{ "type": "Feature", "properties": { "area_m2": 3200.0 }, "geometry": { "type": "Polygon", "coordinates": [ [ [ 85.43267, 28.33202 ], [ 85.43287, 28.33202 ], [ 85.43268, 28.3313 ], [ 85.43186, 28.33129 ], [ 85.43186, 28.33147 ], [ 85.43247, 28.33147 ], [ 85.43246, 28.33183 ], [ 85.43267, 28.33184 ], [ 85.43267, 28.33202 ] ] ] } },
{ "type": "Feature", "properties": { "area_m2": 5600.0 }, "geometry": { "type": "Polygon", "coordinates": [ [ [ 85.49283, 28.33324 ], [ 85.49344, 28.33324 ], [ 85.49345, 28.33252 ], [ 85.49284, 28.33252 ], [ 85.49285, 28.33197 ], [ 85.49244, 28.33179 ], [ 85.49244, 28.33215 ], [ 85.49264, 28.33215 ], [ 85.49263, 28.33269 ], [ 85.49324, 28.3327 ], [ 85.49324, 28.33306 ], [ 85.49283, 28.33306 ], [ 85.49283, 28.33324 ] ] ] } },
{ "type": "Feature", "properties": { "area_m2": 2800.0 }, "geometry": { "type": "Polygon", "coordinates": [ [ [ 85.48489, 28.33225 ], [ 85.4855, 28.33225 ], [ 85.48551, 28.33171 ], [ 85.48571, 28.33171 ], [ 85.48571, 28.33153 ], [ 85.4853, 28.33153 ], [ 85.4853, 28.33207 ], [ 85.48489, 28.33207 ], [ 85.48489, 28.33225 ] ] ] } },
{ "type": "Feature", "properties": { "area_m2": 2000.0 }, "geometry": { "type": "Polygon", "coordinates": [ [ [ 85.50875, 28.33233 ], [ 85.50937, 28.33234 ], [ 85.50937, 28.33179 ], [ 85.50917, 28.33179 ], [ 85.50916, 28.33215 ], [ 85.50876, 28.33215 ], [ 85.50875, 28.33233 ] ] ] } },
{ "type": "Feature", "properties": { "area_m2": 3600.0 }, "geometry": { "type": "Polygon", "coordinates": [ [ [ 85.50978, 28.33162 ], [ 85.51162, 28.33164 ], [ 85.51162, 28.33146 ], [ 85.50979, 28.33144 ], [ 85.50978, 28.33162 ] ] ] } },
{ "type": "Feature", "properties": { "area_m2": 3600.0 }, "geometry": { "type": "Polygon", "coordinates": [ [ [ 85.42494, 28.33048 ], [ 85.42657, 28.3305 ], [ 85.42657, 28.33032 ], [ 85.42514, 28.33031 ], [ 85.42515, 28.33013 ], [ 85.42494, 28.33012 ], [ 85.42494, 28.33048 ] ] ] } },
{ "type": "Feature", "properties": { "area_m2": 2400.0 }, "geometry": { "type": "Polygon", "coordinates": [ [ [ 85.42698, 28.33033 ], [ 85.4282, 28.33034 ], [ 85.4282, 28.33016 ], [ 85.42698, 28.33015 ], [ 85.42698, 28.33033 ] ] ] } },
{ "type": "Feature", "properties": { "area_m2": 4800.0 }, "geometry": { "type": "Polygon", "coordinates": [ [ [ 85.48571, 28.33153 ], [ 85.48592, 28.33154 ], [ 85.48592, 28.33136 ], [ 85.48653, 28.33136 ], [ 85.48653, 28.33118 ], [ 85.48714, 28.33119 ], [ 85.48715, 28.33065 ], [ 85.48695, 28.33064 ], [ 85.48694, 28.33101 ], [ 85.48633, 28.331 ], [ 85.48633, 28.33118 ], [ 85.48592, 28.33118 ], [ 85.48592, 28.33099 ], [ 85.48572, 28.33099 ], [ 85.48571, 28.33153 ] ] ] } },
{ "type": "Feature", "properties": { "area_m2": 6000.0 }, "geometry": { "type": "Polygon", "coordinates": [ [ [ 85.51162, 28.33146 ], [ 85.51407, 28.33148 ], [ 85.51407, 28.33112 ], [ 85.51428, 28.33113 ], [ 85.51428, 28.33095 ], [ 85.51387, 28.33094 ], [ 85.51387, 28.3313 ], [ 85.51162, 28.33128 ], [ 85.51162, 28.33146 ] ] ] } },
{ "type": "Feature", "properties": { "area_m2": 2400.0 }, "geometry": { "type": "Polygon", "coordinates": [ [ [ 85.48939, 28.33103 ], [ 85.49041, 28.33104 ], [ 85.49041, 28.33086 ], [ 85.4896, 28.33085 ], [ 85.4896, 28.33067 ], [ 85.4894, 28.33067 ], [ 85.48939, 28.33103 ] ] ] } },
{ "type": "Feature", "properties": { "area_m2": 2800.0 }, "geometry": { "type": "Polygon", "coordinates": [ [ [ 85.4282, 28.33016 ], [ 85.42963, 28.33018 ], [ 85.42963, 28.33 ], [ 85.42821, 28.32998 ], [ 85.4282, 28.33016 ] ] ] } },
{ "type": "Feature", "properties": { "area_m2": 8400.0 }, "geometry": { "type": "Polygon", "coordinates": [ [ [ 85.27645, 28.32923 ], [ 85.27808, 28.32925 ], [ 85.27808, 28.32907 ], [ 85.2789, 28.32908 ], [ 85.27891, 28.32854 ], [ 85.27952, 28.32855 ], [ 85.27953, 28.32801 ], [ 85.27933, 28.328 ], [ 85.27932, 28.32836 ], [ 85.27871, 28.32836 ], [ 85.2787, 28.3289 ], [ 85.27788, 28.32889 ], [ 85.27788, 28.32907 ], [ 85.27645, 28.32905 ], [ 85.27645, 28.32923 ] ] ] } },
{ "type": "Feature", "properties": { "area_m2": 4400.0 }, "geometry": { "type": "Polygon", "coordinates": [ [ [ 85.43145, 28.33128 ], [ 85.43186, 28.33129 ], [ 85.43188, 28.32984 ], [ 85.43168, 28.32984 ], [ 85.43166, 28.33092 ], [ 85.43125, 28.33092 ], [ 85.43145, 28.33128 ] ] ] } },
{ "type": "Feature", "properties": { "area_m2": 2000.0 }, "geometry": { "type": "Polygon", "coordinates": [ [ [ 85.42352, 28.32993 ], [ 85.42454, 28.32994 ], [ 85.42454, 28.32976 ], [ 85.42352, 28.32975 ], [ 85.42352, 28.32993 ] ] ] } },
{ "type": "Feature", "properties": { "area_m2": 4400.0 }, "geometry": { "type": "Polygon", "coordinates": [ [ [ 85.48715, 28.33065 ], [ 85.4894, 28.33067 ], [ 85.4894, 28.33049 ], [ 85.48716, 28.33047 ], [ 85.48715, 28.33065 ] ] ] } },
{ "type": "Feature", "properties": { "area_m2": 2800.0 }, "geometry": { "type": "Polygon", "coordinates": [ [ [ 85.42188, 28.32991 ], [ 85.42311, 28.32992 ], [ 85.42311, 28.32974 ], [ 85.42209, 28.32973 ], [ 85.42209, 28.32955 ], [ 85.42189, 28.32955 ], [ 85.42188, 28.32991 ] ] ] } },
{ "type": "Feature", "properties": { "area_m2": 2000.0 }, "geometry": { "type": "Polygon", "coordinates": [ [ [ 85.43188, 28.32984 ], [ 85.4329, 28.32985 ], [ 85.4329, 28.32967 ], [ 85.43188, 28.32966 ], [ 85.43188, 28.32984 ] ] ] } },
{ "type": "Feature", "properties": { "area_m2": 9600.0 }, "geometry": { "type": "Polygon", "coordinates": [ [ [ 85.51428, 28.33095 ], [ 85.5155, 28.33096 ], [ 85.51551, 28.3306 ], [ 85.51857, 28.33063 ], [ 85.51857, 28.33027 ], [ 85.51837, 28.33027 ], [ 85.51837, 28.33045 ], [ 85.51531, 28.33041 ], [ 85.5153, 28.33078 ], [ 85.51428, 28.33076 ], [ 85.51428, 28.33095 ] ] ] } },
{ "type": "Feature", "properties": { "area_m2": 2400.0 }, "geometry": { "type": "Polygon", "coordinates": [ [ [ 85.41149, 28.32925 ], [ 85.41169, 28.32925 ], [ 85.4117, 28.32907 ], [ 85.41231, 28.32907 ], [ 85.41231, 28.32871 ], [ 85.41211, 28.32871 ], [ 85.41211, 28.32889 ], [ 85.4115, 28.32888 ], [ 85.41149, 28.32925 ] ] ] } },
{ "type": "Feature", "properties": { "area_m2": 3600.0 }, "geometry": { "type": "Polygon", "coordinates": [ [ [ 85.48531, 28.33081 ], [ 85.48552, 28.33081 ], [ 85.48553, 28.33009 ], [ 85.48532, 28.33009 ], [ 85.48533, 28.32936 ], [ 85.48513, 28.32936 ], [ 85.48512, 28.33026 ], [ 85.48532, 28.33027 ], [ 85.48531, 28.33081 ] ] ] } },
{ "type": "Feature", "properties": { "area_m2": 4000.0 }, "geometry": { "type": "Polygon", "coordinates": [ [ [ 85.4329, 28.32967 ], [ 85.43352, 28.32968 ], [ 85.43353, 28.3286 ], [ 85.43374, 28.3286 ], [ 85.43374, 28.32842 ], [ 85.43333, 28.32842 ], [ 85.43331, 28.3295 ], [ 85.43291, 28.32949 ], [ 85.4329, 28.32967 ] ] ] } },
{ "type": "Feature", "properties": { "area_m2": 3600.0 }, "geometry": { "type": "Polygon", "coordinates": [ [ [ 85.28015, 28.32765 ], [ 85.28056, 28.32766 ], [ 85.28056, 28.32712 ], [ 85.28097, 28.32712 ], [ 85.28098, 28.32658 ], [ 85.28078, 28.32658 ], [ 85.28077, 28.32694 ], [ 85.28036, 28.32693 ], [ 85.28035, 28.32748 ], [ 85.28015, 28.32747 ], [ 85.28015, 28.32765 ] ] ] } },
{ "type": "Feature", "properties": { "area_m2": 3600.0 }, "geometry": { "type": "Polygon", "coordinates": [ [ [ 85.41231, 28.32871 ], [ 85.41252, 28.32872 ], [ 85.41252, 28.32854 ], [ 85.41374, 28.32855 ], [ 85.41375, 28.32819 ], [ 85.41355, 28.32819 ], [ 85.41354, 28.32837 ], [ 85.41232, 28.32835 ], [ 85.41231, 28.32871 ] ] ] } },
{ "type": "Feature", "properties": { "area_m2": 9600.0 }, "geometry": { "type": "Polygon", "coordinates": [ [ [ 85.51857, 28.33027 ], [ 85.51878, 28.33027 ], [ 85.51879, 28.32973 ], [ 85.5194, 28.32974 ], [ 85.5194, 28.32956 ], [ 85.52022, 28.32957 ], [ 85.52022, 28.3292 ], [ 85.52104, 28.32921 ], [ 85.52104, 28.32885 ], [ 85.52186, 28.32886 ], [ 85.52186, 28.32868 ], [ 85.52084, 28.32867 ], [ 85.52084, 28.32903 ], [ 85.52002, 28.32902 ], [ 85.52001, 28.32938 ], [ 85.5192, 28.32937 ], [ 85.5192, 28.32955 ], [ 85.51858, 28.32955 ], [ 85.51857, 28.33027 ] ] ] } },
{ "type": "Feature", "properties": { "area_m2": 4000.0 }, "geometry": { "type": "Polygon", "coordinates": [ [ [ 85.41621, 28.32768 ], [ 85.41825, 28.3277 ], [ 85.41825, 28.32752 ], [ 85.41621, 28.3275 ], [ 85.41621, 28.32768 ] ] ] } },
{ "type": "Feature", "properties": { "area_m2": 10000.0 }, "geometry": { "type": "Polygon", "coordinates": [ [ [ 85.32606, 28.32642 ], [ 85.33116, 28.32648 ], [ 85.33116, 28.3263 ], [ 85.32607, 28.32624 ], [ 85.32606, 28.32642 ] ] ] } },
{ "type": "Feature", "properties": { "area_m2": 3200.0 }, "geometry": { "type": "Polygon", "coordinates": [ [ [ 85.34236, 28.3277 ], [ 85.34257, 28.3277 ], [ 85.34259, 28.32626 ], [ 85.34238, 28.32626 ], [ 85.34236, 28.3277 ] ] ] } },
{ "type": "Feature", "properties": { "area_m2": 4000.0 }, "geometry": { "type": "Polygon", "coordinates": [ [ [ 85.43436, 28.32789 ], [ 85.43579, 28.3279 ], [ 85.43579, 28.32754 ], [ 85.43599, 28.32754 ], [ 85.436, 28.32736 ], [ 85.43559, 28.32736 ], [ 85.43558, 28.32772 ], [ 85.43436, 28.32771 ], [ 85.43436, 28.32789 ] ] ] } },
{ "type": "Feature", "properties": { "area_m2": 2400.0 }, "geometry": { "type": "Polygon", "coordinates": [ [ [ 85.32484, 28.32622 ], [ 85.32607, 28.32624 ], [ 85.32607, 28.32606 ], [ 85.32485, 28.32604 ], [ 85.32484, 28.32622 ] ] ] } },
{ "type": "Feature", "properties": { "area_m2": 5200.0 }, "geometry": { "type": "Polygon", "coordinates": [ [ [ 85.41396, 28.32765 ], [ 85.4158, 28.32767 ], [ 85.4158, 28.32731 ], [ 85.41601, 28.32731 ], [ 85.41601, 28.32713 ], [ 85.4156, 28.32695 ], [ 85.4156, 28.32749 ], [ 85.41396, 28.32747 ], [ 85.41396, 28.32765 ] ] ] } },
{ "type": "Feature", "properties": { "area_m2": 4000.0 }, "geometry": { "type": "Polygon", "coordinates": [ [ [ 85.52248, 28.32833 ], [ 85.52452, 28.32835 ], [ 85.52452, 28.32817 ], [ 85.52248, 28.32815 ], [ 85.52248, 28.32833 ] ] ] } },
{ "type": "Feature", "properties": { "area_m2": 2800.0 }, "geometry": { "type": "Polygon", "coordinates": [ [ [ 85.33178, 28.32577 ], [ 85.33321, 28.32578 ], [ 85.33322, 28.3256 ], [ 85.33179, 28.32559 ], [ 85.33178, 28.32577 ] ] ] } },
{ "type": "Feature", "properties": { "area_m2": 2000.0 }, "geometry": { "type": "Polygon", "coordinates": [ [ [ 85.52452, 28.32817 ], [ 85.52513, 28.32817 ], [ 85.52514, 28.32763 ], [ 85.52493, 28.32763 ], [ 85.52493, 28.32799 ], [ 85.52452, 28.32799 ], [ 85.52452, 28.32817 ] ] ] } },
{ "type": "Feature", "properties": { "area_m2": 2000.0 }, "geometry": { "type": "Polygon", "coordinates": [ [ [ 85.48434, 28.32755 ], [ 85.48454, 28.32755 ], [ 85.48476, 28.32683 ], [ 85.48435, 28.32701 ], [ 85.48434, 28.32755 ] ] ] } },
{ "type": "Feature", "properties": { "area_m2": 2000.0 }, "geometry": { "type": "Polygon", "coordinates": [ [ [ 85.52514, 28.32763 ], [ 85.52534, 28.32764 ], [ 85.52534, 28.32746 ], [ 85.52596, 28.32746 ], [ 85.52596, 28.32728 ], [ 85.52514, 28.32727 ], [ 85.52514, 28.32763 ] ] ] } },
{ "type": "Feature", "properties": { "area_m2": 3200.0 }, "geometry": { "type": "Polygon", "coordinates": [ [ [ 85.436, 28.32736 ], [ 85.4362, 28.32737 ], [ 85.43622, 28.32592 ], [ 85.43602, 28.32592 ], [ 85.436, 28.32736 ] ] ] } },
{ "type": "Feature", "properties": { "area_m2": 2000.0 }, "geometry": { "type": "Polygon", "coordinates": [ [ [ 85.33302, 28.32506 ], [ 85.33322, 28.32506 ], [ 85.33323, 28.3247 ], [ 85.33282, 28.3247 ], [ 85.33282, 28.32452 ], [ 85.33262, 28.32451 ], [ 85.33261, 28.32487 ], [ 85.33302, 28.32488 ], [ 85.33302, 28.32506 ] ] ] } },
{ "type": "Feature", "properties": { "area_m2": 9200.0 }, "geometry": { "type": "Polygon", "coordinates": [ [ [ 85.33282, 28.32452 ], [ 85.33303, 28.32452 ], [ 85.33303, 28.32434 ], [ 85.33568, 28.32437 ], [ 85.33569, 28.32401 ], [ 85.3361, 28.32401 ], [ 85.3361, 28.32383 ], [ 85.33671, 28.32384 ], [ 85.33671, 28.32366 ], [ 85.3359, 28.32365 ], [ 85.33589, 28.32383 ], [ 85.33549, 28.32383 ], [ 85.33548, 28.32419 ], [ 85.33283, 28.32416 ], [ 85.33282, 28.32452 ] ] ] } },
{ "type": "Feature", "properties": { "area_m2": 5200.0 }, "geometry": { "type": "Polygon", "coordinates": [ [ [ 85.28326, 28.32408 ], [ 85.28388, 28.32409 ], [ 85.28389, 28.32355 ], [ 85.28429, 28.32355 ], [ 85.2843, 28.32319 ], [ 85.2845, 28.3232 ], [ 85.28451, 28.32265 ], [ 85.28431, 28.32265 ], [ 85.2843, 28.32301 ], [ 85.2841, 28.32301 ], [ 85.28409, 28.32337 ], [ 85.28368, 28.32337 ], [ 85.28368, 28.32391 ], [ 85.28327, 28.3239 ], [ 85.28326, 28.32408 ] ] ] } },
{ "type": "Feature", "properties": { "area_m2": 2000.0 }, "geometry": { "type": "Polygon", "coordinates": [ [ [ 85.52822, 28.32604 ], [ 85.52842, 28.32604 ], [ 85.52843, 28.32586 ], [ 85.52883, 28.32587 ], [ 85.52884, 28.32551 ], [ 85.52864, 28.32551 ], [ 85.52863, 28.32569 ], [ 85.52823, 28.32568 ], [ 85.52822, 28.32604 ] ] ] } },
{ "type": "Feature", "properties": { "area_m2": 2000.0 }, "geometry": { "type": "Polygon", "coordinates": [ [ [ 85.28451, 28.32265 ], [ 85.28512, 28.32266 ], [ 85.28513, 28.32212 ], [ 85.28493, 28.32212 ], [ 85.28492, 28.32248 ], [ 85.28451, 28.32247 ], [ 85.28451, 28.32265 ] ] ] } },
{ "type": "Feature", "properties": { "area_m2": 6000.0 }, "geometry": { "type": "Polygon", "coordinates": [ [ [ 85.34179, 28.32535 ], [ 85.34199, 28.32535 ], [ 85.34203, 28.32264 ], [ 85.34183, 28.32264 ], [ 85.34179, 28.32535 ] ] ] } },
{ "type": "Feature", "properties": { "area_m2": 2000.0 }, "geometry": { "type": "Polygon", "coordinates": [ [ [ 85.41299, 28.32439 ], [ 85.41319, 28.32439 ], [ 85.41321, 28.32349 ], [ 85.413, 28.32349 ], [ 85.41299, 28.32439 ] ] ] } },
{ "type": "Feature", "properties": { "area_m2": 3600.0 }, "geometry": { "type": "Polygon", "coordinates": [ [ [ 85.48539, 28.32521 ], [ 85.4856, 28.32521 ], [ 85.48561, 28.32449 ], [ 85.48602, 28.3245 ], [ 85.48602, 28.32396 ], [ 85.48582, 28.32395 ], [ 85.48581, 28.32431 ], [ 85.48541, 28.32431 ], [ 85.48539, 28.32521 ] ] ] } },
{ "type": "Feature", "properties": { "area_m2": 2000.0 }, "geometry": { "type": "Polygon", "coordinates": [ [ [ 85.43564, 28.32393 ], [ 85.43584, 28.32393 ], [ 85.43585, 28.32339 ], [ 85.43524, 28.32338 ], [ 85.43524, 28.32356 ], [ 85.43564, 28.32357 ], [ 85.43564, 28.32393 ] ] ] } },
{ "type": "Feature", "properties": { "area_m2": 2800.0 }, "geometry": { "type": "Polygon", "coordinates": [ [ [ 85.53048, 28.3248 ], [ 85.5313, 28.32481 ], [ 85.5313, 28.32445 ], [ 85.53151, 28.32445 ], [ 85.53151, 28.32427 ], [ 85.5311, 28.32427 ], [ 85.5311, 28.32463 ], [ 85.53048, 28.32462 ], [ 85.53048, 28.3248 ] ] ] } },
{ "type": "Feature", "properties": { "area_m2": 2000.0 }, "geometry": { "type": "Polygon", "coordinates": [ [ [ 85.28596, 28.32159 ], [ 85.28677, 28.3216 ], [ 85.28678, 28.32124 ], [ 85.28657, 28.32124 ], [ 85.28657, 28.32142 ], [ 85.28596, 28.32141 ], [ 85.28596, 28.32159 ] ] ] } },
{ "type": "Feature", "properties": { "area_m2": 2400.0 }, "geometry": { "type": "Polygon", "coordinates": [ [ [ 85.53274, 28.32374 ], [ 85.53294, 28.32375 ], [ 85.53295, 28.32357 ], [ 85.53376, 28.32357 ], [ 85.53376, 28.32339 ], [ 85.53274, 28.32338 ], [ 85.53274, 28.32374 ] ] ] } },
{ "type": "Feature", "properties": { "area_m2": 2000.0 }, "geometry": { "type": "Polygon", "coordinates": [ [ [ 85.53376, 28.32339 ], [ 85.53438, 28.3234 ], [ 85.53438, 28.32286 ], [ 85.53418, 28.32286 ], [ 85.53417, 28.32322 ], [ 85.53377, 28.32321 ], [ 85.53376, 28.32339 ] ] ] } },
{ "type": "Feature", "properties": { "area_m2": 2000.0 }, "geometry": { "type": "Polygon", "coordinates": [ [ [ 85.28822, 28.32017 ], [ 85.28863, 28.32018 ], [ 85.28864, 28.31982 ], [ 85.28884, 28.31982 ], [ 85.28884, 28.31964 ], [ 85.28844, 28.31964 ], [ 85.28843, 28.32 ], [ 85.28823, 28.31999 ], [ 85.28822, 28.32017 ] ] ] } },
{ "type": "Feature", "properties": { "area_m2": 3200.0 }, "geometry": { "type": "Polygon", "coordinates": [ [ [ 85.33879, 28.32152 ], [ 85.33899, 28.32152 ], [ 85.33901, 28.32008 ], [ 85.33881, 28.32008 ], [ 85.33879, 28.32152 ] ] ] } },
{ "type": "Feature", "properties": { "area_m2": 2000.0 }, "geometry": { "type": "Polygon", "coordinates": [ [ [ 85.53459, 28.32268 ], [ 85.53479, 28.32268 ], [ 85.5348, 28.3225 ], [ 85.5352, 28.32251 ], [ 85.53521, 28.32215 ], [ 85.53501, 28.32214 ], [ 85.535, 28.32232 ], [ 85.53459, 28.32232 ], [ 85.53459, 28.32268 ] ] ] } },
{ "type": "Feature", "properties": { "area_m2": 5600.0 }, "geometry": { "type": "Polygon", "coordinates": [ [ [ 85.48705, 28.32325 ], [ 85.48726, 28.32325 ], [ 85.48726, 28.32289 ], [ 85.48767, 28.32289 ], [ 85.48769, 28.32163 ], [ 85.4881, 28.32163 ], [ 85.4881, 28.32145 ], [ 85.48749, 28.32145 ], [ 85.48747, 28.32271 ], [ 85.48706, 28.3227 ], [ 85.48705, 28.32325 ] ] ] } },
{ "type": "Feature", "properties": { "area_m2": 7200.0 }, "geometry": { "type": "Polygon", "coordinates": [ [ [ 85.43504, 28.32338 ], [ 85.43524, 28.32338 ], [ 85.43526, 28.32176 ], [ 85.43506, 28.32176 ], [ 85.43506, 28.3214 ], [ 85.43527, 28.3214 ], [ 85.43528, 28.3205 ], [ 85.43508, 28.32049 ], [ 85.43507, 28.32122 ], [ 85.43486, 28.32121 ], [ 85.43485, 28.32193 ], [ 85.43506, 28.32194 ], [ 85.43504, 28.32338 ] ] ] } },
{ "type": "Feature", "properties": { "area_m2": 3200.0 }, "geometry": { "type": "Polygon", "coordinates": [ [ [ 85.53521, 28.32215 ], [ 85.53541, 28.32215 ], [ 85.53542, 28.32197 ], [ 85.53603, 28.32197 ], [ 85.53604, 28.32125 ], [ 85.53583, 28.32125 ], [ 85.53583, 28.32179 ], [ 85.53521, 28.32179 ], [ 85.53521, 28.32215 ] ] ] } },
{ "type": "Feature", "properties": { "area_m2": 2800.0 }, "geometry": { "type": "Polygon", "coordinates": [ [ [ 85.28926, 28.3191 ], [ 85.28946, 28.31911 ], [ 85.28947, 28.31875 ], [ 85.29008, 28.31875 ], [ 85.29009, 28.31839 ], [ 85.28988, 28.31839 ], [ 85.28988, 28.31857 ], [ 85.28927, 28.31856 ], [ 85.28926, 28.3191 ] ] ] } },
{ "type": "Feature", "properties": { "area_m2": 2800.0 }, "geometry": { "type": "Polygon", "coordinates": [ [ [ 85.4881, 28.32145 ], [ 85.48851, 28.32146 ], [ 85.48852, 28.32037 ], [ 85.48832, 28.32037 ], [ 85.48831, 28.32127 ], [ 85.4881, 28.32127 ], [ 85.4881, 28.32145 ] ] ] } },
{ "type": "Feature", "properties": { "area_m2": 2000.0 }, "geometry": { "type": "Polygon", "coordinates": [ [ [ 85.53625, 28.32089 ], [ 85.53686, 28.3209 ], [ 85.53687, 28.32036 ], [ 85.53666, 28.32036 ], [ 85.53666, 28.32072 ], [ 85.53625, 28.32071 ], [ 85.53625, 28.32089 ] ] ] } },
{ "type": "Feature", "properties": { "area_m2": 2400.0 }, "geometry": { "type": "Polygon", "coordinates": [ [ [ 85.53707, 28.32018 ], [ 85.53728, 28.32018 ], [ 85.53728, 28.32 ], [ 85.53809, 28.32001 ], [ 85.5381, 28.31983 ], [ 85.53708, 28.31982 ], [ 85.53707, 28.32018 ] ] ] } },
{ "type": "Feature", "properties": { "area_m2": 2000.0 }, "geometry": { "type": "Polygon", "coordinates": [ [ [ 85.34006, 28.31811 ], [ 85.34027, 28.31811 ], [ 85.34028, 28.31721 ], [ 85.34008, 28.3172 ], [ 85.34006, 28.31811 ] ] ] } },
{ "type": "Feature", "properties": { "area_m2": 13200.0 }, "geometry": { "type": "Polygon", "coordinates": [ [ [ 85.4128, 28.32348 ], [ 85.413, 28.32349 ], [ 85.41309, 28.31753 ], [ 85.41289, 28.31753 ], [ 85.4128, 28.32348 ] ] ] } },
{ "type": "Feature", "properties": { "area_m2": 4400.0 }, "geometry": { "type": "Polygon", "coordinates": [ [ [ 85.53851, 28.31965 ], [ 85.53871, 28.31966 ], [ 85.53871, 28.31948 ], [ 85.53912, 28.31948 ], [ 85.53913, 28.31912 ], [ 85.54015, 28.31913 ], [ 85.54015, 28.31895 ], [ 85.53892, 28.31894 ], [ 85.53892, 28.3193 ], [ 85.53851, 28.31929 ], [ 85.53851, 28.31965 ] ] ] } },
{ "type": "Feature", "properties": { "area_m2": 2000.0 }, "geometry": { "type": "Polygon", "coordinates": [ [ [ 85.54015, 28.31895 ], [ 85.54117, 28.31896 ], [ 85.54117, 28.31878 ], [ 85.54015, 28.31877 ], [ 85.54015, 28.31895 ] ] ] } },
{ "type": "Feature", "properties": { "area_m2": 6000.0 }, "geometry": { "type": "Polygon", "coordinates": [ [ [ 85.43468, 28.32013 ], [ 85.43488, 28.32013 ], [ 85.43492, 28.31742 ], [ 85.43472, 28.31742 ], [ 85.43468, 28.32013 ] ] ] } },
{ "type": "Feature", "properties": { "area_m2": 2000.0 }, "geometry": { "type": "Polygon", "coordinates": [ [ [ 85.29257, 28.31626 ], [ 85.29277, 28.31626 ], [ 85.29278, 28.3159 ], [ 85.29319, 28.3159 ], [ 85.29319, 28.31572 ], [ 85.29258, 28.31572 ], [ 85.29257, 28.31626 ] ] ] } },
{ "type": "Feature", "properties": { "area_m2": 2000.0 }, "geometry": { "type": "Polygon", "coordinates": [ [ [ 85.54138, 28.3186 ], [ 85.5424, 28.31861 ], [ 85.5424, 28.31843 ], [ 85.54138, 28.31842 ], [ 85.54138, 28.3186 ] ] ] } },
{ "type": "Feature", "properties": { "area_m2": 4800.0 }, "geometry": { "type": "Polygon", "coordinates": [ [ [ 85.29319, 28.31572 ], [ 85.29441, 28.31574 ], [ 85.29442, 28.3152 ], [ 85.29503, 28.31521 ], [ 85.29504, 28.31502 ], [ 85.29422, 28.31501 ], [ 85.29421, 28.31556 ], [ 85.29319, 28.31554 ], [ 85.29319, 28.31572 ] ] ] } },
{ "type": "Feature", "properties": { "area_m2": 2800.0 }, "geometry": { "type": "Polygon", "coordinates": [ [ [ 85.5424, 28.31843 ], [ 85.54301, 28.31844 ], [ 85.54302, 28.31808 ], [ 85.54342, 28.31808 ], [ 85.54343, 28.3179 ], [ 85.54281, 28.3179 ], [ 85.54281, 28.31826 ], [ 85.5424, 28.31825 ], [ 85.5424, 28.31843 ] ] ] } },
{ "type": "Feature", "properties": { "area_m2": 7600.0 }, "geometry": { "type": "Polygon", "coordinates": [ [ [ 85.48873, 28.31983 ], [ 85.48935, 28.31984 ], [ 85.48939, 28.31677 ], [ 85.48918, 28.31677 ], [ 85.48914, 28.31966 ], [ 85.48874, 28.31965 ], [ 85.48873, 28.31983 ] ] ] } },
{ "type": "Feature", "properties": { "area_m2": 18800.0 }, "geometry": { "type": "Polygon", "coordinates": [ [ [ 85.34162, 28.32264 ], [ 85.34183, 28.32264 ], [ 85.34195, 28.3147 ], [ 85.34154, 28.31488 ], [ 85.34153, 28.31542 ], [ 85.34174, 28.31542 ], [ 85.34162, 28.32264 ] ] ] } },
{ "type": "Feature", "properties": { "area_m2": 2800.0 }, "geometry": { "type": "Polygon", "coordinates": [ [ [ 85.54404, 28.31773 ], [ 85.54424, 28.31773 ], [ 85.54425, 28.31719 ], [ 85.54466, 28.31719 ], [ 85.54467, 28.31683 ], [ 85.54446, 28.31683 ], [ 85.54446, 28.31701 ], [ 85.54405, 28.31701 ], [ 85.54404, 28.31773 ] ] ] } },
{ "type": "Feature", "properties": { "area_m2": 3600.0 }, "geometry": { "type": "Polygon", "coordinates": [ [ [ 85.41351, 28.31681 ], [ 85.41372, 28.31682 ], [ 85.41374, 28.31519 ], [ 85.41354, 28.31519 ], [ 85.41351, 28.31681 ] ] ] } },
{ "type": "Feature", "properties": { "area_m2": 3600.0 }, "geometry": { "type": "Polygon", "coordinates": [ [ [ 85.48939, 28.31677 ], [ 85.4902, 28.31678 ], [ 85.49022, 28.3157 ], [ 85.49002, 28.3157 ], [ 85.49, 28.3166 ], [ 85.48939, 28.31659 ], [ 85.48939, 28.31677 ] ] ] } },
{ "type": "Feature", "properties": { "area_m2": 3600.0 }, "geometry": { "type": "Polygon", "coordinates": [ [ [ 85.49063, 28.31534 ], [ 85.49186, 28.31536 ], [ 85.49187, 28.31463 ], [ 85.49166, 28.31463 ], [ 85.49166, 28.31517 ], [ 85.49064, 28.31516 ], [ 85.49063, 28.31534 ] ] ] } },
{ "type": "Feature", "properties": { "area_m2": 4000.0 }, "geometry": { "type": "Polygon", "coordinates": [ [ [ 85.43556, 28.31544 ], [ 85.43576, 28.31545 ], [ 85.43578, 28.31418 ], [ 85.43599, 28.31419 ], [ 85.43599, 28.31383 ], [ 85.43558, 28.314 ], [ 85.43556, 28.31544 ] ] ] } },
{ "type": "Feature", "properties": { "area_m2": 3200.0 }, "geometry": { "type": "Polygon", "coordinates": [ [ [ 85.34299, 28.31381 ], [ 85.34319, 28.31381 ], [ 85.34321, 28.31237 ], [ 85.34301, 28.31237 ], [ 85.34299, 28.31381 ] ] ] } },
{ "type": "Feature", "properties": { "area_m2": 4400.0 }, "geometry": { "type": "Polygon", "coordinates": [ [ [ 85.54591, 28.3154 ], [ 85.54632, 28.31541 ], [ 85.54653, 28.31469 ], [ 85.54714, 28.31469 ], [ 85.54715, 28.31433 ], [ 85.54694, 28.31433 ], [ 85.54694, 28.31451 ], [ 85.54633, 28.3145 ], [ 85.54632, 28.31486 ], [ 85.54612, 28.31486 ], [ 85.54611, 28.31522 ], [ 85.54591, 28.31522 ], [ 85.54591, 28.3154 ] ] ] } },
{ "type": "Feature", "properties": { "area_m2": 4000.0 }, "geometry": { "type": "Polygon", "coordinates": [ [ [ 85.49208, 28.3141 ], [ 85.49228, 28.3141 ], [ 85.49228, 28.31392 ], [ 85.49351, 28.31393 ], [ 85.49352, 28.31339 ], [ 85.49331, 28.31339 ], [ 85.49331, 28.31375 ], [ 85.49208, 28.31373 ], [ 85.49208, 28.3141 ] ] ] } },
{ "type": "Feature", "properties": { "area_m2": 2400.0 }, "geometry": { "type": "Polygon", "coordinates": [ [ [ 85.54715, 28.31433 ], [ 85.54735, 28.31433 ], [ 85.54735, 28.31415 ], [ 85.54817, 28.31416 ], [ 85.54817, 28.31398 ], [ 85.54715, 28.31397 ], [ 85.54715, 28.31433 ] ] ] } },
{ "type": "Feature", "properties": { "area_m2": 6400.0 }, "geometry": { "type": "Polygon", "coordinates": [ [ [ 85.41333, 28.31519 ], [ 85.41354, 28.31519 ], [ 85.41358, 28.3123 ], [ 85.41337, 28.3123 ], [ 85.41333, 28.31519 ] ] ] } },
{ "type": "Feature", "properties": { "area_m2": 2800.0 }, "geometry": { "type": "Polygon", "coordinates": [ [ [ 85.54817, 28.31398 ], [ 85.5496, 28.314 ], [ 85.5496, 28.31382 ], [ 85.54817, 28.3138 ], [ 85.54817, 28.31398 ] ] ] } },
{ "type": "Feature", "properties": { "area_m2": 2800.0 }, "geometry": { "type": "Polygon", "coordinates": [ [ [ 85.49413, 28.31322 ], [ 85.49433, 28.31322 ], [ 85.49434, 28.31304 ], [ 85.49536, 28.31305 ], [ 85.49536, 28.31287 ], [ 85.49414, 28.31285 ], [ 85.49413, 28.31322 ] ] ] } },
{ "type": "Feature", "properties": { "area_m2": 2400.0 }, "geometry": { "type": "Polygon", "coordinates": [ [ [ 85.5496, 28.31382 ], [ 85.54981, 28.31382 ], [ 85.54981, 28.31364 ], [ 85.55062, 28.31365 ], [ 85.55063, 28.31347 ], [ 85.54961, 28.31346 ], [ 85.5496, 28.31382 ] ] ] } },
{ "type": "Feature", "properties": { "area_m2": 2000.0 }, "geometry": { "type": "Polygon", "coordinates": [ [ [ 85.49536, 28.31287 ], [ 85.49577, 28.31287 ], [ 85.49578, 28.31215 ], [ 85.49557, 28.31215 ], [ 85.49557, 28.31269 ], [ 85.49536, 28.31269 ], [ 85.49536, 28.31287 ] ] ] } },
{ "type": "Feature", "properties": { "area_m2": 4000.0 }, "geometry": { "type": "Polygon", "coordinates": [ [ [ 85.34342, 28.31201 ], [ 85.34362, 28.31201 ], [ 85.34365, 28.31021 ], [ 85.34345, 28.31021 ], [ 85.34342, 28.31201 ] ] ] } },
{ "type": "Feature", "properties": { "area_m2": 2400.0 }, "geometry": { "type": "Polygon", "coordinates": [ [ [ 85.29816, 28.31073 ], [ 85.29837, 28.31073 ], [ 85.29838, 28.30965 ], [ 85.29818, 28.30965 ], [ 85.29816, 28.31073 ] ] ] } },
{ "type": "Feature", "properties": { "area_m2": 2000.0 }, "geometry": { "type": "Polygon", "coordinates": [ [ [ 85.49578, 28.31215 ], [ 85.49598, 28.31215 ], [ 85.49598, 28.31197 ], [ 85.4966, 28.31198 ], [ 85.4966, 28.3118 ], [ 85.49578, 28.31179 ], [ 85.49578, 28.31215 ] ] ] } },
{ "type": "Feature", "properties": { "area_m2": 2400.0 }, "geometry": { "type": "Polygon", "coordinates": [ [ [ 85.43623, 28.31148 ], [ 85.43643, 28.31148 ], [ 85.43644, 28.31112 ], [ 85.43685, 28.31113 ], [ 85.43685, 28.31077 ], [ 85.43665, 28.31076 ], [ 85.43665, 28.31094 ], [ 85.43624, 28.31094 ], [ 85.43623, 28.31148 ] ] ] } },
{ "type": "Feature", "properties": { "area_m2": 2000.0 }, "geometry": { "type": "Polygon", "coordinates": [ [ [ 85.49681, 28.31144 ], [ 85.49701, 28.31144 ], [ 85.49702, 28.31108 ], [ 85.49742, 28.31109 ], [ 85.49743, 28.31091 ], [ 85.49681, 28.3109 ], [ 85.49681, 28.31144 ] ] ] } },
{ "type": "Feature", "properties": { "area_m2": 2400.0 }, "geometry": { "type": "Polygon", "coordinates": [ [ [ 85.24578, 28.30881 ], [ 85.24598, 28.30881 ], [ 85.246, 28.30773 ], [ 85.2458, 28.30772 ], [ 85.24578, 28.30881 ] ] ] } },
{ "type": "Feature", "properties": { "area_m2": 2000.0 }, "geometry": { "type": "Polygon", "coordinates": [ [ [ 85.43746, 28.31077 ], [ 85.43767, 28.31078 ], [ 85.43768, 28.30987 ], [ 85.43748, 28.30987 ], [ 85.43746, 28.31077 ] ] ] } },
{ "type": "Feature", "properties": { "area_m2": 2000.0 }, "geometry": { "type": "Polygon", "coordinates": [ [ [ 85.2984, 28.30875 ], [ 85.2986, 28.30875 ], [ 85.29862, 28.30785 ], [ 85.29841, 28.30785 ], [ 85.2984, 28.30875 ] ] ] } },
{ "type": "Feature", "properties": { "area_m2": 5200.0 }, "geometry": { "type": "Polygon", "coordinates": [ [ [ 85.41196, 28.3112 ], [ 85.41237, 28.31121 ], [ 85.41237, 28.31103 ], [ 85.41217, 28.31102 ], [ 85.4122, 28.30904 ], [ 85.41199, 28.30904 ], [ 85.41196, 28.3112 ] ] ] } },
{ "type": "Feature", "properties": { "area_m2": 4000.0 }, "geometry": { "type": "Polygon", "coordinates": [ [ [ 85.246, 28.30773 ], [ 85.24621, 28.30773 ], [ 85.24624, 28.30592 ], [ 85.24603, 28.30592 ], [ 85.246, 28.30773 ] ] ] } },
{ "type": "Feature", "properties": { "area_m2": 2000.0 }, "geometry": { "type": "Polygon", "coordinates": [ [ [ 85.43912, 28.30881 ], [ 85.43933, 28.30881 ], [ 85.43934, 28.30791 ], [ 85.43914, 28.3079 ], [ 85.43912, 28.30881 ] ] ] } },
{ "type": "Feature", "properties": { "area_m2": 2000.0 }, "geometry": { "type": "Polygon", "coordinates": [ [ [ 85.4993, 28.3084 ], [ 85.4995, 28.3084 ], [ 85.49951, 28.30804 ], [ 85.49991, 28.30804 ], [ 85.49992, 28.30786 ], [ 85.4993, 28.30786 ], [ 85.4993, 28.3084 ] ] ] } },
{ "type": "Feature", "properties": { "area_m2": 5600.0 }, "geometry": { "type": "Polygon", "coordinates": [ [ [ 85.29986, 28.30678 ], [ 85.30006, 28.30678 ], [ 85.30008, 28.3057 ], [ 85.30028, 28.3057 ], [ 85.30029, 28.30516 ], [ 85.3007, 28.30517 ], [ 85.30071, 28.30481 ], [ 85.3005, 28.3048 ], [ 85.3005, 28.30499 ], [ 85.30009, 28.30498 ], [ 85.30008, 28.30552 ], [ 85.29988, 28.30552 ], [ 85.29986, 28.30678 ] ] ] } },
{ "type": "Feature", "properties": { "area_m2": 2000.0 }, "geometry": { "type": "Polygon", "coordinates": [ [ [ 85.44017, 28.30701 ], [ 85.44078, 28.30702 ], [ 85.44079, 28.30648 ], [ 85.44059, 28.30648 ], [ 85.44058, 28.30684 ], [ 85.44017, 28.30683 ], [ 85.44017, 28.30701 ] ] ] } },
{ "type": "Feature", "properties": { "area_m2": 2400.0 }, "geometry": { "type": "Polygon", "coordinates": [ [ [ 85.3003, 28.3048 ], [ 85.3005, 28.3048 ], [ 85.30051, 28.30426 ], [ 85.30092, 28.30427 ], [ 85.30092, 28.30409 ], [ 85.30031, 28.30408 ], [ 85.3003, 28.3048 ] ] ] } },
{ "type": "Feature", "properties": { "area_m2": 2000.0 }, "geometry": { "type": "Polygon", "coordinates": [ [ [ 85.441, 28.3063 ], [ 85.4412, 28.3063 ], [ 85.4412, 28.30612 ], [ 85.44161, 28.30613 ], [ 85.44162, 28.30577 ], [ 85.44141, 28.30576 ], [ 85.44141, 28.30595 ], [ 85.441, 28.30594 ], [ 85.441, 28.3063 ] ] ] } },
{ "type": "Feature", "properties": { "area_m2": 6800.0 }, "geometry": { "type": "Polygon", "coordinates": [ [ [ 85.24645, 28.3052 ], [ 85.24666, 28.30521 ], [ 85.24669, 28.30322 ], [ 85.2473, 28.30323 ], [ 85.24731, 28.30269 ], [ 85.2471, 28.30269 ], [ 85.2471, 28.30305 ], [ 85.24649, 28.30304 ], [ 85.24645, 28.3052 ] ] ] } },
{ "type": "Feature", "properties": { "area_m2": 4400.0 }, "geometry": { "type": "Polygon", "coordinates": [ [ [ 85.30153, 28.3041 ], [ 85.30276, 28.30411 ], [ 85.30276, 28.30375 ], [ 85.30317, 28.30376 ], [ 85.30317, 28.30339 ], [ 85.30297, 28.30339 ], [ 85.30297, 28.30357 ], [ 85.30256, 28.30357 ], [ 85.30255, 28.30393 ], [ 85.30154, 28.30392 ], [ 85.30153, 28.3041 ] ] ] } },
{ "type": "Feature", "properties": { "area_m2": 2800.0 }, "geometry": { "type": "Polygon", "coordinates": [ [ [ 85.44162, 28.30577 ], [ 85.44182, 28.30577 ], [ 85.44182, 28.30559 ], [ 85.44243, 28.3056 ], [ 85.44244, 28.30505 ], [ 85.44224, 28.30505 ], [ 85.44223, 28.30541 ], [ 85.44162, 28.30541 ], [ 85.44162, 28.30577 ] ] ] } },
{ "type": "Feature", "properties": { "area_m2": 2800.0 }, "geometry": { "type": "Polygon", "coordinates": [ [ [ 85.24752, 28.30251 ], [ 85.24772, 28.30251 ], [ 85.24793, 28.30215 ], [ 85.24671, 28.30214 ], [ 85.2467, 28.30232 ], [ 85.24752, 28.30233 ], [ 85.24752, 28.30251 ] ] ] } },
{ "type": "Feature", "properties": { "area_m2": 4000.0 }, "geometry": { "type": "Polygon", "coordinates": [ [ [ 85.30726, 28.30308 ], [ 85.30807, 28.30309 ], [ 85.30808, 28.30291 ], [ 85.30869, 28.30292 ], [ 85.30869, 28.30274 ], [ 85.30788, 28.30273 ], [ 85.30787, 28.30291 ], [ 85.30706, 28.30272 ], [ 85.30726, 28.30308 ] ] ] } },
{ "type": "Feature", "properties": { "area_m2": 2000.0 }, "geometry": { "type": "Polygon", "coordinates": [ [ [ 85.50199, 28.30536 ], [ 85.5024, 28.30536 ], [ 85.5024, 28.305 ], [ 85.50261, 28.30501 ], [ 85.50261, 28.30483 ], [ 85.5022, 28.30482 ], [ 85.5022, 28.30518 ], [ 85.50199, 28.30518 ], [ 85.50199, 28.30536 ] ] ] } },
{ "type": "Feature", "properties": { "area_m2": 2000.0 }, "geometry": { "type": "Polygon", "coordinates": [ [ [ 85.2465, 28.30214 ], [ 85.24671, 28.30214 ], [ 85.24671, 28.30178 ], [ 85.2459, 28.30177 ], [ 85.24589, 28.30195 ], [ 85.2465, 28.30196 ], [ 85.2465, 28.30214 ] ] ] } },
{ "type": "Feature", "properties": { "area_m2": 2000.0 }, "geometry": { "type": "Polygon", "coordinates": [ [ [ 85.44265, 28.30452 ], [ 85.44327, 28.30452 ], [ 85.44327, 28.30398 ], [ 85.44307, 28.30398 ], [ 85.44306, 28.30434 ], [ 85.44266, 28.30433 ], [ 85.44265, 28.30452 ] ] ] } },
{ "type": "Feature", "properties": { "area_m2": 7200.0 }, "geometry": { "type": "Polygon", "coordinates": [ [ [ 85.33847, 28.30256 ], [ 85.34214, 28.30261 ], [ 85.34214, 28.30243 ], [ 85.33847, 28.30238 ], [ 85.33847, 28.30256 ] ] ] } },
{ "type": "Feature", "properties": { "area_m2": 2800.0 }, "geometry": { "type": "Polygon", "coordinates": [ [ [ 85.30951, 28.30239 ], [ 85.31012, 28.3024 ], [ 85.31014, 28.3015 ], [ 85.30993, 28.30149 ], [ 85.30992, 28.30221 ], [ 85.30952, 28.30221 ], [ 85.30951, 28.30239 ] ] ] } },
{ "type": "Feature", "properties": { "area_m2": 2000.0 }, "geometry": { "type": "Polygon", "coordinates": [ [ [ 85.33705, 28.30201 ], [ 85.33807, 28.30202 ], [ 85.33807, 28.30184 ], [ 85.33705, 28.30183 ], [ 85.33705, 28.30201 ] ] ] } },
{ "type": "Feature", "properties": { "area_m2": 3200.0 }, "geometry": { "type": "Polygon", "coordinates": [ [ [ 85.44348, 28.3038 ], [ 85.44368, 28.30381 ], [ 85.44369, 28.30362 ], [ 85.44409, 28.30363 ], [ 85.4441, 28.30309 ], [ 85.44431, 28.30309 ], [ 85.44431, 28.30291 ], [ 85.4439, 28.30291 ], [ 85.44389, 28.30345 ], [ 85.44349, 28.30344 ], [ 85.44348, 28.3038 ] ] ] } },
{ "type": "Feature", "properties": { "area_m2": 3200.0 }, "geometry": { "type": "Polygon", "coordinates": [ [ [ 85.50302, 28.30447 ], [ 85.50384, 28.30448 ], [ 85.50385, 28.30358 ], [ 85.50365, 28.30357 ], [ 85.50364, 28.30429 ], [ 85.50303, 28.30429 ], [ 85.50302, 28.30447 ] ] ] } },
{ "type": "Feature", "properties": { "area_m2": 3200.0 }, "geometry": { "type": "Polygon", "coordinates": [ [ [ 85.44431, 28.30291 ], [ 85.44451, 28.30291 ], [ 85.44452, 28.30273 ], [ 85.44492, 28.30274 ], [ 85.44493, 28.30219 ], [ 85.44514, 28.3022 ], [ 85.44514, 28.30202 ], [ 85.44473, 28.30201 ], [ 85.44472, 28.30255 ], [ 85.44431, 28.30255 ], [ 85.44431, 28.30291 ] ] ] } },
{ "type": "Feature", "properties": { "area_m2": 21200.0 }, "geometry": { "type": "Polygon", "coordinates": [ [ [ 85.34365, 28.31021 ], [ 85.34386, 28.31021 ], [ 85.344, 28.30083 ], [ 85.34359, 28.301 ], [ 85.34359, 28.30118 ], [ 85.34379, 28.30119 ], [ 85.34365, 28.31021 ] ] ] } },
{ "type": "Feature", "properties": { "area_m2": 2400.0 }, "geometry": { "type": "Polygon", "coordinates": [ [ [ 85.33421, 28.30089 ], [ 85.33544, 28.3009 ], [ 85.33544, 28.30072 ], [ 85.33422, 28.30071 ], [ 85.33421, 28.30089 ] ] ] } },
{ "type": "Feature", "properties": { "area_m2": 4000.0 }, "geometry": { "type": "Polygon", "coordinates": [ [ [ 85.50406, 28.3034 ], [ 85.50467, 28.3034 ], [ 85.50468, 28.3025 ], [ 85.50509, 28.30251 ], [ 85.50509, 28.30233 ], [ 85.50448, 28.30232 ], [ 85.50447, 28.30322 ], [ 85.50406, 28.30322 ], [ 85.50406, 28.3034 ] ] ] } },
{ "type": "Feature", "properties": { "area_m2": 4000.0 }, "geometry": { "type": "Polygon", "coordinates": [ [ [ 85.44514, 28.30202 ], [ 85.44657, 28.30203 ], [ 85.44657, 28.30167 ], [ 85.44677, 28.30167 ], [ 85.44678, 28.30149 ], [ 85.44637, 28.30149 ], [ 85.44636, 28.30185 ], [ 85.44514, 28.30184 ], [ 85.44514, 28.30202 ] ] ] } },
{ "type": "Feature", "properties": { "area_m2": 2800.0 }, "geometry": { "type": "Polygon", "coordinates": [ [ [ 85.33239, 28.30032 ], [ 85.33381, 28.30034 ], [ 85.33382, 28.30016 ], [ 85.33239, 28.30014 ], [ 85.33239, 28.30032 ] ] ] } },
{ "type": "Feature", "properties": { "area_m2": 2800.0 }, "geometry": { "type": "Polygon", "coordinates": [ [ [ 85.33096, 28.30013 ], [ 85.33239, 28.30014 ], [ 85.33239, 28.29996 ], [ 85.33096, 28.29995 ], [ 85.33096, 28.30013 ] ] ] } },
{ "type": "Feature", "properties": { "area_m2": 2000.0 }, "geometry": { "type": "Polygon", "coordinates": [ [ [ 85.44678, 28.30149 ], [ 85.44698, 28.3015 ], [ 85.44699, 28.30114 ], [ 85.44739, 28.30114 ], [ 85.4474, 28.30096 ], [ 85.44678, 28.30095 ], [ 85.44678, 28.30149 ] ] ] } },
{ "type": "Feature", "properties": { "area_m2": 4000.0 }, "geometry": { "type": "Polygon", "coordinates": [ [ [ 85.32872, 28.29974 ], [ 85.33076, 28.29976 ], [ 85.33077, 28.29958 ], [ 85.32873, 28.29956 ], [ 85.32872, 28.29974 ] ] ] } },
{ "type": "Feature", "properties": { "area_m2": 2000.0 }, "geometry": { "type": "Polygon", "coordinates": [ [ [ 85.32771, 28.29955 ], [ 85.32873, 28.29956 ], [ 85.32873, 28.29938 ], [ 85.32771, 28.29937 ], [ 85.32771, 28.29955 ] ] ] } },
{ "type": "Feature", "properties": { "area_m2": 2000.0 }, "geometry": { "type": "Polygon", "coordinates": [ [ [ 85.32649, 28.29917 ], [ 85.32751, 28.29918 ], [ 85.32751, 28.299 ], [ 85.32649, 28.29899 ], [ 85.32649, 28.29917 ] ] ] } },
{ "type": "Feature", "properties": { "area_m2": 2400.0 }, "geometry": { "type": "Polygon", "coordinates": [ [ [ 85.50571, 28.30161 ], [ 85.50592, 28.30161 ], [ 85.50593, 28.30107 ], [ 85.50633, 28.30108 ], [ 85.50634, 28.30089 ], [ 85.50572, 28.30089 ], [ 85.50571, 28.30161 ] ] ] } },
{ "type": "Feature", "properties": { "area_m2": 2000.0 }, "geometry": { "type": "Polygon", "coordinates": [ [ [ 85.31324, 28.29883 ], [ 85.31344, 28.29883 ], [ 85.31346, 28.29793 ], [ 85.31325, 28.29792 ], [ 85.31324, 28.29883 ] ] ] } },
{ "type": "Feature", "properties": { "area_m2": 2000.0 }, "geometry": { "type": "Polygon", "coordinates": [ [ [ 85.44802, 28.30024 ], [ 85.44822, 28.30025 ], [ 85.44824, 28.29934 ], [ 85.44803, 28.29934 ], [ 85.44802, 28.30024 ] ] ] } },
{ "type": "Feature", "properties": { "area_m2": 2400.0 }, "geometry": { "type": "Polygon", "coordinates": [ [ [ 85.32426, 28.29842 ], [ 85.32507, 28.29843 ], [ 85.32508, 28.29825 ], [ 85.32447, 28.29824 ], [ 85.32447, 28.29788 ], [ 85.32427, 28.29788 ], [ 85.32426, 28.29842 ] ] ] } },
{ "type": "Feature", "properties": { "area_m2": 3600.0 }, "geometry": { "type": "Polygon", "coordinates": [ [ [ 85.34545, 28.29958 ], [ 85.34565, 28.29958 ], [ 85.34568, 28.29796 ], [ 85.34547, 28.29796 ], [ 85.34545, 28.29958 ] ] ] } },
{ "type": "Feature", "properties": { "area_m2": 2000.0 }, "geometry": { "type": "Polygon", "coordinates": [ [ [ 85.50675, 28.30036 ], [ 85.50716, 28.30036 ], [ 85.50717, 28.29964 ], [ 85.50697, 28.29964 ], [ 85.50696, 28.30018 ], [ 85.50675, 28.30018 ], [ 85.50675, 28.30036 ] ] ] } },
{ "type": "Feature", "properties": { "area_m2": 2400.0 }, "geometry": { "type": "Polygon", "coordinates": [ [ [ 85.32366, 28.29787 ], [ 85.32427, 28.29788 ], [ 85.32427, 28.2977 ], [ 85.32386, 28.29769 ], [ 85.32387, 28.29733 ], [ 85.32346, 28.29733 ], [ 85.32346, 28.29751 ], [ 85.32366, 28.29751 ], [ 85.32366, 28.29787 ] ] ] } },
{ "type": "Feature", "properties": { "area_m2": 2400.0 }, "geometry": { "type": "Polygon", "coordinates": [ [ [ 85.32285, 28.29732 ], [ 85.32346, 28.29733 ], [ 85.32346, 28.29715 ], [ 85.32305, 28.29714 ], [ 85.32306, 28.29678 ], [ 85.32265, 28.29678 ], [ 85.32265, 28.29696 ], [ 85.32285, 28.29696 ], [ 85.32285, 28.29732 ] ] ] } },
{ "type": "Feature", "properties": { "area_m2": 2000.0 }, "geometry": { "type": "Polygon", "coordinates": [ [ [ 85.50738, 28.29928 ], [ 85.50799, 28.29929 ], [ 85.508, 28.29875 ], [ 85.50779, 28.29874 ], [ 85.50779, 28.29911 ], [ 85.50738, 28.2991 ], [ 85.50738, 28.29928 ] ] ] } },
{ "type": "Feature", "properties": { "area_m2": 2400.0 }, "geometry": { "type": "Polygon", "coordinates": [ [ [ 85.44885, 28.29899 ], [ 85.44906, 28.29899 ], [ 85.44907, 28.29791 ], [ 85.44887, 28.29791 ], [ 85.44885, 28.29899 ] ] ] } },
{ "type": "Feature", "properties": { "area_m2": 2000.0 }, "geometry": { "type": "Polygon", "coordinates": [ [ [ 85.50821, 28.29839 ], [ 85.50841, 28.29839 ], [ 85.50842, 28.29803 ], [ 85.50882, 28.29803 ], [ 85.50883, 28.29785 ], [ 85.50821, 28.29785 ], [ 85.50821, 28.29839 ] ] ] } },
{ "type": "Feature", "properties": { "area_m2": 2800.0 }, "geometry": { "type": "Polygon", "coordinates": [ [ [ 85.31411, 28.29541 ], [ 85.31554, 28.29543 ], [ 85.31554, 28.29524 ], [ 85.31411, 28.29523 ], [ 85.31411, 28.29541 ] ] ] } },
{ "type": "Feature", "properties": { "area_m2": 5600.0 }, "geometry": { "type": "Polygon", "coordinates": [ [ [ 85.25352, 28.29681 ], [ 85.25373, 28.29681 ], [ 85.25377, 28.29429 ], [ 85.25356, 28.29429 ], [ 85.25352, 28.29681 ] ] ] } },
{ "type": "Feature", "properties": { "area_m2": 2000.0 }, "geometry": { "type": "Polygon", "coordinates": [ [ [ 85.32145, 28.29568 ], [ 85.32185, 28.29568 ], [ 85.32186, 28.2955 ], [ 85.32165, 28.2955 ], [ 85.32166, 28.29514 ], [ 85.32125, 28.29513 ], [ 85.32125, 28.29531 ], [ 85.32145, 28.29532 ], [ 85.32145, 28.29568 ] ] ] } },
{ "type": "Feature", "properties": { "area_m2": 4400.0 }, "geometry": { "type": "Polygon", "coordinates": [ [ [ 85.31758, 28.29509 ], [ 85.31921, 28.29511 ], [ 85.31922, 28.29493 ], [ 85.31779, 28.29491 ], [ 85.31779, 28.29473 ], [ 85.31718, 28.29472 ], [ 85.31718, 28.2949 ], [ 85.31758, 28.29491 ], [ 85.31758, 28.29509 ] ] ] } },
{ "type": "Feature", "properties": { "area_m2": 4800.0 }, "geometry": { "type": "Polygon", "coordinates": [ [ [ 85.44928, 28.29737 ], [ 85.44949, 28.29737 ], [ 85.44949, 28.29719 ], [ 85.4499, 28.2972 ], [ 85.44991, 28.29666 ], [ 85.45011, 28.29666 ], [ 85.45012, 28.29612 ], [ 85.45032, 28.29612 ], [ 85.45032, 28.29594 ], [ 85.44992, 28.29593 ], [ 85.44991, 28.29648 ], [ 85.4497, 28.29647 ], [ 85.4497, 28.29701 ], [ 85.44929, 28.29701 ], [ 85.44928, 28.29737 ] ] ] } },
{ "type": "Feature", "properties": { "area_m2": 8400.0 }, "geometry": { "type": "Polygon", "coordinates": [ [ [ 85.32105, 28.29513 ], [ 85.32125, 28.29513 ], [ 85.32126, 28.29477 ], [ 85.32105, 28.29477 ], [ 85.32106, 28.29459 ], [ 85.31942, 28.29457 ], [ 85.31943, 28.29403 ], [ 85.31903, 28.29402 ], [ 85.31902, 28.2942 ], [ 85.31923, 28.29421 ], [ 85.31922, 28.29493 ], [ 85.31962, 28.29493 ], [ 85.31963, 28.29475 ], [ 85.32024, 28.29476 ], [ 85.32023, 28.29494 ], [ 85.32105, 28.29495 ], [ 85.32105, 28.29513 ] ] ] } },
{ "type": "Feature", "properties": { "area_m2": 2000.0 }, "geometry": { "type": "Polygon", "coordinates": [ [ [ 85.31821, 28.29383 ], [ 85.31842, 28.29384 ], [ 85.31842, 28.29348 ], [ 85.31761, 28.29347 ], [ 85.3176, 28.29365 ], [ 85.31822, 28.29365 ], [ 85.31821, 28.29383 ] ] ] } },
{ "type": "Feature", "properties": { "area_m2": 3600.0 }, "geometry": { "type": "Polygon", "coordinates": [ [ [ 85.25397, 28.29411 ], [ 85.25418, 28.29411 ], [ 85.2542, 28.29249 ], [ 85.254, 28.29249 ], [ 85.25397, 28.29411 ] ] ] } },
{ "type": "Feature", "properties": { "area_m2": 6800.0 }, "geometry": { "type": "Polygon", "coordinates": [ [ [ 85.3977, 28.29659 ], [ 85.3979, 28.2966 ], [ 85.39795, 28.29353 ], [ 85.39775, 28.29353 ], [ 85.3977, 28.29659 ] ] ] } },
{ "type": "Feature", "properties": { "area_m2": 7200.0 }, "geometry": { "type": "Polygon", "coordinates": [ [ [ 85.45032, 28.29594 ], [ 85.45216, 28.29596 ], [ 85.45219, 28.29415 ], [ 85.45198, 28.29415 ], [ 85.45196, 28.29578 ], [ 85.45033, 28.29576 ], [ 85.45032, 28.29594 ] ] ] } },
{ "type": "Feature", "properties": { "area_m2": 2000.0 }, "geometry": { "type": "Polygon", "coordinates": [ [ [ 85.317, 28.2931 ], [ 85.3172, 28.2931 ], [ 85.31721, 28.29256 ], [ 85.3166, 28.29255 ], [ 85.3166, 28.29273 ], [ 85.31701, 28.29274 ], [ 85.317, 28.2931 ] ] ] } },
{ "type": "Feature", "properties": { "area_m2": 4000.0 }, "geometry": { "type": "Polygon", "coordinates": [ [ [ 85.5111, 28.29571 ], [ 85.5113, 28.29571 ], [ 85.51132, 28.29445 ], [ 85.51173, 28.29446 ], [ 85.51173, 28.29428 ], [ 85.51112, 28.29427 ], [ 85.5111, 28.29571 ] ] ] } },
{ "type": "Feature", "properties": { "area_m2": 2000.0 }, "geometry": { "type": "Polygon", "coordinates": [ [ [ 85.31599, 28.29236 ], [ 85.3162, 28.29236 ], [ 85.3162, 28.292 ], [ 85.31539, 28.29199 ], [ 85.31538, 28.29217 ], [ 85.316, 28.29218 ], [ 85.31599, 28.29236 ] ] ] } },
{ "type": "Feature", "properties": { "area_m2": 2800.0 }, "geometry": { "type": "Polygon", "coordinates": [ [ [ 85.45219, 28.29415 ], [ 85.453, 28.29416 ], [ 85.45301, 28.29344 ], [ 85.45281, 28.29344 ], [ 85.4528, 28.29398 ], [ 85.45219, 28.29397 ], [ 85.45219, 28.29415 ] ] ] } },
{ "type": "Feature", "properties": { "area_m2": 2400.0 }, "geometry": { "type": "Polygon", "coordinates": [ [ [ 85.31518, 28.29199 ], [ 85.31539, 28.29199 ], [ 85.3154, 28.29145 ], [ 85.31499, 28.29145 ], [ 85.31499, 28.29127 ], [ 85.31479, 28.29126 ], [ 85.31478, 28.29163 ], [ 85.31519, 28.29163 ], [ 85.31518, 28.29199 ] ] ] } },
{ "type": "Feature", "properties": { "area_m2": 4000.0 }, "geometry": { "type": "Polygon", "coordinates": [ [ [ 85.3941, 28.29186 ], [ 85.39594, 28.29188 ], [ 85.39594, 28.2917 ], [ 85.39431, 28.29168 ], [ 85.39431, 28.2915 ], [ 85.39411, 28.2915 ], [ 85.3941, 28.29186 ] ] ] } },
{ "type": "Feature", "properties": { "area_m2": 6000.0 }, "geometry": { "type": "Polygon", "coordinates": [ [ [ 85.34942, 28.29349 ], [ 85.34962, 28.29349 ], [ 85.34966, 28.29079 ], [ 85.34946, 28.29079 ], [ 85.34942, 28.29349 ] ] ] } },
{ "type": "Feature", "properties": { "area_m2": 4800.0 }, "geometry": { "type": "Polygon", "coordinates": [ [ [ 85.45301, 28.29344 ], [ 85.45383, 28.29345 ], [ 85.45385, 28.29219 ], [ 85.45405, 28.29219 ], [ 85.45405, 28.29201 ], [ 85.45364, 28.29201 ], [ 85.45363, 28.29327 ], [ 85.45301, 28.29326 ], [ 85.45301, 28.29344 ] ] ] } },
{ "type": "Feature", "properties": { "area_m2": 2000.0 }, "geometry": { "type": "Polygon", "coordinates": [ [ [ 85.31398, 28.29089 ], [ 85.31438, 28.2909 ], [ 85.31439, 28.29072 ], [ 85.31418, 28.29072 ], [ 85.31419, 28.29035 ], [ 85.31378, 28.29035 ], [ 85.31378, 28.29053 ], [ 85.31398, 28.29053 ], [ 85.31398, 28.29089 ] ] ] } },
{ "type": "Feature", "properties": { "area_m2": 4000.0 }, "geometry": { "type": "Polygon", "coordinates": [ [ [ 85.31256, 28.29051 ], [ 85.31337, 28.29052 ], [ 85.31337, 28.29034 ], [ 85.31276, 28.29034 ], [ 85.31278, 28.28925 ], [ 85.31258, 28.28925 ], [ 85.31256, 28.29051 ] ] ] } },
{ "type": "Feature", "properties": { "area_m2": 2400.0 }, "geometry": { "type": "Polygon", "coordinates": [ [ [ 85.45426, 28.29147 ], [ 85.45467, 28.29148 ], [ 85.45468, 28.29111 ], [ 85.45508, 28.29112 ], [ 85.45509, 28.29094 ], [ 85.45448, 28.29093 ], [ 85.45447, 28.29129 ], [ 85.45427, 28.29129 ], [ 85.45426, 28.29147 ] ] ] } },
{ "type": "Feature", "properties": { "area_m2": 3600.0 }, "geometry": { "type": "Polygon", "coordinates": [ [ [ 85.3933, 28.29077 ], [ 85.39371, 28.29077 ], [ 85.39371, 28.29059 ], [ 85.39351, 28.29059 ], [ 85.39352, 28.29005 ], [ 85.3925, 28.29004 ], [ 85.39249, 28.29022 ], [ 85.39331, 28.29023 ], [ 85.3933, 28.29077 ] ] ] } },
{ "type": "Feature", "properties": { "area_m2": 2400.0 }, "geometry": { "type": "Polygon", "coordinates": [ [ [ 85.45632, 28.29041 ], [ 85.45652, 28.29041 ], [ 85.45652, 28.29023 ], [ 85.45714, 28.29024 ], [ 85.45714, 28.28988 ], [ 85.45694, 28.28988 ], [ 85.45693, 28.29006 ], [ 85.45632, 28.29005 ], [ 85.45632, 28.29041 ] ] ] } },
{ "type": "Feature", "properties": { "area_m2": 6000.0 }, "geometry": { "type": "Polygon", "coordinates": [ [ [ 85.35275, 28.28866 ], [ 85.35581, 28.2887 ], [ 85.35582, 28.28852 ], [ 85.35276, 28.28848 ], [ 85.35275, 28.28866 ] ] ] } },
{ "type": "Feature", "properties": { "area_m2": 2000.0 }, "geometry": { "type": "Polygon", "coordinates": [ [ [ 85.45714, 28.28988 ], [ 85.45735, 28.28988 ], [ 85.45735, 28.2897 ], [ 85.45796, 28.28971 ], [ 85.45796, 28.28953 ], [ 85.45715, 28.28952 ], [ 85.45714, 28.28988 ] ] ] } },
{ "type": "Feature", "properties": { "area_m2": 3200.0 }, "geometry": { "type": "Polygon", "coordinates": [ [ [ 85.45817, 28.28935 ], [ 85.4598, 28.28937 ], [ 85.4598, 28.28919 ], [ 85.45817, 28.28917 ], [ 85.45817, 28.28935 ] ] ] } },
{ "type": "Feature", "properties": { "area_m2": 3200.0 }, "geometry": { "type": "Polygon", "coordinates": [ [ [ 85.4598, 28.28955 ], [ 85.46102, 28.28956 ], [ 85.46103, 28.28902 ], [ 85.46082, 28.28902 ], [ 85.46082, 28.28938 ], [ 85.4598, 28.28937 ], [ 85.4598, 28.28955 ] ] ] } },
{ "type": "Feature", "properties": { "area_m2": 12000.0 }, "geometry": { "type": "Polygon", "coordinates": [ [ [ 85.25483, 28.29177 ], [ 85.25503, 28.29178 ], [ 85.25512, 28.28636 ], [ 85.25492, 28.28636 ], [ 85.25483, 28.29177 ] ] ] } },
{ "type": "Feature", "properties": { "area_m2": 8400.0 }, "geometry": { "type": "Polygon", "coordinates": [ [ [ 85.39189, 28.28985 ], [ 85.3923, 28.28985 ], [ 85.3923, 28.28967 ], [ 85.39352, 28.28969 ], [ 85.39355, 28.28806 ], [ 85.39375, 28.28806 ], [ 85.39375, 28.28788 ], [ 85.39335, 28.28788 ], [ 85.39332, 28.2895 ], [ 85.39169, 28.28948 ], [ 85.39189, 28.28985 ] ] ] } },
{ "type": "Feature", "properties": { "area_m2": 2000.0 }, "geometry": { "type": "Polygon", "coordinates": [ [ [ 85.46103, 28.28902 ], [ 85.46123, 28.28902 ], [ 85.46123, 28.28884 ], [ 85.46185, 28.28885 ], [ 85.46185, 28.28867 ], [ 85.46103, 28.28866 ], [ 85.46103, 28.28902 ] ] ] } },
{ "type": "Feature", "properties": { "area_m2": 5600.0 }, "geometry": { "type": "Polygon", "coordinates": [ [ [ 85.35685, 28.28763 ], [ 85.3597, 28.28766 ], [ 85.35971, 28.28748 ], [ 85.35685, 28.28745 ], [ 85.35685, 28.28763 ] ] ] } },
{ "type": "Feature", "properties": { "area_m2": 10800.0 }, "geometry": { "type": "Polygon", "coordinates": [ [ [ 85.35991, 28.2873 ], [ 85.36542, 28.28737 ], [ 85.36542, 28.28719 ], [ 85.35992, 28.28712 ], [ 85.35991, 28.2873 ] ] ] } },
{ "type": "Feature", "properties": { "area_m2": 5600.0 }, "geometry": { "type": "Polygon", "coordinates": [ [ [ 85.46205, 28.28885 ], [ 85.46327, 28.28886 ], [ 85.46328, 28.28868 ], [ 85.46409, 28.28869 ], [ 85.4641, 28.28833 ], [ 85.4643, 28.28833 ], [ 85.4643, 28.28815 ], [ 85.4639, 28.28815 ], [ 85.46389, 28.28851 ], [ 85.46205, 28.28867 ], [ 85.46205, 28.28885 ] ] ] } },
{ "type": "Feature", "properties": { "area_m2": 2400.0 }, "geometry": { "type": "Polygon", "coordinates": [ [ [ 85.36644, 28.28738 ], [ 85.36725, 28.28739 ], [ 85.36726, 28.28685 ], [ 85.36706, 28.28685 ], [ 85.36705, 28.28721 ], [ 85.36644, 28.2872 ], [ 85.36644, 28.28738 ] ] ] } },
{ "type": "Feature", "properties": { "area_m2": 4000.0 }, "geometry": { "type": "Polygon", "coordinates": [ [ [ 85.4643, 28.28815 ], [ 85.46492, 28.28816 ], [ 85.46492, 28.2878 ], [ 85.46594, 28.28781 ], [ 85.46594, 28.28763 ], [ 85.46472, 28.28762 ], [ 85.46471, 28.28798 ], [ 85.46431, 28.28797 ], [ 85.4643, 28.28815 ] ] ] } },
{ "type": "Feature", "properties": { "area_m2": 3200.0 }, "geometry": { "type": "Polygon", "coordinates": [ [ [ 85.25533, 28.28619 ], [ 85.25553, 28.28619 ], [ 85.25555, 28.28529 ], [ 85.25514, 28.28528 ], [ 85.25514, 28.2851 ], [ 85.25494, 28.2851 ], [ 85.25493, 28.28546 ], [ 85.25534, 28.28546 ], [ 85.25533, 28.28619 ] ] ] } },
{ "type": "Feature", "properties": { "area_m2": 2000.0 }, "geometry": { "type": "Polygon", "coordinates": [ [ [ 85.38664, 28.28654 ], [ 85.38766, 28.28655 ], [ 85.38766, 28.28637 ], [ 85.38664, 28.28636 ], [ 85.38664, 28.28654 ] ] ] } },
{ "type": "Feature", "properties": { "area_m2": 2800.0 }, "geometry": { "type": "Polygon", "coordinates": [ [ [ 85.3952, 28.28664 ], [ 85.39663, 28.28665 ], [ 85.39663, 28.28647 ], [ 85.3952, 28.28646 ], [ 85.3952, 28.28664 ] ] ] } },
{ "type": "Feature", "properties": { "area_m2": 2000.0 }, "geometry": { "type": "Polygon", "coordinates": [ [ [ 85.39744, 28.28648 ], [ 85.39846, 28.2865 ], [ 85.39847, 28.28632 ], [ 85.39745, 28.2863 ], [ 85.39744, 28.28648 ] ] ] } },
{ "type": "Feature", "properties": { "area_m2": 6000.0 }, "geometry": { "type": "Polygon", "coordinates": [ [ [ 85.39969, 28.28651 ], [ 85.4005, 28.28652 ], [ 85.40051, 28.28616 ], [ 85.40092, 28.28616 ], [ 85.40092, 28.28598 ], [ 85.40031, 28.28598 ], [ 85.4003, 28.28634 ], [ 85.39989, 28.28633 ], [ 85.3999, 28.28615 ], [ 85.39847, 28.28613 ], [ 85.39847, 28.28632 ], [ 85.39969, 28.28633 ], [ 85.39969, 28.28651 ] ] ] } },
{ "type": "Feature", "properties": { "area_m2": 4000.0 }, "geometry": { "type": "Polygon", "coordinates": [ [ [ 85.46635, 28.28746 ], [ 85.46656, 28.28746 ], [ 85.46656, 28.28692 ], [ 85.46718, 28.28692 ], [ 85.46719, 28.2862 ], [ 85.46698, 28.2862 ], [ 85.46697, 28.28674 ], [ 85.46636, 28.28673 ], [ 85.46635, 28.28746 ] ] ] } },
{ "type": "Feature", "properties": { "area_m2": 3600.0 }, "geometry": { "type": "Polygon", "coordinates": [ [ [ 85.25618, 28.28403 ], [ 85.25699, 28.28404 ], [ 85.257, 28.28332 ], [ 85.2568, 28.28332 ], [ 85.2568, 28.28314 ], [ 85.2566, 28.28313 ], [ 85.25659, 28.28349 ], [ 85.2568, 28.2835 ], [ 85.25679, 28.28386 ], [ 85.25618, 28.28385 ], [ 85.25618, 28.28403 ] ] ] } },
{ "type": "Feature", "properties": { "area_m2": 6000.0 }, "geometry": { "type": "Polygon", "coordinates": [ [ [ 85.40256, 28.2851 ], [ 85.40297, 28.2851 ], [ 85.40298, 28.28474 ], [ 85.40379, 28.28475 ], [ 85.4038, 28.28421 ], [ 85.404, 28.28421 ], [ 85.40401, 28.28385 ], [ 85.40421, 28.28386 ], [ 85.40422, 28.28367 ], [ 85.40381, 28.28367 ], [ 85.4038, 28.28403 ], [ 85.4036, 28.28403 ], [ 85.40359, 28.28457 ], [ 85.40277, 28.28456 ], [ 85.40277, 28.28492 ], [ 85.40257, 28.28492 ], [ 85.40256, 28.2851 ] ] ] } },
{ "type": "Feature", "properties": { "area_m2": 6400.0 }, "geometry": { "type": "Polygon", "coordinates": [ [ [ 85.37098, 28.28346 ], [ 85.37424, 28.2835 ], [ 85.37425, 28.28332 ], [ 85.37098, 28.28328 ], [ 85.37098, 28.28346 ] ] ] } },
{ "type": "Feature", "properties": { "area_m2": 2800.0 }, "geometry": { "type": "Polygon", "coordinates": [ [ [ 85.38382, 28.28398 ], [ 85.38402, 28.28398 ], [ 85.38403, 28.28362 ], [ 85.38383, 28.28362 ], [ 85.38383, 28.28307 ], [ 85.38343, 28.28307 ], [ 85.38342, 28.28325 ], [ 85.38363, 28.28325 ], [ 85.38362, 28.28379 ], [ 85.38382, 28.2838 ], [ 85.38382, 28.28398 ] ] ] } },
{ "type": "Feature", "properties": { "area_m2": 3200.0 }, "geometry": { "type": "Polygon", "coordinates": [ [ [ 85.25682, 28.28205 ], [ 85.25703, 28.28206 ], [ 85.25703, 28.2817 ], [ 85.25662, 28.28169 ], [ 85.25664, 28.28097 ], [ 85.25643, 28.28097 ], [ 85.25642, 28.28187 ], [ 85.25682, 28.28187 ], [ 85.25682, 28.28205 ] ] ] } },
{ "type": "Feature", "properties": { "area_m2": 2800.0 }, "geometry": { "type": "Polygon", "coordinates": [ [ [ 85.4132, 28.28306 ], [ 85.41462, 28.28307 ], [ 85.41463, 28.28289 ], [ 85.4132, 28.28288 ], [ 85.4132, 28.28306 ] ] ] } },
{ "type": "Feature", "properties": { "area_m2": 2800.0 }, "geometry": { "type": "Polygon", "coordinates": [ [ [ 85.40933, 28.28283 ], [ 85.41075, 28.28285 ], [ 85.41076, 28.28267 ], [ 85.40933, 28.28265 ], [ 85.40933, 28.28283 ] ] ] } },
{ "type": "Feature", "properties": { "area_m2": 3600.0 }, "geometry": { "type": "Polygon", "coordinates": [ [ [ 85.41503, 28.28308 ], [ 85.41605, 28.28309 ], [ 85.41606, 28.28273 ], [ 85.41585, 28.28273 ], [ 85.41585, 28.28291 ], [ 85.41524, 28.2829 ], [ 85.41524, 28.28272 ], [ 85.41463, 28.28271 ], [ 85.41463, 28.28289 ], [ 85.41503, 28.2829 ], [ 85.41503, 28.28308 ] ] ] } },
{ "type": "Feature", "properties": { "area_m2": 2000.0 }, "geometry": { "type": "Polygon", "coordinates": [ [ [ 85.42217, 28.2828 ], [ 85.42319, 28.28281 ], [ 85.42319, 28.28263 ], [ 85.42217, 28.28262 ], [ 85.42217, 28.2828 ] ] ] } },
{ "type": "Feature", "properties": { "area_m2": 2400.0 }, "geometry": { "type": "Polygon", "coordinates": [ [ [ 85.41606, 28.28273 ], [ 85.41626, 28.28273 ], [ 85.41626, 28.28255 ], [ 85.41708, 28.28256 ], [ 85.41708, 28.28238 ], [ 85.41606, 28.28237 ], [ 85.41606, 28.28273 ] ] ] } },
{ "type": "Feature", "properties": { "area_m2": 6800.0 }, "geometry": { "type": "Polygon", "coordinates": [ [ [ 85.40749, 28.28263 ], [ 85.40933, 28.28265 ], [ 85.40933, 28.28247 ], [ 85.40607, 28.28225 ], [ 85.40607, 28.28243 ], [ 85.4075, 28.28245 ], [ 85.40749, 28.28263 ] ] ] } },
{ "type": "Feature", "properties": { "area_m2": 9200.0 }, "geometry": { "type": "Polygon", "coordinates": [ [ [ 85.41708, 28.28238 ], [ 85.42177, 28.28243 ], [ 85.42177, 28.28225 ], [ 85.41708, 28.2822 ], [ 85.41708, 28.28238 ] ] ] } },
{ "type": "Feature", "properties": { "area_m2": 3600.0 }, "geometry": { "type": "Polygon", "coordinates": [ [ [ 85.4234, 28.28227 ], [ 85.42524, 28.28229 ], [ 85.42524, 28.28211 ], [ 85.42341, 28.28209 ], [ 85.4234, 28.28227 ] ] ] } },
{ "type": "Feature", "properties": { "area_m2": 3200.0 }, "geometry": { "type": "Polygon", "coordinates": [ [ [ 85.38161, 28.28215 ], [ 85.38262, 28.28216 ], [ 85.38263, 28.28198 ], [ 85.38181, 28.28197 ], [ 85.38182, 28.28143 ], [ 85.38162, 28.28142 ], [ 85.38161, 28.28215 ] ] ] } },
{ "type": "Feature", "properties": { "area_m2": 4800.0 }, "geometry": { "type": "Polygon", "coordinates": [ [ [ 85.42524, 28.28211 ], [ 85.42544, 28.28212 ], [ 85.42545, 28.28194 ], [ 85.42687, 28.28195 ], [ 85.42688, 28.28123 ], [ 85.42668, 28.28123 ], [ 85.42667, 28.28177 ], [ 85.42525, 28.28175 ], [ 85.42524, 28.28211 ] ] ] } },
{ "type": "Feature", "properties": { "area_m2": 4000.0 }, "geometry": { "type": "Polygon", "coordinates": [ [ [ 85.25644, 28.2806 ], [ 85.25664, 28.28061 ], [ 85.25666, 28.27971 ], [ 85.25645, 28.2797 ], [ 85.25646, 28.27898 ], [ 85.25626, 28.27898 ], [ 85.25625, 28.27988 ], [ 85.25645, 28.27988 ], [ 85.25644, 28.2806 ] ] ] } },
{ "type": "Feature", "properties": { "area_m2": 3200.0 }, "geometry": { "type": "Polygon", "coordinates": [ [ [ 85.37716, 28.27957 ], [ 85.37736, 28.27957 ], [ 85.37738, 28.27812 ], [ 85.37718, 28.27812 ], [ 85.37716, 28.27957 ] ] ] } },
{ "type": "Feature", "properties": { "area_m2": 10400.0 }, "geometry": { "type": "Polygon", "coordinates": [ [ [ 85.37653, 28.28064 ], [ 85.37673, 28.28064 ], [ 85.37678, 28.27794 ], [ 85.37718, 28.27812 ], [ 85.37719, 28.27776 ], [ 85.37678, 28.27776 ], [ 85.3768, 28.27649 ], [ 85.37659, 28.27649 ], [ 85.37653, 28.28064 ] ] ] } },
{ "type": "Feature", "properties": { "area_m2": 3600.0 }, "geometry": { "type": "Polygon", "coordinates": [ [ [ 85.25793, 28.27647 ], [ 85.25814, 28.27648 ], [ 85.25816, 28.27485 ], [ 85.25796, 28.27485 ], [ 85.25793, 28.27647 ] ] ] } },
{ "type": "Feature", "properties": { "area_m2": 2400.0 }, "geometry": { "type": "Polygon", "coordinates": [ [ [ 85.3768, 28.27649 ], [ 85.377, 28.2765 ], [ 85.37702, 28.27541 ], [ 85.37681, 28.27541 ], [ 85.3768, 28.27649 ] ] ] } },
{ "type": "Feature", "properties": { "area_m2": 2000.0 }, "geometry": { "type": "Polygon", "coordinates": [ [ [ 85.25816, 28.27485 ], [ 85.25837, 28.27485 ], [ 85.25838, 28.27395 ], [ 85.25818, 28.27395 ], [ 85.25816, 28.27485 ] ] ] } },
{ "type": "Feature", "properties": { "area_m2": 2400.0 }, "geometry": { "type": "Polygon", "coordinates": [ [ [ 85.25838, 28.27395 ], [ 85.25858, 28.27395 ], [ 85.25859, 28.27377 ], [ 85.259, 28.27378 ], [ 85.259, 28.27324 ], [ 85.2588, 28.27323 ], [ 85.25879, 28.2736 ], [ 85.25839, 28.27359 ], [ 85.25838, 28.27395 ] ] ] } },
{ "type": "Feature", "properties": { "area_m2": 3200.0 }, "geometry": { "type": "Polygon", "coordinates": [ [ [ 85.37744, 28.27433 ], [ 85.37765, 28.27434 ], [ 85.37767, 28.27289 ], [ 85.37746, 28.27289 ], [ 85.37744, 28.27433 ] ] ] } },
{ "type": "Feature", "properties": { "area_m2": 2000.0 }, "geometry": { "type": "Polygon", "coordinates": [ [ [ 85.25984, 28.2718 ], [ 85.26005, 28.27181 ], [ 85.26006, 28.2709 ], [ 85.25986, 28.2709 ], [ 85.25984, 28.2718 ] ] ] } },
{ "type": "Feature", "properties": { "area_m2": 2000.0 }, "geometry": { "type": "Polygon", "coordinates": [ [ [ 85.37706, 28.27271 ], [ 85.37726, 28.27271 ], [ 85.37728, 28.27181 ], [ 85.37707, 28.2718 ], [ 85.37706, 28.27271 ] ] ] } },
{ "type": "Feature", "properties": { "area_m2": 4400.0 }, "geometry": { "type": "Polygon", "coordinates": [ [ [ 85.25986, 28.27072 ], [ 85.26006, 28.27072 ], [ 85.2601, 28.26874 ], [ 85.25989, 28.26874 ], [ 85.25986, 28.27072 ] ] ] } },
{ "type": "Feature", "properties": { "area_m2": 2800.0 }, "geometry": { "type": "Polygon", "coordinates": [ [ [ 85.37769, 28.27145 ], [ 85.37789, 28.27145 ], [ 85.37791, 28.27019 ], [ 85.37771, 28.27019 ], [ 85.37769, 28.27145 ] ] ] } },
{ "type": "Feature", "properties": { "area_m2": 4800.0 }, "geometry": { "type": "Polygon", "coordinates": [ [ [ 85.2601, 28.26874 ], [ 85.2603, 28.26874 ], [ 85.26034, 28.26658 ], [ 85.26013, 28.26657 ], [ 85.2601, 28.26874 ] ] ] } },
{ "type": "Feature", "properties": { "area_m2": 2000.0 }, "geometry": { "type": "Polygon", "coordinates": [ [ [ 85.26034, 28.26658 ], [ 85.26115, 28.26659 ], [ 85.26116, 28.26623 ], [ 85.26095, 28.26622 ], [ 85.26095, 28.2664 ], [ 85.26034, 28.2664 ], [ 85.26034, 28.26658 ] ] ] } },
{ "type": "Feature", "properties": { "area_m2": 2800.0 }, "geometry": { "type": "Polygon", "coordinates": [ [ [ 85.25871, 28.26619 ], [ 85.25953, 28.2662 ], [ 85.25953, 28.26602 ], [ 85.25892, 28.26602 ], [ 85.25893, 28.26548 ], [ 85.25872, 28.26547 ], [ 85.25871, 28.26619 ] ] ] } },
{ "type": "Feature", "properties": { "area_m2": 5200.0 }, "geometry": { "type": "Polygon", "coordinates": [ [ [ 85.26116, 28.26623 ], [ 85.26136, 28.26623 ], [ 85.26137, 28.26533 ], [ 85.26117, 28.26532 ], [ 85.26116, 28.26586 ], [ 85.25953, 28.26584 ], [ 85.25953, 28.26602 ], [ 85.26116, 28.26605 ], [ 85.26116, 28.26623 ] ] ] } },
{ "type": "Feature", "properties": { "area_m2": 2400.0 }, "geometry": { "type": "Polygon", "coordinates": [ [ [ 85.26158, 28.26515 ], [ 85.26199, 28.26515 ], [ 85.262, 28.26479 ], [ 85.2624, 28.2648 ], [ 85.26241, 28.26462 ], [ 85.26179, 28.26461 ], [ 85.26179, 28.26497 ], [ 85.26158, 28.26497 ], [ 85.26158, 28.26515 ] ] ] } },
{ "type": "Feature", "properties": { "area_m2": 8800.0 }, "geometry": { "type": "Polygon", "coordinates": [ [ [ 85.37611, 28.26818 ], [ 85.37631, 28.26818 ], [ 85.37635, 28.26584 ], [ 85.37655, 28.26584 ], [ 85.37656, 28.2653 ], [ 85.37717, 28.26531 ], [ 85.37717, 28.26513 ], [ 85.37636, 28.26512 ], [ 85.37635, 28.26566 ], [ 85.37615, 28.26566 ], [ 85.37612, 28.2671 ], [ 85.37592, 28.2671 ], [ 85.37592, 28.26728 ], [ 85.37612, 28.26728 ], [ 85.37611, 28.26818 ] ] ] } },
{ "type": "Feature", "properties": { "area_m2": 7200.0 }, "geometry": { "type": "Polygon", "coordinates": [ [ [ 85.37941, 28.26551 ], [ 85.38186, 28.26554 ], [ 85.38186, 28.26536 ], [ 85.37962, 28.26534 ], [ 85.37962, 28.26515 ], [ 85.3784, 28.26514 ], [ 85.37839, 28.26532 ], [ 85.37941, 28.26533 ], [ 85.37941, 28.26551 ] ] ] } },
{ "type": "Feature", "properties": { "area_m2": 5200.0 }, "geometry": { "type": "Polygon", "coordinates": [ [ [ 85.25812, 28.2651 ], [ 85.25832, 28.26511 ], [ 85.25833, 28.26457 ], [ 85.25751, 28.26455 ], [ 85.25753, 28.26347 ], [ 85.25733, 28.26347 ], [ 85.25731, 28.26473 ], [ 85.25812, 28.26474 ], [ 85.25812, 28.2651 ] ] ] } },
{ "type": "Feature", "properties": { "area_m2": 2400.0 }, "geometry": { "type": "Polygon", "coordinates": [ [ [ 85.37717, 28.26513 ], [ 85.3784, 28.26514 ], [ 85.3784, 28.26496 ], [ 85.37718, 28.26495 ], [ 85.37717, 28.26513 ] ] ] } },
{ "type": "Feature", "properties": { "area_m2": 5600.0 }, "geometry": { "type": "Polygon", "coordinates": [ [ [ 85.25591, 28.26309 ], [ 85.25693, 28.2631 ], [ 85.25693, 28.26292 ], [ 85.25611, 28.26291 ], [ 85.25613, 28.26201 ], [ 85.25511, 28.262 ], [ 85.25511, 28.26218 ], [ 85.25592, 28.26219 ], [ 85.25591, 28.26309 ] ] ] } },
{ "type": "Feature", "properties": { "area_m2": 4800.0 }, "geometry": { "type": "Polygon", "coordinates": [ [ [ 85.3833, 28.26466 ], [ 85.3835, 28.26466 ], [ 85.3835, 28.26448 ], [ 85.38411, 28.26449 ], [ 85.38413, 28.26358 ], [ 85.38454, 28.26359 ], [ 85.38454, 28.26341 ], [ 85.38393, 28.2634 ], [ 85.38391, 28.2643 ], [ 85.3833, 28.2643 ], [ 85.3833, 28.26466 ] ] ] } },
{ "type": "Feature", "properties": { "area_m2": 4000.0 }, "geometry": { "type": "Polygon", "coordinates": [ [ [ 85.26365, 28.26319 ], [ 85.26386, 28.26319 ], [ 85.26386, 28.26265 ], [ 85.26427, 28.26266 ], [ 85.26429, 28.26175 ], [ 85.26408, 28.26175 ], [ 85.26407, 28.26247 ], [ 85.26366, 28.26247 ], [ 85.26365, 28.26319 ] ] ] } },
{ "type": "Feature", "properties": { "area_m2": 3600.0 }, "geometry": { "type": "Polygon", "coordinates": [ [ [ 85.38454, 28.26341 ], [ 85.38576, 28.26342 ], [ 85.38577, 28.26306 ], [ 85.38597, 28.26306 ], [ 85.38597, 28.26288 ], [ 85.38557, 28.26288 ], [ 85.38556, 28.26324 ], [ 85.38454, 28.26323 ], [ 85.38454, 28.26341 ] ] ] } },
{ "type": "Feature", "properties": { "area_m2": 2800.0 }, "geometry": { "type": "Polygon", "coordinates": [ [ [ 85.38597, 28.26288 ], [ 85.3874, 28.2629 ], [ 85.3874, 28.26272 ], [ 85.38598, 28.2627 ], [ 85.38597, 28.26288 ] ] ] } },
{ "type": "Feature", "properties": { "area_m2": 4000.0 }, "geometry": { "type": "Polygon", "coordinates": [ [ [ 85.37271, 28.26399 ], [ 85.37291, 28.26399 ], [ 85.37292, 28.26309 ], [ 85.37272, 28.26309 ], [ 85.37273, 28.26237 ], [ 85.37253, 28.26236 ], [ 85.37251, 28.26327 ], [ 85.37272, 28.26327 ], [ 85.37271, 28.26399 ] ] ] } },
{ "type": "Feature", "properties": { "area_m2": 6400.0 }, "geometry": { "type": "Polygon", "coordinates": [ [ [ 85.2545, 28.26199 ], [ 85.25511, 28.262 ], [ 85.25511, 28.26182 ], [ 85.2547, 28.26181 ], [ 85.25471, 28.26145 ], [ 85.2539, 28.26144 ], [ 85.2539, 28.2609 ], [ 85.25289, 28.26089 ], [ 85.25288, 28.26107 ], [ 85.2537, 28.26108 ], [ 85.25369, 28.26162 ], [ 85.2545, 28.26163 ], [ 85.2545, 28.26199 ] ] ] } },
{ "type": "Feature", "properties": { "area_m2": 2000.0 }, "geometry": { "type": "Polygon", "coordinates": [ [ [ 85.3874, 28.26272 ], [ 85.38842, 28.26273 ], [ 85.38842, 28.26255 ], [ 85.38741, 28.26254 ], [ 85.3874, 28.26272 ] ] ] } },
{ "type": "Feature", "properties": { "area_m2": 2000.0 }, "geometry": { "type": "Polygon", "coordinates": [ [ [ 85.26511, 28.26104 ], [ 85.26532, 28.26104 ], [ 85.26533, 28.26014 ], [ 85.26513, 28.26014 ], [ 85.26511, 28.26104 ] ] ] } },
{ "type": "Feature", "properties": { "area_m2": 3600.0 }, "geometry": { "type": "Polygon", "coordinates": [ [ [ 85.24801, 28.25956 ], [ 85.24985, 28.25958 ], [ 85.24985, 28.2594 ], [ 85.24802, 28.25938 ], [ 85.24801, 28.25956 ] ] ] } },
{ "type": "Feature", "properties": { "area_m2": 3200.0 }, "geometry": { "type": "Polygon", "coordinates": [ [ [ 85.24781, 28.25938 ], [ 85.24802, 28.25938 ], [ 85.24802, 28.25902 ], [ 85.2466, 28.259 ], [ 85.24659, 28.25918 ], [ 85.24782, 28.2592 ], [ 85.24781, 28.25938 ] ] ] } },
{ "type": "Feature", "properties": { "area_m2": 16000.0 }, "geometry": { "type": "Polygon", "coordinates": [ [ [ 85.38842, 28.26255 ], [ 85.39046, 28.26258 ], [ 85.39047, 28.26221 ], [ 85.39271, 28.26224 ], [ 85.39272, 28.2617 ], [ 85.39353, 28.26171 ], [ 85.39354, 28.26135 ], [ 85.39435, 28.26136 ], [ 85.39436, 28.26082 ], [ 85.39457, 28.26082 ], [ 85.39457, 28.26064 ], [ 85.39416, 28.26063 ], [ 85.39415, 28.26118 ], [ 85.39334, 28.26117 ], [ 85.39333, 28.26153 ], [ 85.39252, 28.26152 ], [ 85.39251, 28.26206 ], [ 85.39027, 28.26203 ], [ 85.39026, 28.26239 ], [ 85.38843, 28.26237 ], [ 85.38842, 28.26255 ] ] ] } },
{ "type": "Feature", "properties": { "area_m2": 7600.0 }, "geometry": { "type": "Polygon", "coordinates": [ [ [ 85.39457, 28.26064 ], [ 85.39661, 28.26066 ], [ 85.39661, 28.2603 ], [ 85.39743, 28.26031 ], [ 85.39744, 28.25959 ], [ 85.39724, 28.25959 ], [ 85.39723, 28.26013 ], [ 85.39641, 28.26012 ], [ 85.39641, 28.26048 ], [ 85.39457, 28.26046 ], [ 85.39457, 28.26064 ] ] ] } },
{ "type": "Feature", "properties": { "area_m2": 2800.0 }, "geometry": { "type": "Polygon", "coordinates": [ [ [ 85.32936, 28.25877 ], [ 85.33079, 28.25879 ], [ 85.33079, 28.25861 ], [ 85.32937, 28.25859 ], [ 85.32936, 28.25877 ] ] ] } },
{ "type": "Feature", "properties": { "area_m2": 3200.0 }, "geometry": { "type": "Polygon", "coordinates": [ [ [ 85.33099, 28.25879 ], [ 85.33262, 28.25881 ], [ 85.33263, 28.25863 ], [ 85.331, 28.25861 ], [ 85.33099, 28.25879 ] ] ] } },
{ "type": "Feature", "properties": { "area_m2": 3600.0 }, "geometry": { "type": "Polygon", "coordinates": [ [ [ 85.39805, 28.25978 ], [ 85.39907, 28.25979 ], [ 85.39907, 28.25961 ], [ 85.39744, 28.25941 ], [ 85.39744, 28.25959 ], [ 85.39805, 28.2596 ], [ 85.39805, 28.25978 ] ] ] } },
{ "type": "Feature", "properties": { "area_m2": 2400.0 }, "geometry": { "type": "Polygon", "coordinates": [ [ [ 85.26658, 28.25871 ], [ 85.26678, 28.25872 ], [ 85.2668, 28.25763 ], [ 85.2666, 28.25763 ], [ 85.26658, 28.25871 ] ] ] } },
{ "type": "Feature", "properties": { "area_m2": 2800.0 }, "geometry": { "type": "Polygon", "coordinates": [ [ [ 85.33487, 28.25866 ], [ 85.3363, 28.25868 ], [ 85.3363, 28.2585 ], [ 85.33487, 28.25848 ], [ 85.33487, 28.25866 ] ] ] } },
{ "type": "Feature", "properties": { "area_m2": 5600.0 }, "geometry": { "type": "Polygon", "coordinates": [ [ [ 85.33936, 28.25835 ], [ 85.34221, 28.25839 ], [ 85.34222, 28.25821 ], [ 85.33936, 28.25817 ], [ 85.33936, 28.25835 ] ] ] } },
{ "type": "Feature", "properties": { "area_m2": 2000.0 }, "geometry": { "type": "Polygon", "coordinates": [ [ [ 85.33814, 28.25816 ], [ 85.33834, 28.25816 ], [ 85.33835, 28.25798 ], [ 85.33896, 28.25799 ], [ 85.33896, 28.25781 ], [ 85.33814, 28.2578 ], [ 85.33814, 28.25816 ] ] ] } },
{ "type": "Feature", "properties": { "area_m2": 2000.0 }, "geometry": { "type": "Polygon", "coordinates": [ [ [ 85.2668, 28.25763 ], [ 85.267, 28.25764 ], [ 85.26702, 28.25673 ], [ 85.26681, 28.25673 ], [ 85.2668, 28.25763 ] ] ] } },
{ "type": "Feature", "properties": { "area_m2": 3600.0 }, "geometry": { "type": "Polygon", "coordinates": [ [ [ 85.34426, 28.25769 ], [ 85.34528, 28.2577 ], [ 85.34529, 28.25716 ], [ 85.34549, 28.25717 ], [ 85.3455, 28.25698 ], [ 85.34509, 28.25698 ], [ 85.34508, 28.25752 ], [ 85.34426, 28.25751 ], [ 85.34426, 28.25769 ] ] ] } },
{ "type": "Feature", "properties": { "area_m2": 2000.0 }, "geometry": { "type": "Polygon", "coordinates": [ [ [ 85.34774, 28.25701 ], [ 85.34876, 28.25702 ], [ 85.34876, 28.25684 ], [ 85.34774, 28.25683 ], [ 85.34774, 28.25701 ] ] ] } },
{ "type": "Feature", "properties": { "area_m2": 2800.0 }, "geometry": { "type": "Polygon", "coordinates": [ [ [ 85.34631, 28.25681 ], [ 85.34774, 28.25683 ], [ 85.34774, 28.25665 ], [ 85.34632, 28.25663 ], [ 85.34631, 28.25681 ] ] ] } },
{ "type": "Feature", "properties": { "area_m2": 8400.0 }, "geometry": { "type": "Polygon", "coordinates": [ [ [ 85.39968, 28.25943 ], [ 85.39989, 28.25944 ], [ 85.39989, 28.25926 ], [ 85.4005, 28.25926 ], [ 85.40051, 28.2589 ], [ 85.40132, 28.25891 ], [ 85.40135, 28.25693 ], [ 85.40115, 28.25693 ], [ 85.40112, 28.25873 ], [ 85.40031, 28.25872 ], [ 85.4003, 28.25908 ], [ 85.39969, 28.25907 ], [ 85.39968, 28.25943 ] ] ] } },
{ "type": "Feature", "properties": { "area_m2": 7600.0 }, "geometry": { "type": "Polygon", "coordinates": [ [ [ 85.40135, 28.25693 ], [ 85.40156, 28.25693 ], [ 85.40156, 28.25639 ], [ 85.40462, 28.25642 ], [ 85.40462, 28.25624 ], [ 85.40136, 28.25621 ], [ 85.40135, 28.25693 ] ] ] } },
{ "type": "Feature", "properties": { "area_m2": 3200.0 }, "geometry": { "type": "Polygon", "coordinates": [ [ [ 85.36629, 28.25705 ], [ 85.36649, 28.25706 ], [ 85.36651, 28.25561 ], [ 85.36631, 28.25561 ], [ 85.36629, 28.25705 ] ] ] } },
{ "type": "Feature", "properties": { "area_m2": 4800.0 }, "geometry": { "type": "Polygon", "coordinates": [ [ [ 85.3502, 28.25578 ], [ 85.35081, 28.25579 ], [ 85.35082, 28.25542 ], [ 85.35143, 28.25543 ], [ 85.35144, 28.25507 ], [ 85.35184, 28.25508 ], [ 85.35185, 28.2549 ], [ 85.35124, 28.25489 ], [ 85.35123, 28.25525 ], [ 85.35062, 28.25524 ], [ 85.35061, 28.2556 ], [ 85.35021, 28.2556 ], [ 85.3502, 28.25578 ] ] ] } },
{ "type": "Feature", "properties": { "area_m2": 2400.0 }, "geometry": { "type": "Polygon", "coordinates": [ [ [ 85.42624, 28.25595 ], [ 85.42746, 28.25597 ], [ 85.42746, 28.25579 ], [ 85.42624, 28.25577 ], [ 85.42624, 28.25595 ] ] ] } },
{ "type": "Feature", "properties": { "area_m2": 5600.0 }, "geometry": { "type": "Polygon", "coordinates": [ [ [ 85.35327, 28.25491 ], [ 85.3547, 28.25493 ], [ 85.35471, 28.25457 ], [ 85.35573, 28.25458 ], [ 85.35573, 28.2544 ], [ 85.35451, 28.25439 ], [ 85.3545, 28.25475 ], [ 85.35328, 28.25473 ], [ 85.35327, 28.25491 ] ] ] } },
{ "type": "Feature", "properties": { "area_m2": 2400.0 }, "geometry": { "type": "Polygon", "coordinates": [ [ [ 85.27033, 28.25371 ], [ 85.27053, 28.25371 ], [ 85.27054, 28.25353 ], [ 85.27094, 28.25353 ], [ 85.27095, 28.25299 ], [ 85.27075, 28.25299 ], [ 85.27074, 28.25335 ], [ 85.27033, 28.25335 ], [ 85.27033, 28.25371 ] ] ] } },
{ "type": "Feature", "properties": { "area_m2": 2800.0 }, "geometry": { "type": "Polygon", "coordinates": [ [ [ 85.41647, 28.25458 ], [ 85.4179, 28.25459 ], [ 85.4179, 28.25441 ], [ 85.41647, 28.2544 ], [ 85.41647, 28.25458 ] ] ] } },
{ "type": "Feature", "properties": { "area_m2": 18400.0 }, "geometry": { "type": "Polygon", "coordinates": [ [ [ 85.42441, 28.25575 ], [ 85.42624, 28.25577 ], [ 85.42624, 28.25559 ], [ 85.42461, 28.25557 ], [ 85.42462, 28.25503 ], [ 85.42238, 28.25501 ], [ 85.42239, 28.25446 ], [ 85.41811, 28.25441 ], [ 85.4181, 28.2546 ], [ 85.42218, 28.25464 ], [ 85.42217, 28.25518 ], [ 85.42441, 28.25521 ], [ 85.42441, 28.25575 ] ] ] } },
{ "type": "Feature", "properties": { "area_m2": 9200.0 }, "geometry": { "type": "Polygon", "coordinates": [ [ [ 85.42746, 28.25579 ], [ 85.42991, 28.25581 ], [ 85.42992, 28.25527 ], [ 85.43073, 28.25528 ], [ 85.43074, 28.25438 ], [ 85.43054, 28.25438 ], [ 85.43053, 28.2551 ], [ 85.42971, 28.25509 ], [ 85.42971, 28.25563 ], [ 85.42746, 28.25561 ], [ 85.42746, 28.25579 ] ] ] } },
{ "type": "Feature", "properties": { "area_m2": 8400.0 }, "geometry": { "type": "Polygon", "coordinates": [ [ [ 85.4124, 28.25435 ], [ 85.41647, 28.2544 ], [ 85.41648, 28.25422 ], [ 85.41261, 28.25417 ], [ 85.41261, 28.25399 ], [ 85.4124, 28.25399 ], [ 85.4124, 28.25435 ] ] ] } },
{ "type": "Feature", "properties": { "area_m2": 2400.0 }, "geometry": { "type": "Polygon", "coordinates": [ [ [ 85.27157, 28.25264 ], [ 85.27238, 28.25265 ], [ 85.27239, 28.25211 ], [ 85.27219, 28.25211 ], [ 85.27218, 28.25247 ], [ 85.27157, 28.25246 ], [ 85.27157, 28.25264 ] ] ] } },
{ "type": "Feature", "properties": { "area_m2": 2000.0 }, "geometry": { "type": "Polygon", "coordinates": [ [ [ 85.35799, 28.25334 ], [ 85.35901, 28.25336 ], [ 85.35901, 28.25318 ], [ 85.35799, 28.25316 ], [ 85.35799, 28.25334 ] ] ] } },
{ "type": "Feature", "properties": { "area_m2": 3600.0 }, "geometry": { "type": "Polygon", "coordinates": [ [ [ 85.35901, 28.25318 ], [ 85.36084, 28.2532 ], [ 85.36085, 28.25302 ], [ 85.35901, 28.253 ], [ 85.35901, 28.25318 ] ] ] } },
{ "type": "Feature", "properties": { "area_m2": 2400.0 }, "geometry": { "type": "Polygon", "coordinates": [ [ [ 85.4071, 28.25393 ], [ 85.40772, 28.25393 ], [ 85.40772, 28.25357 ], [ 85.40793, 28.25357 ], [ 85.40793, 28.25339 ], [ 85.40752, 28.25339 ], [ 85.40752, 28.25375 ], [ 85.40711, 28.25375 ], [ 85.4071, 28.25393 ] ] ] } },
{ "type": "Feature", "properties": { "area_m2": 2800.0 }, "geometry": { "type": "Polygon", "coordinates": [ [ [ 85.36511, 28.25397 ], [ 85.36532, 28.25397 ], [ 85.36533, 28.25271 ], [ 85.36513, 28.25271 ], [ 85.36511, 28.25397 ] ] ] } },
{ "type": "Feature", "properties": { "area_m2": 2400.0 }, "geometry": { "type": "Polygon", "coordinates": [ [ [ 85.27239, 28.25211 ], [ 85.2728, 28.25211 ], [ 85.27281, 28.25175 ], [ 85.27321, 28.25176 ], [ 85.27322, 28.25158 ], [ 85.27261, 28.25157 ], [ 85.2726, 28.25193 ], [ 85.2724, 28.25193 ], [ 85.27239, 28.25211 ] ] ] } },
{ "type": "Feature", "properties": { "area_m2": 2400.0 }, "geometry": { "type": "Polygon", "coordinates": [ [ [ 85.4122, 28.25399 ], [ 85.4124, 28.25399 ], [ 85.41241, 28.25363 ], [ 85.412, 28.25362 ], [ 85.41201, 28.25326 ], [ 85.4118, 28.25326 ], [ 85.4118, 28.2538 ], [ 85.4122, 28.2538 ], [ 85.4122, 28.25399 ] ] ] } },
{ "type": "Feature", "properties": { "area_m2": 2400.0 }, "geometry": { "type": "Polygon", "coordinates": [ [ [ 85.36146, 28.25303 ], [ 85.36207, 28.25303 ], [ 85.36207, 28.25285 ], [ 85.36166, 28.25285 ], [ 85.36167, 28.25267 ], [ 85.36105, 28.25266 ], [ 85.36105, 28.25284 ], [ 85.36146, 28.25285 ], [ 85.36146, 28.25303 ] ] ] } },
{ "type": "Feature", "properties": { "area_m2": 2400.0 }, "geometry": { "type": "Polygon", "coordinates": [ [ [ 85.36207, 28.25285 ], [ 85.36329, 28.25287 ], [ 85.3633, 28.25269 ], [ 85.36207, 28.25267 ], [ 85.36207, 28.25285 ] ] ] } },
{ "type": "Feature", "properties": { "area_m2": 2400.0 }, "geometry": { "type": "Polygon", "coordinates": [ [ [ 85.3637, 28.25287 ], [ 85.36492, 28.25289 ], [ 85.36493, 28.25271 ], [ 85.3637, 28.25269 ], [ 85.3637, 28.25287 ] ] ] } },
{ "type": "Feature", "properties": { "area_m2": 3600.0 }, "geometry": { "type": "Polygon", "coordinates": [ [ [ 85.40915, 28.25359 ], [ 85.40956, 28.25359 ], [ 85.40956, 28.25341 ], [ 85.40935, 28.25341 ], [ 85.40936, 28.25323 ], [ 85.40793, 28.25321 ], [ 85.40793, 28.25339 ], [ 85.40915, 28.25341 ], [ 85.40915, 28.25359 ] ] ] } },
{ "type": "Feature", "properties": { "area_m2": 2000.0 }, "geometry": { "type": "Polygon", "coordinates": [ [ [ 85.40956, 28.25341 ], [ 85.41017, 28.25342 ], [ 85.41038, 28.25306 ], [ 85.40956, 28.25323 ], [ 85.40956, 28.25341 ] ] ] } },
{ "type": "Feature", "properties": { "area_m2": 3200.0 }, "geometry": { "type": "Polygon", "coordinates": [ [ [ 85.41037, 28.25342 ], [ 85.41078, 28.25343 ], [ 85.41078, 28.25325 ], [ 85.4118, 28.25326 ], [ 85.41181, 28.25308 ], [ 85.41058, 28.25306 ], [ 85.41037, 28.25342 ] ] ] } },
{ "type": "Feature", "properties": { "area_m2": 6000.0 }, "geometry": { "type": "Polygon", "coordinates": [ [ [ 85.43218, 28.25367 ], [ 85.433, 28.25368 ], [ 85.433, 28.25332 ], [ 85.43484, 28.25334 ], [ 85.43484, 28.25316 ], [ 85.4328, 28.25314 ], [ 85.4328, 28.2535 ], [ 85.43218, 28.25349 ], [ 85.43218, 28.25367 ] ] ] } },
{ "type": "Feature", "properties": { "area_m2": 4000.0 }, "geometry": { "type": "Polygon", "coordinates": [ [ [ 85.43484, 28.25316 ], [ 85.43545, 28.25317 ], [ 85.43546, 28.25281 ], [ 85.43607, 28.25282 ], [ 85.43608, 28.25228 ], [ 85.43587, 28.25227 ], [ 85.43587, 28.25263 ], [ 85.43525, 28.25263 ], [ 85.43525, 28.25299 ], [ 85.43484, 28.25298 ], [ 85.43484, 28.25316 ] ] ] } },
{ "type": "Feature", "properties": { "area_m2": 2400.0 }, "geometry": { "type": "Polygon", "coordinates": [ [ [ 85.27425, 28.25069 ], [ 85.27507, 28.2507 ], [ 85.27507, 28.25016 ], [ 85.27487, 28.25015 ], [ 85.27486, 28.25052 ], [ 85.27425, 28.25051 ], [ 85.27425, 28.25069 ] ] ] } },
{ "type": "Feature", "properties": { "area_m2": 2400.0 }, "geometry": { "type": "Polygon", "coordinates": [ [ [ 85.27507, 28.25016 ], [ 85.27569, 28.25017 ], [ 85.27569, 28.2498 ], [ 85.2759, 28.24981 ], [ 85.2759, 28.24963 ], [ 85.27549, 28.24962 ], [ 85.27548, 28.24998 ], [ 85.27508, 28.24998 ], [ 85.27507, 28.25016 ] ] ] } },
{ "type": "Feature", "properties": { "area_m2": 6800.0 }, "geometry": { "type": "Polygon", "coordinates": [ [ [ 85.36514, 28.25217 ], [ 85.36534, 28.25217 ], [ 85.36539, 28.2491 ], [ 85.36519, 28.2491 ], [ 85.36514, 28.25217 ] ] ] } },
{ "type": "Feature", "properties": { "area_m2": 2400.0 }, "geometry": { "type": "Polygon", "coordinates": [ [ [ 85.27737, 28.24712 ], [ 85.27818, 28.24713 ], [ 85.27819, 28.24659 ], [ 85.27799, 28.24658 ], [ 85.27798, 28.24695 ], [ 85.27737, 28.24694 ], [ 85.27737, 28.24712 ] ] ] } },
{ "type": "Feature", "properties": { "area_m2": 2400.0 }, "geometry": { "type": "Polygon", "coordinates": [ [ [ 85.27819, 28.24659 ], [ 85.2786, 28.24659 ], [ 85.2786, 28.24623 ], [ 85.27901, 28.24624 ], [ 85.27901, 28.24606 ], [ 85.2784, 28.24605 ], [ 85.2784, 28.24641 ], [ 85.27819, 28.24641 ], [ 85.27819, 28.24659 ] ] ] } },
{ "type": "Feature", "properties": { "area_m2": 3200.0 }, "geometry": { "type": "Polygon", "coordinates": [ [ [ 85.27901, 28.24606 ], [ 85.27942, 28.24606 ], [ 85.27943, 28.2457 ], [ 85.27983, 28.24571 ], [ 85.27984, 28.24516 ], [ 85.27964, 28.24516 ], [ 85.27963, 28.24552 ], [ 85.27923, 28.24552 ], [ 85.27922, 28.24588 ], [ 85.27902, 28.24588 ], [ 85.27901, 28.24606 ] ] ] } },
{ "type": "Feature", "properties": { "area_m2": 3600.0 }, "geometry": { "type": "Polygon", "coordinates": [ [ [ 85.27984, 28.24516 ], [ 85.28127, 28.24518 ], [ 85.28128, 28.24464 ], [ 85.28107, 28.24464 ], [ 85.28107, 28.245 ], [ 85.27985, 28.24498 ], [ 85.27984, 28.24516 ] ] ] } },
{ "type": "Feature", "properties": { "area_m2": 3200.0 }, "geometry": { "type": "Polygon", "coordinates": [ [ [ 85.54766, 28.24683 ], [ 85.54786, 28.24683 ], [ 85.54788, 28.24539 ], [ 85.54767, 28.24538 ], [ 85.54766, 28.24683 ] ] ] } },
{ "type": "Feature", "properties": { "area_m2": 2400.0 }, "geometry": { "type": "Polygon", "coordinates": [ [ [ 85.28377, 28.2416 ], [ 85.28418, 28.24161 ], [ 85.28419, 28.24107 ], [ 85.28398, 28.24106 ], [ 85.28399, 28.24088 ], [ 85.28378, 28.24088 ], [ 85.28378, 28.24124 ], [ 85.28398, 28.24124 ], [ 85.28398, 28.24143 ], [ 85.28378, 28.24142 ], [ 85.28377, 28.2416 ] ] ] } },
{ "type": "Feature", "properties": { "area_m2": 2000.0 }, "geometry": { "type": "Polygon", "coordinates": [ [ [ 85.28481, 28.24017 ], [ 85.28502, 28.24017 ], [ 85.28503, 28.23927 ], [ 85.28483, 28.23927 ], [ 85.28481, 28.24017 ] ] ] } },
{ "type": "Feature", "properties": { "area_m2": 2800.0 }, "geometry": { "type": "Polygon", "coordinates": [ [ [ 85.28524, 28.23909 ], [ 85.28544, 28.2391 ], [ 85.28546, 28.23783 ], [ 85.28526, 28.23783 ], [ 85.28524, 28.23909 ] ] ] } },
{ "type": "Feature", "properties": { "area_m2": 9200.0 }, "geometry": { "type": "Polygon", "coordinates": [ [ [ 85.35836, 28.24234 ], [ 85.35856, 28.24234 ], [ 85.35857, 28.24198 ], [ 85.35816, 28.24198 ], [ 85.35821, 28.23855 ], [ 85.35801, 28.23854 ], [ 85.35795, 28.24215 ], [ 85.35836, 28.24216 ], [ 85.35836, 28.24234 ] ] ] } },
{ "type": "Feature", "properties": { "area_m2": 3200.0 }, "geometry": { "type": "Polygon", "coordinates": [ [ [ 85.28546, 28.23783 ], [ 85.28587, 28.23766 ], [ 85.28589, 28.23658 ], [ 85.28569, 28.23657 ], [ 85.28567, 28.23748 ], [ 85.28547, 28.23747 ], [ 85.28546, 28.23783 ] ] ] } },
{ "type": "Feature", "properties": { "area_m2": 2000.0 }, "geometry": { "type": "Polygon", "coordinates": [ [ [ 85.28529, 28.23621 ], [ 85.2857, 28.23603 ], [ 85.2857, 28.23549 ], [ 85.2855, 28.23549 ], [ 85.28549, 28.23585 ], [ 85.28529, 28.23585 ], [ 85.28529, 28.23621 ] ] ] } },
{ "type": "Feature", "properties": { "area_m2": 6800.0 }, "geometry": { "type": "Polygon", "coordinates": [ [ [ 85.35821, 28.23855 ], [ 85.35842, 28.23855 ], [ 85.35846, 28.23548 ], [ 85.35826, 28.23548 ], [ 85.35821, 28.23855 ] ] ] } },
{ "type": "Feature", "properties": { "area_m2": 9600.0 }, "geometry": { "type": "Polygon", "coordinates": [ [ [ 85.28571, 28.23495 ], [ 85.28592, 28.23495 ], [ 85.28599, 28.23062 ], [ 85.28578, 28.23062 ], [ 85.28571, 28.23495 ] ] ] } },
{ "type": "Feature", "properties": { "area_m2": 2400.0 }, "geometry": { "type": "Polygon", "coordinates": [ [ [ 85.39092, 28.2319 ], [ 85.39215, 28.23191 ], [ 85.39215, 28.23173 ], [ 85.39093, 28.23172 ], [ 85.39092, 28.2319 ] ] ] } },
{ "type": "Feature", "properties": { "area_m2": 2800.0 }, "geometry": { "type": "Polygon", "coordinates": [ [ [ 85.36014, 28.23243 ], [ 85.36034, 28.23244 ], [ 85.36036, 28.23117 ], [ 85.36016, 28.23117 ], [ 85.36014, 28.23243 ] ] ] } },
{ "type": "Feature", "properties": { "area_m2": 3600.0 }, "geometry": { "type": "Polygon", "coordinates": [ [ [ 85.39235, 28.23191 ], [ 85.39296, 28.23192 ], [ 85.39296, 28.23174 ], [ 85.39398, 28.23175 ], [ 85.39399, 28.23157 ], [ 85.39276, 28.23156 ], [ 85.39276, 28.23174 ], [ 85.39235, 28.23173 ], [ 85.39235, 28.23191 ] ] ] } },
{ "type": "Feature", "properties": { "area_m2": 5200.0 }, "geometry": { "type": "Polygon", "coordinates": [ [ [ 85.38889, 28.23187 ], [ 85.39052, 28.23189 ], [ 85.39052, 28.23171 ], [ 85.38909, 28.23169 ], [ 85.3891, 28.23133 ], [ 85.38828, 28.23132 ], [ 85.38828, 28.2315 ], [ 85.38889, 28.23151 ], [ 85.38889, 28.23187 ] ] ] } },
{ "type": "Feature", "properties": { "area_m2": 2400.0 }, "geometry": { "type": "Polygon", "coordinates": [ [ [ 85.26521, 28.22982 ], [ 85.26643, 28.22983 ], [ 85.26644, 28.22965 ], [ 85.26521, 28.22964 ], [ 85.26521, 28.22982 ] ] ] } },
{ "type": "Feature", "properties": { "area_m2": 2400.0 }, "geometry": { "type": "Polygon", "coordinates": [ [ [ 85.39419, 28.23139 ], [ 85.39541, 28.23141 ], [ 85.39542, 28.23123 ], [ 85.39419, 28.23121 ], [ 85.39419, 28.23139 ] ] ] } },
{ "type": "Feature", "properties": { "area_m2": 4400.0 }, "geometry": { "type": "Polygon", "coordinates": [ [ [ 85.38625, 28.2313 ], [ 85.38828, 28.23132 ], [ 85.38829, 28.23114 ], [ 85.38645, 28.23112 ], [ 85.38645, 28.23094 ], [ 85.38625, 28.23094 ], [ 85.38625, 28.2313 ] ] ] } },
{ "type": "Feature", "properties": { "area_m2": 2000.0 }, "geometry": { "type": "Polygon", "coordinates": [ [ [ 85.28619, 28.23044 ], [ 85.2864, 28.23045 ], [ 85.28641, 28.22954 ], [ 85.28621, 28.22954 ], [ 85.28619, 28.23044 ] ] ] } },
{ "type": "Feature", "properties": { "area_m2": 5200.0 }, "geometry": { "type": "Polygon", "coordinates": [ [ [ 85.26399, 28.2298 ], [ 85.2648, 28.22981 ], [ 85.26481, 28.22963 ], [ 85.2642, 28.22962 ], [ 85.2642, 28.22926 ], [ 85.26257, 28.22924 ], [ 85.26257, 28.22942 ], [ 85.26399, 28.22944 ], [ 85.26399, 28.2298 ] ] ] } },
{ "type": "Feature", "properties": { "area_m2": 2400.0 }, "geometry": { "type": "Polygon", "coordinates": [ [ [ 85.26644, 28.22965 ], [ 85.26664, 28.22965 ], [ 85.26665, 28.22929 ], [ 85.26705, 28.2293 ], [ 85.26706, 28.22894 ], [ 85.26686, 28.22894 ], [ 85.26685, 28.22912 ], [ 85.26645, 28.22911 ], [ 85.26644, 28.22965 ] ] ] } },
{ "type": "Feature", "properties": { "area_m2": 4800.0 }, "geometry": { "type": "Polygon", "coordinates": [ [ [ 85.3832, 28.23072 ], [ 85.38544, 28.23075 ], [ 85.38544, 28.23057 ], [ 85.3834, 28.23054 ], [ 85.38341, 28.23036 ], [ 85.3832, 28.23036 ], [ 85.3832, 28.23072 ] ] ] } },
{ "type": "Feature", "properties": { "area_m2": 3600.0 }, "geometry": { "type": "Polygon", "coordinates": [ [ [ 85.36036, 28.23117 ], [ 85.36057, 28.23117 ], [ 85.36058, 28.23063 ], [ 85.36098, 28.23064 ], [ 85.36099, 28.22992 ], [ 85.36079, 28.22991 ], [ 85.36078, 28.23046 ], [ 85.36038, 28.23045 ], [ 85.36036, 28.23117 ] ] ] } },
{ "type": "Feature", "properties": { "area_m2": 2800.0 }, "geometry": { "type": "Polygon", "coordinates": [ [ [ 85.26176, 28.22923 ], [ 85.26257, 28.22924 ], [ 85.26257, 28.22906 ], [ 85.26196, 28.22905 ], [ 85.26197, 28.22869 ], [ 85.26156, 28.22869 ], [ 85.26156, 28.22887 ], [ 85.26176, 28.22887 ], [ 85.26176, 28.22923 ] ] ] } },
{ "type": "Feature", "properties": { "area_m2": 6000.0 }, "geometry": { "type": "Polygon", "coordinates": [ [ [ 85.39583, 28.23087 ], [ 85.39685, 28.23088 ], [ 85.39685, 28.23052 ], [ 85.39767, 28.23053 ], [ 85.39768, 28.22999 ], [ 85.39788, 28.22999 ], [ 85.39788, 28.22981 ], [ 85.39748, 28.22981 ], [ 85.39747, 28.23035 ], [ 85.39665, 28.23034 ], [ 85.39665, 28.2307 ], [ 85.39583, 28.23069 ], [ 85.39583, 28.23087 ] ] ] } },
{ "type": "Feature", "properties": { "area_m2": 4400.0 }, "geometry": { "type": "Polygon", "coordinates": [ [ [ 85.38157, 28.23016 ], [ 85.383, 28.23018 ], [ 85.383, 28.23 ], [ 85.38178, 28.22998 ], [ 85.38179, 28.22962 ], [ 85.38118, 28.22962 ], [ 85.38117, 28.2298 ], [ 85.38158, 28.2298 ], [ 85.38157, 28.23016 ] ] ] } },
{ "type": "Feature", "properties": { "area_m2": 2000.0 }, "geometry": { "type": "Polygon", "coordinates": [ [ [ 85.36099, 28.22992 ], [ 85.3612, 28.22992 ], [ 85.36121, 28.22902 ], [ 85.36101, 28.22901 ], [ 85.36099, 28.22992 ] ] ] } },
{ "type": "Feature", "properties": { "area_m2": 2800.0 }, "geometry": { "type": "Polygon", "coordinates": [ [ [ 85.37995, 28.2296 ], [ 85.38118, 28.22962 ], [ 85.38118, 28.22943 ], [ 85.38016, 28.22942 ], [ 85.38016, 28.22924 ], [ 85.37996, 28.22924 ], [ 85.37995, 28.2296 ] ] ] } },
{ "type": "Feature", "properties": { "area_m2": 3200.0 }, "geometry": { "type": "Polygon", "coordinates": [ [ [ 85.25994, 28.22795 ], [ 85.26015, 28.22795 ], [ 85.26015, 28.22759 ], [ 85.25873, 28.22757 ], [ 85.25872, 28.22775 ], [ 85.25995, 28.22777 ], [ 85.25994, 28.22795 ] ] ] } },
{ "type": "Feature", "properties": { "area_m2": 2000.0 }, "geometry": { "type": "Polygon", "coordinates": [ [ [ 85.26851, 28.22769 ], [ 85.26932, 28.2277 ], [ 85.26933, 28.22734 ], [ 85.26912, 28.22734 ], [ 85.26912, 28.22752 ], [ 85.26851, 28.22751 ], [ 85.26851, 28.22769 ] ] ] } },
{ "type": "Feature", "properties": { "area_m2": 4400.0 }, "geometry": { "type": "Polygon", "coordinates": [ [ [ 85.25812, 28.22756 ], [ 85.25873, 28.22757 ], [ 85.25873, 28.22739 ], [ 85.25832, 28.22738 ], [ 85.25833, 28.22702 ], [ 85.2569, 28.227 ], [ 85.2569, 28.22718 ], [ 85.25812, 28.2272 ], [ 85.25812, 28.22756 ] ] ] } },
{ "type": "Feature", "properties": { "area_m2": 2000.0 }, "geometry": { "type": "Polygon", "coordinates": [ [ [ 85.3983, 28.22946 ], [ 85.3985, 28.22946 ], [ 85.39851, 28.22856 ], [ 85.39831, 28.22855 ], [ 85.3983, 28.22946 ] ] ] } },
{ "type": "Feature", "properties": { "area_m2": 4000.0 }, "geometry": { "type": "Polygon", "coordinates": [ [ [ 85.2854, 28.22881 ], [ 85.28561, 28.22881 ], [ 85.28564, 28.22701 ], [ 85.28543, 28.227 ], [ 85.2854, 28.22881 ] ] ] } },
{ "type": "Feature", "properties": { "area_m2": 2000.0 }, "geometry": { "type": "Polygon", "coordinates": [ [ [ 85.39851, 28.22856 ], [ 85.39872, 28.22856 ], [ 85.39873, 28.22802 ], [ 85.39893, 28.22802 ], [ 85.39893, 28.22784 ], [ 85.39853, 28.22783 ], [ 85.39851, 28.22856 ] ] ] } },
{ "type": "Feature", "properties": { "area_m2": 6400.0 }, "geometry": { "type": "Polygon", "coordinates": [ [ [ 85.37691, 28.22848 ], [ 85.37895, 28.22851 ], [ 85.37895, 28.22833 ], [ 85.37712, 28.2283 ], [ 85.37713, 28.22776 ], [ 85.37672, 28.22776 ], [ 85.37672, 28.22758 ], [ 85.37652, 28.22757 ], [ 85.37651, 28.22794 ], [ 85.37692, 28.22794 ], [ 85.37691, 28.22848 ] ] ] } },
{ "type": "Feature", "properties": { "area_m2": 2000.0 }, "geometry": { "type": "Polygon", "coordinates": [ [ [ 85.37244, 28.22753 ], [ 85.37346, 28.22754 ], [ 85.37347, 28.22736 ], [ 85.37245, 28.22735 ], [ 85.37244, 28.22753 ] ] ] } },
{ "type": "Feature", "properties": { "area_m2": 2800.0 }, "geometry": { "type": "Polygon", "coordinates": [ [ [ 85.37102, 28.22733 ], [ 85.37245, 28.22735 ], [ 85.37245, 28.22716 ], [ 85.37102, 28.22715 ], [ 85.37102, 28.22733 ] ] ] } },
{ "type": "Feature", "properties": { "area_m2": 4800.0 }, "geometry": { "type": "Polygon", "coordinates": [ [ [ 85.37347, 28.22736 ], [ 85.37591, 28.22739 ], [ 85.37591, 28.22721 ], [ 85.37347, 28.22718 ], [ 85.37347, 28.22736 ] ] ] } },
{ "type": "Feature", "properties": { "area_m2": 3200.0 }, "geometry": { "type": "Polygon", "coordinates": [ [ [ 85.27036, 28.22627 ], [ 85.27097, 28.22628 ], [ 85.27098, 28.22592 ], [ 85.27159, 28.22593 ], [ 85.27159, 28.22575 ], [ 85.27078, 28.22574 ], [ 85.27077, 28.2261 ], [ 85.27037, 28.22609 ], [ 85.27036, 28.22627 ] ] ] } },
{ "type": "Feature", "properties": { "area_m2": 2800.0 }, "geometry": { "type": "Polygon", "coordinates": [ [ [ 85.27201, 28.22521 ], [ 85.27344, 28.22523 ], [ 85.27344, 28.22505 ], [ 85.27201, 28.22503 ], [ 85.27201, 28.22521 ] ] ] } },
{ "type": "Feature", "properties": { "area_m2": 2400.0 }, "geometry": { "type": "Polygon", "coordinates": [ [ [ 85.28464, 28.22573 ], [ 85.28484, 28.22573 ], [ 85.28486, 28.22465 ], [ 85.28465, 28.22465 ], [ 85.28464, 28.22573 ] ] ] } },
{ "type": "Feature", "properties": { "area_m2": 3200.0 }, "geometry": { "type": "Polygon", "coordinates": [ [ [ 85.27365, 28.22487 ], [ 85.27446, 28.22488 ], [ 85.27447, 28.22452 ], [ 85.27488, 28.22452 ], [ 85.27488, 28.22434 ], [ 85.27427, 28.22434 ], [ 85.27426, 28.2247 ], [ 85.27365, 28.22469 ], [ 85.27365, 28.22487 ] ] ] } },
{ "type": "Feature", "properties": { "area_m2": 2000.0 }, "geometry": { "type": "Polygon", "coordinates": [ [ [ 85.36656, 28.22565 ], [ 85.36758, 28.22566 ], [ 85.36758, 28.22548 ], [ 85.36657, 28.22547 ], [ 85.36656, 28.22565 ] ] ] } },
{ "type": "Feature", "properties": { "area_m2": 2000.0 }, "geometry": { "type": "Polygon", "coordinates": [ [ [ 85.27488, 28.22434 ], [ 85.27529, 28.22435 ], [ 85.27529, 28.22399 ], [ 85.2755, 28.22399 ], [ 85.2755, 28.22381 ], [ 85.27509, 28.22381 ], [ 85.27508, 28.22417 ], [ 85.27488, 28.22416 ], [ 85.27488, 28.22434 ] ] ] } },
{ "type": "Feature", "properties": { "area_m2": 3600.0 }, "geometry": { "type": "Polygon", "coordinates": [ [ [ 85.28486, 28.22465 ], [ 85.28506, 28.22465 ], [ 85.28507, 28.22411 ], [ 85.28527, 28.22411 ], [ 85.28528, 28.22357 ], [ 85.28508, 28.22357 ], [ 85.28508, 28.22339 ], [ 85.28488, 28.22339 ], [ 85.28487, 28.22375 ], [ 85.28508, 28.22375 ], [ 85.28507, 28.22393 ], [ 85.28487, 28.22393 ], [ 85.28486, 28.22465 ] ] ] } },
{ "type": "Feature", "properties": { "area_m2": 2800.0 }, "geometry": { "type": "Polygon", "coordinates": [ [ [ 85.27591, 28.22327 ], [ 85.27653, 28.22328 ], [ 85.27654, 28.22238 ], [ 85.27634, 28.22238 ], [ 85.27632, 28.2231 ], [ 85.27592, 28.22309 ], [ 85.27591, 28.22327 ] ] ] } },
{ "type": "Feature", "properties": { "area_m2": 10800.0 }, "geometry": { "type": "Polygon", "coordinates": [ [ [ 85.36125, 28.22649 ], [ 85.36268, 28.22651 ], [ 85.36268, 28.22633 ], [ 85.36146, 28.22631 ], [ 85.36151, 28.2227 ], [ 85.36131, 28.2227 ], [ 85.36125, 28.22649 ] ] ] } },
{ "type": "Feature", "properties": { "area_m2": 15200.0 }, "geometry": { "type": "Polygon", "coordinates": [ [ [ 85.3608, 28.22901 ], [ 85.36101, 28.22901 ], [ 85.36111, 28.2227 ], [ 85.36131, 28.2227 ], [ 85.36111, 28.22234 ], [ 85.36091, 28.22233 ], [ 85.3608, 28.22901 ] ] ] } },
{ "type": "Feature", "properties": { "area_m2": 7200.0 }, "geometry": { "type": "Polygon", "coordinates": [ [ [ 85.28508, 28.22339 ], [ 85.28529, 28.22339 ], [ 85.28529, 28.22321 ], [ 85.2857, 28.22322 ], [ 85.28571, 28.22268 ], [ 85.28591, 28.22268 ], [ 85.28594, 28.22069 ], [ 85.28574, 28.22069 ], [ 85.28571, 28.2225 ], [ 85.2855, 28.22249 ], [ 85.2855, 28.22303 ], [ 85.28509, 28.22303 ], [ 85.28508, 28.22339 ] ] ] } },
{ "type": "Feature", "properties": { "area_m2": 5600.0 }, "geometry": { "type": "Polygon", "coordinates": [ [ [ 85.5027, 28.22577 ], [ 85.5029, 28.22577 ], [ 85.50294, 28.22324 ], [ 85.50273, 28.22324 ], [ 85.5027, 28.22577 ] ] ] } },
{ "type": "Feature", "properties": { "area_m2": 2400.0 }, "geometry": { "type": "Polygon", "coordinates": [ [ [ 85.27758, 28.22131 ], [ 85.27819, 28.22132 ], [ 85.2782, 28.2206 ], [ 85.27799, 28.22059 ], [ 85.27799, 28.22113 ], [ 85.27758, 28.22113 ], [ 85.27758, 28.22131 ] ] ] } },
{ "type": "Feature", "properties": { "area_m2": 2800.0 }, "geometry": { "type": "Polygon", "coordinates": [ [ [ 85.50192, 28.22323 ], [ 85.50273, 28.22324 ], [ 85.50273, 28.22306 ], [ 85.50212, 28.22305 ], [ 85.50213, 28.22269 ], [ 85.50172, 28.22269 ], [ 85.50172, 28.22287 ], [ 85.50192, 28.22287 ], [ 85.50192, 28.22323 ] ] ] } },
{ "type": "Feature", "properties": { "area_m2": 2800.0 }, "geometry": { "type": "Polygon", "coordinates": [ [ [ 85.27841, 28.22042 ], [ 85.27861, 28.22042 ], [ 85.27862, 28.21988 ], [ 85.27903, 28.21988 ], [ 85.27903, 28.21952 ], [ 85.27883, 28.21952 ], [ 85.27882, 28.2197 ], [ 85.27842, 28.2197 ], [ 85.27841, 28.22042 ] ] ] } },
{ "type": "Feature", "properties": { "area_m2": 3600.0 }, "geometry": { "type": "Polygon", "coordinates": [ [ [ 85.27903, 28.21952 ], [ 85.27944, 28.21935 ], [ 85.27945, 28.21881 ], [ 85.27986, 28.21881 ], [ 85.27986, 28.21845 ], [ 85.27966, 28.21845 ], [ 85.27966, 28.21863 ], [ 85.27925, 28.21862 ], [ 85.27924, 28.21916 ], [ 85.27904, 28.21916 ], [ 85.27903, 28.21952 ] ] ] } },
{ "type": "Feature", "properties": { "area_m2": 4800.0 }, "geometry": { "type": "Polygon", "coordinates": [ [ [ 85.50152, 28.22268 ], [ 85.50172, 28.22269 ], [ 85.50173, 28.22214 ], [ 85.50193, 28.22215 ], [ 85.50194, 28.22142 ], [ 85.50174, 28.22142 ], [ 85.50175, 28.22088 ], [ 85.50154, 28.22088 ], [ 85.50153, 28.2216 ], [ 85.50174, 28.2216 ], [ 85.50173, 28.22196 ], [ 85.50153, 28.22196 ], [ 85.50152, 28.22268 ] ] ] } },
{ "type": "Feature", "properties": { "area_m2": 2400.0 }, "geometry": { "type": "Polygon", "coordinates": [ [ [ 85.28069, 28.21792 ], [ 85.28109, 28.21792 ], [ 85.2811, 28.21756 ], [ 85.28151, 28.21757 ], [ 85.28151, 28.21739 ], [ 85.2809, 28.21738 ], [ 85.28089, 28.21774 ], [ 85.28069, 28.21774 ], [ 85.28069, 28.21792 ] ] ] } },
{ "type": "Feature", "properties": { "area_m2": 5600.0 }, "geometry": { "type": "Polygon", "coordinates": [ [ [ 85.28151, 28.21739 ], [ 85.28436, 28.21742 ], [ 85.28437, 28.21724 ], [ 85.28151, 28.21721 ], [ 85.28151, 28.21739 ] ] ] } },
{ "type": "Feature", "properties": { "area_m2": 3600.0 }, "geometry": { "type": "Polygon", "coordinates": [ [ [ 85.50135, 28.22034 ], [ 85.50176, 28.22016 ], [ 85.50176, 28.21962 ], [ 85.50197, 28.21962 ], [ 85.50197, 28.21908 ], [ 85.50177, 28.21908 ], [ 85.50177, 28.21944 ], [ 85.50156, 28.21943 ], [ 85.50155, 28.21998 ], [ 85.50135, 28.21997 ], [ 85.50135, 28.22034 ] ] ] } },
{ "type": "Feature", "properties": { "area_m2": 10000.0 }, "geometry": { "type": "Polygon", "coordinates": [ [ [ 85.28533, 28.2205 ], [ 85.28554, 28.22051 ], [ 85.28554, 28.21997 ], [ 85.28534, 28.21996 ], [ 85.28537, 28.21834 ], [ 85.28516, 28.21834 ], [ 85.28519, 28.21653 ], [ 85.28499, 28.21653 ], [ 85.28478, 28.21689 ], [ 85.28498, 28.21689 ], [ 85.28496, 28.21851 ], [ 85.28516, 28.21852 ], [ 85.28513, 28.22014 ], [ 85.28534, 28.22014 ], [ 85.28533, 28.2205 ] ] ] } },
{ "type": "Feature", "properties": { "area_m2": 2800.0 }, "geometry": { "type": "Polygon", "coordinates": [ [ [ 85.351, 28.21698 ], [ 85.35243, 28.217 ], [ 85.35243, 28.21682 ], [ 85.35101, 28.2168 ], [ 85.351, 28.21698 ] ] ] } },
{ "type": "Feature", "properties": { "area_m2": 2400.0 }, "geometry": { "type": "Polygon", "coordinates": [ [ [ 85.28602, 28.21546 ], [ 85.28623, 28.21546 ], [ 85.28625, 28.21438 ], [ 85.28604, 28.21438 ], [ 85.28602, 28.21546 ] ] ] } },
{ "type": "Feature", "properties": { "area_m2": 6800.0 }, "geometry": { "type": "Polygon", "coordinates": [ [ [ 85.50136, 28.21907 ], [ 85.50177, 28.21908 ], [ 85.50177, 28.2189 ], [ 85.50157, 28.21889 ], [ 85.50158, 28.21781 ], [ 85.50097, 28.2178 ], [ 85.50099, 28.21672 ], [ 85.50078, 28.21672 ], [ 85.50077, 28.21798 ], [ 85.50138, 28.21799 ], [ 85.50136, 28.21907 ] ] ] } },
{ "type": "Feature", "properties": { "area_m2": 2400.0 }, "geometry": { "type": "Polygon", "coordinates": [ [ [ 85.28645, 28.21402 ], [ 85.28727, 28.21403 ], [ 85.28728, 28.21349 ], [ 85.28707, 28.21349 ], [ 85.28707, 28.21385 ], [ 85.28646, 28.21384 ], [ 85.28645, 28.21402 ] ] ] } },
{ "type": "Feature", "properties": { "area_m2": 2000.0 }, "geometry": { "type": "Polygon", "coordinates": [ [ [ 85.50058, 28.21672 ], [ 85.50078, 28.21672 ], [ 85.5008, 28.21582 ], [ 85.50059, 28.21581 ], [ 85.50058, 28.21672 ] ] ] } },
{ "type": "Feature", "properties": { "area_m2": 2000.0 }, "geometry": { "type": "Polygon", "coordinates": [ [ [ 85.28728, 28.21349 ], [ 85.28748, 28.21349 ], [ 85.28749, 28.21313 ], [ 85.2879, 28.21314 ], [ 85.2879, 28.21296 ], [ 85.28729, 28.21295 ], [ 85.28728, 28.21349 ] ] ] } },
{ "type": "Feature", "properties": { "area_m2": 2400.0 }, "geometry": { "type": "Polygon", "coordinates": [ [ [ 85.50039, 28.21581 ], [ 85.50059, 28.21581 ], [ 85.5006, 28.21545 ], [ 85.5008, 28.21546 ], [ 85.50081, 28.21491 ], [ 85.50061, 28.21491 ], [ 85.5006, 28.21527 ], [ 85.5004, 28.21527 ], [ 85.50039, 28.21581 ] ] ] } },
{ "type": "Feature", "properties": { "area_m2": 13600.0 }, "geometry": { "type": "Polygon", "coordinates": [ [ [ 85.35243, 28.21682 ], [ 85.35488, 28.21685 ], [ 85.35489, 28.21594 ], [ 85.35509, 28.21595 ], [ 85.3551, 28.21577 ], [ 85.35489, 28.21576 ], [ 85.35494, 28.21288 ], [ 85.35473, 28.21287 ], [ 85.35468, 28.21666 ], [ 85.35244, 28.21664 ], [ 85.35243, 28.21682 ] ] ] } },
{ "type": "Feature", "properties": { "area_m2": 3200.0 }, "geometry": { "type": "Polygon", "coordinates": [ [ [ 85.2879, 28.21296 ], [ 85.28831, 28.21296 ], [ 85.28831, 28.21242 ], [ 85.28872, 28.21243 ], [ 85.28873, 28.21206 ], [ 85.28852, 28.21206 ], [ 85.28852, 28.21224 ], [ 85.28811, 28.21224 ], [ 85.2881, 28.21278 ], [ 85.2879, 28.21278 ], [ 85.2879, 28.21296 ] ] ] } },
{ "type": "Feature", "properties": { "area_m2": 2000.0 }, "geometry": { "type": "Polygon", "coordinates": [ [ [ 85.51978, 28.21386 ], [ 85.52079, 28.21387 ], [ 85.5208, 28.21369 ], [ 85.51978, 28.21368 ], [ 85.51978, 28.21386 ] ] ] } },
{ "type": "Feature", "properties": { "area_m2": 2000.0 }, "geometry": { "type": "Polygon", "coordinates": [ [ [ 85.5208, 28.21369 ], [ 85.52182, 28.2137 ], [ 85.52182, 28.21352 ], [ 85.5208, 28.21351 ], [ 85.5208, 28.21369 ] ] ] } },
{ "type": "Feature", "properties": { "area_m2": 7200.0 }, "geometry": { "type": "Polygon", "coordinates": [ [ [ 85.51611, 28.21382 ], [ 85.51733, 28.21383 ], [ 85.51733, 28.21365 ], [ 85.51631, 28.21364 ], [ 85.51632, 28.21328 ], [ 85.51408, 28.21325 ], [ 85.51408, 28.21343 ], [ 85.51611, 28.21346 ], [ 85.51611, 28.21382 ] ] ] } },
{ "type": "Feature", "properties": { "area_m2": 6000.0 }, "geometry": { "type": "Polygon", "coordinates": [ [ [ 85.5, 28.21491 ], [ 85.50061, 28.21491 ], [ 85.50061, 28.21473 ], [ 85.5002, 28.21473 ], [ 85.50021, 28.21419 ], [ 85.4998, 28.21418 ], [ 85.49982, 28.21292 ], [ 85.49962, 28.21292 ], [ 85.4996, 28.21436 ], [ 85.5, 28.21436 ], [ 85.5, 28.21491 ] ] ] } },
{ "type": "Feature", "properties": { "area_m2": 5200.0 }, "geometry": { "type": "Polygon", "coordinates": [ [ [ 85.52182, 28.21352 ], [ 85.52202, 28.21352 ], [ 85.52202, 28.21334 ], [ 85.52427, 28.21336 ], [ 85.52427, 28.21318 ], [ 85.52182, 28.21316 ], [ 85.52182, 28.21352 ] ] ] } },
{ "type": "Feature", "properties": { "area_m2": 2800.0 }, "geometry": { "type": "Polygon", "coordinates": [ [ [ 85.28976, 28.21099 ], [ 85.28997, 28.211 ], [ 85.28998, 28.21046 ], [ 85.29038, 28.21046 ], [ 85.29039, 28.2101 ], [ 85.29019, 28.2101 ], [ 85.29018, 28.21028 ], [ 85.28977, 28.21027 ], [ 85.28976, 28.21099 ] ] ] } },
{ "type": "Feature", "properties": { "area_m2": 9600.0 }, "geometry": { "type": "Polygon", "coordinates": [ [ [ 85.51184, 28.21323 ], [ 85.51408, 28.21325 ], [ 85.51408, 28.21307 ], [ 85.51204, 28.21305 ], [ 85.51205, 28.21269 ], [ 85.5096, 28.21266 ], [ 85.5096, 28.21284 ], [ 85.51184, 28.21287 ], [ 85.51184, 28.21323 ] ] ] } },
{ "type": "Feature", "properties": { "area_m2": 4000.0 }, "geometry": { "type": "Polygon", "coordinates": [ [ [ 85.50492, 28.21279 ], [ 85.50675, 28.21263 ], [ 85.50675, 28.21245 ], [ 85.50553, 28.21244 ], [ 85.50553, 28.21262 ], [ 85.50492, 28.21261 ], [ 85.50492, 28.21279 ] ] ] } },
{ "type": "Feature", "properties": { "area_m2": 2800.0 }, "geometry": { "type": "Polygon", "coordinates": [ [ [ 85.50064, 28.21257 ], [ 85.50207, 28.21258 ], [ 85.50207, 28.2124 ], [ 85.50064, 28.21239 ], [ 85.50064, 28.21257 ] ] ] } },
{ "type": "Feature", "properties": { "area_m2": 4800.0 }, "geometry": { "type": "Polygon", "coordinates": [ [ [ 85.50247, 28.21277 ], [ 85.50451, 28.21279 ], [ 85.50451, 28.21261 ], [ 85.50268, 28.21259 ], [ 85.50268, 28.21241 ], [ 85.50227, 28.2124 ], [ 85.50247, 28.21277 ] ] ] } },
{ "type": "Feature", "properties": { "area_m2": 2000.0 }, "geometry": { "type": "Polygon", "coordinates": [ [ [ 85.50879, 28.21265 ], [ 85.5096, 28.21266 ], [ 85.50961, 28.21248 ], [ 85.509, 28.21248 ], [ 85.509, 28.2123 ], [ 85.50879, 28.21229 ], [ 85.50879, 28.21265 ] ] ] } },
{ "type": "Feature", "properties": { "area_m2": 7600.0 }, "geometry": { "type": "Polygon", "coordinates": [ [ [ 85.49819, 28.21272 ], [ 85.49901, 28.21273 ], [ 85.49901, 28.21255 ], [ 85.4984, 28.21254 ], [ 85.4984, 28.21236 ], [ 85.50064, 28.21239 ], [ 85.50064, 28.2122 ], [ 85.49779, 28.21217 ], [ 85.49779, 28.21235 ], [ 85.4982, 28.21236 ], [ 85.49819, 28.21272 ] ] ] } },
{ "type": "Feature", "properties": { "area_m2": 3600.0 }, "geometry": { "type": "Polygon", "coordinates": [ [ [ 85.50696, 28.21227 ], [ 85.50879, 28.21229 ], [ 85.5088, 28.21211 ], [ 85.50696, 28.21209 ], [ 85.50696, 28.21227 ] ] ] } },
{ "type": "Feature", "properties": { "area_m2": 3600.0 }, "geometry": { "type": "Polygon", "coordinates": [ [ [ 85.49352, 28.21177 ], [ 85.49535, 28.21179 ], [ 85.49535, 28.21161 ], [ 85.49352, 28.21158 ], [ 85.49352, 28.21177 ] ] ] } },
{ "type": "Feature", "properties": { "area_m2": 2400.0 }, "geometry": { "type": "Polygon", "coordinates": [ [ [ 85.49576, 28.21179 ], [ 85.49698, 28.2118 ], [ 85.49698, 28.21162 ], [ 85.49576, 28.21161 ], [ 85.49576, 28.21179 ] ] ] } },
{ "type": "Feature", "properties": { "area_m2": 2000.0 }, "geometry": { "type": "Polygon", "coordinates": [ [ [ 85.4925, 28.21157 ], [ 85.49352, 28.21158 ], [ 85.49352, 28.2114 ], [ 85.4925, 28.21139 ], [ 85.4925, 28.21157 ] ] ] } },
{ "type": "Feature", "properties": { "area_m2": 3600.0 }, "geometry": { "type": "Polygon", "coordinates": [ [ [ 85.52673, 28.21195 ], [ 85.52856, 28.21197 ], [ 85.52857, 28.21179 ], [ 85.52673, 28.21177 ], [ 85.52673, 28.21195 ] ] ] } },
{ "type": "Feature", "properties": { "area_m2": 4800.0 }, "geometry": { "type": "Polygon", "coordinates": [ [ [ 85.52509, 28.21265 ], [ 85.52529, 28.21265 ], [ 85.5253, 28.21247 ], [ 85.5257, 28.21248 ], [ 85.52571, 28.2123 ], [ 85.52469, 28.21229 ], [ 85.5247, 28.21174 ], [ 85.52429, 28.21156 ], [ 85.52429, 28.21192 ], [ 85.52449, 28.21192 ], [ 85.52448, 28.21246 ], [ 85.52509, 28.21247 ], [ 85.52509, 28.21265 ] ] ] } },
{ "type": "Feature", "properties": { "area_m2": 2400.0 }, "geometry": { "type": "Polygon", "coordinates": [ [ [ 85.52857, 28.21179 ], [ 85.52979, 28.2118 ], [ 85.52979, 28.21162 ], [ 85.52857, 28.21161 ], [ 85.52857, 28.21179 ] ] ] } },
{ "type": "Feature", "properties": { "area_m2": 4800.0 }, "geometry": { "type": "Polygon", "coordinates": [ [ [ 85.49169, 28.2112 ], [ 85.4923, 28.21121 ], [ 85.49231, 28.21103 ], [ 85.4919, 28.21103 ], [ 85.4919, 28.21085 ], [ 85.49007, 28.21082 ], [ 85.49006, 28.21101 ], [ 85.49169, 28.21102 ], [ 85.49169, 28.2112 ] ] ] } },
{ "type": "Feature", "properties": { "area_m2": 3600.0 }, "geometry": { "type": "Polygon", "coordinates": [ [ [ 85.2906, 28.20992 ], [ 85.2908, 28.20992 ], [ 85.29083, 28.2083 ], [ 85.29062, 28.2083 ], [ 85.2906, 28.20992 ] ] ] } },
{ "type": "Feature", "properties": { "area_m2": 5200.0 }, "geometry": { "type": "Polygon", "coordinates": [ [ [ 85.53143, 28.21091 ], [ 85.53408, 28.21094 ], [ 85.53408, 28.21076 ], [ 85.53143, 28.21073 ], [ 85.53143, 28.21091 ] ] ] } },
{ "type": "Feature", "properties": { "area_m2": 3600.0 }, "geometry": { "type": "Polygon", "coordinates": [ [ [ 85.48763, 28.21044 ], [ 85.48926, 28.21045 ], [ 85.48926, 28.21027 ], [ 85.48783, 28.21026 ], [ 85.48784, 28.21008 ], [ 85.48763, 28.21008 ], [ 85.48763, 28.21044 ] ] ] } },
{ "type": "Feature", "properties": { "area_m2": 4000.0 }, "geometry": { "type": "Polygon", "coordinates": [ [ [ 85.53408, 28.21076 ], [ 85.53429, 28.21076 ], [ 85.53429, 28.21058 ], [ 85.53592, 28.2106 ], [ 85.53592, 28.21042 ], [ 85.53409, 28.2104 ], [ 85.53408, 28.21076 ] ] ] } },
{ "type": "Feature", "properties": { "area_m2": 2400.0 }, "geometry": { "type": "Polygon", "coordinates": [ [ [ 85.4858, 28.20988 ], [ 85.48702, 28.20989 ], [ 85.48703, 28.20971 ], [ 85.4858, 28.20969 ], [ 85.4858, 28.20988 ] ] ] } },
{ "type": "Feature", "properties": { "area_m2": 3600.0 }, "geometry": { "type": "Polygon", "coordinates": [ [ [ 85.52409, 28.21156 ], [ 85.52429, 28.21156 ], [ 85.52431, 28.20993 ], [ 85.52411, 28.20993 ], [ 85.52409, 28.21156 ] ] ] } },
{ "type": "Feature", "properties": { "area_m2": 2000.0 }, "geometry": { "type": "Polygon", "coordinates": [ [ [ 85.29103, 28.20812 ], [ 85.29124, 28.20812 ], [ 85.29125, 28.20722 ], [ 85.29105, 28.20722 ], [ 85.29103, 28.20812 ] ] ] } },
{ "type": "Feature", "properties": { "area_m2": 9200.0 }, "geometry": { "type": "Polygon", "coordinates": [ [ [ 85.35434, 28.21179 ], [ 85.35455, 28.21179 ], [ 85.35461, 28.20764 ], [ 85.35441, 28.20764 ], [ 85.35434, 28.21179 ] ] ] } },
{ "type": "Feature", "properties": { "area_m2": 2800.0 }, "geometry": { "type": "Polygon", "coordinates": [ [ [ 85.551, 28.2104 ], [ 85.55161, 28.21041 ], [ 85.55162, 28.21005 ], [ 85.55202, 28.21005 ], [ 85.55203, 28.20987 ], [ 85.55142, 28.20986 ], [ 85.55141, 28.21022 ], [ 85.551, 28.21022 ], [ 85.551, 28.2104 ] ] ] } },
{ "type": "Feature", "properties": { "area_m2": 2000.0 }, "geometry": { "type": "Polygon", "coordinates": [ [ [ 85.55019, 28.21021 ], [ 85.551, 28.21022 ], [ 85.55101, 28.21004 ], [ 85.55039, 28.21003 ], [ 85.5504, 28.20985 ], [ 85.55019, 28.20985 ], [ 85.55019, 28.21021 ] ] ] } },
{ "type": "Feature", "properties": { "area_m2": 2400.0 }, "geometry": { "type": "Polygon", "coordinates": [ [ [ 85.52391, 28.20993 ], [ 85.52411, 28.20993 ], [ 85.52412, 28.20921 ], [ 85.52432, 28.20921 ], [ 85.52433, 28.20903 ], [ 85.52392, 28.20903 ], [ 85.52391, 28.20993 ] ] ] } },
{ "type": "Feature", "properties": { "area_m2": 4400.0 }, "geometry": { "type": "Polygon", "coordinates": [ [ [ 85.54408, 28.20979 ], [ 85.5449, 28.20979 ], [ 85.5449, 28.20943 ], [ 85.54592, 28.20944 ], [ 85.54592, 28.20926 ], [ 85.5447, 28.20925 ], [ 85.54469, 28.20961 ], [ 85.54408, 28.20961 ], [ 85.54408, 28.20979 ] ] ] } },
{ "type": "Feature", "properties": { "area_m2": 6400.0 }, "geometry": { "type": "Polygon", "coordinates": [ [ [ 85.54632, 28.20963 ], [ 85.54938, 28.20966 ], [ 85.54938, 28.20948 ], [ 85.54653, 28.20945 ], [ 85.54653, 28.20927 ], [ 85.54633, 28.20927 ], [ 85.54632, 28.20963 ] ] ] } },
{ "type": "Feature", "properties": { "area_m2": 4400.0 }, "geometry": { "type": "Polygon", "coordinates": [ [ [ 85.53716, 28.20953 ], [ 85.53879, 28.20955 ], [ 85.53879, 28.20919 ], [ 85.53899, 28.20919 ], [ 85.539, 28.20901 ], [ 85.53859, 28.20901 ], [ 85.53858, 28.20937 ], [ 85.53716, 28.20935 ], [ 85.53716, 28.20953 ] ] ] } },
{ "type": "Feature", "properties": { "area_m2": 2400.0 }, "geometry": { "type": "Polygon", "coordinates": [ [ [ 85.54327, 28.2096 ], [ 85.54408, 28.20961 ], [ 85.54409, 28.20942 ], [ 85.54347, 28.20942 ], [ 85.54348, 28.20906 ], [ 85.54328, 28.20906 ], [ 85.54327, 28.2096 ] ] ] } },
{ "type": "Feature", "properties": { "area_m2": 2000.0 }, "geometry": { "type": "Polygon", "coordinates": [ [ [ 85.539, 28.20901 ], [ 85.54002, 28.20902 ], [ 85.54002, 28.20884 ], [ 85.539, 28.20883 ], [ 85.539, 28.20901 ] ] ] } },
{ "type": "Feature", "properties": { "area_m2": 3200.0 }, "geometry": { "type": "Polygon", "coordinates": [ [ [ 85.54185, 28.20904 ], [ 85.54328, 28.20906 ], [ 85.54328, 28.20887 ], [ 85.54206, 28.20886 ], [ 85.54206, 28.20868 ], [ 85.54185, 28.20868 ], [ 85.54185, 28.20904 ] ] ] } },
{ "type": "Feature", "properties": { "area_m2": 5200.0 }, "geometry": { "type": "Polygon", "coordinates": [ [ [ 85.48479, 28.20914 ], [ 85.4852, 28.20897 ], [ 85.48522, 28.20806 ], [ 85.48562, 28.20807 ], [ 85.48563, 28.20789 ], [ 85.48501, 28.20788 ], [ 85.485, 28.20878 ], [ 85.4848, 28.20878 ], [ 85.4848, 28.20842 ], [ 85.4846, 28.20842 ], [ 85.48459, 28.20896 ], [ 85.4848, 28.20896 ], [ 85.48479, 28.20914 ] ] ] } },
{ "type": "Feature", "properties": { "area_m2": 2400.0 }, "geometry": { "type": "Polygon", "coordinates": [ [ [ 85.54063, 28.20867 ], [ 85.54185, 28.20868 ], [ 85.54186, 28.2085 ], [ 85.54063, 28.20849 ], [ 85.54063, 28.20867 ] ] ] } },
{ "type": "Feature", "properties": { "area_m2": 4000.0 }, "geometry": { "type": "Polygon", "coordinates": [ [ [ 85.35461, 28.20764 ], [ 85.35481, 28.20764 ], [ 85.35484, 28.20584 ], [ 85.35464, 28.20583 ], [ 85.35461, 28.20764 ] ] ] } },
{ "type": "Feature", "properties": { "area_m2": 4800.0 }, "geometry": { "type": "Polygon", "coordinates": [ [ [ 85.48277, 28.20822 ], [ 85.48379, 28.20823 ], [ 85.48379, 28.20805 ], [ 85.48297, 28.20804 ], [ 85.48298, 28.20768 ], [ 85.48237, 28.20767 ], [ 85.48237, 28.20731 ], [ 85.48217, 28.20731 ], [ 85.48216, 28.20785 ], [ 85.48277, 28.20786 ], [ 85.48277, 28.20822 ] ] ] } },
{ "type": "Feature", "properties": { "area_m2": 2000.0 }, "geometry": { "type": "Polygon", "coordinates": [ [ [ 85.48115, 28.2073 ], [ 85.48217, 28.20731 ], [ 85.48217, 28.20713 ], [ 85.48115, 28.20712 ], [ 85.48115, 28.2073 ] ] ] } },
{ "type": "Feature", "properties": { "area_m2": 8000.0 }, "geometry": { "type": "Polygon", "coordinates": [ [ [ 85.47607, 28.20652 ], [ 85.48014, 28.20656 ], [ 85.48015, 28.20638 ], [ 85.47607, 28.20634 ], [ 85.47607, 28.20652 ] ] ] } },
{ "type": "Feature", "properties": { "area_m2": 4800.0 }, "geometry": { "type": "Polygon", "coordinates": [ [ [ 85.29025, 28.20577 ], [ 85.29046, 28.20577 ], [ 85.29048, 28.20432 ], [ 85.29007, 28.20432 ], [ 85.29008, 28.20396 ], [ 85.28988, 28.20396 ], [ 85.28987, 28.2045 ], [ 85.29027, 28.2045 ], [ 85.29025, 28.20577 ] ] ] } },
{ "type": "Feature", "properties": { "area_m2": 5200.0 }, "geometry": { "type": "Polygon", "coordinates": [ [ [ 85.47342, 28.20631 ], [ 85.47607, 28.20634 ], [ 85.47607, 28.20616 ], [ 85.47342, 28.20613 ], [ 85.47342, 28.20631 ] ] ] } },
{ "type": "Feature", "properties": { "area_m2": 2800.0 }, "geometry": { "type": "Polygon", "coordinates": [ [ [ 85.35403, 28.20547 ], [ 85.35424, 28.20547 ], [ 85.35426, 28.2042 ], [ 85.35405, 28.2042 ], [ 85.35403, 28.20547 ] ] ] } },
{ "type": "Feature", "properties": { "area_m2": 2800.0 }, "geometry": { "type": "Polygon", "coordinates": [ [ [ 85.28967, 28.20395 ], [ 85.28988, 28.20396 ], [ 85.28989, 28.20323 ], [ 85.29009, 28.20324 ], [ 85.2901, 28.20288 ], [ 85.28969, 28.20305 ], [ 85.28967, 28.20395 ] ] ] } },
{ "type": "Feature", "properties": { "area_m2": 2000.0 }, "geometry": { "type": "Polygon", "coordinates": [ [ [ 85.36444, 28.20433 ], [ 85.36485, 28.20433 ], [ 85.36485, 28.20415 ], [ 85.36465, 28.20415 ], [ 85.36465, 28.20379 ], [ 85.36425, 28.20378 ], [ 85.36424, 28.20396 ], [ 85.36445, 28.20397 ], [ 85.36444, 28.20433 ] ] ] } },
{ "type": "Feature", "properties": { "area_m2": 2400.0 }, "geometry": { "type": "Polygon", "coordinates": [ [ [ 85.47079, 28.2052 ], [ 85.47181, 28.20521 ], [ 85.47181, 28.20503 ], [ 85.471, 28.20502 ], [ 85.471, 28.20484 ], [ 85.47079, 28.20483 ], [ 85.47079, 28.2052 ] ] ] } },
{ "type": "Feature", "properties": { "area_m2": 2800.0 }, "geometry": { "type": "Polygon", "coordinates": [ [ [ 85.36689, 28.20399 ], [ 85.3671, 28.204 ], [ 85.3671, 28.20364 ], [ 85.36771, 28.20364 ], [ 85.36772, 28.20328 ], [ 85.36751, 28.20328 ], [ 85.36751, 28.20346 ], [ 85.3669, 28.20345 ], [ 85.36689, 28.20399 ] ] ] } },
{ "type": "Feature", "properties": { "area_m2": 5600.0 }, "geometry": { "type": "Polygon", "coordinates": [ [ [ 85.3618, 28.20375 ], [ 85.36425, 28.20378 ], [ 85.36425, 28.2036 ], [ 85.36201, 28.20358 ], [ 85.36201, 28.20321 ], [ 85.36181, 28.20321 ], [ 85.3618, 28.20375 ] ] ] } },
{ "type": "Feature", "properties": { "area_m2": 8800.0 }, "geometry": { "type": "Polygon", "coordinates": [ [ [ 85.52413, 28.20849 ], [ 85.52433, 28.20849 ], [ 85.52439, 28.20452 ], [ 85.52418, 28.20452 ], [ 85.52413, 28.20849 ] ] ] } },
{ "type": "Feature", "properties": { "area_m2": 4800.0 }, "geometry": { "type": "Polygon", "coordinates": [ [ [ 85.36772, 28.20328 ], [ 85.36792, 28.20329 ], [ 85.36792, 28.2031 ], [ 85.36854, 28.20311 ], [ 85.36854, 28.20275 ], [ 85.36956, 28.20276 ], [ 85.36956, 28.20258 ], [ 85.36834, 28.20257 ], [ 85.36833, 28.20293 ], [ 85.36772, 28.20292 ], [ 85.36772, 28.20328 ] ] ] } },
{ "type": "Feature", "properties": { "area_m2": 2800.0 }, "geometry": { "type": "Polygon", "coordinates": [ [ [ 85.46836, 28.20409 ], [ 85.46897, 28.20409 ], [ 85.46897, 28.20391 ], [ 85.46857, 28.20391 ], [ 85.46857, 28.20355 ], [ 85.46796, 28.20354 ], [ 85.46796, 28.20372 ], [ 85.46837, 28.20372 ], [ 85.46836, 28.20409 ] ] ] } },
{ "type": "Feature", "properties": { "area_m2": 5200.0 }, "geometry": { "type": "Polygon", "coordinates": [ [ [ 85.36141, 28.20285 ], [ 85.36161, 28.20285 ], [ 85.36162, 28.20249 ], [ 85.35978, 28.20247 ], [ 85.35979, 28.2021 ], [ 85.35959, 28.2021 ], [ 85.35958, 28.20264 ], [ 85.36141, 28.20267 ], [ 85.36141, 28.20285 ] ] ] } },
{ "type": "Feature", "properties": { "area_m2": 3600.0 }, "geometry": { "type": "Polygon", "coordinates": [ [ [ 85.35325, 28.20347 ], [ 85.35345, 28.20347 ], [ 85.35348, 28.20185 ], [ 85.35327, 28.20185 ], [ 85.35325, 28.20347 ] ] ] } },
{ "type": "Feature", "properties": { "area_m2": 3600.0 }, "geometry": { "type": "Polygon", "coordinates": [ [ [ 85.36956, 28.20258 ], [ 85.37078, 28.2026 ], [ 85.37079, 28.20224 ], [ 85.37099, 28.20224 ], [ 85.371, 28.20206 ], [ 85.37059, 28.20205 ], [ 85.37058, 28.20241 ], [ 85.36956, 28.2024 ], [ 85.36956, 28.20258 ] ] ] } },
{ "type": "Feature", "properties": { "area_m2": 2800.0 }, "geometry": { "type": "Polygon", "coordinates": [ [ [ 85.371, 28.20206 ], [ 85.37242, 28.20208 ], [ 85.37243, 28.20189 ], [ 85.371, 28.20188 ], [ 85.371, 28.20206 ] ] ] } },
{ "type": "Feature", "properties": { "area_m2": 16000.0 }, "geometry": { "type": "Polygon", "coordinates": [ [ [ 85.35918, 28.2021 ], [ 85.35959, 28.2021 ], [ 85.35959, 28.20192 ], [ 85.35938, 28.20192 ], [ 85.35939, 28.20138 ], [ 85.35308, 28.20112 ], [ 85.35308, 28.20148 ], [ 85.35287, 28.20148 ], [ 85.35307, 28.20184 ], [ 85.35327, 28.20185 ], [ 85.35328, 28.2013 ], [ 85.35919, 28.20156 ], [ 85.35918, 28.2021 ] ] ] } },
{ "type": "Feature", "properties": { "area_m2": 3600.0 }, "geometry": { "type": "Polygon", "coordinates": [ [ [ 85.37243, 28.20189 ], [ 85.37324, 28.2019 ], [ 85.37325, 28.20136 ], [ 85.37366, 28.20137 ], [ 85.37366, 28.20119 ], [ 85.37305, 28.20118 ], [ 85.37304, 28.20172 ], [ 85.37243, 28.20171 ], [ 85.37243, 28.20189 ] ] ] } },
{ "type": "Feature", "properties": { "area_m2": 2400.0 }, "geometry": { "type": "Polygon", "coordinates": [ [ [ 85.46431, 28.20242 ], [ 85.46533, 28.20243 ], [ 85.46533, 28.20225 ], [ 85.46452, 28.20224 ], [ 85.46452, 28.20206 ], [ 85.46431, 28.20205 ], [ 85.46431, 28.20242 ] ] ] } },
{ "type": "Feature", "properties": { "area_m2": 4400.0 }, "geometry": { "type": "Polygon", "coordinates": [ [ [ 85.29011, 28.20179 ], [ 85.29032, 28.2018 ], [ 85.29035, 28.19981 ], [ 85.29015, 28.19981 ], [ 85.29011, 28.20179 ] ] ] } },
{ "type": "Feature", "properties": { "area_m2": 4800.0 }, "geometry": { "type": "Polygon", "coordinates": [ [ [ 85.37386, 28.20137 ], [ 85.37549, 28.20139 ], [ 85.3755, 28.20085 ], [ 85.37529, 28.20085 ], [ 85.37529, 28.20121 ], [ 85.37407, 28.20119 ], [ 85.37407, 28.20101 ], [ 85.37366, 28.20101 ], [ 85.37386, 28.20137 ] ] ] } },
{ "type": "Feature", "properties": { "area_m2": 2800.0 }, "geometry": { "type": "Polygon", "coordinates": [ [ [ 85.35267, 28.20148 ], [ 85.35287, 28.20148 ], [ 85.35289, 28.20022 ], [ 85.35269, 28.20021 ], [ 85.35267, 28.20148 ] ] ] } },
{ "type": "Feature", "properties": { "area_m2": 2000.0 }, "geometry": { "type": "Polygon", "coordinates": [ [ [ 85.46269, 28.20131 ], [ 85.4629, 28.20132 ], [ 85.46291, 28.20078 ], [ 85.46229, 28.20077 ], [ 85.46229, 28.20095 ], [ 85.4627, 28.20095 ], [ 85.46269, 28.20131 ] ] ] } },
{ "type": "Feature", "properties": { "area_m2": 2400.0 }, "geometry": { "type": "Polygon", "coordinates": [ [ [ 85.35248, 28.20021 ], [ 85.35269, 28.20021 ], [ 85.3527, 28.19913 ], [ 85.3525, 28.19913 ], [ 85.35248, 28.20021 ] ] ] } },
{ "type": "Feature", "properties": { "area_m2": 7200.0 }, "geometry": { "type": "Polygon", "coordinates": [ [ [ 85.46109, 28.19985 ], [ 85.4619, 28.19986 ], [ 85.4619, 28.19968 ], [ 85.46129, 28.19967 ], [ 85.46129, 28.19949 ], [ 85.45844, 28.19946 ], [ 85.45844, 28.19964 ], [ 85.46109, 28.19967 ], [ 85.46109, 28.19985 ] ] ] } },
{ "type": "Feature", "properties": { "area_m2": 4000.0 }, "geometry": { "type": "Polygon", "coordinates": [ [ [ 85.29118, 28.19874 ], [ 85.29138, 28.19874 ], [ 85.29141, 28.1973 ], [ 85.29161, 28.1973 ], [ 85.29161, 28.19712 ], [ 85.29121, 28.19711 ], [ 85.29118, 28.19874 ] ] ] } },
{ "type": "Feature", "properties": { "area_m2": 3200.0 }, "geometry": { "type": "Polygon", "coordinates": [ [ [ 85.45743, 28.19909 ], [ 85.45784, 28.19909 ], [ 85.45784, 28.19891 ], [ 85.45764, 28.19891 ], [ 85.45764, 28.19855 ], [ 85.45662, 28.19854 ], [ 85.45662, 28.19872 ], [ 85.45743, 28.19873 ], [ 85.45743, 28.19909 ] ] ] } },
{ "type": "Feature", "properties": { "area_m2": 2800.0 }, "geometry": { "type": "Polygon", "coordinates": [ [ [ 85.45582, 28.19745 ], [ 85.45603, 28.19745 ], [ 85.45603, 28.19691 ], [ 85.45502, 28.1969 ], [ 85.45501, 28.19708 ], [ 85.45583, 28.19709 ], [ 85.45582, 28.19745 ] ] ] } },
{ "type": "Feature", "properties": { "area_m2": 2000.0 }, "geometry": { "type": "Polygon", "coordinates": [ [ [ 85.45461, 28.19689 ], [ 85.45502, 28.1969 ], [ 85.45502, 28.19672 ], [ 85.45481, 28.19671 ], [ 85.45482, 28.19617 ], [ 85.45462, 28.19617 ], [ 85.45461, 28.19689 ] ] ] } },
{ "type": "Feature", "properties": { "area_m2": 3600.0 }, "geometry": { "type": "Polygon", "coordinates": [ [ [ 85.35051, 28.19604 ], [ 85.35071, 28.19604 ], [ 85.35074, 28.19442 ], [ 85.35054, 28.19441 ], [ 85.35051, 28.19604 ] ] ] } },
{ "type": "Feature", "properties": { "area_m2": 2400.0 }, "geometry": { "type": "Polygon", "coordinates": [ [ [ 85.45239, 28.19542 ], [ 85.45341, 28.19543 ], [ 85.45341, 28.19525 ], [ 85.45259, 28.19524 ], [ 85.4526, 28.19506 ], [ 85.45239, 28.19506 ], [ 85.45239, 28.19542 ] ] ] } },
{ "type": "Feature", "properties": { "area_m2": 5200.0 }, "geometry": { "type": "Polygon", "coordinates": [ [ [ 85.45219, 28.19506 ], [ 85.45239, 28.19506 ], [ 85.4524, 28.1947 ], [ 85.45158, 28.19469 ], [ 85.45159, 28.19433 ], [ 85.45037, 28.19432 ], [ 85.45036, 28.1945 ], [ 85.45138, 28.19451 ], [ 85.45138, 28.19487 ], [ 85.45219, 28.19488 ], [ 85.45219, 28.19506 ] ] ] } },
{ "type": "Feature", "properties": { "area_m2": 2000.0 }, "geometry": { "type": "Polygon", "coordinates": [ [ [ 85.34973, 28.1935 ], [ 85.34994, 28.1935 ], [ 85.34995, 28.1926 ], [ 85.34975, 28.1926 ], [ 85.34973, 28.1935 ] ] ] } },
{ "type": "Feature", "properties": { "area_m2": 2000.0 }, "geometry": { "type": "Polygon", "coordinates": [ [ [ 85.29577, 28.19176 ], [ 85.29679, 28.19177 ], [ 85.2968, 28.19159 ], [ 85.29578, 28.19158 ], [ 85.29577, 28.19176 ] ] ] } },
{ "type": "Feature", "properties": { "area_m2": 2400.0 }, "geometry": { "type": "Polygon", "coordinates": [ [ [ 85.2968, 28.19159 ], [ 85.29761, 28.1916 ], [ 85.29762, 28.19106 ], [ 85.29741, 28.19105 ], [ 85.29741, 28.19142 ], [ 85.2968, 28.19141 ], [ 85.2968, 28.19159 ] ] ] } },
{ "type": "Feature", "properties": { "area_m2": 2000.0 }, "geometry": { "type": "Polygon", "coordinates": [ [ [ 85.34875, 28.19132 ], [ 85.34895, 28.19133 ], [ 85.34897, 28.19042 ], [ 85.34876, 28.19042 ], [ 85.34875, 28.19132 ] ] ] } },
{ "type": "Feature", "properties": { "area_m2": 5600.0 }, "geometry": { "type": "Polygon", "coordinates": [ [ [ 85.44916, 28.1934 ], [ 85.44936, 28.1934 ], [ 85.44937, 28.1925 ], [ 85.44897, 28.1925 ], [ 85.44899, 28.19123 ], [ 85.44878, 28.19123 ], [ 85.44876, 28.19267 ], [ 85.44917, 28.19268 ], [ 85.44916, 28.1934 ] ] ] } },
{ "type": "Feature", "properties": { "area_m2": 2000.0 }, "geometry": { "type": "Polygon", "coordinates": [ [ [ 85.29908, 28.18873 ], [ 85.29929, 28.18873 ], [ 85.2993, 28.18783 ], [ 85.2991, 28.18783 ], [ 85.29908, 28.18873 ] ] ] } },
{ "type": "Feature", "properties": { "area_m2": 2000.0 }, "geometry": { "type": "Polygon", "coordinates": [ [ [ 85.34696, 28.18823 ], [ 85.34717, 28.18823 ], [ 85.34718, 28.18733 ], [ 85.34698, 28.18733 ], [ 85.34696, 28.18823 ] ] ] } },
{ "type": "Feature", "properties": { "area_m2": 2800.0 }, "geometry": { "type": "Polygon", "coordinates": [ [ [ 85.2993, 28.18783 ], [ 85.2995, 28.18783 ], [ 85.29952, 28.18657 ], [ 85.29932, 28.18657 ], [ 85.2993, 28.18783 ] ] ] } },
{ "type": "Feature", "properties": { "area_m2": 4000.0 }, "geometry": { "type": "Polygon", "coordinates": [ [ [ 85.44637, 28.18904 ], [ 85.44657, 28.18904 ], [ 85.44658, 28.18832 ], [ 85.44597, 28.18831 ], [ 85.44598, 28.18777 ], [ 85.44578, 28.18777 ], [ 85.44577, 28.18849 ], [ 85.44638, 28.18849 ], [ 85.44637, 28.18904 ] ] ] } },
{ "type": "Feature", "properties": { "area_m2": 2000.0 }, "geometry": { "type": "Polygon", "coordinates": [ [ [ 85.29952, 28.18657 ], [ 85.30013, 28.18658 ], [ 85.30014, 28.18603 ], [ 85.29994, 28.18603 ], [ 85.29993, 28.18639 ], [ 85.29953, 28.18639 ], [ 85.29952, 28.18657 ] ] ] } },
{ "type": "Feature", "properties": { "area_m2": 2000.0 }, "geometry": { "type": "Polygon", "coordinates": [ [ [ 85.34657, 28.18714 ], [ 85.34678, 28.18715 ], [ 85.34679, 28.18624 ], [ 85.34659, 28.18624 ], [ 85.34657, 28.18714 ] ] ] } },
{ "type": "Feature", "properties": { "area_m2": 2000.0 }, "geometry": { "type": "Polygon", "coordinates": [ [ [ 85.44457, 28.18685 ], [ 85.44477, 28.18685 ], [ 85.44478, 28.18595 ], [ 85.44458, 28.18595 ], [ 85.44457, 28.18685 ] ] ] } },
{ "type": "Feature", "properties": { "area_m2": 2400.0 }, "geometry": { "type": "Polygon", "coordinates": [ [ [ 85.30262, 28.18426 ], [ 85.30384, 28.18428 ], [ 85.30384, 28.18409 ], [ 85.30262, 28.18408 ], [ 85.30262, 28.18426 ] ] ] } },
{ "type": "Feature", "properties": { "area_m2": 2000.0 }, "geometry": { "type": "Polygon", "coordinates": [ [ [ 85.44438, 28.18594 ], [ 85.44458, 28.18595 ], [ 85.44458, 28.18559 ], [ 85.44377, 28.18558 ], [ 85.44377, 28.18576 ], [ 85.44438, 28.18576 ], [ 85.44438, 28.18594 ] ] ] } },
{ "type": "Feature", "properties": { "area_m2": 2000.0 }, "geometry": { "type": "Polygon", "coordinates": [ [ [ 85.30019, 28.18297 ], [ 85.30039, 28.18297 ], [ 85.3004, 28.18261 ], [ 85.29999, 28.1826 ], [ 85.3, 28.18242 ], [ 85.29979, 28.18242 ], [ 85.29979, 28.18278 ], [ 85.30019, 28.18279 ], [ 85.30019, 28.18297 ] ] ] } },
{ "type": "Feature", "properties": { "area_m2": 2400.0 }, "geometry": { "type": "Polygon", "coordinates": [ [ [ 85.44317, 28.18503 ], [ 85.44337, 28.18503 ], [ 85.44339, 28.18395 ], [ 85.44318, 28.18395 ], [ 85.44317, 28.18503 ] ] ] } },
{ "type": "Feature", "properties": { "area_m2": 2000.0 }, "geometry": { "type": "Polygon", "coordinates": [ [ [ 85.3059, 28.18268 ], [ 85.30651, 28.18268 ], [ 85.30652, 28.18214 ], [ 85.30632, 28.18214 ], [ 85.30631, 28.1825 ], [ 85.3059, 28.1825 ], [ 85.3059, 28.18268 ] ] ] } },
{ "type": "Feature", "properties": { "area_m2": 3600.0 }, "geometry": { "type": "Polygon", "coordinates": [ [ [ 85.29959, 28.18242 ], [ 85.29979, 28.18242 ], [ 85.29981, 28.18152 ], [ 85.29879, 28.18151 ], [ 85.29879, 28.18169 ], [ 85.2996, 28.1817 ], [ 85.29959, 28.18242 ] ] ] } },
{ "type": "Feature", "properties": { "area_m2": 5600.0 }, "geometry": { "type": "Polygon", "coordinates": [ [ [ 85.33728, 28.18198 ], [ 85.34013, 28.18201 ], [ 85.34014, 28.18183 ], [ 85.33728, 28.1818 ], [ 85.33728, 28.18198 ] ] ] } },
{ "type": "Feature", "properties": { "area_m2": 2400.0 }, "geometry": { "type": "Polygon", "coordinates": [ [ [ 85.30714, 28.18161 ], [ 85.30775, 28.18162 ], [ 85.30776, 28.18126 ], [ 85.30796, 28.18126 ], [ 85.30796, 28.18108 ], [ 85.30755, 28.18107 ], [ 85.30755, 28.18143 ], [ 85.30714, 28.18143 ], [ 85.30714, 28.18161 ] ] ] } },
{ "type": "Feature", "properties": { "area_m2": 3200.0 }, "geometry": { "type": "Polygon", "coordinates": [ [ [ 85.44278, 28.18376 ], [ 85.44298, 28.18376 ], [ 85.44299, 28.18304 ], [ 85.44258, 28.18304 ], [ 85.44259, 28.18268 ], [ 85.44239, 28.18267 ], [ 85.44238, 28.18321 ], [ 85.44279, 28.18322 ], [ 85.44278, 28.18376 ] ] ] } },
{ "type": "Feature", "properties": { "area_m2": 3600.0 }, "geometry": { "type": "Polygon", "coordinates": [ [ [ 85.34115, 28.18184 ], [ 85.34258, 28.18186 ], [ 85.34259, 28.18132 ], [ 85.34238, 28.18132 ], [ 85.34238, 28.18168 ], [ 85.34116, 28.18166 ], [ 85.34115, 28.18184 ] ] ] } },
{ "type": "Feature", "properties": { "area_m2": 2000.0 }, "geometry": { "type": "Polygon", "coordinates": [ [ [ 85.31856, 28.18103 ], [ 85.31957, 28.18104 ], [ 85.31958, 28.18086 ], [ 85.31856, 28.18085 ], [ 85.31856, 28.18103 ] ] ] } },
{ "type": "Feature", "properties": { "area_m2": 3200.0 }, "geometry": { "type": "Polygon", "coordinates": [ [ [ 85.33464, 28.18122 ], [ 85.33627, 28.18124 ], [ 85.33628, 28.18106 ], [ 85.33465, 28.18104 ], [ 85.33464, 28.18122 ] ] ] } },
{ "type": "Feature", "properties": { "area_m2": 4800.0 }, "geometry": { "type": "Polygon", "coordinates": [ [ [ 85.31428, 28.18061 ], [ 85.31673, 28.18064 ], [ 85.31673, 28.18046 ], [ 85.31429, 28.18043 ], [ 85.31428, 28.18061 ] ] ] } },
{ "type": "Feature", "properties": { "area_m2": 2400.0 }, "geometry": { "type": "Polygon", "coordinates": [ [ [ 85.33322, 28.18085 ], [ 85.33445, 28.18086 ], [ 85.33445, 28.18068 ], [ 85.33323, 28.18067 ], [ 85.33322, 28.18085 ] ] ] } },
{ "type": "Feature", "properties": { "area_m2": 2000.0 }, "geometry": { "type": "Polygon", "coordinates": [ [ [ 85.44259, 28.18268 ], [ 85.44279, 28.18268 ], [ 85.44281, 28.18178 ], [ 85.4426, 28.18177 ], [ 85.44259, 28.18268 ] ] ] } },
{ "type": "Feature", "properties": { "area_m2": 5600.0 }, "geometry": { "type": "Polygon", "coordinates": [ [ [ 85.31144, 28.1804 ], [ 85.31429, 28.18043 ], [ 85.31429, 28.18025 ], [ 85.31144, 28.18022 ], [ 85.31144, 28.1804 ] ] ] } },
{ "type": "Feature", "properties": { "area_m2": 2400.0 }, "geometry": { "type": "Polygon", "coordinates": [ [ [ 85.33201, 28.18065 ], [ 85.33323, 28.18067 ], [ 85.33323, 28.18049 ], [ 85.33201, 28.18047 ], [ 85.33201, 28.18065 ] ] ] } },
{ "type": "Feature", "properties": { "area_m2": 2400.0 }, "geometry": { "type": "Polygon", "coordinates": [ [ [ 85.31022, 28.1802 ], [ 85.31144, 28.18022 ], [ 85.31144, 28.18004 ], [ 85.31022, 28.18002 ], [ 85.31022, 28.1802 ] ] ] } },
{ "type": "Feature", "properties": { "area_m2": 4800.0 }, "geometry": { "type": "Polygon", "coordinates": [ [ [ 85.33119, 28.18064 ], [ 85.3318, 28.18065 ], [ 85.3318, 28.18047 ], [ 85.3314, 28.18046 ], [ 85.3314, 28.1801 ], [ 85.32977, 28.18008 ], [ 85.32977, 28.18026 ], [ 85.3312, 28.18028 ], [ 85.33119, 28.18064 ] ] ] } },
{ "type": "Feature", "properties": { "area_m2": 10800.0 }, "geometry": { "type": "Polygon", "coordinates": [ [ [ 85.32101, 28.18016 ], [ 85.32509, 28.18021 ], [ 85.32509, 28.17984 ], [ 85.32591, 28.17985 ], [ 85.32591, 28.17949 ], [ 85.32571, 28.17949 ], [ 85.32571, 28.17967 ], [ 85.32489, 28.17966 ], [ 85.32489, 28.18002 ], [ 85.32102, 28.17997 ], [ 85.32101, 28.18016 ] ] ] } },
{ "type": "Feature", "properties": { "area_m2": 2000.0 }, "geometry": { "type": "Polygon", "coordinates": [ [ [ 85.32815, 28.1797 ], [ 85.32917, 28.17971 ], [ 85.32917, 28.17953 ], [ 85.32815, 28.17952 ], [ 85.32815, 28.1797 ] ] ] } },
{ "type": "Feature", "properties": { "area_m2": 4400.0 }, "geometry": { "type": "Polygon", "coordinates": [ [ [ 85.32591, 28.17949 ], [ 85.32815, 28.17952 ], [ 85.32816, 28.17934 ], [ 85.32592, 28.17931 ], [ 85.32591, 28.17949 ] ] ] } },
{ "type": "Feature", "properties": { "area_m2": 2000.0 }, "geometry": { "type": "Polygon", "coordinates": [ [ [ 85.29537, 28.17894 ], [ 85.29598, 28.17894 ], [ 85.29598, 28.17876 ], [ 85.29557, 28.17876 ], [ 85.29558, 28.1784 ], [ 85.29537, 28.17839 ], [ 85.29537, 28.17894 ] ] ] } },
{ "type": "Feature", "properties": { "area_m2": 4000.0 }, "geometry": { "type": "Polygon", "coordinates": [ [ [ 85.29436, 28.17802 ], [ 85.29457, 28.17802 ], [ 85.29457, 28.17766 ], [ 85.29416, 28.17766 ], [ 85.29417, 28.1773 ], [ 85.29315, 28.17728 ], [ 85.29315, 28.17746 ], [ 85.29396, 28.17747 ], [ 85.29396, 28.17784 ], [ 85.29437, 28.17784 ], [ 85.29436, 28.17802 ] ] ] } },
{ "type": "Feature", "properties": { "area_m2": 3600.0 }, "geometry": { "type": "Polygon", "coordinates": [ [ [ 85.29234, 28.17727 ], [ 85.29315, 28.17728 ], [ 85.29315, 28.1771 ], [ 85.29254, 28.1771 ], [ 85.29255, 28.17673 ], [ 85.29173, 28.17672 ], [ 85.29173, 28.1769 ], [ 85.29234, 28.17691 ], [ 85.29234, 28.17727 ] ] ] } },
{ "type": "Feature", "properties": { "area_m2": 5600.0 }, "geometry": { "type": "Polygon", "coordinates": [ [ [ 85.441, 28.18013 ], [ 85.4412, 28.18013 ], [ 85.44121, 28.17977 ], [ 85.441, 28.17977 ], [ 85.44102, 28.17887 ], [ 85.44061, 28.17886 ], [ 85.44062, 28.17814 ], [ 85.44041, 28.17814 ], [ 85.4404, 28.17904 ], [ 85.44081, 28.17905 ], [ 85.4408, 28.17995 ], [ 85.441, 28.17995 ], [ 85.441, 28.18013 ] ] ] } },
{ "type": "Feature", "properties": { "area_m2": 2800.0 }, "geometry": { "type": "Polygon", "coordinates": [ [ [ 85.29153, 28.17672 ], [ 85.29173, 28.17672 ], [ 85.29174, 28.17618 ], [ 85.29113, 28.17618 ], [ 85.29114, 28.176 ], [ 85.29093, 28.17599 ], [ 85.29093, 28.17635 ], [ 85.29154, 28.17636 ], [ 85.29153, 28.17672 ] ] ] } },
{ "type": "Feature", "properties": { "area_m2": 3600.0 }, "geometry": { "type": "Polygon", "coordinates": [ [ [ 85.2498, 28.17511 ], [ 85.25, 28.17511 ], [ 85.25001, 28.17493 ], [ 85.25143, 28.17495 ], [ 85.25144, 28.17477 ], [ 85.24981, 28.17475 ], [ 85.2498, 28.17511 ] ] ] } },
{ "type": "Feature", "properties": { "area_m2": 4000.0 }, "geometry": { "type": "Polygon", "coordinates": [ [ [ 85.28951, 28.17561 ], [ 85.29053, 28.17563 ], [ 85.29053, 28.17545 ], [ 85.28972, 28.17544 ], [ 85.28973, 28.17453 ], [ 85.28953, 28.17453 ], [ 85.28951, 28.17561 ] ] ] } },
{ "type": "Feature", "properties": { "area_m2": 2000.0 }, "geometry": { "type": "Polygon", "coordinates": [ [ [ 85.43861, 28.17595 ], [ 85.43882, 28.17595 ], [ 85.43883, 28.17505 ], [ 85.43863, 28.17505 ], [ 85.43861, 28.17595 ] ] ] } },
{ "type": "Feature", "properties": { "area_m2": 3200.0 }, "geometry": { "type": "Polygon", "coordinates": [ [ [ 85.2533, 28.17263 ], [ 85.25351, 28.17263 ], [ 85.25352, 28.17191 ], [ 85.25311, 28.17191 ], [ 85.25312, 28.17154 ], [ 85.25291, 28.17154 ], [ 85.2529, 28.17208 ], [ 85.25331, 28.17209 ], [ 85.2533, 28.17263 ] ] ] } },
{ "type": "Feature", "properties": { "area_m2": 3200.0 }, "geometry": { "type": "Polygon", "coordinates": [ [ [ 85.25312, 28.17154 ], [ 85.25332, 28.17155 ], [ 85.25333, 28.17101 ], [ 85.25394, 28.17101 ], [ 85.25395, 28.17065 ], [ 85.25374, 28.17065 ], [ 85.25374, 28.17083 ], [ 85.25313, 28.17082 ], [ 85.25312, 28.17154 ] ] ] } },
{ "type": "Feature", "properties": { "area_m2": 6000.0 }, "geometry": { "type": "Polygon", "coordinates": [ [ [ 85.43802, 28.17486 ], [ 85.43843, 28.17487 ], [ 85.43843, 28.17469 ], [ 85.43822, 28.17468 ], [ 85.43824, 28.1736 ], [ 85.43783, 28.1736 ], [ 85.43785, 28.17269 ], [ 85.43764, 28.17269 ], [ 85.43763, 28.17377 ], [ 85.43803, 28.17378 ], [ 85.43802, 28.17486 ] ] ] } },
{ "type": "Feature", "properties": { "area_m2": 3600.0 }, "geometry": { "type": "Polygon", "coordinates": [ [ [ 85.25313, 28.17064 ], [ 85.25374, 28.17065 ], [ 85.25375, 28.17047 ], [ 85.25334, 28.17046 ], [ 85.25334, 28.1701 ], [ 85.25233, 28.17009 ], [ 85.25232, 28.17027 ], [ 85.25314, 28.17028 ], [ 85.25313, 28.17064 ] ] ] } },
{ "type": "Feature", "properties": { "area_m2": 30000.0 }, "geometry": { "type": "Polygon", "coordinates": [ [ [ 85.34277, 28.18295 ], [ 85.34297, 28.18295 ], [ 85.34302, 28.17988 ], [ 85.34281, 28.17988 ], [ 85.34295, 28.17086 ], [ 85.34275, 28.17085 ], [ 85.34259, 28.18132 ], [ 85.34279, 28.18132 ], [ 85.34277, 28.18295 ] ] ] } },
{ "type": "Feature", "properties": { "area_m2": 3600.0 }, "geometry": { "type": "Polygon", "coordinates": [ [ [ 85.25436, 28.17048 ], [ 85.25476, 28.17048 ], [ 85.25477, 28.17012 ], [ 85.25558, 28.17013 ], [ 85.25559, 28.16977 ], [ 85.25539, 28.16977 ], [ 85.25538, 28.16995 ], [ 85.25457, 28.16994 ], [ 85.25456, 28.1703 ], [ 85.25436, 28.1703 ], [ 85.25436, 28.17048 ] ] ] } },
{ "type": "Feature", "properties": { "area_m2": 2800.0 }, "geometry": { "type": "Polygon", "coordinates": [ [ [ 85.2509, 28.17007 ], [ 85.25151, 28.17008 ], [ 85.25151, 28.1699 ], [ 85.25111, 28.16989 ], [ 85.25111, 28.16953 ], [ 85.2505, 28.16953 ], [ 85.2505, 28.16971 ], [ 85.25091, 28.16971 ], [ 85.2509, 28.17007 ] ] ] } },
{ "type": "Feature", "properties": { "area_m2": 2800.0 }, "geometry": { "type": "Polygon", "coordinates": [ [ [ 85.25681, 28.16979 ], [ 85.25824, 28.1698 ], [ 85.25824, 28.16962 ], [ 85.25681, 28.16961 ], [ 85.25681, 28.16979 ] ] ] } },
{ "type": "Feature", "properties": { "area_m2": 3200.0 }, "geometry": { "type": "Polygon", "coordinates": [ [ [ 85.25824, 28.16962 ], [ 85.25987, 28.16964 ], [ 85.25987, 28.16946 ], [ 85.25824, 28.16944 ], [ 85.25824, 28.16962 ] ] ] } },
{ "type": "Feature", "properties": { "area_m2": 2000.0 }, "geometry": { "type": "Polygon", "coordinates": [ [ [ 85.26231, 28.16986 ], [ 85.26251, 28.16986 ], [ 85.26252, 28.1695 ], [ 85.26293, 28.1695 ], [ 85.26293, 28.16932 ], [ 85.26232, 28.16931 ], [ 85.26231, 28.16986 ] ] ] } },
{ "type": "Feature", "properties": { "area_m2": 2400.0 }, "geometry": { "type": "Polygon", "coordinates": [ [ [ 85.43724, 28.17215 ], [ 85.43745, 28.17215 ], [ 85.43746, 28.17106 ], [ 85.43726, 28.17106 ], [ 85.43724, 28.17215 ] ] ] } },
{ "type": "Feature", "properties": { "area_m2": 2000.0 }, "geometry": { "type": "Polygon", "coordinates": [ [ [ 85.28492, 28.1696 ], [ 85.28513, 28.1696 ], [ 85.28513, 28.16924 ], [ 85.28432, 28.16923 ], [ 85.28431, 28.16941 ], [ 85.28493, 28.16942 ], [ 85.28492, 28.1696 ] ] ] } },
{ "type": "Feature", "properties": { "area_m2": 2400.0 }, "geometry": { "type": "Polygon", "coordinates": [ [ [ 85.34234, 28.17067 ], [ 85.34255, 28.17067 ], [ 85.34257, 28.16959 ], [ 85.34236, 28.16959 ], [ 85.34234, 28.17067 ] ] ] } },
{ "type": "Feature", "properties": { "area_m2": 3200.0 }, "geometry": { "type": "Polygon", "coordinates": [ [ [ 85.26457, 28.16862 ], [ 85.2662, 28.16864 ], [ 85.2662, 28.16846 ], [ 85.26457, 28.16844 ], [ 85.26457, 28.16862 ] ] ] } },
{ "type": "Feature", "properties": { "area_m2": 2000.0 }, "geometry": { "type": "Polygon", "coordinates": [ [ [ 85.26356, 28.16843 ], [ 85.26457, 28.16844 ], [ 85.26458, 28.16826 ], [ 85.26356, 28.16825 ], [ 85.26356, 28.16843 ] ] ] } },
{ "type": "Feature", "properties": { "area_m2": 2000.0 }, "geometry": { "type": "Polygon", "coordinates": [ [ [ 85.43705, 28.17106 ], [ 85.43726, 28.17106 ], [ 85.43727, 28.17016 ], [ 85.43707, 28.17016 ], [ 85.43705, 28.17106 ] ] ] } },
{ "type": "Feature", "properties": { "area_m2": 2400.0 }, "geometry": { "type": "Polygon", "coordinates": [ [ [ 85.2662, 28.16846 ], [ 85.26702, 28.16847 ], [ 85.26703, 28.16793 ], [ 85.26682, 28.16793 ], [ 85.26682, 28.16829 ], [ 85.26621, 28.16828 ], [ 85.2662, 28.16846 ] ] ] } },
{ "type": "Feature", "properties": { "area_m2": 2800.0 }, "geometry": { "type": "Polygon", "coordinates": [ [ [ 85.2831, 28.16867 ], [ 85.28372, 28.16868 ], [ 85.28372, 28.1685 ], [ 85.28331, 28.1685 ], [ 85.28332, 28.16814 ], [ 85.28271, 28.16813 ], [ 85.2827, 28.16831 ], [ 85.28311, 28.16831 ], [ 85.2831, 28.16867 ] ] ] } },
{ "type": "Feature", "properties": { "area_m2": 5600.0 }, "geometry": { "type": "Polygon", "coordinates": [ [ [ 85.27985, 28.16809 ], [ 85.28271, 28.16813 ], [ 85.28271, 28.16795 ], [ 85.27986, 28.16791 ], [ 85.27985, 28.16809 ] ] ] } },
{ "type": "Feature", "properties": { "area_m2": 2400.0 }, "geometry": { "type": "Polygon", "coordinates": [ [ [ 85.34257, 28.16959 ], [ 85.34277, 28.16959 ], [ 85.34279, 28.16851 ], [ 85.34258, 28.16851 ], [ 85.34257, 28.16959 ] ] ] } },
{ "type": "Feature", "properties": { "area_m2": 4000.0 }, "geometry": { "type": "Polygon", "coordinates": [ [ [ 85.26703, 28.16793 ], [ 85.26804, 28.16794 ], [ 85.26805, 28.16758 ], [ 85.26866, 28.16759 ], [ 85.26866, 28.16741 ], [ 85.26785, 28.1674 ], [ 85.26784, 28.16776 ], [ 85.26703, 28.16775 ], [ 85.26703, 28.16793 ] ] ] } },
{ "type": "Feature", "properties": { "area_m2": 2000.0 }, "geometry": { "type": "Polygon", "coordinates": [ [ [ 85.43686, 28.17016 ], [ 85.43707, 28.17016 ], [ 85.43708, 28.16926 ], [ 85.43688, 28.16925 ], [ 85.43686, 28.17016 ] ] ] } },
{ "type": "Feature", "properties": { "area_m2": 5600.0 }, "geometry": { "type": "Polygon", "coordinates": [ [ [ 85.27823, 28.16789 ], [ 85.27986, 28.16791 ], [ 85.27986, 28.16773 ], [ 85.27844, 28.16771 ], [ 85.27844, 28.16735 ], [ 85.27742, 28.16734 ], [ 85.27742, 28.16752 ], [ 85.27823, 28.16753 ], [ 85.27823, 28.16789 ] ] ] } },
{ "type": "Feature", "properties": { "area_m2": 3200.0 }, "geometry": { "type": "Polygon", "coordinates": [ [ [ 85.27579, 28.16732 ], [ 85.27742, 28.16734 ], [ 85.27743, 28.16716 ], [ 85.2758, 28.16714 ], [ 85.27579, 28.16732 ] ] ] } },
{ "type": "Feature", "properties": { "area_m2": 2400.0 }, "geometry": { "type": "Polygon", "coordinates": [ [ [ 85.26968, 28.16742 ], [ 85.27009, 28.16743 ], [ 85.27009, 28.16707 ], [ 85.2705, 28.16707 ], [ 85.27051, 28.16689 ], [ 85.26989, 28.16688 ], [ 85.26989, 28.16724 ], [ 85.26968, 28.16724 ], [ 85.26968, 28.16742 ] ] ] } },
{ "type": "Feature", "properties": { "area_m2": 2400.0 }, "geometry": { "type": "Polygon", "coordinates": [ [ [ 85.34238, 28.1685 ], [ 85.34258, 28.16851 ], [ 85.3426, 28.16742 ], [ 85.34239, 28.16742 ], [ 85.34238, 28.1685 ] ] ] } },
{ "type": "Feature", "properties": { "area_m2": 3200.0 }, "geometry": { "type": "Polygon", "coordinates": [ [ [ 85.27092, 28.16672 ], [ 85.27254, 28.16674 ], [ 85.27255, 28.16656 ], [ 85.27092, 28.16654 ], [ 85.27092, 28.16672 ] ] ] } },
{ "type": "Feature", "properties": { "area_m2": 2000.0 }, "geometry": { "type": "Polygon", "coordinates": [ [ [ 85.27377, 28.16675 ], [ 85.27478, 28.16677 ], [ 85.27479, 28.16658 ], [ 85.27377, 28.16657 ], [ 85.27377, 28.16675 ] ] ] } },
{ "type": "Feature", "properties": { "area_m2": 2400.0 }, "geometry": { "type": "Polygon", "coordinates": [ [ [ 85.27255, 28.16656 ], [ 85.27377, 28.16657 ], [ 85.27377, 28.16639 ], [ 85.27255, 28.16638 ], [ 85.27255, 28.16656 ] ] ] } },
{ "type": "Feature", "properties": { "area_m2": 4400.0 }, "geometry": { "type": "Polygon", "coordinates": [ [ [ 85.3426, 28.16742 ], [ 85.34321, 28.16743 ], [ 85.34323, 28.16599 ], [ 85.34282, 28.16598 ], [ 85.34282, 28.16616 ], [ 85.34303, 28.16616 ], [ 85.34301, 28.16725 ], [ 85.3426, 28.16724 ], [ 85.3426, 28.16742 ] ] ] } },
{ "type": "Feature", "properties": { "area_m2": 10000.0 }, "geometry": { "type": "Polygon", "coordinates": [ [ [ 85.43667, 28.16925 ], [ 85.43688, 28.16925 ], [ 85.43688, 28.16889 ], [ 85.4377, 28.1689 ], [ 85.43773, 28.16692 ], [ 85.43895, 28.16693 ], [ 85.43895, 28.16675 ], [ 85.43752, 28.16673 ], [ 85.4375, 28.16872 ], [ 85.43648, 28.16871 ], [ 85.43648, 28.16889 ], [ 85.43668, 28.16889 ], [ 85.43667, 28.16925 ] ] ] } },
{ "type": "Feature", "properties": { "area_m2": 2000.0 }, "geometry": { "type": "Polygon", "coordinates": [ [ [ 85.34242, 28.16598 ], [ 85.34282, 28.16598 ], [ 85.34283, 28.1658 ], [ 85.34262, 28.1658 ], [ 85.34263, 28.16526 ], [ 85.34243, 28.16525 ], [ 85.34242, 28.16598 ] ] ] } },
{ "type": "Feature", "properties": { "area_m2": 2400.0 }, "geometry": { "type": "Polygon", "coordinates": [ [ [ 85.43467, 28.16706 ], [ 85.43487, 28.16706 ], [ 85.43488, 28.1667 ], [ 85.43467, 28.1667 ], [ 85.43468, 28.16634 ], [ 85.43427, 28.16634 ], [ 85.43467, 28.16706 ] ] ] } },
{ "type": "Feature", "properties": { "area_m2": 3600.0 }, "geometry": { "type": "Polygon", "coordinates": [ [ [ 85.43895, 28.16675 ], [ 85.44017, 28.16676 ], [ 85.44018, 28.1664 ], [ 85.44038, 28.1664 ], [ 85.44038, 28.16622 ], [ 85.43998, 28.16622 ], [ 85.43997, 28.16658 ], [ 85.43895, 28.16657 ], [ 85.43895, 28.16675 ] ] ] } },
{ "type": "Feature", "properties": { "area_m2": 2800.0 }, "geometry": { "type": "Polygon", "coordinates": [ [ [ 85.3404, 28.16451 ], [ 85.34183, 28.16453 ], [ 85.34183, 28.16434 ], [ 85.34041, 28.16433 ], [ 85.3404, 28.16451 ] ] ] } },
{ "type": "Feature", "properties": { "area_m2": 4400.0 }, "geometry": { "type": "Polygon", "coordinates": [ [ [ 85.44079, 28.16605 ], [ 85.441, 28.16605 ], [ 85.441, 28.16587 ], [ 85.44161, 28.16588 ], [ 85.44162, 28.16552 ], [ 85.44243, 28.16553 ], [ 85.44243, 28.16535 ], [ 85.44142, 28.16533 ], [ 85.44141, 28.16569 ], [ 85.4408, 28.16569 ], [ 85.44079, 28.16605 ] ] ] } },
{ "type": "Feature", "properties": { "area_m2": 2800.0 }, "geometry": { "type": "Polygon", "coordinates": [ [ [ 85.34183, 28.16434 ], [ 85.34203, 28.16435 ], [ 85.34204, 28.16417 ], [ 85.34245, 28.16417 ], [ 85.34245, 28.16399 ], [ 85.34286, 28.164 ], [ 85.34286, 28.16382 ], [ 85.34225, 28.16381 ], [ 85.34224, 28.16399 ], [ 85.34184, 28.16398 ], [ 85.34183, 28.16434 ] ] ] } },
{ "type": "Feature", "properties": { "area_m2": 4400.0 }, "geometry": { "type": "Polygon", "coordinates": [ [ [ 85.43386, 28.16633 ], [ 85.43427, 28.16634 ], [ 85.43427, 28.16615 ], [ 85.43407, 28.16615 ], [ 85.43408, 28.16525 ], [ 85.43368, 28.16525 ], [ 85.43368, 28.16488 ], [ 85.43348, 28.16488 ], [ 85.43347, 28.16542 ], [ 85.43388, 28.16543 ], [ 85.43386, 28.16633 ] ] ] } },
{ "type": "Feature", "properties": { "area_m2": 2800.0 }, "geometry": { "type": "Polygon", "coordinates": [ [ [ 85.44243, 28.16535 ], [ 85.44325, 28.16535 ], [ 85.44325, 28.16499 ], [ 85.44346, 28.165 ], [ 85.44346, 28.16482 ], [ 85.44305, 28.16481 ], [ 85.44305, 28.16517 ], [ 85.44244, 28.16516 ], [ 85.44243, 28.16535 ] ] ] } },
{ "type": "Feature", "properties": { "area_m2": 3600.0 }, "geometry": { "type": "Polygon", "coordinates": [ [ [ 85.34306, 28.16364 ], [ 85.34408, 28.16365 ], [ 85.34409, 28.16329 ], [ 85.3445, 28.16329 ], [ 85.3445, 28.16311 ], [ 85.34389, 28.16311 ], [ 85.34388, 28.16347 ], [ 85.34307, 28.16346 ], [ 85.34306, 28.16364 ] ] ] } },
{ "type": "Feature", "properties": { "area_m2": 2000.0 }, "geometry": { "type": "Polygon", "coordinates": [ [ [ 85.34491, 28.16294 ], [ 85.34511, 28.16294 ], [ 85.34511, 28.16276 ], [ 85.34573, 28.16277 ], [ 85.34573, 28.16259 ], [ 85.34491, 28.16258 ], [ 85.34491, 28.16294 ] ] ] } },
{ "type": "Feature", "properties": { "area_m2": 6000.0 }, "geometry": { "type": "Polygon", "coordinates": [ [ [ 85.44592, 28.16394 ], [ 85.44714, 28.16395 ], [ 85.44714, 28.16359 ], [ 85.44857, 28.16361 ], [ 85.44857, 28.16343 ], [ 85.44694, 28.16341 ], [ 85.44694, 28.16377 ], [ 85.44592, 28.16376 ], [ 85.44592, 28.16394 ] ] ] } },
{ "type": "Feature", "properties": { "area_m2": 2000.0 }, "geometry": { "type": "Polygon", "coordinates": [ [ [ 85.45936, 28.16373 ], [ 85.46038, 28.16374 ], [ 85.46038, 28.16356 ], [ 85.45936, 28.16355 ], [ 85.45936, 28.16373 ] ] ] } },
{ "type": "Feature", "properties": { "area_m2": 2000.0 }, "geometry": { "type": "Polygon", "coordinates": [ [ [ 85.34573, 28.16259 ], [ 85.34634, 28.16259 ], [ 85.34635, 28.16205 ], [ 85.34614, 28.16205 ], [ 85.34614, 28.16241 ], [ 85.34573, 28.16241 ], [ 85.34573, 28.16259 ] ] ] } },
{ "type": "Feature", "properties": { "area_m2": 2400.0 }, "geometry": { "type": "Polygon", "coordinates": [ [ [ 85.46038, 28.16392 ], [ 85.46079, 28.16393 ], [ 85.46079, 28.16357 ], [ 85.4612, 28.16357 ], [ 85.4612, 28.16339 ], [ 85.46059, 28.16338 ], [ 85.46058, 28.16375 ], [ 85.46038, 28.16374 ], [ 85.46038, 28.16392 ] ] ] } },
{ "type": "Feature", "properties": { "area_m2": 6000.0 }, "geometry": { "type": "Polygon", "coordinates": [ [ [ 85.45651, 28.16352 ], [ 85.45936, 28.16355 ], [ 85.45937, 28.16337 ], [ 85.45672, 28.16334 ], [ 85.45672, 28.16316 ], [ 85.45652, 28.16316 ], [ 85.45651, 28.16352 ] ] ] } },
{ "type": "Feature", "properties": { "area_m2": 3200.0 }, "geometry": { "type": "Polygon", "coordinates": [ [ [ 85.46385, 28.16342 ], [ 85.46548, 28.16344 ], [ 85.46548, 28.16326 ], [ 85.46385, 28.16324 ], [ 85.46385, 28.16342 ] ] ] } },
{ "type": "Feature", "properties": { "area_m2": 3600.0 }, "geometry": { "type": "Polygon", "coordinates": [ [ [ 85.43247, 28.16397 ], [ 85.43268, 28.16397 ], [ 85.43268, 28.16361 ], [ 85.43227, 28.1636 ], [ 85.43229, 28.1627 ], [ 85.43208, 28.1627 ], [ 85.43207, 28.16378 ], [ 85.43248, 28.16379 ], [ 85.43247, 28.16397 ] ] ] } },
{ "type": "Feature", "properties": { "area_m2": 2000.0 }, "geometry": { "type": "Polygon", "coordinates": [ [ [ 85.44878, 28.16325 ], [ 85.44898, 28.16325 ], [ 85.44898, 28.16307 ], [ 85.44959, 28.16308 ], [ 85.4496, 28.1629 ], [ 85.44878, 28.16289 ], [ 85.44878, 28.16325 ] ] ] } },
{ "type": "Feature", "properties": { "area_m2": 4000.0 }, "geometry": { "type": "Polygon", "coordinates": [ [ [ 85.46181, 28.16322 ], [ 85.46385, 28.16324 ], [ 85.46385, 28.16306 ], [ 85.46182, 28.16304 ], [ 85.46181, 28.16322 ] ] ] } },
{ "type": "Feature", "properties": { "area_m2": 3200.0 }, "geometry": { "type": "Polygon", "coordinates": [ [ [ 85.33778, 28.16267 ], [ 85.33799, 28.16267 ], [ 85.33801, 28.16123 ], [ 85.33781, 28.16123 ], [ 85.33778, 28.16267 ] ] ] } },
{ "type": "Feature", "properties": { "area_m2": 3600.0 }, "geometry": { "type": "Polygon", "coordinates": [ [ [ 85.45021, 28.16273 ], [ 85.45204, 28.16275 ], [ 85.45205, 28.16257 ], [ 85.45021, 28.16255 ], [ 85.45021, 28.16273 ] ] ] } },
{ "type": "Feature", "properties": { "area_m2": 2400.0 }, "geometry": { "type": "Polygon", "coordinates": [ [ [ 85.45205, 28.16257 ], [ 85.45327, 28.16258 ], [ 85.45327, 28.1624 ], [ 85.45205, 28.16239 ], [ 85.45205, 28.16257 ] ] ] } },
{ "type": "Feature", "properties": { "area_m2": 3200.0 }, "geometry": { "type": "Polygon", "coordinates": [ [ [ 85.45347, 28.16258 ], [ 85.4551, 28.1626 ], [ 85.4551, 28.16242 ], [ 85.45347, 28.1624 ], [ 85.45347, 28.16258 ] ] ] } },
{ "type": "Feature", "properties": { "area_m2": 2000.0 }, "geometry": { "type": "Polygon", "coordinates": [ [ [ 85.3372, 28.16068 ], [ 85.33741, 28.16068 ], [ 85.33741, 28.16032 ], [ 85.33701, 28.16032 ], [ 85.33701, 28.16013 ], [ 85.3368, 28.16013 ], [ 85.3368, 28.16049 ], [ 85.33721, 28.1605 ], [ 85.3372, 28.16068 ] ] ] } },
{ "type": "Feature", "properties": { "area_m2": 3200.0 }, "geometry": { "type": "Polygon", "coordinates": [ [ [ 85.43168, 28.16215 ], [ 85.43189, 28.16216 ], [ 85.43191, 28.16089 ], [ 85.4317, 28.16089 ], [ 85.43169, 28.16179 ], [ 85.43149, 28.16179 ], [ 85.43168, 28.16215 ] ] ] } },
{ "type": "Feature", "properties": { "area_m2": 2000.0 }, "geometry": { "type": "Polygon", "coordinates": [ [ [ 85.348, 28.16063 ], [ 85.3482, 28.16063 ], [ 85.34821, 28.16009 ], [ 85.34841, 28.16009 ], [ 85.34842, 28.15991 ], [ 85.34801, 28.15991 ], [ 85.348, 28.16063 ] ] ] } },
{ "type": "Feature", "properties": { "area_m2": 4000.0 }, "geometry": { "type": "Polygon", "coordinates": [ [ [ 85.43027, 28.16124 ], [ 85.43048, 28.16124 ], [ 85.43048, 28.16088 ], [ 85.42967, 28.16087 ], [ 85.42967, 28.16051 ], [ 85.42906, 28.1605 ], [ 85.42906, 28.16068 ], [ 85.42947, 28.16068 ], [ 85.42946, 28.16105 ], [ 85.43028, 28.16105 ], [ 85.43027, 28.16124 ] ] ] } },
{ "type": "Feature", "properties": { "area_m2": 2400.0 }, "geometry": { "type": "Polygon", "coordinates": [ [ [ 85.43191, 28.16089 ], [ 85.43211, 28.1609 ], [ 85.43213, 28.15981 ], [ 85.43192, 28.15981 ], [ 85.43191, 28.16089 ] ] ] } },
{ "type": "Feature", "properties": { "area_m2": 2400.0 }, "geometry": { "type": "Polygon", "coordinates": [ [ [ 85.33316, 28.15846 ], [ 85.33439, 28.15848 ], [ 85.33439, 28.1583 ], [ 85.33317, 28.15828 ], [ 85.33316, 28.15846 ] ] ] } },
{ "type": "Feature", "properties": { "area_m2": 2000.0 }, "geometry": { "type": "Polygon", "coordinates": [ [ [ 85.42623, 28.15938 ], [ 85.42704, 28.15939 ], [ 85.42704, 28.15921 ], [ 85.42643, 28.15921 ], [ 85.42644, 28.15903 ], [ 85.42623, 28.15902 ], [ 85.42623, 28.15938 ] ] ] } },
{ "type": "Feature", "properties": { "area_m2": 3200.0 }, "geometry": { "type": "Polygon", "coordinates": [ [ [ 85.43295, 28.15946 ], [ 85.43356, 28.15947 ], [ 85.43357, 28.15839 ], [ 85.43337, 28.15838 ], [ 85.43336, 28.15929 ], [ 85.43295, 28.15928 ], [ 85.43295, 28.15946 ] ] ] } },
{ "type": "Feature", "properties": { "area_m2": 2000.0 }, "geometry": { "type": "Polygon", "coordinates": [ [ [ 85.35049, 28.15777 ], [ 85.35069, 28.15777 ], [ 85.3507, 28.15723 ], [ 85.3509, 28.15723 ], [ 85.3509, 28.15705 ], [ 85.3505, 28.15705 ], [ 85.35049, 28.15777 ] ] ] } },
{ "type": "Feature", "properties": { "area_m2": 2800.0 }, "geometry": { "type": "Polygon", "coordinates": [ [ [ 85.41872, 28.15749 ], [ 85.42014, 28.15751 ], [ 85.42015, 28.15733 ], [ 85.41872, 28.15731 ], [ 85.41872, 28.15749 ] ] ] } },
{ "type": "Feature", "properties": { "area_m2": 2400.0 }, "geometry": { "type": "Polygon", "coordinates": [ [ [ 85.43378, 28.15821 ], [ 85.43398, 28.15821 ], [ 85.43399, 28.15785 ], [ 85.43378, 28.15785 ], [ 85.43379, 28.1573 ], [ 85.43359, 28.1573 ], [ 85.43358, 28.15802 ], [ 85.43378, 28.15803 ], [ 85.43378, 28.15821 ] ] ] } },
{ "type": "Feature", "properties": { "area_m2": 5600.0 }, "geometry": { "type": "Polygon", "coordinates": [ [ [ 85.41587, 28.15728 ], [ 85.41872, 28.15731 ], [ 85.41872, 28.15713 ], [ 85.41587, 28.1571 ], [ 85.41587, 28.15728 ] ] ] } },
{ "type": "Feature", "properties": { "area_m2": 2800.0 }, "geometry": { "type": "Polygon", "coordinates": [ [ [ 85.42015, 28.15733 ], [ 85.42157, 28.15734 ], [ 85.42157, 28.15716 ], [ 85.42015, 28.15715 ], [ 85.42015, 28.15733 ] ] ] } },
{ "type": "Feature", "properties": { "area_m2": 2400.0 }, "geometry": { "type": "Polygon", "coordinates": [ [ [ 85.42178, 28.15735 ], [ 85.423, 28.15736 ], [ 85.423, 28.15718 ], [ 85.42178, 28.15717 ], [ 85.42178, 28.15735 ] ] ] } },
{ "type": "Feature", "properties": { "area_m2": 6000.0 }, "geometry": { "type": "Polygon", "coordinates": [ [ [ 85.41282, 28.15706 ], [ 85.41587, 28.1571 ], [ 85.41588, 28.15692 ], [ 85.41282, 28.15688 ], [ 85.41282, 28.15706 ] ] ] } },
{ "type": "Feature", "properties": { "area_m2": 3200.0 }, "geometry": { "type": "Polygon", "coordinates": [ [ [ 85.4118, 28.15687 ], [ 85.41282, 28.15688 ], [ 85.41282, 28.1567 ], [ 85.41201, 28.15669 ], [ 85.41201, 28.15633 ], [ 85.41161, 28.15633 ], [ 85.4116, 28.15651 ], [ 85.41181, 28.15651 ], [ 85.4118, 28.15687 ] ] ] } },
{ "type": "Feature", "properties": { "area_m2": 2400.0 }, "geometry": { "type": "Polygon", "coordinates": [ [ [ 85.35235, 28.15599 ], [ 85.35255, 28.15599 ], [ 85.35255, 28.15581 ], [ 85.35296, 28.15581 ], [ 85.35317, 28.15546 ], [ 85.35235, 28.15563 ], [ 85.35235, 28.15599 ] ] ] } },
{ "type": "Feature", "properties": { "area_m2": 3600.0 }, "geometry": { "type": "Polygon", "coordinates": [ [ [ 85.41018, 28.15631 ], [ 85.41161, 28.15633 ], [ 85.41161, 28.15615 ], [ 85.41039, 28.15613 ], [ 85.41039, 28.15577 ], [ 85.41019, 28.15577 ], [ 85.41018, 28.15631 ] ] ] } },
{ "type": "Feature", "properties": { "area_m2": 2400.0 }, "geometry": { "type": "Polygon", "coordinates": [ [ [ 85.40897, 28.15575 ], [ 85.41019, 28.15577 ], [ 85.41019, 28.15559 ], [ 85.40897, 28.15557 ], [ 85.40897, 28.15575 ] ] ] } },
{ "type": "Feature", "properties": { "area_m2": 2800.0 }, "geometry": { "type": "Polygon", "coordinates": [ [ [ 85.43422, 28.15623 ], [ 85.43523, 28.15624 ], [ 85.43524, 28.1557 ], [ 85.43504, 28.15569 ], [ 85.43503, 28.15606 ], [ 85.43422, 28.15605 ], [ 85.43422, 28.15623 ] ] ] } },
{ "type": "Feature", "properties": { "area_m2": 4800.0 }, "geometry": { "type": "Polygon", "coordinates": [ [ [ 85.39594, 28.15542 ], [ 85.39838, 28.15545 ], [ 85.39838, 28.15527 ], [ 85.39594, 28.15524 ], [ 85.39594, 28.15542 ] ] ] } },
{ "type": "Feature", "properties": { "area_m2": 2400.0 }, "geometry": { "type": "Polygon", "coordinates": [ [ [ 85.40673, 28.15555 ], [ 85.40795, 28.15556 ], [ 85.40796, 28.15538 ], [ 85.40673, 28.15537 ], [ 85.40673, 28.15555 ] ] ] } },
{ "type": "Feature", "properties": { "area_m2": 8000.0 }, "geometry": { "type": "Polygon", "coordinates": [ [ [ 85.4234, 28.15791 ], [ 85.42401, 28.15791 ], [ 85.42401, 28.15773 ], [ 85.42381, 28.15773 ], [ 85.42384, 28.15557 ], [ 85.42465, 28.15558 ], [ 85.42466, 28.15539 ], [ 85.42364, 28.15538 ], [ 85.4236, 28.15773 ], [ 85.4234, 28.15773 ], [ 85.4234, 28.15791 ] ] ] } },
{ "type": "Feature", "properties": { "area_m2": 11600.0 }, "geometry": { "type": "Polygon", "coordinates": [ [ [ 85.40083, 28.1553 ], [ 85.40673, 28.15537 ], [ 85.40674, 28.15519 ], [ 85.40083, 28.15512 ], [ 85.40083, 28.1553 ] ] ] } },
{ "type": "Feature", "properties": { "area_m2": 3200.0 }, "geometry": { "type": "Polygon", "coordinates": [ [ [ 85.39411, 28.15504 ], [ 85.39574, 28.15506 ], [ 85.39574, 28.15488 ], [ 85.39411, 28.15486 ], [ 85.39411, 28.15504 ] ] ] } },
{ "type": "Feature", "properties": { "area_m2": 4400.0 }, "geometry": { "type": "Polygon", "coordinates": [ [ [ 85.39187, 28.15483 ], [ 85.39411, 28.15486 ], [ 85.39412, 28.15468 ], [ 85.39188, 28.15465 ], [ 85.39187, 28.15483 ] ] ] } },
{ "type": "Feature", "properties": { "area_m2": 2400.0 }, "geometry": { "type": "Polygon", "coordinates": [ [ [ 85.43524, 28.1557 ], [ 85.43544, 28.1557 ], [ 85.43546, 28.15498 ], [ 85.43566, 28.15498 ], [ 85.43566, 28.1548 ], [ 85.43525, 28.15479 ], [ 85.43524, 28.1557 ] ] ] } },
{ "type": "Feature", "properties": { "area_m2": 9600.0 }, "geometry": { "type": "Polygon", "coordinates": [ [ [ 85.38862, 28.15461 ], [ 85.39188, 28.15465 ], [ 85.39188, 28.15447 ], [ 85.38883, 28.15444 ], [ 85.38883, 28.15408 ], [ 85.38741, 28.15406 ], [ 85.3874, 28.15424 ], [ 85.38862, 28.15425 ], [ 85.38862, 28.15461 ] ] ] } },
{ "type": "Feature", "properties": { "area_m2": 4000.0 }, "geometry": { "type": "Polygon", "coordinates": [ [ [ 85.3817, 28.15399 ], [ 85.38374, 28.15402 ], [ 85.38374, 28.15384 ], [ 85.38171, 28.15381 ], [ 85.3817, 28.15399 ] ] ] } },
{ "type": "Feature", "properties": { "area_m2": 3600.0 }, "geometry": { "type": "Polygon", "coordinates": [ [ [ 85.38557, 28.15404 ], [ 85.38741, 28.15406 ], [ 85.38741, 28.15388 ], [ 85.38558, 28.15386 ], [ 85.38557, 28.15404 ] ] ] } },
{ "type": "Feature", "properties": { "area_m2": 8400.0 }, "geometry": { "type": "Polygon", "coordinates": [ [ [ 85.39838, 28.15563 ], [ 85.40062, 28.15566 ], [ 85.40062, 28.15548 ], [ 85.40021, 28.15547 ], [ 85.40024, 28.15367 ], [ 85.40004, 28.15367 ], [ 85.40001, 28.15547 ], [ 85.39838, 28.15545 ], [ 85.39838, 28.15563 ] ] ] } },
{ "type": "Feature", "properties": { "area_m2": 2800.0 }, "geometry": { "type": "Polygon", "coordinates": [ [ [ 85.38395, 28.15366 ], [ 85.38537, 28.15367 ], [ 85.38538, 28.15349 ], [ 85.38395, 28.15348 ], [ 85.38395, 28.15366 ] ] ] } },
{ "type": "Feature", "properties": { "area_m2": 2400.0 }, "geometry": { "type": "Polygon", "coordinates": [ [ [ 85.35728, 28.15316 ], [ 85.3585, 28.15317 ], [ 85.3585, 28.15299 ], [ 85.35728, 28.15298 ], [ 85.35728, 28.15316 ] ] ] } },
{ "type": "Feature", "properties": { "area_m2": 4400.0 }, "geometry": { "type": "Polygon", "coordinates": [ [ [ 85.38028, 28.15379 ], [ 85.38171, 28.15381 ], [ 85.38171, 28.15363 ], [ 85.38049, 28.15362 ], [ 85.38049, 28.15326 ], [ 85.37988, 28.15325 ], [ 85.37988, 28.15343 ], [ 85.38029, 28.15343 ], [ 85.38028, 28.15379 ] ] ] } },
{ "type": "Feature", "properties": { "area_m2": 2400.0 }, "geometry": { "type": "Polygon", "coordinates": [ [ [ 85.43566, 28.1548 ], [ 85.43587, 28.1548 ], [ 85.43588, 28.15372 ], [ 85.43568, 28.15372 ], [ 85.43566, 28.1548 ] ] ] } },
{ "type": "Feature", "properties": { "area_m2": 3600.0 }, "geometry": { "type": "Polygon", "coordinates": [ [ [ 85.37846, 28.15323 ], [ 85.37988, 28.15325 ], [ 85.37988, 28.15307 ], [ 85.37866, 28.15305 ], [ 85.37867, 28.15269 ], [ 85.37846, 28.15269 ], [ 85.37846, 28.15323 ] ] ] } },
{ "type": "Feature", "properties": { "area_m2": 6000.0 }, "geometry": { "type": "Polygon", "coordinates": [ [ [ 85.42547, 28.15522 ], [ 85.42568, 28.15523 ], [ 85.42568, 28.15487 ], [ 85.42548, 28.15486 ], [ 85.42551, 28.1527 ], [ 85.42531, 28.15269 ], [ 85.42527, 28.15504 ], [ 85.42547, 28.15504 ], [ 85.42547, 28.15522 ] ] ] } },
{ "type": "Feature", "properties": { "area_m2": 2400.0 }, "geometry": { "type": "Polygon", "coordinates": [ [ [ 85.35994, 28.15211 ], [ 85.36014, 28.15211 ], [ 85.36015, 28.15193 ], [ 85.36096, 28.15194 ], [ 85.36096, 28.15176 ], [ 85.35995, 28.15175 ], [ 85.35994, 28.15211 ] ] ] } },
{ "type": "Feature", "properties": { "area_m2": 2800.0 }, "geometry": { "type": "Polygon", "coordinates": [ [ [ 85.36239, 28.15196 ], [ 85.36381, 28.15197 ], [ 85.36382, 28.15179 ], [ 85.36239, 28.15178 ], [ 85.36239, 28.15196 ] ] ] } },
{ "type": "Feature", "properties": { "area_m2": 3600.0 }, "geometry": { "type": "Polygon", "coordinates": [ [ [ 85.37603, 28.15212 ], [ 85.37786, 28.15214 ], [ 85.37786, 28.15196 ], [ 85.37603, 28.15194 ], [ 85.37603, 28.15212 ] ] ] } },
{ "type": "Feature", "properties": { "area_m2": 3600.0 }, "geometry": { "type": "Polygon", "coordinates": [ [ [ 85.37379, 28.15209 ], [ 85.37542, 28.15211 ], [ 85.37542, 28.15193 ], [ 85.374, 28.15191 ], [ 85.374, 28.15173 ], [ 85.3738, 28.15173 ], [ 85.37379, 28.15209 ] ] ] } },
{ "type": "Feature", "properties": { "area_m2": 4000.0 }, "geometry": { "type": "Polygon", "coordinates": [ [ [ 85.40024, 28.15367 ], [ 85.40045, 28.15367 ], [ 85.40047, 28.15187 ], [ 85.40027, 28.15186 ], [ 85.40024, 28.15367 ] ] ] } },
{ "type": "Feature", "properties": { "area_m2": 2800.0 }, "geometry": { "type": "Polygon", "coordinates": [ [ [ 85.36423, 28.15162 ], [ 85.36565, 28.15163 ], [ 85.36565, 28.15145 ], [ 85.36423, 28.15144 ], [ 85.36423, 28.15162 ] ] ] } },
{ "type": "Feature", "properties": { "area_m2": 4400.0 }, "geometry": { "type": "Polygon", "coordinates": [ [ [ 85.36687, 28.15165 ], [ 85.36911, 28.15168 ], [ 85.36911, 28.1515 ], [ 85.36688, 28.15147 ], [ 85.36687, 28.15165 ] ] ] } },
{ "type": "Feature", "properties": { "area_m2": 3200.0 }, "geometry": { "type": "Polygon", "coordinates": [ [ [ 85.37217, 28.15171 ], [ 85.3738, 28.15173 ], [ 85.3738, 28.15155 ], [ 85.37217, 28.15153 ], [ 85.37217, 28.15171 ] ] ] } },
{ "type": "Feature", "properties": { "area_m2": 2400.0 }, "geometry": { "type": "Polygon", "coordinates": [ [ [ 85.36565, 28.15145 ], [ 85.36688, 28.15147 ], [ 85.36688, 28.15129 ], [ 85.36566, 28.15127 ], [ 85.36565, 28.15145 ] ] ] } },
{ "type": "Feature", "properties": { "area_m2": 7200.0 }, "geometry": { "type": "Polygon", "coordinates": [ [ [ 85.43588, 28.15372 ], [ 85.43629, 28.15372 ], [ 85.43629, 28.15336 ], [ 85.43772, 28.15338 ], [ 85.43774, 28.15193 ], [ 85.43754, 28.15193 ], [ 85.43752, 28.1532 ], [ 85.43609, 28.15318 ], [ 85.43609, 28.15354 ], [ 85.43588, 28.15354 ], [ 85.43588, 28.15372 ] ] ] } },
{ "type": "Feature", "properties": { "area_m2": 6400.0 }, "geometry": { "type": "Polygon", "coordinates": [ [ [ 85.36911, 28.1515 ], [ 85.37217, 28.15153 ], [ 85.37217, 28.15135 ], [ 85.36973, 28.15132 ], [ 85.36973, 28.15114 ], [ 85.36953, 28.15114 ], [ 85.36952, 28.15132 ], [ 85.36912, 28.15132 ], [ 85.36911, 28.1515 ] ] ] } },
{ "type": "Feature", "properties": { "area_m2": 2400.0 }, "geometry": { "type": "Polygon", "coordinates": [ [ [ 85.3229, 28.15076 ], [ 85.32412, 28.15077 ], [ 85.32412, 28.15059 ], [ 85.3229, 28.15058 ], [ 85.3229, 28.15076 ] ] ] } },
{ "type": "Feature", "properties": { "area_m2": 2800.0 }, "geometry": { "type": "Polygon", "coordinates": [ [ [ 85.42572, 28.15252 ], [ 85.42592, 28.15252 ], [ 85.42594, 28.15126 ], [ 85.42573, 28.15126 ], [ 85.42572, 28.15252 ] ] ] } },
{ "type": "Feature", "properties": { "area_m2": 4800.0 }, "geometry": { "type": "Polygon", "coordinates": [ [ [ 85.43774, 28.15193 ], [ 85.43794, 28.15194 ], [ 85.43795, 28.1514 ], [ 85.43958, 28.15141 ], [ 85.43958, 28.15123 ], [ 85.43775, 28.15121 ], [ 85.43774, 28.15193 ] ] ] } },
{ "type": "Feature", "properties": { "area_m2": 2000.0 }, "geometry": { "type": "Polygon", "coordinates": [ [ [ 85.42594, 28.15126 ], [ 85.42614, 28.15126 ], [ 85.42615, 28.15036 ], [ 85.42595, 28.15036 ], [ 85.42594, 28.15126 ] ] ] } },
{ "type": "Feature", "properties": { "area_m2": 2000.0 }, "geometry": { "type": "Polygon", "coordinates": [ [ [ 85.44, 28.15088 ], [ 85.4402, 28.15088 ], [ 85.4402, 28.15052 ], [ 85.44061, 28.15052 ], [ 85.44061, 28.15034 ], [ 85.44, 28.15034 ], [ 85.44, 28.15088 ] ] ] } },
{ "type": "Feature", "properties": { "area_m2": 3600.0 }, "geometry": { "type": "Polygon", "coordinates": [ [ [ 85.36974, 28.1506 ], [ 85.36994, 28.1506 ], [ 85.36997, 28.14898 ], [ 85.36976, 28.14898 ], [ 85.36974, 28.1506 ] ] ] } },
{ "type": "Feature", "properties": { "area_m2": 4400.0 }, "geometry": { "type": "Polygon", "coordinates": [ [ [ 85.44061, 28.15034 ], [ 85.44184, 28.15036 ], [ 85.44184, 28.15 ], [ 85.44245, 28.15 ], [ 85.44245, 28.14982 ], [ 85.44164, 28.14981 ], [ 85.44163, 28.15017 ], [ 85.44062, 28.15016 ], [ 85.44061, 28.15034 ] ] ] } },
{ "type": "Feature", "properties": { "area_m2": 2400.0 }, "geometry": { "type": "Polygon", "coordinates": [ [ [ 85.44245, 28.14982 ], [ 85.44266, 28.14982 ], [ 85.44266, 28.14946 ], [ 85.44327, 28.14947 ], [ 85.44328, 28.14929 ], [ 85.44246, 28.14928 ], [ 85.44245, 28.14982 ] ] ] } },
{ "type": "Feature", "properties": { "area_m2": 4800.0 }, "geometry": { "type": "Polygon", "coordinates": [ [ [ 85.40111, 28.15025 ], [ 85.40131, 28.15025 ], [ 85.40133, 28.14863 ], [ 85.40154, 28.14863 ], [ 85.40154, 28.14827 ], [ 85.40113, 28.14844 ], [ 85.40111, 28.15025 ] ] ] } },
{ "type": "Feature", "properties": { "area_m2": 2000.0 }, "geometry": { "type": "Polygon", "coordinates": [ [ [ 85.36936, 28.14879 ], [ 85.36956, 28.14879 ], [ 85.36958, 28.14789 ], [ 85.36937, 28.14789 ], [ 85.36936, 28.14879 ] ] ] } },
{ "type": "Feature", "properties": { "area_m2": 2400.0 }, "geometry": { "type": "Polygon", "coordinates": [ [ [ 85.44328, 28.14929 ], [ 85.44348, 28.14929 ], [ 85.44349, 28.14893 ], [ 85.4441, 28.14894 ], [ 85.4441, 28.14876 ], [ 85.44328, 28.14875 ], [ 85.44328, 28.14929 ] ] ] } },
{ "type": "Feature", "properties": { "area_m2": 4400.0 }, "geometry": { "type": "Polygon", "coordinates": [ [ [ 85.44451, 28.1484 ], [ 85.44492, 28.14841 ], [ 85.44492, 28.14805 ], [ 85.44574, 28.14805 ], [ 85.44574, 28.14787 ], [ 85.44615, 28.14788 ], [ 85.44615, 28.1477 ], [ 85.44554, 28.14769 ], [ 85.44554, 28.14787 ], [ 85.44472, 28.14786 ], [ 85.44472, 28.14822 ], [ 85.44451, 28.14822 ], [ 85.44451, 28.1484 ] ] ] } },
{ "type": "Feature", "properties": { "area_m2": 3200.0 }, "geometry": { "type": "Polygon", "coordinates": [ [ [ 85.44717, 28.14789 ], [ 85.4488, 28.14791 ], [ 85.4488, 28.14773 ], [ 85.44717, 28.14771 ], [ 85.44717, 28.14789 ] ] ] } },
{ "type": "Feature", "properties": { "area_m2": 4800.0 }, "geometry": { "type": "Polygon", "coordinates": [ [ [ 85.4488, 28.14773 ], [ 85.45124, 28.14776 ], [ 85.45124, 28.14758 ], [ 85.4488, 28.14755 ], [ 85.4488, 28.14773 ] ] ] } },
{ "type": "Feature", "properties": { "area_m2": 4400.0 }, "geometry": { "type": "Polygon", "coordinates": [ [ [ 85.45165, 28.14776 ], [ 85.45328, 28.14778 ], [ 85.45328, 28.1476 ], [ 85.45185, 28.14758 ], [ 85.45186, 28.1474 ], [ 85.45125, 28.14739 ], [ 85.45124, 28.14758 ], [ 85.45165, 28.14758 ], [ 85.45165, 28.14776 ] ] ] } },
{ "type": "Feature", "properties": { "area_m2": 2800.0 }, "geometry": { "type": "Polygon", "coordinates": [ [ [ 85.45369, 28.14724 ], [ 85.45491, 28.14726 ], [ 85.45492, 28.14689 ], [ 85.45472, 28.14689 ], [ 85.45471, 28.14707 ], [ 85.4537, 28.14706 ], [ 85.45369, 28.14724 ] ] ] } },
{ "type": "Feature", "properties": { "area_m2": 2400.0 }, "geometry": { "type": "Polygon", "coordinates": [ [ [ 85.36899, 28.14644 ], [ 85.36919, 28.14644 ], [ 85.3692, 28.1459 ], [ 85.36839, 28.14589 ], [ 85.36838, 28.14607 ], [ 85.36899, 28.14608 ], [ 85.36899, 28.14644 ] ] ] } },
{ "type": "Feature", "properties": { "area_m2": 2000.0 }, "geometry": { "type": "Polygon", "coordinates": [ [ [ 85.45635, 28.14637 ], [ 85.45737, 28.14638 ], [ 85.45737, 28.1462 ], [ 85.45635, 28.14619 ], [ 85.45635, 28.14637 ] ] ] } },
{ "type": "Feature", "properties": { "area_m2": 2800.0 }, "geometry": { "type": "Polygon", "coordinates": [ [ [ 85.45961, 28.14623 ], [ 85.46104, 28.14624 ], [ 85.46104, 28.14606 ], [ 85.45962, 28.14605 ], [ 85.45961, 28.14623 ] ] ] } },
{ "type": "Feature", "properties": { "area_m2": 4800.0 }, "geometry": { "type": "Polygon", "coordinates": [ [ [ 85.45737, 28.1462 ], [ 85.4588, 28.14622 ], [ 85.4588, 28.14604 ], [ 85.45962, 28.14605 ], [ 85.45962, 28.14586 ], [ 85.45738, 28.14602 ], [ 85.45737, 28.1462 ] ] ] } },
{ "type": "Feature", "properties": { "area_m2": 15200.0 }, "geometry": { "type": "Polygon", "coordinates": [ [ [ 85.42636, 28.15018 ], [ 85.42656, 28.15018 ], [ 85.42659, 28.14838 ], [ 85.42741, 28.14839 ], [ 85.42743, 28.1464 ], [ 85.42764, 28.1464 ], [ 85.42765, 28.14586 ], [ 85.42785, 28.14586 ], [ 85.42787, 28.14478 ], [ 85.42766, 28.14478 ], [ 85.42766, 28.1446 ], [ 85.42746, 28.1446 ], [ 85.42746, 28.14496 ], [ 85.42766, 28.14496 ], [ 85.42765, 28.14568 ], [ 85.42744, 28.14568 ], [ 85.42744, 28.14622 ], [ 85.42723, 28.14622 ], [ 85.4272, 28.1482 ], [ 85.42639, 28.14819 ], [ 85.42636, 28.15018 ] ] ] } },
{ "type": "Feature", "properties": { "area_m2": 4000.0 }, "geometry": { "type": "Polygon", "coordinates": [ [ [ 85.36839, 28.14535 ], [ 85.3686, 28.14535 ], [ 85.36862, 28.14355 ], [ 85.36842, 28.14355 ], [ 85.36839, 28.14535 ] ] ] } },
{ "type": "Feature", "properties": { "area_m2": 7600.0 }, "geometry": { "type": "Polygon", "coordinates": [ [ [ 85.46104, 28.14606 ], [ 85.46124, 28.14606 ], [ 85.46125, 28.14588 ], [ 85.46186, 28.14589 ], [ 85.46186, 28.14553 ], [ 85.46268, 28.14554 ], [ 85.46269, 28.14446 ], [ 85.4631, 28.14446 ], [ 85.4631, 28.14428 ], [ 85.46249, 28.14427 ], [ 85.46248, 28.14536 ], [ 85.46166, 28.14535 ], [ 85.46166, 28.14571 ], [ 85.46105, 28.1457 ], [ 85.46104, 28.14606 ] ] ] } },
{ "type": "Feature", "properties": { "area_m2": 4400.0 }, "geometry": { "type": "Polygon", "coordinates": [ [ [ 85.30939, 28.14229 ], [ 85.31163, 28.14232 ], [ 85.31163, 28.14214 ], [ 85.30939, 28.14211 ], [ 85.30939, 28.14229 ] ] ] } },
{ "type": "Feature", "properties": { "area_m2": 4800.0 }, "geometry": { "type": "Polygon", "coordinates": [ [ [ 85.42766, 28.1446 ], [ 85.42787, 28.1446 ], [ 85.42787, 28.14424 ], [ 85.42747, 28.14424 ], [ 85.42748, 28.14315 ], [ 85.42708, 28.14297 ], [ 85.42707, 28.14333 ], [ 85.42728, 28.14333 ], [ 85.42726, 28.14441 ], [ 85.42767, 28.14442 ], [ 85.42766, 28.1446 ] ] ] } },
{ "type": "Feature", "properties": { "area_m2": 2000.0 }, "geometry": { "type": "Polygon", "coordinates": [ [ [ 85.46393, 28.14339 ], [ 85.46434, 28.14339 ], [ 85.46434, 28.14303 ], [ 85.46455, 28.14303 ], [ 85.46455, 28.14285 ], [ 85.46414, 28.14285 ], [ 85.46414, 28.14321 ], [ 85.46393, 28.14321 ], [ 85.46393, 28.14339 ] ] ] } },
{ "type": "Feature", "properties": { "area_m2": 3200.0 }, "geometry": { "type": "Polygon", "coordinates": [ [ [ 85.36905, 28.14211 ], [ 85.36926, 28.14211 ], [ 85.36926, 28.14193 ], [ 85.36967, 28.14194 ], [ 85.36968, 28.14139 ], [ 85.36988, 28.1414 ], [ 85.36988, 28.14122 ], [ 85.36947, 28.14121 ], [ 85.36947, 28.14175 ], [ 85.36906, 28.14175 ], [ 85.36905, 28.14211 ] ] ] } },
{ "type": "Feature", "properties": { "area_m2": 2000.0 }, "geometry": { "type": "Polygon", "coordinates": [ [ [ 85.46455, 28.14285 ], [ 85.46496, 28.14286 ], [ 85.46496, 28.14249 ], [ 85.46516, 28.1425 ], [ 85.46517, 28.14232 ], [ 85.46476, 28.14231 ], [ 85.46475, 28.14267 ], [ 85.46455, 28.14267 ], [ 85.46455, 28.14285 ] ] ] } },
{ "type": "Feature", "properties": { "area_m2": 2000.0 }, "geometry": { "type": "Polygon", "coordinates": [ [ [ 85.36988, 28.14122 ], [ 85.37049, 28.14122 ], [ 85.3705, 28.14068 ], [ 85.3703, 28.14068 ], [ 85.37029, 28.14104 ], [ 85.36988, 28.14104 ], [ 85.36988, 28.14122 ] ] ] } },
{ "type": "Feature", "properties": { "area_m2": 2400.0 }, "geometry": { "type": "Polygon", "coordinates": [ [ [ 85.46517, 28.14232 ], [ 85.46578, 28.14232 ], [ 85.46578, 28.14196 ], [ 85.46599, 28.14196 ], [ 85.46599, 28.14178 ], [ 85.46558, 28.14178 ], [ 85.46558, 28.14214 ], [ 85.46517, 28.14214 ], [ 85.46517, 28.14232 ] ] ] } },
{ "type": "Feature", "properties": { "area_m2": 2800.0 }, "geometry": { "type": "Polygon", "coordinates": [ [ [ 85.42709, 28.14188 ], [ 85.4273, 28.14189 ], [ 85.42731, 28.14062 ], [ 85.42711, 28.14062 ], [ 85.42709, 28.14188 ] ] ] } },
{ "type": "Feature", "properties": { "area_m2": 3600.0 }, "geometry": { "type": "Polygon", "coordinates": [ [ [ 85.46599, 28.14178 ], [ 85.4666, 28.14179 ], [ 85.46661, 28.14107 ], [ 85.46702, 28.14107 ], [ 85.46702, 28.14089 ], [ 85.46641, 28.14089 ], [ 85.4664, 28.14161 ], [ 85.46599, 28.1416 ], [ 85.46599, 28.14178 ] ] ] } },
{ "type": "Feature", "properties": { "area_m2": 2800.0 }, "geometry": { "type": "Polygon", "coordinates": [ [ [ 85.46763, 28.1409 ], [ 85.46824, 28.14091 ], [ 85.46825, 28.14055 ], [ 85.46865, 28.14055 ], [ 85.46866, 28.14037 ], [ 85.46805, 28.14036 ], [ 85.46804, 28.14072 ], [ 85.46763, 28.14072 ], [ 85.46763, 28.1409 ] ] ] } },
{ "type": "Feature", "properties": { "area_m2": 10400.0 }, "geometry": { "type": "Polygon", "coordinates": [ [ [ 85.3705, 28.14068 ], [ 85.37132, 28.14051 ], [ 85.37133, 28.13943 ], [ 85.37215, 28.13944 ], [ 85.37216, 28.13854 ], [ 85.37196, 28.13853 ], [ 85.37195, 28.13926 ], [ 85.37073, 28.13924 ], [ 85.37072, 28.13942 ], [ 85.37093, 28.13942 ], [ 85.37092, 28.13978 ], [ 85.37072, 28.13978 ], [ 85.37071, 28.1405 ], [ 85.3705, 28.1405 ], [ 85.3705, 28.14068 ] ], [ [ 85.37091, 28.14033 ], [ 85.37092, 28.13978 ], [ 85.37112, 28.13979 ], [ 85.37112, 28.14033 ], [ 85.37091, 28.14033 ] ] ] } },
{ "type": "Feature", "properties": { "area_m2": 3200.0 }, "geometry": { "type": "Polygon", "coordinates": [ [ [ 85.46866, 28.14037 ], [ 85.46906, 28.14037 ], [ 85.46908, 28.13947 ], [ 85.46928, 28.13947 ], [ 85.46928, 28.13929 ], [ 85.46888, 28.13929 ], [ 85.46886, 28.14019 ], [ 85.46866, 28.14019 ], [ 85.46866, 28.14037 ] ] ] } },
{ "type": "Feature", "properties": { "area_m2": 4800.0 }, "geometry": { "type": "Polygon", "coordinates": [ [ [ 85.37032, 28.13924 ], [ 85.37073, 28.13924 ], [ 85.37073, 28.13906 ], [ 85.37053, 28.13906 ], [ 85.37054, 28.13816 ], [ 85.36972, 28.13815 ], [ 85.36973, 28.13797 ], [ 85.36952, 28.13796 ], [ 85.36952, 28.13832 ], [ 85.37033, 28.13833 ], [ 85.37032, 28.13924 ] ] ] } },
{ "type": "Feature", "properties": { "area_m2": 5600.0 }, "geometry": { "type": "Polygon", "coordinates": [ [ [ 85.42794, 28.13991 ], [ 85.42814, 28.13991 ], [ 85.42814, 28.13973 ], [ 85.42855, 28.13974 ], [ 85.42857, 28.13865 ], [ 85.42877, 28.13866 ], [ 85.42878, 28.13793 ], [ 85.42858, 28.13793 ], [ 85.42857, 28.13847 ], [ 85.42836, 28.13847 ], [ 85.42835, 28.13955 ], [ 85.42794, 28.13955 ], [ 85.42794, 28.13991 ] ] ] } },
{ "type": "Feature", "properties": { "area_m2": 2800.0 }, "geometry": { "type": "Polygon", "coordinates": [ [ [ 85.30498, 28.13772 ], [ 85.30518, 28.13772 ], [ 85.3052, 28.13646 ], [ 85.305, 28.13646 ], [ 85.30498, 28.13772 ] ] ] } },
{ "type": "Feature", "properties": { "area_m2": 2000.0 }, "geometry": { "type": "Polygon", "coordinates": [ [ [ 85.4701, 28.13894 ], [ 85.47051, 28.13895 ], [ 85.47051, 28.13859 ], [ 85.47072, 28.13859 ], [ 85.47072, 28.13841 ], [ 85.47031, 28.1384 ], [ 85.47031, 28.13876 ], [ 85.4701, 28.13876 ], [ 85.4701, 28.13894 ] ] ] } },
{ "type": "Feature", "properties": { "area_m2": 3600.0 }, "geometry": { "type": "Polygon", "coordinates": [ [ [ 85.37257, 28.13818 ], [ 85.37298, 28.13818 ], [ 85.373, 28.13674 ], [ 85.3728, 28.13674 ], [ 85.37278, 28.138 ], [ 85.37258, 28.138 ], [ 85.37257, 28.13818 ] ] ] } },
{ "type": "Feature", "properties": { "area_m2": 5200.0 }, "geometry": { "type": "Polygon", "coordinates": [ [ [ 85.47072, 28.13841 ], [ 85.47133, 28.13841 ], [ 85.47134, 28.13751 ], [ 85.47155, 28.13751 ], [ 85.47156, 28.13697 ], [ 85.47176, 28.13698 ], [ 85.47176, 28.13679 ], [ 85.47135, 28.13679 ], [ 85.47135, 28.13733 ], [ 85.47114, 28.13733 ], [ 85.47113, 28.13823 ], [ 85.47072, 28.13823 ], [ 85.47072, 28.13841 ] ] ] } },
{ "type": "Feature", "properties": { "area_m2": 2000.0 }, "geometry": { "type": "Polygon", "coordinates": [ [ [ 85.304, 28.13518 ], [ 85.3042, 28.13518 ], [ 85.30422, 28.13428 ], [ 85.30401, 28.13428 ], [ 85.304, 28.13518 ] ] ] } },
{ "type": "Feature", "properties": { "area_m2": 5600.0 }, "geometry": { "type": "Polygon", "coordinates": [ [ [ 85.36852, 28.13705 ], [ 85.36872, 28.13705 ], [ 85.36874, 28.13579 ], [ 85.36833, 28.13578 ], [ 85.36835, 28.13506 ], [ 85.36794, 28.13506 ], [ 85.36794, 28.13524 ], [ 85.36814, 28.13524 ], [ 85.36813, 28.13596 ], [ 85.36854, 28.13597 ], [ 85.36852, 28.13705 ] ] ] } },
{ "type": "Feature", "properties": { "area_m2": 2800.0 }, "geometry": { "type": "Polygon", "coordinates": [ [ [ 85.42901, 28.13631 ], [ 85.42921, 28.13631 ], [ 85.42922, 28.13595 ], [ 85.42962, 28.13596 ], [ 85.42963, 28.13542 ], [ 85.42943, 28.13541 ], [ 85.42942, 28.13577 ], [ 85.42901, 28.13577 ], [ 85.42901, 28.13631 ] ] ] } },
{ "type": "Feature", "properties": { "area_m2": 6800.0 }, "geometry": { "type": "Polygon", "coordinates": [ [ [ 85.47176, 28.13679 ], [ 85.47217, 28.1368 ], [ 85.47218, 28.13608 ], [ 85.47299, 28.13609 ], [ 85.473, 28.13555 ], [ 85.47382, 28.13555 ], [ 85.47382, 28.13537 ], [ 85.4728, 28.13536 ], [ 85.47279, 28.1359 ], [ 85.47198, 28.13589 ], [ 85.47197, 28.13662 ], [ 85.47176, 28.13661 ], [ 85.47176, 28.13679 ] ] ] } },
{ "type": "Feature", "properties": { "area_m2": 2000.0 }, "geometry": { "type": "Polygon", "coordinates": [ [ [ 85.42984, 28.13488 ], [ 85.43005, 28.13488 ], [ 85.43005, 28.1347 ], [ 85.43066, 28.13471 ], [ 85.43066, 28.13453 ], [ 85.42985, 28.13452 ], [ 85.42984, 28.13488 ] ] ] } },
{ "type": "Feature", "properties": { "area_m2": 5200.0 }, "geometry": { "type": "Polygon", "coordinates": [ [ [ 85.47382, 28.13537 ], [ 85.47545, 28.13539 ], [ 85.47546, 28.13431 ], [ 85.47526, 28.13431 ], [ 85.47525, 28.13521 ], [ 85.47382, 28.13519 ], [ 85.47382, 28.13537 ] ] ] } },
{ "type": "Feature", "properties": { "area_m2": 6000.0 }, "geometry": { "type": "Polygon", "coordinates": [ [ [ 85.37365, 28.13422 ], [ 85.37406, 28.13423 ], [ 85.37409, 28.13224 ], [ 85.3745, 28.13225 ], [ 85.3745, 28.13207 ], [ 85.37389, 28.13206 ], [ 85.37386, 28.13404 ], [ 85.37366, 28.13404 ], [ 85.37365, 28.13422 ] ] ] } },
{ "type": "Feature", "properties": { "area_m2": 7200.0 }, "geometry": { "type": "Polygon", "coordinates": [ [ [ 85.43169, 28.13363 ], [ 85.4319, 28.13364 ], [ 85.4319, 28.1331 ], [ 85.43272, 28.1331 ], [ 85.43272, 28.13274 ], [ 85.43354, 28.13275 ], [ 85.43355, 28.13185 ], [ 85.43335, 28.13185 ], [ 85.43334, 28.13257 ], [ 85.43252, 28.13256 ], [ 85.43252, 28.13292 ], [ 85.4317, 28.13291 ], [ 85.43169, 28.13363 ] ] ] } },
{ "type": "Feature", "properties": { "area_m2": 2400.0 }, "geometry": { "type": "Polygon", "coordinates": [ [ [ 85.43376, 28.13149 ], [ 85.43437, 28.1315 ], [ 85.43438, 28.13114 ], [ 85.43458, 28.13114 ], [ 85.43458, 28.13096 ], [ 85.43418, 28.13096 ], [ 85.43417, 28.13132 ], [ 85.43376, 28.13131 ], [ 85.43376, 28.13149 ] ] ] } },
{ "type": "Feature", "properties": { "area_m2": 2800.0 }, "geometry": { "type": "Polygon", "coordinates": [ [ [ 85.29941, 28.12935 ], [ 85.29961, 28.12935 ], [ 85.29962, 28.12881 ], [ 85.29921, 28.12881 ], [ 85.29922, 28.12844 ], [ 85.29902, 28.12844 ], [ 85.29901, 28.12898 ], [ 85.29942, 28.12899 ], [ 85.29941, 28.12935 ] ] ] } },
{ "type": "Feature", "properties": { "area_m2": 9200.0 }, "geometry": { "type": "Polygon", "coordinates": [ [ [ 85.3745, 28.13207 ], [ 85.37491, 28.13207 ], [ 85.37496, 28.12846 ], [ 85.37516, 28.12846 ], [ 85.37517, 28.12828 ], [ 85.37476, 28.12828 ], [ 85.37471, 28.13189 ], [ 85.3745, 28.13189 ], [ 85.3745, 28.13207 ] ] ] } },
{ "type": "Feature", "properties": { "area_m2": 5200.0 }, "geometry": { "type": "Polygon", "coordinates": [ [ [ 85.43478, 28.13114 ], [ 85.43519, 28.13115 ], [ 85.43522, 28.12898 ], [ 85.43502, 28.12898 ], [ 85.43499, 28.13096 ], [ 85.43479, 28.13096 ], [ 85.43478, 28.13114 ] ] ] } },
{ "type": "Feature", "properties": { "area_m2": 3200.0 }, "geometry": { "type": "Polygon", "coordinates": [ [ [ 85.29821, 28.12825 ], [ 85.29882, 28.12826 ], [ 85.29882, 28.12808 ], [ 85.29841, 28.12807 ], [ 85.29843, 28.12717 ], [ 85.29822, 28.12717 ], [ 85.29821, 28.12825 ] ] ] } },
{ "type": "Feature", "properties": { "area_m2": 2400.0 }, "geometry": { "type": "Polygon", "coordinates": [ [ [ 85.37517, 28.12828 ], [ 85.37578, 28.12829 ], [ 85.37579, 28.12757 ], [ 85.37559, 28.12757 ], [ 85.37558, 28.12811 ], [ 85.37517, 28.1281 ], [ 85.37517, 28.12828 ] ] ] } },
{ "type": "Feature", "properties": { "area_m2": 3600.0 }, "geometry": { "type": "Polygon", "coordinates": [ [ [ 85.55004, 28.13043 ], [ 85.55086, 28.13043 ], [ 85.55087, 28.12935 ], [ 85.55067, 28.12935 ], [ 85.55066, 28.13025 ], [ 85.55004, 28.13024 ], [ 85.55004, 28.13043 ] ] ] } },
{ "type": "Feature", "properties": { "area_m2": 15200.0 }, "geometry": { "type": "Polygon", "coordinates": [ [ [ 85.43522, 28.12898 ], [ 85.43685, 28.129 ], [ 85.43686, 28.12864 ], [ 85.43767, 28.12865 ], [ 85.43768, 28.12829 ], [ 85.4391, 28.1283 ], [ 85.4391, 28.12812 ], [ 85.43992, 28.12813 ], [ 85.43992, 28.12777 ], [ 85.44155, 28.12779 ], [ 85.44155, 28.12761 ], [ 85.43972, 28.12759 ], [ 85.43972, 28.12795 ], [ 85.4389, 28.12794 ], [ 85.4389, 28.12812 ], [ 85.43747, 28.1281 ], [ 85.43747, 28.12847 ], [ 85.43666, 28.12846 ], [ 85.43665, 28.12882 ], [ 85.43522, 28.1288 ], [ 85.43522, 28.12898 ] ] ] } },
{ "type": "Feature", "properties": { "area_m2": 8800.0 }, "geometry": { "type": "Polygon", "coordinates": [ [ [ 85.29761, 28.12716 ], [ 85.29884, 28.127 ], [ 85.29884, 28.12663 ], [ 85.29966, 28.12664 ], [ 85.29966, 28.1261 ], [ 85.29987, 28.12611 ], [ 85.29987, 28.12575 ], [ 85.29946, 28.12592 ], [ 85.29945, 28.12646 ], [ 85.29864, 28.12645 ], [ 85.29863, 28.12681 ], [ 85.29782, 28.1268 ], [ 85.29782, 28.12662 ], [ 85.29742, 28.12662 ], [ 85.29741, 28.1268 ], [ 85.29762, 28.1268 ], [ 85.29761, 28.12716 ] ] ] } },
{ "type": "Feature", "properties": { "area_m2": 2000.0 }, "geometry": { "type": "Polygon", "coordinates": [ [ [ 85.29987, 28.12575 ], [ 85.30008, 28.12575 ], [ 85.30008, 28.12557 ], [ 85.30049, 28.12557 ], [ 85.30049, 28.12521 ], [ 85.30029, 28.12521 ], [ 85.30029, 28.12539 ], [ 85.29988, 28.12538 ], [ 85.29987, 28.12575 ] ] ] } },
{ "type": "Feature", "properties": { "area_m2": 6000.0 }, "geometry": { "type": "Polygon", "coordinates": [ [ [ 85.55087, 28.12935 ], [ 85.55107, 28.12935 ], [ 85.55108, 28.12881 ], [ 85.5521, 28.12882 ], [ 85.55212, 28.12756 ], [ 85.55191, 28.12756 ], [ 85.5519, 28.12864 ], [ 85.55088, 28.12863 ], [ 85.55087, 28.12935 ] ] ] } },
{ "type": "Feature", "properties": { "area_m2": 8000.0 }, "geometry": { "type": "Polygon", "coordinates": [ [ [ 85.37579, 28.12757 ], [ 85.3766, 28.12758 ], [ 85.37662, 28.12668 ], [ 85.37743, 28.12669 ], [ 85.37745, 28.1256 ], [ 85.37765, 28.1256 ], [ 85.37765, 28.12542 ], [ 85.37725, 28.12542 ], [ 85.37723, 28.1265 ], [ 85.37642, 28.12649 ], [ 85.3764, 28.12739 ], [ 85.37579, 28.12739 ], [ 85.37579, 28.12757 ] ] ] } },
{ "type": "Feature", "properties": { "area_m2": 7200.0 }, "geometry": { "type": "Polygon", "coordinates": [ [ [ 85.44442, 28.12674 ], [ 85.44605, 28.12676 ], [ 85.44605, 28.12622 ], [ 85.44585, 28.12621 ], [ 85.44584, 28.12658 ], [ 85.44462, 28.12656 ], [ 85.44463, 28.12638 ], [ 85.443, 28.12636 ], [ 85.44299, 28.12654 ], [ 85.44442, 28.12656 ], [ 85.44442, 28.12674 ] ] ] } },
{ "type": "Feature", "properties": { "area_m2": 2000.0 }, "geometry": { "type": "Polygon", "coordinates": [ [ [ 85.52545, 28.12673 ], [ 85.52586, 28.12656 ], [ 85.52587, 28.12602 ], [ 85.52567, 28.12601 ], [ 85.52566, 28.12637 ], [ 85.52546, 28.12637 ], [ 85.52545, 28.12673 ] ] ] } },
{ "type": "Feature", "properties": { "area_m2": 5200.0 }, "geometry": { "type": "Polygon", "coordinates": [ [ [ 85.55212, 28.12756 ], [ 85.55232, 28.12756 ], [ 85.55235, 28.12521 ], [ 85.55215, 28.12521 ], [ 85.55212, 28.12756 ] ] ] } },
{ "type": "Feature", "properties": { "area_m2": 8800.0 }, "geometry": { "type": "Polygon", "coordinates": [ [ [ 85.37765, 28.12542 ], [ 85.37786, 28.12543 ], [ 85.37786, 28.12525 ], [ 85.37827, 28.12525 ], [ 85.37849, 28.12417 ], [ 85.3791, 28.12418 ], [ 85.37911, 28.12364 ], [ 85.37992, 28.12365 ], [ 85.37993, 28.12329 ], [ 85.37972, 28.12328 ], [ 85.37972, 28.12346 ], [ 85.37891, 28.12345 ], [ 85.3789, 28.12399 ], [ 85.37829, 28.12399 ], [ 85.37807, 28.12507 ], [ 85.37766, 28.12506 ], [ 85.37765, 28.12542 ] ] ] } },
{ "type": "Feature", "properties": { "area_m2": 4400.0 }, "geometry": { "type": "Polygon", "coordinates": [ [ [ 85.30133, 28.12378 ], [ 85.30153, 28.12378 ], [ 85.30154, 28.12306 ], [ 85.30216, 28.12307 ], [ 85.30217, 28.12234 ], [ 85.30196, 28.12234 ], [ 85.30195, 28.12288 ], [ 85.30134, 28.12288 ], [ 85.30133, 28.12378 ] ] ] } },
{ "type": "Feature", "properties": { "area_m2": 2400.0 }, "geometry": { "type": "Polygon", "coordinates": [ [ [ 85.52649, 28.12566 ], [ 85.52669, 28.12566 ], [ 85.52669, 28.12548 ], [ 85.5271, 28.12549 ], [ 85.52711, 28.12495 ], [ 85.5269, 28.12494 ], [ 85.5269, 28.1253 ], [ 85.52649, 28.1253 ], [ 85.52649, 28.12566 ] ] ] } },
{ "type": "Feature", "properties": { "area_m2": 4000.0 }, "geometry": { "type": "Polygon", "coordinates": [ [ [ 85.55235, 28.12521 ], [ 85.55276, 28.12522 ], [ 85.55277, 28.12432 ], [ 85.55318, 28.12432 ], [ 85.55318, 28.12396 ], [ 85.55298, 28.12396 ], [ 85.55298, 28.12414 ], [ 85.55257, 28.12413 ], [ 85.55256, 28.12504 ], [ 85.55235, 28.12503 ], [ 85.55235, 28.12521 ] ] ] } },
{ "type": "Feature", "properties": { "area_m2": 4400.0 }, "geometry": { "type": "Polygon", "coordinates": [ [ [ 85.52711, 28.12495 ], [ 85.52731, 28.12495 ], [ 85.52732, 28.12459 ], [ 85.52752, 28.12459 ], [ 85.52753, 28.12405 ], [ 85.52793, 28.12405 ], [ 85.52794, 28.12351 ], [ 85.52774, 28.12351 ], [ 85.52773, 28.12387 ], [ 85.52733, 28.12387 ], [ 85.52711, 28.12495 ] ] ] } },
{ "type": "Feature", "properties": { "area_m2": 4400.0 }, "geometry": { "type": "Polygon", "coordinates": [ [ [ 85.30217, 28.12234 ], [ 85.30237, 28.12235 ], [ 85.30238, 28.12199 ], [ 85.30258, 28.12199 ], [ 85.30259, 28.12163 ], [ 85.30279, 28.12163 ], [ 85.3028, 28.12073 ], [ 85.3026, 28.12072 ], [ 85.30259, 28.12145 ], [ 85.30238, 28.12144 ], [ 85.30238, 28.12181 ], [ 85.30218, 28.1218 ], [ 85.30217, 28.12234 ] ] ] } },
{ "type": "Feature", "properties": { "area_m2": 9600.0 }, "geometry": { "type": "Polygon", "coordinates": [ [ [ 85.37993, 28.12329 ], [ 85.38156, 28.12312 ], [ 85.38157, 28.12258 ], [ 85.38218, 28.12259 ], [ 85.38218, 28.12223 ], [ 85.383, 28.12224 ], [ 85.38301, 28.12152 ], [ 85.3828, 28.12151 ], [ 85.38279, 28.12206 ], [ 85.38198, 28.12205 ], [ 85.38197, 28.12241 ], [ 85.38136, 28.1224 ], [ 85.38136, 28.12294 ], [ 85.38054, 28.12293 ], [ 85.38054, 28.12311 ], [ 85.37993, 28.1231 ], [ 85.37993, 28.12329 ] ] ] } },
{ "type": "Feature", "properties": { "area_m2": 2000.0 }, "geometry": { "type": "Polygon", "coordinates": [ [ [ 85.52815, 28.12315 ], [ 85.52835, 28.12315 ], [ 85.52836, 28.12297 ], [ 85.52876, 28.12298 ], [ 85.52877, 28.12262 ], [ 85.52857, 28.12261 ], [ 85.52856, 28.1228 ], [ 85.52816, 28.12279 ], [ 85.52815, 28.12315 ] ] ] } },
{ "type": "Feature", "properties": { "area_m2": 2400.0 }, "geometry": { "type": "Polygon", "coordinates": [ [ [ 85.38321, 28.12134 ], [ 85.38382, 28.12135 ], [ 85.38383, 28.12062 ], [ 85.38363, 28.12062 ], [ 85.38362, 28.12116 ], [ 85.38322, 28.12116 ], [ 85.38321, 28.12134 ] ] ] } },
{ "type": "Feature", "properties": { "area_m2": 2000.0 }, "geometry": { "type": "Polygon", "coordinates": [ [ [ 85.38404, 28.12045 ], [ 85.38424, 28.12045 ], [ 85.38425, 28.12027 ], [ 85.38486, 28.12027 ], [ 85.38486, 28.12009 ], [ 85.38405, 28.12008 ], [ 85.38404, 28.12045 ] ] ] } },
{ "type": "Feature", "properties": { "area_m2": 2800.0 }, "geometry": { "type": "Polygon", "coordinates": [ [ [ 85.52897, 28.12244 ], [ 85.52959, 28.12245 ], [ 85.5296, 28.12154 ], [ 85.52939, 28.12154 ], [ 85.52938, 28.12226 ], [ 85.52898, 28.12226 ], [ 85.52897, 28.12244 ] ] ] } },
{ "type": "Feature", "properties": { "area_m2": 2800.0 }, "geometry": { "type": "Polygon", "coordinates": [ [ [ 85.38486, 28.12009 ], [ 85.38547, 28.1201 ], [ 85.38548, 28.11974 ], [ 85.38588, 28.11975 ], [ 85.38589, 28.11956 ], [ 85.38528, 28.11956 ], [ 85.38527, 28.11992 ], [ 85.38486, 28.11991 ], [ 85.38486, 28.12009 ] ] ] } },
{ "type": "Feature", "properties": { "area_m2": 4000.0 }, "geometry": { "type": "Polygon", "coordinates": [ [ [ 85.5296, 28.12154 ], [ 85.53041, 28.12155 ], [ 85.53063, 28.12047 ], [ 85.53043, 28.12047 ], [ 85.53042, 28.12083 ], [ 85.53022, 28.12083 ], [ 85.53021, 28.12137 ], [ 85.5296, 28.12136 ], [ 85.5296, 28.12154 ] ] ] } },
{ "type": "Feature", "properties": { "area_m2": 2800.0 }, "geometry": { "type": "Polygon", "coordinates": [ [ [ 85.3863, 28.11939 ], [ 85.3865, 28.11939 ], [ 85.3865, 28.11921 ], [ 85.38711, 28.11922 ], [ 85.38712, 28.11868 ], [ 85.38692, 28.11867 ], [ 85.38691, 28.11904 ], [ 85.3863, 28.11903 ], [ 85.3863, 28.11939 ] ] ] } },
{ "type": "Feature", "properties": { "area_m2": 2000.0 }, "geometry": { "type": "Polygon", "coordinates": [ [ [ 85.53063, 28.12047 ], [ 85.53124, 28.12048 ], [ 85.53125, 28.11994 ], [ 85.53104, 28.11993 ], [ 85.53104, 28.12029 ], [ 85.53063, 28.12029 ], [ 85.53063, 28.12047 ] ] ] } },
{ "type": "Feature", "properties": { "area_m2": 4800.0 }, "geometry": { "type": "Polygon", "coordinates": [ [ [ 85.30488, 28.11823 ], [ 85.30508, 28.11823 ], [ 85.30508, 28.11805 ], [ 85.30549, 28.11805 ], [ 85.3055, 28.11751 ], [ 85.30631, 28.11752 ], [ 85.30632, 28.11716 ], [ 85.30612, 28.11716 ], [ 85.30611, 28.11734 ], [ 85.3053, 28.11733 ], [ 85.30529, 28.11787 ], [ 85.30488, 28.11787 ], [ 85.30488, 28.11823 ] ] ] } },
{ "type": "Feature", "properties": { "area_m2": 8800.0 }, "geometry": { "type": "Polygon", "coordinates": [ [ [ 85.38712, 28.11868 ], [ 85.38773, 28.11868 ], [ 85.38774, 28.11832 ], [ 85.38855, 28.11833 ], [ 85.38856, 28.11779 ], [ 85.38937, 28.1178 ], [ 85.38939, 28.1169 ], [ 85.38959, 28.1169 ], [ 85.38959, 28.11672 ], [ 85.38919, 28.11672 ], [ 85.38917, 28.11762 ], [ 85.38836, 28.11761 ], [ 85.38835, 28.11815 ], [ 85.38754, 28.11814 ], [ 85.38753, 28.1185 ], [ 85.38712, 28.1185 ], [ 85.38712, 28.11868 ] ] ] } },
{ "type": "Feature", "properties": { "area_m2": 2000.0 }, "geometry": { "type": "Polygon", "coordinates": [ [ [ 85.30592, 28.11661 ], [ 85.30612, 28.11662 ], [ 85.30614, 28.11571 ], [ 85.30594, 28.11571 ], [ 85.30592, 28.11661 ] ] ] } },
{ "type": "Feature", "properties": { "area_m2": 3600.0 }, "geometry": { "type": "Polygon", "coordinates": [ [ [ 85.53126, 28.11903 ], [ 85.53167, 28.11904 ], [ 85.53168, 28.1185 ], [ 85.53208, 28.1185 ], [ 85.53209, 28.11796 ], [ 85.53189, 28.11796 ], [ 85.53188, 28.11832 ], [ 85.53147, 28.11831 ], [ 85.53147, 28.11886 ], [ 85.53126, 28.11885 ], [ 85.53126, 28.11903 ] ] ] } },
{ "type": "Feature", "properties": { "area_m2": 2400.0 }, "geometry": { "type": "Polygon", "coordinates": [ [ [ 85.39163, 28.11674 ], [ 85.39244, 28.11675 ], [ 85.39245, 28.11621 ], [ 85.39225, 28.11621 ], [ 85.39224, 28.11657 ], [ 85.39163, 28.11656 ], [ 85.39163, 28.11674 ] ] ] } },
{ "type": "Feature", "properties": { "area_m2": 2800.0 }, "geometry": { "type": "Polygon", "coordinates": [ [ [ 85.39245, 28.11621 ], [ 85.39326, 28.11622 ], [ 85.39327, 28.11586 ], [ 85.39347, 28.11586 ], [ 85.39348, 28.11568 ], [ 85.39307, 28.11568 ], [ 85.39306, 28.11604 ], [ 85.39245, 28.11603 ], [ 85.39245, 28.11621 ] ] ] } },
{ "type": "Feature", "properties": { "area_m2": 2000.0 }, "geometry": { "type": "Polygon", "coordinates": [ [ [ 85.5323, 28.11742 ], [ 85.53291, 28.11743 ], [ 85.53292, 28.11689 ], [ 85.53272, 28.11688 ], [ 85.53271, 28.11724 ], [ 85.5323, 28.11724 ], [ 85.5323, 28.11742 ] ] ] } },
{ "type": "Feature", "properties": { "area_m2": 6400.0 }, "geometry": { "type": "Polygon", "coordinates": [ [ [ 85.30573, 28.11571 ], [ 85.30594, 28.11571 ], [ 85.30596, 28.11445 ], [ 85.30718, 28.11446 ], [ 85.30719, 28.11392 ], [ 85.30698, 28.11392 ], [ 85.30698, 28.11428 ], [ 85.30575, 28.11427 ], [ 85.30573, 28.11571 ] ] ] } },
{ "type": "Feature", "properties": { "area_m2": 2000.0 }, "geometry": { "type": "Polygon", "coordinates": [ [ [ 85.53292, 28.11689 ], [ 85.53373, 28.11689 ], [ 85.53374, 28.11653 ], [ 85.53353, 28.11653 ], [ 85.53353, 28.11671 ], [ 85.53292, 28.1167 ], [ 85.53292, 28.11689 ] ] ] } },
{ "type": "Feature", "properties": { "area_m2": 2800.0 }, "geometry": { "type": "Polygon", "coordinates": [ [ [ 85.39389, 28.11551 ], [ 85.39409, 28.11551 ], [ 85.39411, 28.11425 ], [ 85.39391, 28.11424 ], [ 85.39389, 28.11551 ] ] ] } },
{ "type": "Feature", "properties": { "area_m2": 2000.0 }, "geometry": { "type": "Polygon", "coordinates": [ [ [ 85.53456, 28.116 ], [ 85.53558, 28.11601 ], [ 85.53558, 28.11583 ], [ 85.53456, 28.11582 ], [ 85.53456, 28.116 ] ] ] } },
{ "type": "Feature", "properties": { "area_m2": 2000.0 }, "geometry": { "type": "Polygon", "coordinates": [ [ [ 85.53599, 28.11547 ], [ 85.53681, 28.11548 ], [ 85.53681, 28.11512 ], [ 85.53661, 28.11512 ], [ 85.5366, 28.1153 ], [ 85.53599, 28.11529 ], [ 85.53599, 28.11547 ] ] ] } },
{ "type": "Feature", "properties": { "area_m2": 6400.0 }, "geometry": { "type": "Polygon", "coordinates": [ [ [ 85.3076, 28.11339 ], [ 85.30882, 28.1134 ], [ 85.30884, 28.1125 ], [ 85.30924, 28.1125 ], [ 85.30925, 28.11178 ], [ 85.30905, 28.11178 ], [ 85.30904, 28.11232 ], [ 85.30864, 28.11232 ], [ 85.30862, 28.11322 ], [ 85.3076, 28.11321 ], [ 85.3076, 28.11339 ] ] ] } },
{ "type": "Feature", "properties": { "area_m2": 2400.0 }, "geometry": { "type": "Polygon", "coordinates": [ [ [ 85.53783, 28.11477 ], [ 85.53804, 28.11477 ], [ 85.53804, 28.11459 ], [ 85.53865, 28.1146 ], [ 85.53866, 28.11424 ], [ 85.53845, 28.11424 ], [ 85.53845, 28.11442 ], [ 85.53784, 28.11441 ], [ 85.53783, 28.11477 ] ] ] } },
{ "type": "Feature", "properties": { "area_m2": 2000.0 }, "geometry": { "type": "Polygon", "coordinates": [ [ [ 85.55269, 28.11493 ], [ 85.5533, 28.11494 ], [ 85.55331, 28.11476 ], [ 85.5529, 28.11475 ], [ 85.5529, 28.11439 ], [ 85.5527, 28.11439 ], [ 85.55269, 28.11493 ] ] ] } },
{ "type": "Feature", "properties": { "area_m2": 2000.0 }, "geometry": { "type": "Polygon", "coordinates": [ [ [ 85.30925, 28.11178 ], [ 85.30987, 28.11179 ], [ 85.30987, 28.11125 ], [ 85.30967, 28.11125 ], [ 85.30966, 28.11161 ], [ 85.30926, 28.1116 ], [ 85.30925, 28.11178 ] ] ] } },
{ "type": "Feature", "properties": { "area_m2": 2400.0 }, "geometry": { "type": "Polygon", "coordinates": [ [ [ 85.55189, 28.11438 ], [ 85.5527, 28.11439 ], [ 85.5527, 28.11421 ], [ 85.55209, 28.1142 ], [ 85.5521, 28.11384 ], [ 85.55189, 28.11384 ], [ 85.55189, 28.11438 ] ] ] } },
{ "type": "Feature", "properties": { "area_m2": 2000.0 }, "geometry": { "type": "Polygon", "coordinates": [ [ [ 85.53906, 28.11406 ], [ 85.53947, 28.11407 ], [ 85.53948, 28.11371 ], [ 85.53968, 28.11371 ], [ 85.53968, 28.11353 ], [ 85.53928, 28.11352 ], [ 85.53927, 28.11388 ], [ 85.53907, 28.11388 ], [ 85.53906, 28.11406 ] ] ] } },
{ "type": "Feature", "properties": { "area_m2": 3600.0 }, "geometry": { "type": "Polygon", "coordinates": [ [ [ 85.31008, 28.11089 ], [ 85.31049, 28.11089 ], [ 85.3105, 28.10999 ], [ 85.31091, 28.11 ], [ 85.31091, 28.10982 ], [ 85.3103, 28.10981 ], [ 85.31029, 28.11071 ], [ 85.31009, 28.11071 ], [ 85.31008, 28.11089 ] ] ] } },
{ "type": "Feature", "properties": { "area_m2": 3600.0 }, "geometry": { "type": "Polygon", "coordinates": [ [ [ 85.5405, 28.11299 ], [ 85.54091, 28.113 ], [ 85.54112, 28.11228 ], [ 85.54153, 28.11228 ], [ 85.54153, 28.1121 ], [ 85.54092, 28.1121 ], [ 85.54092, 28.11246 ], [ 85.54072, 28.11246 ], [ 85.54071, 28.11282 ], [ 85.54051, 28.11281 ], [ 85.5405, 28.11299 ] ] ] } },
{ "type": "Feature", "properties": { "area_m2": 2800.0 }, "geometry": { "type": "Polygon", "coordinates": [ [ [ 85.55028, 28.11256 ], [ 85.55049, 28.11256 ], [ 85.55049, 28.1122 ], [ 85.54988, 28.11219 ], [ 85.54989, 28.11183 ], [ 85.54968, 28.11183 ], [ 85.54967, 28.11237 ], [ 85.55028, 28.11238 ], [ 85.55028, 28.11256 ] ] ] } },
{ "type": "Feature", "properties": { "area_m2": 2400.0 }, "geometry": { "type": "Polygon", "coordinates": [ [ [ 85.54153, 28.1121 ], [ 85.54194, 28.11211 ], [ 85.54195, 28.11175 ], [ 85.54235, 28.11175 ], [ 85.54236, 28.11157 ], [ 85.54175, 28.11156 ], [ 85.54174, 28.11192 ], [ 85.54154, 28.11192 ], [ 85.54153, 28.1121 ] ] ] } },
{ "type": "Feature", "properties": { "area_m2": 2000.0 }, "geometry": { "type": "Polygon", "coordinates": [ [ [ 85.31132, 28.10964 ], [ 85.31153, 28.10964 ], [ 85.31154, 28.10874 ], [ 85.31134, 28.10874 ], [ 85.31132, 28.10964 ] ] ] } },
{ "type": "Feature", "properties": { "area_m2": 7600.0 }, "geometry": { "type": "Polygon", "coordinates": [ [ [ 85.54256, 28.11121 ], [ 85.54277, 28.11121 ], [ 85.54277, 28.11103 ], [ 85.54542, 28.11106 ], [ 85.54543, 28.11016 ], [ 85.54523, 28.11016 ], [ 85.54522, 28.11088 ], [ 85.54257, 28.11085 ], [ 85.54256, 28.11121 ] ] ] } },
{ "type": "Feature", "properties": { "area_m2": 2400.0 }, "geometry": { "type": "Polygon", "coordinates": [ [ [ 85.54543, 28.11016 ], [ 85.54584, 28.11016 ], [ 85.54584, 28.1098 ], [ 85.54625, 28.10981 ], [ 85.54625, 28.10963 ], [ 85.54564, 28.10962 ], [ 85.54563, 28.10998 ], [ 85.54543, 28.10998 ], [ 85.54543, 28.11016 ] ] ] } },
{ "type": "Feature", "properties": { "area_m2": 2800.0 }, "geometry": { "type": "Polygon", "coordinates": [ [ [ 85.31178, 28.10676 ], [ 85.31198, 28.10676 ], [ 85.312, 28.1055 ], [ 85.3118, 28.1055 ], [ 85.31178, 28.10676 ] ] ] } },
{ "type": "Feature", "properties": { "area_m2": 17200.0 }, "geometry": { "type": "Polygon", "coordinates": [ [ [ 85.54887, 28.11182 ], [ 85.54968, 28.11183 ], [ 85.54968, 28.11165 ], [ 85.54907, 28.11164 ], [ 85.54908, 28.1111 ], [ 85.54827, 28.11109 ], [ 85.54827, 28.11055 ], [ 85.54705, 28.11054 ], [ 85.54706, 28.11 ], [ 85.54686, 28.10999 ], [ 85.54688, 28.10837 ], [ 85.54647, 28.10836 ], [ 85.54648, 28.10764 ], [ 85.54628, 28.10764 ], [ 85.54626, 28.10854 ], [ 85.54647, 28.10855 ], [ 85.54646, 28.10927 ], [ 85.54666, 28.10927 ], [ 85.54665, 28.11017 ], [ 85.54685, 28.11017 ], [ 85.54685, 28.11072 ], [ 85.54807, 28.11073 ], [ 85.54806, 28.11127 ], [ 85.54887, 28.11128 ], [ 85.54887, 28.11182 ] ] ] } },
{ "type": "Feature", "properties": { "area_m2": 2000.0 }, "geometry": { "type": "Polygon", "coordinates": [ [ [ 85.54648, 28.10764 ], [ 85.54709, 28.10765 ], [ 85.5471, 28.10711 ], [ 85.5469, 28.10711 ], [ 85.54689, 28.10747 ], [ 85.54648, 28.10746 ], [ 85.54648, 28.10764 ] ] ] } },
{ "type": "Feature", "properties": { "area_m2": 2000.0 }, "geometry": { "type": "Polygon", "coordinates": [ [ [ 85.26746, 28.10296 ], [ 85.26848, 28.10297 ], [ 85.26848, 28.10279 ], [ 85.26746, 28.10278 ], [ 85.26746, 28.10296 ] ] ] } },
{ "type": "Feature", "properties": { "area_m2": 3200.0 }, "geometry": { "type": "Polygon", "coordinates": [ [ [ 85.31324, 28.10425 ], [ 85.31344, 28.10425 ], [ 85.31346, 28.10335 ], [ 85.31366, 28.10335 ], [ 85.31367, 28.10299 ], [ 85.31326, 28.10317 ], [ 85.31324, 28.10425 ] ] ] } },
{ "type": "Feature", "properties": { "area_m2": 3600.0 }, "geometry": { "type": "Polygon", "coordinates": [ [ [ 85.31514, 28.10012 ], [ 85.31575, 28.10013 ], [ 85.31575, 28.09977 ], [ 85.31657, 28.09978 ], [ 85.31657, 28.0996 ], [ 85.31555, 28.09959 ], [ 85.31555, 28.09995 ], [ 85.31514, 28.09994 ], [ 85.31514, 28.10012 ] ] ] } },
{ "type": "Feature", "properties": { "area_m2": 6400.0 }, "geometry": { "type": "Polygon", "coordinates": [ [ [ 85.54673, 28.1044 ], [ 85.54693, 28.1044 ], [ 85.54694, 28.10404 ], [ 85.54734, 28.10404 ], [ 85.54737, 28.10188 ], [ 85.54717, 28.10187 ], [ 85.54714, 28.10386 ], [ 85.54674, 28.10385 ], [ 85.54673, 28.1044 ] ] ] } },
{ "type": "Feature", "properties": { "area_m2": 4000.0 }, "geometry": { "type": "Polygon", "coordinates": [ [ [ 85.26385, 28.09966 ], [ 85.26466, 28.09967 ], [ 85.26467, 28.09949 ], [ 85.26406, 28.09949 ], [ 85.26407, 28.0984 ], [ 85.26387, 28.0984 ], [ 85.26385, 28.09966 ] ] ] } },
{ "type": "Feature", "properties": { "area_m2": 2000.0 }, "geometry": { "type": "Polygon", "coordinates": [ [ [ 85.31719, 28.09888 ], [ 85.31801, 28.09889 ], [ 85.31801, 28.09853 ], [ 85.31781, 28.09853 ], [ 85.3178, 28.09871 ], [ 85.31719, 28.0987 ], [ 85.31719, 28.09888 ] ] ] } },
{ "type": "Feature", "properties": { "area_m2": 3600.0 }, "geometry": { "type": "Polygon", "coordinates": [ [ [ 85.31842, 28.09818 ], [ 85.31903, 28.09818 ], [ 85.31904, 28.09782 ], [ 85.31985, 28.09783 ], [ 85.31986, 28.09765 ], [ 85.31884, 28.09764 ], [ 85.31883, 28.098 ], [ 85.31843, 28.098 ], [ 85.31842, 28.09818 ] ] ] } },
{ "type": "Feature", "properties": { "area_m2": 2400.0 }, "geometry": { "type": "Polygon", "coordinates": [ [ [ 85.32189, 28.09786 ], [ 85.32311, 28.09787 ], [ 85.32311, 28.09769 ], [ 85.32189, 28.09768 ], [ 85.32189, 28.09786 ] ] ] } },
{ "type": "Feature", "properties": { "area_m2": 2000.0 }, "geometry": { "type": "Polygon", "coordinates": [ [ [ 85.31986, 28.09765 ], [ 85.32087, 28.09767 ], [ 85.32088, 28.09749 ], [ 85.31986, 28.09747 ], [ 85.31986, 28.09765 ] ] ] } },
{ "type": "Feature", "properties": { "area_m2": 2800.0 }, "geometry": { "type": "Polygon", "coordinates": [ [ [ 85.26165, 28.09711 ], [ 85.26206, 28.09711 ], [ 85.26206, 28.09693 ], [ 85.26186, 28.09693 ], [ 85.26187, 28.09639 ], [ 85.26126, 28.09638 ], [ 85.26125, 28.09656 ], [ 85.26166, 28.09657 ], [ 85.26165, 28.09711 ] ] ] } },
{ "type": "Feature", "properties": { "area_m2": 4000.0 }, "geometry": { "type": "Polygon", "coordinates": [ [ [ 85.54759, 28.10098 ], [ 85.54779, 28.10098 ], [ 85.54782, 28.09917 ], [ 85.54761, 28.09917 ], [ 85.54759, 28.10098 ] ] ] } },
{ "type": "Feature", "properties": { "area_m2": 4800.0 }, "geometry": { "type": "Polygon", "coordinates": [ [ [ 85.32822, 28.09667 ], [ 85.33066, 28.0967 ], [ 85.33066, 28.09652 ], [ 85.32822, 28.09649 ], [ 85.32822, 28.09667 ] ] ] } },
{ "type": "Feature", "properties": { "area_m2": 2000.0 }, "geometry": { "type": "Polygon", "coordinates": [ [ [ 85.25863, 28.09545 ], [ 85.25964, 28.09546 ], [ 85.25965, 28.09528 ], [ 85.25863, 28.09526 ], [ 85.25863, 28.09545 ] ] ] } },
{ "type": "Feature", "properties": { "area_m2": 2800.0 }, "geometry": { "type": "Polygon", "coordinates": [ [ [ 85.257, 28.09506 ], [ 85.25843, 28.09508 ], [ 85.25843, 28.0949 ], [ 85.25701, 28.09488 ], [ 85.257, 28.09506 ] ] ] } },
{ "type": "Feature", "properties": { "area_m2": 10000.0 }, "geometry": { "type": "Polygon", "coordinates": [ [ [ 85.32413, 28.09771 ], [ 85.32433, 28.09771 ], [ 85.32434, 28.09753 ], [ 85.32495, 28.09753 ], [ 85.32495, 28.09717 ], [ 85.32577, 28.09718 ], [ 85.32579, 28.09574 ], [ 85.32701, 28.09575 ], [ 85.32701, 28.09557 ], [ 85.32559, 28.09556 ], [ 85.32557, 28.097 ], [ 85.32475, 28.09699 ], [ 85.32475, 28.09735 ], [ 85.32414, 28.09734 ], [ 85.32413, 28.09771 ] ] ] } },
{ "type": "Feature", "properties": { "area_m2": 2400.0 }, "geometry": { "type": "Polygon", "coordinates": [ [ [ 85.33128, 28.09617 ], [ 85.33189, 28.09618 ], [ 85.33189, 28.09581 ], [ 85.3321, 28.09582 ], [ 85.3321, 28.09564 ], [ 85.33169, 28.09563 ], [ 85.33169, 28.09599 ], [ 85.33128, 28.09599 ], [ 85.33128, 28.09617 ] ] ] } },
{ "type": "Feature", "properties": { "area_m2": 3600.0 }, "geometry": { "type": "Polygon", "coordinates": [ [ [ 85.3555, 28.0961 ], [ 85.35733, 28.09612 ], [ 85.35734, 28.09594 ], [ 85.3555, 28.09592 ], [ 85.3555, 28.0961 ] ] ] } },
{ "type": "Feature", "properties": { "area_m2": 2400.0 }, "geometry": { "type": "Polygon", "coordinates": [ [ [ 85.25599, 28.09487 ], [ 85.25701, 28.09488 ], [ 85.25701, 28.0947 ], [ 85.2562, 28.09469 ], [ 85.2562, 28.09451 ], [ 85.25599, 28.09451 ], [ 85.25599, 28.09487 ] ] ] } },
{ "type": "Feature", "properties": { "area_m2": 3200.0 }, "geometry": { "type": "Polygon", "coordinates": [ [ [ 85.35245, 28.09588 ], [ 85.35408, 28.0959 ], [ 85.35408, 28.09572 ], [ 85.35245, 28.0957 ], [ 85.35245, 28.09588 ] ] ] } },
{ "type": "Feature", "properties": { "area_m2": 2000.0 }, "geometry": { "type": "Polygon", "coordinates": [ [ [ 85.35449, 28.09591 ], [ 85.3555, 28.09592 ], [ 85.35551, 28.09574 ], [ 85.35449, 28.09573 ], [ 85.35449, 28.09591 ] ] ] } },
{ "type": "Feature", "properties": { "area_m2": 2800.0 }, "geometry": { "type": "Polygon", "coordinates": [ [ [ 85.34451, 28.09579 ], [ 85.34574, 28.0958 ], [ 85.34574, 28.09544 ], [ 85.34554, 28.09544 ], [ 85.34554, 28.09562 ], [ 85.34452, 28.09561 ], [ 85.34451, 28.09579 ] ] ] } },
{ "type": "Feature", "properties": { "area_m2": 2000.0 }, "geometry": { "type": "Polygon", "coordinates": [ [ [ 85.25498, 28.0945 ], [ 85.25599, 28.09451 ], [ 85.256, 28.09433 ], [ 85.25498, 28.09432 ], [ 85.25498, 28.0945 ] ] ] } },
{ "type": "Feature", "properties": { "area_m2": 2400.0 }, "geometry": { "type": "Polygon", "coordinates": [ [ [ 85.3433, 28.09559 ], [ 85.34452, 28.09561 ], [ 85.34452, 28.09543 ], [ 85.3433, 28.09541 ], [ 85.3433, 28.09559 ] ] ] } },
{ "type": "Feature", "properties": { "area_m2": 2400.0 }, "geometry": { "type": "Polygon", "coordinates": [ [ [ 85.34899, 28.09566 ], [ 85.35022, 28.09568 ], [ 85.35022, 28.09549 ], [ 85.349, 28.09548 ], [ 85.34899, 28.09566 ] ] ] } },
{ "type": "Feature", "properties": { "area_m2": 2400.0 }, "geometry": { "type": "Polygon", "coordinates": [ [ [ 85.35123, 28.09569 ], [ 85.35245, 28.0957 ], [ 85.35246, 28.09552 ], [ 85.35124, 28.09551 ], [ 85.35123, 28.09569 ] ] ] } },
{ "type": "Feature", "properties": { "area_m2": 2400.0 }, "geometry": { "type": "Polygon", "coordinates": [ [ [ 85.3321, 28.09564 ], [ 85.33271, 28.09564 ], [ 85.33272, 28.09528 ], [ 85.33292, 28.09529 ], [ 85.33292, 28.0951 ], [ 85.33252, 28.0951 ], [ 85.33251, 28.09546 ], [ 85.3321, 28.09546 ], [ 85.3321, 28.09564 ] ] ] } },
{ "type": "Feature", "properties": { "area_m2": 9600.0 }, "geometry": { "type": "Polygon", "coordinates": [ [ [ 85.33801, 28.09535 ], [ 85.34289, 28.09541 ], [ 85.3429, 28.09523 ], [ 85.33801, 28.09517 ], [ 85.33801, 28.09535 ] ] ] } },
{ "type": "Feature", "properties": { "area_m2": 5200.0 }, "geometry": { "type": "Polygon", "coordinates": [ [ [ 85.34635, 28.09545 ], [ 85.349, 28.09548 ], [ 85.349, 28.0953 ], [ 85.34635, 28.09527 ], [ 85.34635, 28.09545 ] ] ] } },
{ "type": "Feature", "properties": { "area_m2": 2800.0 }, "geometry": { "type": "Polygon", "coordinates": [ [ [ 85.35836, 28.09559 ], [ 85.35938, 28.0956 ], [ 85.35938, 28.09506 ], [ 85.35918, 28.09506 ], [ 85.35918, 28.09542 ], [ 85.35836, 28.09541 ], [ 85.35836, 28.09559 ] ] ] } },
{ "type": "Feature", "properties": { "area_m2": 2400.0 }, "geometry": { "type": "Polygon", "coordinates": [ [ [ 85.33292, 28.0951 ], [ 85.33353, 28.09511 ], [ 85.33354, 28.09475 ], [ 85.33374, 28.09475 ], [ 85.33375, 28.09457 ], [ 85.33334, 28.09457 ], [ 85.33333, 28.09493 ], [ 85.33293, 28.09492 ], [ 85.33292, 28.0951 ] ] ] } },
{ "type": "Feature", "properties": { "area_m2": 8800.0 }, "geometry": { "type": "Polygon", "coordinates": [ [ [ 85.33598, 28.09514 ], [ 85.33801, 28.09517 ], [ 85.33801, 28.09499 ], [ 85.33618, 28.09496 ], [ 85.33619, 28.0946 ], [ 85.33395, 28.09458 ], [ 85.33395, 28.09476 ], [ 85.33598, 28.09478 ], [ 85.33598, 28.09514 ] ] ] } },
{ "type": "Feature", "properties": { "area_m2": 2000.0 }, "geometry": { "type": "Polygon", "coordinates": [ [ [ 85.25255, 28.09338 ], [ 85.25357, 28.0934 ], [ 85.25357, 28.09322 ], [ 85.25256, 28.0932 ], [ 85.25255, 28.09338 ] ] ] } },
{ "type": "Feature", "properties": { "area_m2": 2800.0 }, "geometry": { "type": "Polygon", "coordinates": [ [ [ 85.35959, 28.09489 ], [ 85.35979, 28.09489 ], [ 85.3598, 28.09471 ], [ 85.3602, 28.09471 ], [ 85.36022, 28.09399 ], [ 85.36001, 28.09399 ], [ 85.36, 28.09453 ], [ 85.3596, 28.09452 ], [ 85.35959, 28.09489 ] ] ] } },
{ "type": "Feature", "properties": { "area_m2": 2000.0 }, "geometry": { "type": "Polygon", "coordinates": [ [ [ 85.25033, 28.09263 ], [ 85.25134, 28.09265 ], [ 85.25135, 28.09246 ], [ 85.25033, 28.09245 ], [ 85.25033, 28.09263 ] ] ] } },
{ "type": "Feature", "properties": { "area_m2": 2000.0 }, "geometry": { "type": "Polygon", "coordinates": [ [ [ 85.24931, 28.09244 ], [ 85.25033, 28.09245 ], [ 85.25033, 28.09227 ], [ 85.24931, 28.09226 ], [ 85.24931, 28.09244 ] ] ] } },
{ "type": "Feature", "properties": { "area_m2": 3200.0 }, "geometry": { "type": "Polygon", "coordinates": [ [ [ 85.36063, 28.09345 ], [ 85.36104, 28.09346 ], [ 85.36104, 28.0931 ], [ 85.36186, 28.09311 ], [ 85.36186, 28.09293 ], [ 85.36084, 28.09291 ], [ 85.36084, 28.09328 ], [ 85.36063, 28.09327 ], [ 85.36063, 28.09345 ] ] ] } },
{ "type": "Feature", "properties": { "area_m2": 5200.0 }, "geometry": { "type": "Polygon", "coordinates": [ [ [ 85.54602, 28.09681 ], [ 85.54622, 28.09681 ], [ 85.54625, 28.09482 ], [ 85.54645, 28.09483 ], [ 85.54645, 28.09465 ], [ 85.54605, 28.09464 ], [ 85.54602, 28.09681 ] ] ] } },
{ "type": "Feature", "properties": { "area_m2": 2000.0 }, "geometry": { "type": "Polygon", "coordinates": [ [ [ 85.36186, 28.09293 ], [ 85.36206, 28.09293 ], [ 85.36207, 28.09275 ], [ 85.36268, 28.09276 ], [ 85.36268, 28.09258 ], [ 85.36187, 28.09257 ], [ 85.36186, 28.09293 ] ] ] } },
{ "type": "Feature", "properties": { "area_m2": 4000.0 }, "geometry": { "type": "Polygon", "coordinates": [ [ [ 85.36289, 28.09186 ], [ 85.3631, 28.09186 ], [ 85.3631, 28.0915 ], [ 85.36351, 28.0915 ], [ 85.36352, 28.09114 ], [ 85.36413, 28.09115 ], [ 85.36413, 28.09097 ], [ 85.36331, 28.09096 ], [ 85.36331, 28.09132 ], [ 85.3629, 28.09131 ], [ 85.36289, 28.09186 ] ] ] } },
{ "type": "Feature", "properties": { "area_m2": 2400.0 }, "geometry": { "type": "Polygon", "coordinates": [ [ [ 85.36434, 28.09061 ], [ 85.36495, 28.09062 ], [ 85.36495, 28.09026 ], [ 85.36516, 28.09026 ], [ 85.36516, 28.09008 ], [ 85.36475, 28.09007 ], [ 85.36475, 28.09043 ], [ 85.36434, 28.09043 ], [ 85.36434, 28.09061 ] ] ] } },
{ "type": "Feature", "properties": { "area_m2": 2800.0 }, "geometry": { "type": "Polygon", "coordinates": [ [ [ 85.36762, 28.08866 ], [ 85.36823, 28.08867 ], [ 85.36845, 28.08795 ], [ 85.36804, 28.08813 ], [ 85.36803, 28.08849 ], [ 85.36763, 28.08848 ], [ 85.36762, 28.08866 ] ] ] } },
{ "type": "Feature", "properties": { "area_m2": 4800.0 }, "geometry": { "type": "Polygon", "coordinates": [ [ [ 85.51597, 28.09071 ], [ 85.51638, 28.09071 ], [ 85.51639, 28.09017 ], [ 85.5168, 28.09018 ], [ 85.51681, 28.08909 ], [ 85.51661, 28.08909 ], [ 85.51659, 28.08999 ], [ 85.51619, 28.08999 ], [ 85.51618, 28.09053 ], [ 85.51598, 28.09053 ], [ 85.51597, 28.09071 ] ] ] } },
{ "type": "Feature", "properties": { "area_m2": 8400.0 }, "geometry": { "type": "Polygon", "coordinates": [ [ [ 85.54567, 28.09247 ], [ 85.54587, 28.09247 ], [ 85.54588, 28.09193 ], [ 85.54567, 28.09193 ], [ 85.54569, 28.09085 ], [ 85.54549, 28.09084 ], [ 85.54549, 28.0903 ], [ 85.54509, 28.0903 ], [ 85.5451, 28.0894 ], [ 85.54489, 28.08939 ], [ 85.54488, 28.09048 ], [ 85.54529, 28.09048 ], [ 85.54528, 28.09102 ], [ 85.54548, 28.09103 ], [ 85.54547, 28.09211 ], [ 85.54567, 28.09211 ], [ 85.54567, 28.09247 ] ] ] } },
{ "type": "Feature", "properties": { "area_m2": 3600.0 }, "geometry": { "type": "Polygon", "coordinates": [ [ [ 85.51681, 28.08909 ], [ 85.51844, 28.08911 ], [ 85.51844, 28.08875 ], [ 85.51824, 28.08875 ], [ 85.51824, 28.08893 ], [ 85.51681, 28.08891 ], [ 85.51681, 28.08909 ] ] ] } },
{ "type": "Feature", "properties": { "area_m2": 2000.0 }, "geometry": { "type": "Polygon", "coordinates": [ [ [ 85.36907, 28.08742 ], [ 85.36927, 28.08742 ], [ 85.36928, 28.08706 ], [ 85.36968, 28.08706 ], [ 85.36969, 28.08688 ], [ 85.36908, 28.08688 ], [ 85.36907, 28.08742 ] ] ] } },
{ "type": "Feature", "properties": { "area_m2": 2000.0 }, "geometry": { "type": "Polygon", "coordinates": [ [ [ 85.51926, 28.08822 ], [ 85.51987, 28.08822 ], [ 85.51988, 28.08768 ], [ 85.51968, 28.08768 ], [ 85.51967, 28.08804 ], [ 85.51927, 28.08804 ], [ 85.51926, 28.08822 ] ] ] } },
{ "type": "Feature", "properties": { "area_m2": 2800.0 }, "geometry": { "type": "Polygon", "coordinates": [ [ [ 85.37031, 28.08617 ], [ 85.37051, 28.08617 ], [ 85.37052, 28.08581 ], [ 85.37133, 28.08582 ], [ 85.37133, 28.08564 ], [ 85.37032, 28.08563 ], [ 85.37031, 28.08617 ] ] ] } },
{ "type": "Feature", "properties": { "area_m2": 3200.0 }, "geometry": { "type": "Polygon", "coordinates": [ [ [ 85.51988, 28.08768 ], [ 85.52029, 28.08769 ], [ 85.5203, 28.08678 ], [ 85.52051, 28.08679 ], [ 85.52051, 28.08661 ], [ 85.5201, 28.0866 ], [ 85.52009, 28.0875 ], [ 85.51988, 28.0875 ], [ 85.51988, 28.08768 ] ] ] } },
{ "type": "Feature", "properties": { "area_m2": 4400.0 }, "geometry": { "type": "Polygon", "coordinates": [ [ [ 85.37133, 28.08564 ], [ 85.37215, 28.08565 ], [ 85.37215, 28.08529 ], [ 85.37297, 28.0853 ], [ 85.37297, 28.08494 ], [ 85.37277, 28.08493 ], [ 85.37277, 28.08511 ], [ 85.37195, 28.0851 ], [ 85.37195, 28.08547 ], [ 85.37134, 28.08546 ], [ 85.37133, 28.08564 ] ] ] } },
{ "type": "Feature", "properties": { "area_m2": 8000.0 }, "geometry": { "type": "Polygon", "coordinates": [ [ [ 85.54469, 28.08939 ], [ 85.54489, 28.08939 ], [ 85.54491, 28.08795 ], [ 85.54512, 28.08795 ], [ 85.54512, 28.08741 ], [ 85.54553, 28.08742 ], [ 85.54555, 28.08633 ], [ 85.54534, 28.08633 ], [ 85.54533, 28.08723 ], [ 85.54492, 28.08723 ], [ 85.54492, 28.08777 ], [ 85.54471, 28.08777 ], [ 85.54469, 28.08939 ] ] ] } },
{ "type": "Feature", "properties": { "area_m2": 5600.0 }, "geometry": { "type": "Polygon", "coordinates": [ [ [ 85.37297, 28.08494 ], [ 85.37317, 28.08494 ], [ 85.37318, 28.08476 ], [ 85.3744, 28.08477 ], [ 85.3744, 28.08441 ], [ 85.37522, 28.08442 ], [ 85.37522, 28.08424 ], [ 85.3742, 28.08423 ], [ 85.3742, 28.08459 ], [ 85.37298, 28.08458 ], [ 85.37297, 28.08494 ] ] ] } },
{ "type": "Feature", "properties": { "area_m2": 4000.0 }, "geometry": { "type": "Polygon", "coordinates": [ [ [ 85.52051, 28.08661 ], [ 85.52153, 28.08662 ], [ 85.52153, 28.08626 ], [ 85.52173, 28.08626 ], [ 85.52174, 28.08572 ], [ 85.52154, 28.08572 ], [ 85.52153, 28.08608 ], [ 85.52133, 28.08607 ], [ 85.52132, 28.08643 ], [ 85.52051, 28.08643 ], [ 85.52051, 28.08661 ] ] ] } },
{ "type": "Feature", "properties": { "area_m2": 9600.0 }, "geometry": { "type": "Polygon", "coordinates": [ [ [ 85.37522, 28.08424 ], [ 85.37542, 28.08424 ], [ 85.37543, 28.08388 ], [ 85.37604, 28.08389 ], [ 85.37605, 28.08335 ], [ 85.37768, 28.08319 ], [ 85.37768, 28.08283 ], [ 85.3785, 28.08284 ], [ 85.3785, 28.08266 ], [ 85.37748, 28.08264 ], [ 85.37748, 28.083 ], [ 85.37585, 28.08317 ], [ 85.37584, 28.08371 ], [ 85.37523, 28.0837 ], [ 85.37522, 28.08424 ] ] ] } },
{ "type": "Feature", "properties": { "area_m2": 5600.0 }, "geometry": { "type": "Polygon", "coordinates": [ [ [ 85.3785, 28.08266 ], [ 85.38135, 28.08269 ], [ 85.38135, 28.08251 ], [ 85.3785, 28.08247 ], [ 85.3785, 28.08266 ] ] ] } },
{ "type": "Feature", "properties": { "area_m2": 4000.0 }, "geometry": { "type": "Polygon", "coordinates": [ [ [ 85.38135, 28.08251 ], [ 85.38298, 28.08253 ], [ 85.38319, 28.08217 ], [ 85.38278, 28.08216 ], [ 85.38278, 28.08234 ], [ 85.38136, 28.08233 ], [ 85.38135, 28.08251 ] ] ] } },
{ "type": "Feature", "properties": { "area_m2": 4400.0 }, "geometry": { "type": "Polygon", "coordinates": [ [ [ 85.38441, 28.08236 ], [ 85.38461, 28.08237 ], [ 85.38461, 28.08219 ], [ 85.38604, 28.0822 ], [ 85.38625, 28.08184 ], [ 85.38584, 28.08184 ], [ 85.38584, 28.08202 ], [ 85.38441, 28.082 ], [ 85.38441, 28.08236 ] ] ] } },
{ "type": "Feature", "properties": { "area_m2": 3200.0 }, "geometry": { "type": "Polygon", "coordinates": [ [ [ 85.52319, 28.08411 ], [ 85.52359, 28.08411 ], [ 85.5236, 28.08375 ], [ 85.52401, 28.08376 ], [ 85.52401, 28.08321 ], [ 85.52381, 28.08321 ], [ 85.52381, 28.08357 ], [ 85.5234, 28.08357 ], [ 85.52339, 28.08393 ], [ 85.52319, 28.08393 ], [ 85.52319, 28.08411 ] ] ] } },
{ "type": "Feature", "properties": { "area_m2": 5200.0 }, "geometry": { "type": "Polygon", "coordinates": [ [ [ 85.38624, 28.0822 ], [ 85.38685, 28.08221 ], [ 85.38686, 28.08167 ], [ 85.38828, 28.08169 ], [ 85.38829, 28.08151 ], [ 85.38666, 28.08149 ], [ 85.38665, 28.08203 ], [ 85.38624, 28.08202 ], [ 85.38624, 28.0822 ] ] ] } },
{ "type": "Feature", "properties": { "area_m2": 5200.0 }, "geometry": { "type": "Polygon", "coordinates": [ [ [ 85.38829, 28.08151 ], [ 85.39093, 28.08154 ], [ 85.39094, 28.08136 ], [ 85.38829, 28.08133 ], [ 85.38829, 28.08151 ] ] ] } },
{ "type": "Feature", "properties": { "area_m2": 2000.0 }, "geometry": { "type": "Polygon", "coordinates": [ [ [ 85.52401, 28.08321 ], [ 85.52442, 28.08322 ], [ 85.52443, 28.08286 ], [ 85.52463, 28.08286 ], [ 85.52463, 28.08268 ], [ 85.52423, 28.08268 ], [ 85.52422, 28.08304 ], [ 85.52402, 28.08303 ], [ 85.52401, 28.08321 ] ] ] } },
{ "type": "Feature", "properties": { "area_m2": 6400.0 }, "geometry": { "type": "Polygon", "coordinates": [ [ [ 85.54535, 28.08561 ], [ 85.54556, 28.08561 ], [ 85.5456, 28.08272 ], [ 85.54539, 28.08272 ], [ 85.54535, 28.08561 ] ] ] } },
{ "type": "Feature", "properties": { "area_m2": 2800.0 }, "geometry": { "type": "Polygon", "coordinates": [ [ [ 85.52463, 28.08268 ], [ 85.52504, 28.08268 ], [ 85.52505, 28.0816 ], [ 85.52485, 28.0816 ], [ 85.52484, 28.0825 ], [ 85.52463, 28.0825 ], [ 85.52463, 28.08268 ] ] ] } },
{ "type": "Feature", "properties": { "area_m2": 14400.0 }, "geometry": { "type": "Polygon", "coordinates": [ [ [ 85.39418, 28.08194 ], [ 85.3952, 28.08195 ], [ 85.39522, 28.08032 ], [ 85.39604, 28.08033 ], [ 85.39605, 28.07979 ], [ 85.39584, 28.07979 ], [ 85.39584, 28.08015 ], [ 85.39502, 28.08014 ], [ 85.395, 28.08177 ], [ 85.39439, 28.08176 ], [ 85.39439, 28.0814 ], [ 85.39134, 28.08136 ], [ 85.39134, 28.08154 ], [ 85.39419, 28.08158 ], [ 85.39418, 28.08194 ] ] ] } },
{ "type": "Feature", "properties": { "area_m2": 2000.0 }, "geometry": { "type": "Polygon", "coordinates": [ [ [ 85.54499, 28.08199 ], [ 85.5452, 28.082 ], [ 85.5452, 28.08164 ], [ 85.5448, 28.08163 ], [ 85.5448, 28.08145 ], [ 85.54459, 28.08145 ], [ 85.54459, 28.08181 ], [ 85.545, 28.08181 ], [ 85.54499, 28.08199 ] ] ] } },
{ "type": "Feature", "properties": { "area_m2": 5200.0 }, "geometry": { "type": "Polygon", "coordinates": [ [ [ 85.39747, 28.07999 ], [ 85.39849, 28.08 ], [ 85.39849, 28.07982 ], [ 85.39767, 28.07981 ], [ 85.39768, 28.07945 ], [ 85.39626, 28.07943 ], [ 85.39625, 28.07961 ], [ 85.39747, 28.07963 ], [ 85.39747, 28.07999 ] ] ] } },
{ "type": "Feature", "properties": { "area_m2": 2800.0 }, "geometry": { "type": "Polygon", "coordinates": [ [ [ 85.54378, 28.08126 ], [ 85.54439, 28.08127 ], [ 85.5444, 28.08109 ], [ 85.54399, 28.08108 ], [ 85.544, 28.08036 ], [ 85.5438, 28.08036 ], [ 85.54378, 28.08126 ] ] ] } },
{ "type": "Feature", "properties": { "area_m2": 2000.0 }, "geometry": { "type": "Polygon", "coordinates": [ [ [ 85.54359, 28.08036 ], [ 85.5438, 28.08036 ], [ 85.5438, 28.08 ], [ 85.54339, 28.07999 ], [ 85.5434, 28.07981 ], [ 85.54319, 28.07981 ], [ 85.54319, 28.08017 ], [ 85.54359, 28.08017 ], [ 85.54359, 28.08036 ] ] ] } },
{ "type": "Feature", "properties": { "area_m2": 7200.0 }, "geometry": { "type": "Polygon", "coordinates": [ [ [ 85.52486, 28.08106 ], [ 85.52526, 28.08106 ], [ 85.52528, 28.08016 ], [ 85.52609, 28.08017 ], [ 85.5261, 28.07927 ], [ 85.52651, 28.07927 ], [ 85.52651, 28.07909 ], [ 85.5259, 28.07908 ], [ 85.52589, 28.07999 ], [ 85.52508, 28.07998 ], [ 85.52506, 28.08088 ], [ 85.52486, 28.08088 ], [ 85.52486, 28.08106 ] ] ] } },
{ "type": "Feature", "properties": { "area_m2": 3600.0 }, "geometry": { "type": "Polygon", "coordinates": [ [ [ 85.52651, 28.07909 ], [ 85.52692, 28.07909 ], [ 85.52693, 28.07855 ], [ 85.52754, 28.07856 ], [ 85.52754, 28.0782 ], [ 85.52734, 28.0782 ], [ 85.52734, 28.07838 ], [ 85.52673, 28.07837 ], [ 85.52672, 28.07891 ], [ 85.52652, 28.07891 ], [ 85.52651, 28.07909 ] ] ] } },
{ "type": "Feature", "properties": { "area_m2": 4800.0 }, "geometry": { "type": "Polygon", "coordinates": [ [ [ 85.5434, 28.07981 ], [ 85.5436, 28.07981 ], [ 85.5436, 28.07963 ], [ 85.54401, 28.07964 ], [ 85.54403, 28.07801 ], [ 85.54383, 28.07801 ], [ 85.54381, 28.07945 ], [ 85.5434, 28.07945 ], [ 85.5434, 28.07981 ] ] ] } },
{ "type": "Feature", "properties": { "area_m2": 3600.0 }, "geometry": { "type": "Polygon", "coordinates": [ [ [ 85.52877, 28.07767 ], [ 85.52959, 28.07768 ], [ 85.52959, 28.07696 ], [ 85.52939, 28.07695 ], [ 85.52939, 28.07677 ], [ 85.52919, 28.07677 ], [ 85.52919, 28.07713 ], [ 85.52939, 28.07714 ], [ 85.52938, 28.0775 ], [ 85.52877, 28.07749 ], [ 85.52877, 28.07767 ] ] ] } },
{ "type": "Feature", "properties": { "area_m2": 2000.0 }, "geometry": { "type": "Polygon", "coordinates": [ [ [ 85.54322, 28.07764 ], [ 85.54342, 28.07765 ], [ 85.54344, 28.07674 ], [ 85.54323, 28.07674 ], [ 85.54322, 28.07764 ] ] ] } },
{ "type": "Feature", "properties": { "area_m2": 3600.0 }, "geometry": { "type": "Polygon", "coordinates": [ [ [ 85.54325, 28.07548 ], [ 85.54366, 28.07548 ], [ 85.54366, 28.0753 ], [ 85.54346, 28.0753 ], [ 85.54346, 28.07476 ], [ 85.54285, 28.07475 ], [ 85.54286, 28.07457 ], [ 85.54265, 28.07457 ], [ 85.54265, 28.07493 ], [ 85.54326, 28.07494 ], [ 85.54325, 28.07548 ] ] ] } },
{ "type": "Feature", "properties": { "area_m2": 7600.0 }, "geometry": { "type": "Polygon", "coordinates": [ [ [ 85.53063, 28.07534 ], [ 85.53084, 28.07535 ], [ 85.53084, 28.07516 ], [ 85.53165, 28.07517 ], [ 85.53166, 28.07463 ], [ 85.53248, 28.07464 ], [ 85.53248, 28.0741 ], [ 85.53289, 28.0741 ], [ 85.53289, 28.07374 ], [ 85.53269, 28.07374 ], [ 85.53269, 28.07392 ], [ 85.53228, 28.07392 ], [ 85.53227, 28.07446 ], [ 85.53146, 28.07445 ], [ 85.53145, 28.07499 ], [ 85.53064, 28.07498 ], [ 85.53063, 28.07534 ] ] ] } },
{ "type": "Feature", "properties": { "area_m2": 3200.0 }, "geometry": { "type": "Polygon", "coordinates": [ [ [ 85.53289, 28.07374 ], [ 85.53432, 28.07376 ], [ 85.53432, 28.0734 ], [ 85.53412, 28.07339 ], [ 85.53412, 28.07358 ], [ 85.5329, 28.07356 ], [ 85.53289, 28.07374 ] ] ] } },
{ "type": "Feature", "properties": { "area_m2": 3600.0 }, "geometry": { "type": "Polygon", "coordinates": [ [ [ 85.4871, 28.07379 ], [ 85.48731, 28.07379 ], [ 85.48733, 28.07217 ], [ 85.48713, 28.07216 ], [ 85.4871, 28.07379 ] ] ] } },
{ "type": "Feature", "properties": { "area_m2": 2800.0 }, "geometry": { "type": "Polygon", "coordinates": [ [ [ 85.54246, 28.07403 ], [ 85.54266, 28.07403 ], [ 85.54268, 28.07276 ], [ 85.54247, 28.07276 ], [ 85.54246, 28.07403 ] ] ] } },
{ "type": "Feature", "properties": { "area_m2": 3200.0 }, "geometry": { "type": "Polygon", "coordinates": [ [ [ 85.53535, 28.07269 ], [ 85.53678, 28.0727 ], [ 85.53678, 28.07234 ], [ 85.53658, 28.07234 ], [ 85.53657, 28.07252 ], [ 85.53535, 28.07251 ], [ 85.53535, 28.07269 ] ] ] } },
{ "type": "Feature", "properties": { "area_m2": 2400.0 }, "geometry": { "type": "Polygon", "coordinates": [ [ [ 85.54207, 28.07258 ], [ 85.54227, 28.07258 ], [ 85.54229, 28.0715 ], [ 85.54208, 28.07149 ], [ 85.54207, 28.07258 ] ] ] } },
{ "type": "Feature", "properties": { "area_m2": 3200.0 }, "geometry": { "type": "Polygon", "coordinates": [ [ [ 85.48733, 28.07217 ], [ 85.48753, 28.07217 ], [ 85.48755, 28.07108 ], [ 85.48714, 28.0709 ], [ 85.48714, 28.07126 ], [ 85.48734, 28.07126 ], [ 85.48733, 28.07217 ] ] ] } },
{ "type": "Feature", "properties": { "area_m2": 8000.0 }, "geometry": { "type": "Polygon", "coordinates": [ [ [ 85.5376, 28.07181 ], [ 85.54126, 28.07185 ], [ 85.54127, 28.07131 ], [ 85.54107, 28.0713 ], [ 85.54106, 28.07166 ], [ 85.5376, 28.07163 ], [ 85.5376, 28.07181 ] ] ] } },
{ "type": "Feature", "properties": { "area_m2": 3200.0 }, "geometry": { "type": "Polygon", "coordinates": [ [ [ 85.54046, 28.0713 ], [ 85.54107, 28.0713 ], [ 85.54107, 28.07112 ], [ 85.54066, 28.07112 ], [ 85.54068, 28.07022 ], [ 85.54047, 28.07021 ], [ 85.54046, 28.0713 ] ] ] } },
{ "type": "Feature", "properties": { "area_m2": 6000.0 }, "geometry": { "type": "Polygon", "coordinates": [ [ [ 85.48694, 28.0709 ], [ 85.48714, 28.0709 ], [ 85.48715, 28.07054 ], [ 85.48634, 28.07053 ], [ 85.48635, 28.06945 ], [ 85.48594, 28.06944 ], [ 85.48595, 28.06926 ], [ 85.48574, 28.06926 ], [ 85.48574, 28.06962 ], [ 85.48614, 28.06962 ], [ 85.48613, 28.07071 ], [ 85.48694, 28.07072 ], [ 85.48694, 28.0709 ] ] ] } },
{ "type": "Feature", "properties": { "area_m2": 5600.0 }, "geometry": { "type": "Polygon", "coordinates": [ [ [ 85.54168, 28.07131 ], [ 85.54188, 28.07131 ], [ 85.5419, 28.07005 ], [ 85.54088, 28.07004 ], [ 85.54089, 28.06968 ], [ 85.54068, 28.06967 ], [ 85.54068, 28.07022 ], [ 85.54169, 28.07023 ], [ 85.54168, 28.07131 ] ] ] } },
{ "type": "Feature", "properties": { "area_m2": 2400.0 }, "geometry": { "type": "Polygon", "coordinates": [ [ [ 85.5407, 28.06841 ], [ 85.5409, 28.06841 ], [ 85.54092, 28.06733 ], [ 85.54072, 28.06733 ], [ 85.5407, 28.06841 ] ] ] } },
{ "type": "Feature", "properties": { "area_m2": 4000.0 }, "geometry": { "type": "Polygon", "coordinates": [ [ [ 85.48801, 28.06712 ], [ 85.48923, 28.06713 ], [ 85.48924, 28.06623 ], [ 85.48904, 28.06623 ], [ 85.48903, 28.06695 ], [ 85.48801, 28.06694 ], [ 85.48801, 28.06712 ] ] ] } },
{ "type": "Feature", "properties": { "area_m2": 2000.0 }, "geometry": { "type": "Polygon", "coordinates": [ [ [ 85.48965, 28.06605 ], [ 85.49006, 28.06606 ], [ 85.49007, 28.06534 ], [ 85.48987, 28.06533 ], [ 85.48986, 28.06588 ], [ 85.48966, 28.06587 ], [ 85.48965, 28.06605 ] ] ] } },
{ "type": "Feature", "properties": { "area_m2": 2400.0 }, "geometry": { "type": "Polygon", "coordinates": [ [ [ 85.54011, 28.0666 ], [ 85.54032, 28.0666 ], [ 85.54033, 28.06588 ], [ 85.53992, 28.06569 ], [ 85.53992, 28.06606 ], [ 85.54012, 28.06606 ], [ 85.54011, 28.0666 ] ] ] } },
{ "type": "Feature", "properties": { "area_m2": 3200.0 }, "geometry": { "type": "Polygon", "coordinates": [ [ [ 85.53972, 28.06569 ], [ 85.53992, 28.06569 ], [ 85.53993, 28.06515 ], [ 85.53952, 28.06515 ], [ 85.53953, 28.06461 ], [ 85.53933, 28.06461 ], [ 85.53932, 28.06533 ], [ 85.53972, 28.06533 ], [ 85.53972, 28.06569 ] ] ] } },
{ "type": "Feature", "properties": { "area_m2": 4800.0 }, "geometry": { "type": "Polygon", "coordinates": [ [ [ 85.49069, 28.0648 ], [ 85.4911, 28.06463 ], [ 85.49111, 28.06408 ], [ 85.49151, 28.06409 ], [ 85.49153, 28.06319 ], [ 85.49132, 28.06318 ], [ 85.49131, 28.06391 ], [ 85.49091, 28.0639 ], [ 85.4909, 28.06444 ], [ 85.49069, 28.06444 ], [ 85.49069, 28.0648 ] ] ] } },
{ "type": "Feature", "properties": { "area_m2": 2800.0 }, "geometry": { "type": "Polygon", "coordinates": [ [ [ 85.53852, 28.06406 ], [ 85.53872, 28.06406 ], [ 85.53873, 28.06334 ], [ 85.53853, 28.06333 ], [ 85.53854, 28.06297 ], [ 85.53833, 28.06297 ], [ 85.53832, 28.06351 ], [ 85.53853, 28.06351 ], [ 85.53852, 28.06406 ] ] ] } },
{ "type": "Feature", "properties": { "area_m2": 3200.0 }, "geometry": { "type": "Polygon", "coordinates": [ [ [ 85.49153, 28.06319 ], [ 85.49193, 28.06319 ], [ 85.49194, 28.06265 ], [ 85.49235, 28.06265 ], [ 85.49235, 28.06229 ], [ 85.49215, 28.06229 ], [ 85.49215, 28.06247 ], [ 85.49174, 28.06247 ], [ 85.49173, 28.06301 ], [ 85.49153, 28.06301 ], [ 85.49153, 28.06319 ] ] ] } },
{ "type": "Feature", "properties": { "area_m2": 4400.0 }, "geometry": { "type": "Polygon", "coordinates": [ [ [ 85.53834, 28.06261 ], [ 85.53854, 28.06261 ], [ 85.53855, 28.06171 ], [ 85.53815, 28.0617 ], [ 85.53816, 28.06098 ], [ 85.53795, 28.06098 ], [ 85.53794, 28.06188 ], [ 85.53835, 28.06189 ], [ 85.53834, 28.06261 ] ] ] } },
{ "type": "Feature", "properties": { "area_m2": 6400.0 }, "geometry": { "type": "Polygon", "coordinates": [ [ [ 85.49256, 28.06211 ], [ 85.49317, 28.06212 ], [ 85.4932, 28.06014 ], [ 85.4934, 28.06014 ], [ 85.4934, 28.05978 ], [ 85.493, 28.05995 ], [ 85.49297, 28.06194 ], [ 85.49256, 28.06193 ], [ 85.49256, 28.06211 ] ] ] } },
{ "type": "Feature", "properties": { "area_m2": 2400.0 }, "geometry": { "type": "Polygon", "coordinates": [ [ [ 85.49403, 28.05906 ], [ 85.49484, 28.05907 ], [ 85.49485, 28.05853 ], [ 85.49464, 28.05853 ], [ 85.49464, 28.05889 ], [ 85.49403, 28.05888 ], [ 85.49403, 28.05906 ] ] ] } },
{ "type": "Feature", "properties": { "area_m2": 5600.0 }, "geometry": { "type": "Polygon", "coordinates": [ [ [ 85.53775, 28.06098 ], [ 85.53795, 28.06098 ], [ 85.53797, 28.05972 ], [ 85.53756, 28.05971 ], [ 85.53757, 28.05881 ], [ 85.53737, 28.05881 ], [ 85.53736, 28.05989 ], [ 85.53776, 28.0599 ], [ 85.53775, 28.06098 ] ] ] } },
{ "type": "Feature", "properties": { "area_m2": 2800.0 }, "geometry": { "type": "Polygon", "coordinates": [ [ [ 85.49485, 28.05853 ], [ 85.49586, 28.05854 ], [ 85.49587, 28.058 ], [ 85.49567, 28.058 ], [ 85.49566, 28.05836 ], [ 85.49485, 28.05835 ], [ 85.49485, 28.05853 ] ] ] } },
{ "type": "Feature", "properties": { "area_m2": 2400.0 }, "geometry": { "type": "Polygon", "coordinates": [ [ [ 85.49587, 28.058 ], [ 85.49607, 28.058 ], [ 85.49608, 28.05764 ], [ 85.49649, 28.05764 ], [ 85.49649, 28.05728 ], [ 85.49629, 28.05728 ], [ 85.49629, 28.05746 ], [ 85.49588, 28.05746 ], [ 85.49587, 28.058 ] ] ] } },
{ "type": "Feature", "properties": { "area_m2": 2000.0 }, "geometry": { "type": "Polygon", "coordinates": [ [ [ 85.49649, 28.05728 ], [ 85.4967, 28.05729 ], [ 85.4967, 28.05711 ], [ 85.4971, 28.05711 ], [ 85.49711, 28.05675 ], [ 85.49691, 28.05675 ], [ 85.4969, 28.05693 ], [ 85.4965, 28.05692 ], [ 85.49649, 28.05728 ] ] ] } },
{ "type": "Feature", "properties": { "area_m2": 4000.0 }, "geometry": { "type": "Polygon", "coordinates": [ [ [ 85.53717, 28.05845 ], [ 85.53738, 28.05845 ], [ 85.5374, 28.05664 ], [ 85.5372, 28.05664 ], [ 85.53717, 28.05845 ] ] ] } },
{ "type": "Feature", "properties": { "area_m2": 3200.0 }, "geometry": { "type": "Polygon", "coordinates": [ [ [ 85.49732, 28.05657 ], [ 85.49752, 28.05657 ], [ 85.49753, 28.05603 ], [ 85.49814, 28.05604 ], [ 85.49814, 28.05568 ], [ 85.49794, 28.05567 ], [ 85.49794, 28.05586 ], [ 85.49733, 28.05585 ], [ 85.49732, 28.05657 ] ] ] } },
{ "type": "Feature", "properties": { "area_m2": 2800.0 }, "geometry": { "type": "Polygon", "coordinates": [ [ [ 85.49814, 28.05568 ], [ 85.49835, 28.05568 ], [ 85.49835, 28.05514 ], [ 85.49876, 28.05514 ], [ 85.49876, 28.05478 ], [ 85.49856, 28.05478 ], [ 85.49856, 28.05496 ], [ 85.49815, 28.05496 ], [ 85.49814, 28.05568 ] ] ] } },
{ "type": "Feature", "properties": { "area_m2": 2000.0 }, "geometry": { "type": "Polygon", "coordinates": [ [ [ 85.49897, 28.0546 ], [ 85.49958, 28.05461 ], [ 85.49959, 28.05407 ], [ 85.49939, 28.05407 ], [ 85.49938, 28.05443 ], [ 85.49897, 28.05442 ], [ 85.49897, 28.0546 ] ] ] } },
{ "type": "Feature", "properties": { "area_m2": 2400.0 }, "geometry": { "type": "Polygon", "coordinates": [ [ [ 85.49959, 28.05407 ], [ 85.50061, 28.05408 ], [ 85.50061, 28.05372 ], [ 85.50041, 28.05372 ], [ 85.5004, 28.0539 ], [ 85.49959, 28.05389 ], [ 85.49959, 28.05407 ] ] ] } },
{ "type": "Feature", "properties": { "area_m2": 2800.0 }, "geometry": { "type": "Polygon", "coordinates": [ [ [ 85.50143, 28.05355 ], [ 85.50265, 28.05356 ], [ 85.50265, 28.0532 ], [ 85.50245, 28.0532 ], [ 85.50245, 28.05338 ], [ 85.50143, 28.05337 ], [ 85.50143, 28.05355 ] ] ] } },
{ "type": "Feature", "properties": { "area_m2": 6400.0 }, "geometry": { "type": "Polygon", "coordinates": [ [ [ 85.5364, 28.05573 ], [ 85.5366, 28.05573 ], [ 85.53662, 28.05447 ], [ 85.53621, 28.05446 ], [ 85.53623, 28.0532 ], [ 85.53602, 28.0532 ], [ 85.536, 28.05464 ], [ 85.53641, 28.05465 ], [ 85.5364, 28.05573 ] ] ] } },
{ "type": "Feature", "properties": { "area_m2": 2000.0 }, "geometry": { "type": "Polygon", "coordinates": [ [ [ 85.50347, 28.05303 ], [ 85.50449, 28.05304 ], [ 85.50449, 28.05286 ], [ 85.50347, 28.05285 ], [ 85.50347, 28.05303 ] ] ] } },
{ "type": "Feature", "properties": { "area_m2": 2800.0 }, "geometry": { "type": "Polygon", "coordinates": [ [ [ 85.53582, 28.0532 ], [ 85.53602, 28.0532 ], [ 85.53603, 28.05248 ], [ 85.53563, 28.05247 ], [ 85.53563, 28.05229 ], [ 85.53542, 28.05229 ], [ 85.53542, 28.05265 ], [ 85.53583, 28.05265 ], [ 85.53582, 28.0532 ] ] ] } },
{ "type": "Feature", "properties": { "area_m2": 3600.0 }, "geometry": { "type": "Polygon", "coordinates": [ [ [ 85.50572, 28.05215 ], [ 85.50613, 28.05215 ], [ 85.50613, 28.05179 ], [ 85.50715, 28.0518 ], [ 85.50715, 28.05162 ], [ 85.50593, 28.05161 ], [ 85.50593, 28.05197 ], [ 85.50572, 28.05197 ], [ 85.50572, 28.05215 ] ] ] } },
{ "type": "Feature", "properties": { "area_m2": 3200.0 }, "geometry": { "type": "Polygon", "coordinates": [ [ [ 85.46015, 28.05129 ], [ 85.46097, 28.05129 ], [ 85.46098, 28.05039 ], [ 85.46078, 28.05039 ], [ 85.46077, 28.05111 ], [ 85.46016, 28.0511 ], [ 85.46015, 28.05129 ] ] ] } },
{ "type": "Feature", "properties": { "area_m2": 2400.0 }, "geometry": { "type": "Polygon", "coordinates": [ [ [ 85.50756, 28.05127 ], [ 85.50838, 28.05128 ], [ 85.50838, 28.05073 ], [ 85.50818, 28.05073 ], [ 85.50818, 28.05109 ], [ 85.50757, 28.05109 ], [ 85.50756, 28.05127 ] ] ] } },
{ "type": "Feature", "properties": { "area_m2": 7600.0 }, "geometry": { "type": "Polygon", "coordinates": [ [ [ 85.33873, 28.04861 ], [ 85.34259, 28.04865 ], [ 85.3426, 28.04847 ], [ 85.33873, 28.04843 ], [ 85.33873, 28.04861 ] ] ] } },
{ "type": "Feature", "properties": { "area_m2": 2800.0 }, "geometry": { "type": "Polygon", "coordinates": [ [ [ 85.53462, 28.05174 ], [ 85.53482, 28.05174 ], [ 85.53484, 28.05048 ], [ 85.53464, 28.05048 ], [ 85.53462, 28.05174 ] ] ] } },
{ "type": "Feature", "properties": { "area_m2": 5600.0 }, "geometry": { "type": "Polygon", "coordinates": [ [ [ 85.50838, 28.05073 ], [ 85.51001, 28.05075 ], [ 85.51002, 28.05021 ], [ 85.51043, 28.05022 ], [ 85.51043, 28.04985 ], [ 85.51023, 28.04985 ], [ 85.51022, 28.05003 ], [ 85.50982, 28.05003 ], [ 85.50981, 28.05057 ], [ 85.50839, 28.05055 ], [ 85.50838, 28.05073 ] ] ] } },
{ "type": "Feature", "properties": { "area_m2": 3600.0 }, "geometry": { "type": "Polygon", "coordinates": [ [ [ 85.3369, 28.04822 ], [ 85.33792, 28.04824 ], [ 85.33792, 28.04805 ], [ 85.33711, 28.04804 ], [ 85.33711, 28.04768 ], [ 85.3365, 28.04768 ], [ 85.3365, 28.04786 ], [ 85.33691, 28.04786 ], [ 85.3369, 28.04822 ] ] ] } },
{ "type": "Feature", "properties": { "area_m2": 3600.0 }, "geometry": { "type": "Polygon", "coordinates": [ [ [ 85.46119, 28.05021 ], [ 85.46139, 28.05022 ], [ 85.4614, 28.04985 ], [ 85.4618, 28.04986 ], [ 85.46182, 28.04896 ], [ 85.46161, 28.04895 ], [ 85.4616, 28.04968 ], [ 85.46119, 28.04967 ], [ 85.46119, 28.05021 ] ] ] } }
]
}
