{
"type": "FeatureCollection",
"name": "corridor",
"crs": { "type": "name", "properties": { "name": "urn:ogc:def:crs:OGC:1.3:CRS84" } },
"xy_coordinate_resolution": 1e-05,
"features": [
{ "type": "Feature", "properties": { "area_m2": 7600.0 }, "geometry": { "type": "Polygon", "coordinates": [ [ [ 85.25959, 28.35013 ], [ 85.26346, 28.35018 ], [ 85.26347, 28.35 ], [ 85.25959, 28.34995 ], [ 85.25959, 28.35013 ] ] ] } },
{ "type": "Feature", "properties": { "area_m2": 2800.0 }, "geometry": { "type": "Polygon", "coordinates": [ [ [ 85.27387, 28.35014 ], [ 85.2753, 28.35015 ], [ 85.2753, 28.34997 ], [ 85.27387, 28.34995 ], [ 85.27387, 28.35014 ] ] ] } },
{ "type": "Feature", "properties": { "area_m2": 2000.0 }, "geometry": { "type": "Polygon", "coordinates": [ [ [ 85.28448, 28.35009 ], [ 85.28489, 28.35009 ], [ 85.2851, 28.34974 ], [ 85.28448, 28.34973 ], [ 85.28448, 28.35009 ] ] ] } },
{ "type": "Feature", "properties": { "area_m2": 4000.0 }, "geometry": { "type": "Polygon", "coordinates": [ [ [ 85.30325, 28.35014 ], [ 85.30529, 28.35017 ], [ 85.30529, 28.34999 ], [ 85.30325, 28.34996 ], [ 85.30325, 28.35014 ] ] ] } },
{ "type": "Feature", "properties": { "area_m2": 8400.0 }, "geometry": { "type": "Polygon", "coordinates": [ [ [ 85.30549, 28.35017 ], [ 85.30978, 28.35022 ], [ 85.30978, 28.35004 ], [ 85.30549, 28.34999 ], [ 85.30549, 28.35017 ] ] ] } },
{ "type": "Feature", "properties": { "area_m2": 4800.0 }, "geometry": { "type": "Polygon", "coordinates": [ [ [ 85.2755, 28.35016 ], [ 85.27611, 28.35016 ], [ 85.27612, 28.34944 ], [ 85.27551, 28.34943 ], [ 85.2755, 28.35016 ] ] ] } },
{ "type": "Feature", "properties": { "area_m2": 2400.0 }, "geometry": { "type": "Polygon", "coordinates": [ [ [ 85.29794, 28.35008 ], [ 85.29835, 28.35008 ], [ 85.29836, 28.34972 ], [ 85.29754, 28.34971 ], [ 85.29754, 28.34989 ], [ 85.29795, 28.3499 ], [ 85.29794, 28.35008 ] ] ] } },
{ "type": "Feature", "properties": { "area_m2": 4000.0 }, "geometry": { "type": "Polygon", "coordinates": [ [ [ 85.31794, 28.35014 ], [ 85.31998, 28.35017 ], [ 85.31998, 28.34999 ], [ 85.31794, 28.34996 ], [ 85.31794, 28.35014 ] ] ] } },
{ "type": "Feature", "properties": { "area_m2": 6400.0 }, "geometry": { "type": "Polygon", "coordinates": [ [ [ 85.32079, 28.35018 ], [ 85.32406, 28.35022 ], [ 85.32406, 28.35004 ], [ 85.3208, 28.35 ], [ 85.32079, 28.35018 ] ] ] } },
{ "type": "Feature", "properties": { "area_m2": 3200.0 }, "geometry": { "type": "Polygon", "coordinates": [ [ [ 85.28387, 28.35008 ], [ 85.28427, 28.35009 ], [ 85.28429, 28.34936 ], [ 85.28388, 28.34936 ], [ 85.28387, 28.35008 ] ] ] } },
{ "type": "Feature", "properties": { "area_m2": 6000.0 }, "geometry": { "type": "Polygon", "coordinates": [ [ [ 85.3314, 28.35013 ], [ 85.33446, 28.35017 ], [ 85.33447, 28.34999 ], [ 85.33141, 28.34995 ], [ 85.3314, 28.35013 ] ] ] } },
{ "type": "Feature", "properties": { "area_m2": 8800.0 }, "geometry": { "type": "Polygon", "coordinates": [ [ [ 85.33467, 28.35017 ], [ 85.33916, 28.35022 ], [ 85.33916, 28.35004 ], [ 85.33467, 28.34999 ], [ 85.33467, 28.35017 ] ] ] } },
{ "type": "Feature", "properties": { "area_m2": 30400.0 }, "geometry": { "type": "Polygon", "coordinates": [ [ [ 85.29019, 28.35016 ], [ 85.29427, 28.35021 ], [ 85.29427, 28.35003 ], [ 85.29631, 28.35006 ], [ 85.29632, 28.3497 ], [ 85.29611, 28.34969 ], [ 85.29611, 28.34987 ], [ 85.2957, 28.34987 ], [ 85.29571, 28.34951 ], [ 85.2951, 28.3495 ], [ 85.2951, 28.34932 ], [ 85.29469, 28.34931 ], [ 85.29469, 28.34949 ], [ 85.29306, 28.34947 ], [ 85.29305, 28.35002 ], [ 85.29223, 28.35001 ], [ 85.29224, 28.34982 ], [ 85.29203, 28.34982 ], [ 85.29203, 28.35 ], [ 85.29142, 28.35 ], [ 85.29142, 28.34963 ], [ 85.29101, 28.34963 ], [ 85.29101, 28.34981 ], [ 85.29081, 28.34981 ], [ 85.29081, 28.34963 ], [ 85.2904, 28.34962 ], [ 85.2904, 28.3498 ], [ 85.2902, 28.3498 ], [ 85.29019, 28.35016 ] ] ] } },
{ "type": "Feature", "properties": { "area_m2": 4000.0 }, "geometry": { "type": "Polygon", "coordinates": [ [ [ 85.30039, 28.35011 ], [ 85.30141, 28.35012 ], [ 85.30142, 28.34976 ], [ 85.30101, 28.34975 ], [ 85.30101, 28.34993 ], [ 85.3008, 28.34993 ], [ 85.30081, 28.34939 ], [ 85.30061, 28.34939 ], [ 85.3006, 28.34993 ], [ 85.3004, 28.34993 ], [ 85.30039, 28.35011 ] ] ] } },
{ "type": "Feature", "properties": { "area_m2": 6400.0 }, "geometry": { "type": "Polygon", "coordinates": [ [ [ 85.3108, 28.35006 ], [ 85.31223, 28.35007 ], [ 85.31223, 28.34953 ], [ 85.31162, 28.34952 ], [ 85.31162, 28.34989 ], [ 85.31141, 28.34988 ], [ 85.31142, 28.3497 ], [ 85.3108, 28.3497 ], [ 85.3108, 28.35006 ] ] ] } },
{ "type": "Feature", "properties": { "area_m2": 2000.0 }, "geometry": { "type": "Polygon", "coordinates": [ [ [ 85.3465, 28.35013 ], [ 85.34752, 28.35015 ], [ 85.34752, 28.34996 ], [ 85.3465, 28.34995 ], [ 85.3465, 28.35013 ] ] ] } },
{ "type": "Feature", "properties": { "area_m2": 2400.0 }, "geometry": { "type": "Polygon", "coordinates": [ [ [ 85.35017, 28.35018 ], [ 85.3514, 28.35019 ], [ 85.3514, 28.35001 ], [ 85.35018, 28.35 ], [ 85.35017, 28.35018 ] ] ] } },
{ "type": "Feature", "properties": { "area_m2": 5200.0 }, "geometry": { "type": "Polygon", "coordinates": [ [ [ 85.35181, 28.3502 ], [ 85.35446, 28.35023 ], [ 85.35446, 28.35005 ], [ 85.35181, 28.35002 ], [ 85.35181, 28.3502 ] ] ] } },
{ "type": "Feature", "properties": { "area_m2": 24000.0 }, "geometry": { "type": "Polygon", "coordinates": [ [ [ 85.28611, 28.35011 ], [ 85.28999, 28.35016 ], [ 85.29, 28.34944 ], [ 85.28979, 28.34943 ], [ 85.28979, 28.34961 ], [ 85.28918, 28.34961 ], [ 85.28918, 28.34979 ], [ 85.28856, 28.34978 ], [ 85.28857, 28.3496 ], [ 85.28796, 28.34959 ], [ 85.28796, 28.34941 ], [ 85.28755, 28.34941 ], [ 85.28755, 28.34959 ], [ 85.28714, 28.34958 ], [ 85.28713, 28.34994 ], [ 85.28693, 28.34994 ], [ 85.28694, 28.34904 ], [ 85.28674, 28.34903 ], [ 85.28674, 28.34921 ], [ 85.28653, 28.34921 ], [ 85.28653, 28.34957 ], [ 85.28612, 28.34957 ], [ 85.28611, 28.35011 ] ] ] } },
{ "type": "Feature", "properties": { "area_m2": 4000.0 }, "geometry": { "type": "Polygon", "coordinates": [ [ [ 85.31243, 28.35008 ], [ 85.31304, 28.35008 ], [ 85.31305, 28.34954 ], [ 85.31264, 28.34954 ], [ 85.31265, 28.34936 ], [ 85.31244, 28.34935 ], [ 85.31243, 28.35008 ] ] ] } },
{ "type": "Feature", "properties": { "area_m2": 2400.0 }, "geometry": { "type": "Polygon", "coordinates": [ [ [ 85.36303, 28.35015 ], [ 85.36425, 28.35017 ], [ 85.36425, 28.34999 ], [ 85.36303, 28.34997 ], [ 85.36303, 28.35015 ] ] ] } },
{ "type": "Feature", "properties": { "area_m2": 6800.0 }, "geometry": { "type": "Polygon", "coordinates": [ [ [ 85.36527, 28.35018 ], [ 85.36813, 28.35021 ], [ 85.36813, 28.35003 ], [ 85.36691, 28.34984 ], [ 85.36691, 28.35002 ], [ 85.36527, 28.35 ], [ 85.36527, 28.35018 ] ] ] } },
{ "type": "Feature", "properties": { "area_m2": 59600.0 }, "geometry": { "type": "Polygon", "coordinates": [ [ [ 85.27632, 28.35017 ], [ 85.27897, 28.3502 ], [ 85.27897, 28.35002 ], [ 85.28346, 28.35008 ], [ 85.28346, 28.3499 ], [ 85.28326, 28.34989 ], [ 85.28327, 28.34917 ], [ 85.28307, 28.34917 ], [ 85.28305, 28.34989 ], [ 85.28285, 28.34989 ], [ 85.28286, 28.34935 ], [ 85.28265, 28.34934 ], [ 85.28266, 28.3488 ], [ 85.28226, 28.34862 ], [ 85.28225, 28.34898 ], [ 85.28164, 28.34897 ], [ 85.28163, 28.34933 ], [ 85.28082, 28.34932 ], [ 85.28082, 28.3495 ], [ 85.2802, 28.34949 ], [ 85.28021, 28.34931 ], [ 85.27837, 28.34929 ], [ 85.27837, 28.34911 ], [ 85.27797, 28.3491 ], [ 85.27796, 28.34928 ], [ 85.27776, 28.34928 ], [ 85.27776, 28.3491 ], [ 85.27756, 28.3491 ], [ 85.27755, 28.34928 ], [ 85.27715, 28.34927 ], [ 85.27714, 28.34964 ], [ 85.27673, 28.34963 ], [ 85.27673, 28.34999 ], [ 85.27632, 28.34999 ], [ 85.27632, 28.35017 ] ] ] } },
{ "type": "Feature", "properties": { "area_m2": 26000.0 }, "geometry": { "type": "Polygon", "coordinates": [ [ [ 85.31325, 28.35009 ], [ 85.31753, 28.35014 ], [ 85.31753, 28.34996 ], [ 85.31631, 28.34976 ], [ 85.31631, 28.34994 ], [ 85.31611, 28.34994 ], [ 85.31612, 28.34904 ], [ 85.31592, 28.34904 ], [ 85.31591, 28.34922 ], [ 85.31571, 28.34921 ], [ 85.3157, 28.34958 ], [ 85.3155, 28.34957 ], [ 85.31549, 28.34993 ], [ 85.31529, 28.34993 ], [ 85.3153, 28.34903 ], [ 85.3151, 28.34903 ], [ 85.31509, 28.34957 ], [ 85.31468, 28.34956 ], [ 85.31468, 28.34992 ], [ 85.31447, 28.34992 ], [ 85.31448, 28.34938 ], [ 85.31407, 28.34937 ], [ 85.31407, 28.34956 ], [ 85.31387, 28.34955 ], [ 85.31388, 28.34901 ], [ 85.31347, 28.34901 ], [ 85.31346, 28.34919 ], [ 85.31326, 28.34918 ], [ 85.31346, 28.34955 ], [ 85.31325, 28.34955 ], [ 85.31325, 28.35009 ] ] ] } },
{ "type": "Feature", "properties": { "area_m2": 2400.0 }, "geometry": { "type": "Polygon", "coordinates": [ [ [ 85.37445, 28.35011 ], [ 85.37507, 28.35012 ], [ 85.37507, 28.34975 ], [ 85.37446, 28.34975 ], [ 85.37445, 28.35011 ] ] ] } },
{ "type": "Feature", "properties": { "area_m2": 5600.0 }, "geometry": { "type": "Polygon", "coordinates": [ [ [ 85.39159, 28.35013 ], [ 85.39445, 28.35016 ], [ 85.39445, 28.34998 ], [ 85.3916, 28.34995 ], [ 85.39159, 28.35013 ] ] ] } },
{ "type": "Feature", "properties": { "area_m2": 10800.0 }, "geometry": { "type": "Polygon", "coordinates": [ [ [ 85.39465, 28.35017 ], [ 85.40016, 28.35023 ], [ 85.40016, 28.35005 ], [ 85.39466, 28.34999 ], [ 85.39465, 28.35017 ] ] ] } },
{ "type": "Feature", "properties": { "area_m2": 4400.0 }, "geometry": { "type": "Polygon", "coordinates": [ [ [ 85.2498, 28.35001 ], [ 85.25, 28.35001 ], [ 85.25003, 28.34803 ], [ 85.24983, 28.34802 ], [ 85.2498, 28.35001 ] ] ] } },
{ "type": "Feature", "properties": { "area_m2": 4000.0 }, "geometry": { "type": "Polygon", "coordinates": [ [ [ 85.40853, 28.35015 ], [ 85.41057, 28.35017 ], [ 85.41057, 28.34999 ], [ 85.40853, 28.34997 ], [ 85.40853, 28.35015 ] ] ] } },
{ "type": "Feature", "properties": { "area_m2": 2400.0 }, "geometry": { "type": "Polygon", "coordinates": [ [ [ 85.40751, 28.35014 ], [ 85.40832, 28.35015 ], [ 85.40833, 28.34997 ], [ 85.40751, 28.34978 ], [ 85.40751, 28.35014 ] ] ] } },
{ "type": "Feature", "properties": { "area_m2": 3200.0 }, "geometry": { "type": "Polygon", "coordinates": [ [ [ 85.41118, 28.35018 ], [ 85.4122, 28.35019 ], [ 85.4122, 28.34983 ], [ 85.41159, 28.34982 ], [ 85.41159, 28.35 ], [ 85.41118, 28.35 ], [ 85.41118, 28.35018 ] ] ] } },
{ "type": "Feature", "properties": { "area_m2": 2400.0 }, "geometry": { "type": "Polygon", "coordinates": [ [ [ 85.41302, 28.3502 ], [ 85.41363, 28.35021 ], [ 85.41363, 28.34985 ], [ 85.41302, 28.34984 ], [ 85.41302, 28.3502 ] ] ] } },
{ "type": "Feature", "properties": { "area_m2": 2000.0 }, "geometry": { "type": "Polygon", "coordinates": [ [ [ 85.42873, 28.3502 ], [ 85.42975, 28.35021 ], [ 85.42975, 28.35003 ], [ 85.42873, 28.35002 ], [ 85.42873, 28.3502 ] ] ] } },
{ "type": "Feature", "properties": { "area_m2": 5200.0 }, "geometry": { "type": "Polygon", "coordinates": [ [ [ 85.37058, 28.35024 ], [ 85.37119, 28.35025 ], [ 85.37119, 28.34989 ], [ 85.37099, 28.34989 ], [ 85.371, 28.34934 ], [ 85.37079, 28.34934 ], [ 85.3708, 28.34916 ], [ 85.37059, 28.34916 ], [ 85.37058, 28.35024 ] ] ] } },
{ "type": "Feature", "properties": { "area_m2": 4000.0 }, "geometry": { "type": "Polygon", "coordinates": [ [ [ 85.41404, 28.35021 ], [ 85.41526, 28.35023 ], [ 85.41526, 28.35005 ], [ 85.41445, 28.35004 ], [ 85.41445, 28.34968 ], [ 85.41404, 28.34967 ], [ 85.41404, 28.35021 ] ] ] } },
{ "type": "Feature", "properties": { "area_m2": 12400.0 }, "geometry": { "type": "Polygon", "coordinates": [ [ [ 85.42281, 28.35013 ], [ 85.42832, 28.3502 ], [ 85.42832, 28.35002 ], [ 85.42669, 28.34982 ], [ 85.42669, 28.35 ], [ 85.42281, 28.34995 ], [ 85.42281, 28.35013 ] ] ] } },
{ "type": "Feature", "properties": { "area_m2": 3200.0 }, "geometry": { "type": "Polygon", "coordinates": [ [ [ 85.4171, 28.35025 ], [ 85.41751, 28.35007 ], [ 85.41751, 28.34971 ], [ 85.41649, 28.3497 ], [ 85.41649, 28.34988 ], [ 85.4171, 28.34989 ], [ 85.4171, 28.35025 ] ] ] } },
{ "type": "Feature", "properties": { "area_m2": 3600.0 }, "geometry": { "type": "Polygon", "coordinates": [ [ [ 85.36996, 28.35023 ], [ 85.37037, 28.35024 ], [ 85.37038, 28.34988 ], [ 85.37017, 28.34988 ], [ 85.37019, 28.34897 ], [ 85.36998, 28.34897 ], [ 85.36996, 28.35023 ] ] ] } },
{ "type": "Feature", "properties": { "area_m2": 8000.0 }, "geometry": { "type": "Polygon", "coordinates": [ [ [ 85.42995, 28.35022 ], [ 85.43138, 28.35023 ], [ 85.43139, 28.34969 ], [ 85.43077, 28.34968 ], [ 85.43077, 28.34987 ], [ 85.43057, 28.34986 ], [ 85.43057, 28.34968 ], [ 85.42996, 28.34968 ], [ 85.42995, 28.35022 ] ] ] } },
{ "type": "Feature", "properties": { "area_m2": 14000.0 }, "geometry": { "type": "Polygon", "coordinates": [ [ [ 85.4373, 28.35012 ], [ 85.4428, 28.35018 ], [ 85.44281, 28.35 ], [ 85.43975, 28.34997 ], [ 85.43975, 28.34979 ], [ 85.43914, 28.34978 ], [ 85.43913, 28.34996 ], [ 85.43832, 28.34995 ], [ 85.43832, 28.34977 ], [ 85.4373, 28.34976 ], [ 85.4373, 28.35012 ] ] ] } },
{ "type": "Feature", "properties": { "area_m2": 6000.0 }, "geometry": { "type": "Polygon", "coordinates": [ [ [ 85.35834, 28.3501 ], [ 85.35895, 28.3501 ], [ 85.35895, 28.34992 ], [ 85.35875, 28.34992 ], [ 85.35876, 28.34902 ], [ 85.35856, 28.34902 ], [ 85.35856, 28.34865 ], [ 85.35836, 28.34865 ], [ 85.35834, 28.3501 ] ] ] } },
{ "type": "Feature", "properties": { "area_m2": 9200.0 }, "geometry": { "type": "Polygon", "coordinates": [ [ [ 85.3614, 28.35013 ], [ 85.36201, 28.35014 ], [ 85.36202, 28.3496 ], [ 85.36242, 28.3496 ], [ 85.36243, 28.34924 ], [ 85.36182, 28.34923 ], [ 85.36182, 28.34905 ], [ 85.36162, 28.34905 ], [ 85.36162, 28.34869 ], [ 85.36142, 28.34869 ], [ 85.3614, 28.35013 ] ] ] } },
{ "type": "Feature", "properties": { "area_m2": 6000.0 }, "geometry": { "type": "Polygon", "coordinates": [ [ [ 85.36915, 28.35023 ], [ 85.36976, 28.35023 ], [ 85.36977, 28.34987 ], [ 85.36956, 28.34987 ], [ 85.36957, 28.34933 ], [ 85.36937, 28.34933 ], [ 85.36937, 28.34878 ], [ 85.36917, 28.34878 ], [ 85.36915, 28.35023 ] ] ] } },
{ "type": "Feature", "properties": { "area_m2": 23200.0 }, "geometry": { "type": "Polygon", "coordinates": [ [ [ 85.37139, 28.35007 ], [ 85.37384, 28.3501 ], [ 85.37385, 28.34956 ], [ 85.37365, 28.34956 ], [ 85.37366, 28.34902 ], [ 85.37345, 28.34901 ], [ 85.37345, 28.34883 ], [ 85.37284, 28.34883 ], [ 85.37284, 28.34901 ], [ 85.37264, 28.349 ], [ 85.37263, 28.34936 ], [ 85.37222, 28.34936 ], [ 85.37221, 28.3499 ], [ 85.37201, 28.3499 ], [ 85.37201, 28.34954 ], [ 85.37161, 28.34953 ], [ 85.37162, 28.34881 ], [ 85.37141, 28.34881 ], [ 85.37139, 28.35007 ] ] ] } },
{ "type": "Feature", "properties": { "area_m2": 6800.0 }, "geometry": { "type": "Polygon", "coordinates": [ [ [ 85.38608, 28.35025 ], [ 85.38669, 28.35025 ], [ 85.3867, 28.35007 ], [ 85.3869, 28.35008 ], [ 85.3869, 28.34989 ], [ 85.3865, 28.34989 ], [ 85.38651, 28.34899 ], [ 85.3861, 28.34898 ], [ 85.38608, 28.35025 ] ] ] } },
{ "type": "Feature", "properties": { "area_m2": 16000.0 }, "geometry": { "type": "Polygon", "coordinates": [ [ [ 85.44403, 28.3502 ], [ 85.4479, 28.35024 ], [ 85.44791, 28.34988 ], [ 85.44771, 28.34988 ], [ 85.44771, 28.3497 ], [ 85.4473, 28.34987 ], [ 85.4473, 28.34969 ], [ 85.44546, 28.34967 ], [ 85.44546, 28.35003 ], [ 85.44403, 28.35002 ], [ 85.44403, 28.3502 ] ], [ [ 85.44627, 28.35004 ], [ 85.44628, 28.34986 ], [ 85.44648, 28.34986 ], [ 85.44648, 28.35005 ], [ 85.44627, 28.35004 ] ] ] } },
{ "type": "Feature", "properties": { "area_m2": 4400.0 }, "geometry": { "type": "Polygon", "coordinates": [ [ [ 85.47667, 28.35021 ], [ 85.47892, 28.35023 ], [ 85.47892, 28.35005 ], [ 85.47668, 28.35002 ], [ 85.47667, 28.35021 ] ] ] } },
{ "type": "Feature", "properties": { "area_m2": 6800.0 }, "geometry": { "type": "Polygon", "coordinates": [ [ [ 85.35915, 28.35011 ], [ 85.35956, 28.35011 ], [ 85.35958, 28.34867 ], [ 85.35938, 28.34866 ], [ 85.35938, 28.34848 ], [ 85.35918, 28.34848 ], [ 85.35915, 28.35011 ] ] ] } },
{ "type": "Feature", "properties": { "area_m2": 6400.0 }, "geometry": { "type": "Polygon", "coordinates": [ [ [ 85.35997, 28.35011 ], [ 85.36079, 28.34994 ], [ 85.36079, 28.34958 ], [ 85.36018, 28.34958 ], [ 85.3602, 28.34849 ], [ 85.35999, 28.34849 ], [ 85.35997, 28.35011 ] ] ] } },
{ "type": "Feature", "properties": { "area_m2": 4400.0 }, "geometry": { "type": "Polygon", "coordinates": [ [ [ 85.38751, 28.35008 ], [ 85.38812, 28.35009 ], [ 85.38813, 28.34991 ], [ 85.38792, 28.34991 ], [ 85.38793, 28.34955 ], [ 85.38773, 28.34954 ], [ 85.38774, 28.34882 ], [ 85.38753, 28.34882 ], [ 85.38751, 28.35008 ] ] ] } },
{ "type": "Feature", "properties": { "area_m2": 11600.0 }, "geometry": { "type": "Polygon", "coordinates": [ [ [ 85.38833, 28.35009 ], [ 85.39016, 28.35011 ], [ 85.39017, 28.34975 ], [ 85.38935, 28.34974 ], [ 85.38936, 28.34938 ], [ 85.38916, 28.34938 ], [ 85.38915, 28.34992 ], [ 85.38894, 28.34992 ], [ 85.38895, 28.34956 ], [ 85.38875, 28.34956 ], [ 85.38875, 28.34901 ], [ 85.38835, 28.34883 ], [ 85.38833, 28.35009 ] ] ] } },
{ "type": "Feature", "properties": { "area_m2": 2400.0 }, "geometry": { "type": "Polygon", "coordinates": [ [ [ 85.46443, 28.35007 ], [ 85.46505, 28.35007 ], [ 85.46505, 28.34971 ], [ 85.46444, 28.34971 ], [ 85.46443, 28.35007 ] ] ] } },
{ "type": "Feature", "properties": { "area_m2": 3200.0 }, "geometry": { "type": "Polygon", "coordinates": [ [ [ 85.46749, 28.3501 ], [ 85.46811, 28.35011 ], [ 85.46811, 28.34993 ], [ 85.46852, 28.34993 ], [ 85.46852, 28.34975 ], [ 85.4675, 28.34974 ], [ 85.46749, 28.3501 ] ] ] } },
{ "type": "Feature", "properties": { "area_m2": 7600.0 }, "geometry": { "type": "Polygon", "coordinates": [ [ [ 85.48973, 28.35017 ], [ 85.49361, 28.35021 ], [ 85.49361, 28.35003 ], [ 85.48974, 28.34999 ], [ 85.48973, 28.35017 ] ] ] } },
{ "type": "Feature", "properties": { "area_m2": 8400.0 }, "geometry": { "type": "Polygon", "coordinates": [ [ [ 85.36833, 28.35022 ], [ 85.36894, 28.35022 ], [ 85.36896, 28.3495 ], [ 85.36875, 28.3495 ], [ 85.36876, 28.34896 ], [ 85.36856, 28.34895 ], [ 85.36856, 28.34841 ], [ 85.36836, 28.34841 ], [ 85.36833, 28.35022 ] ] ] } },
{ "type": "Feature", "properties": { "area_m2": 60000.0 }, "geometry": { "type": "Polygon", "coordinates": [ [ [ 85.37527, 28.35012 ], [ 85.382, 28.3502 ], [ 85.38201, 28.34984 ], [ 85.3818, 28.34983 ], [ 85.38181, 28.34929 ], [ 85.38161, 28.34929 ], [ 85.38161, 28.34911 ], [ 85.38141, 28.34911 ], [ 85.3814, 28.34965 ], [ 85.38119, 28.34965 ], [ 85.3812, 28.34911 ], [ 85.38079, 28.3491 ], [ 85.38079, 28.34928 ], [ 85.38059, 28.34928 ], [ 85.38058, 28.34964 ], [ 85.38038, 28.34964 ], [ 85.38038, 28.34928 ], [ 85.37998, 28.34927 ], [ 85.37997, 28.34963 ], [ 85.37977, 28.34963 ], [ 85.37977, 28.34927 ], [ 85.37916, 28.34926 ], [ 85.37915, 28.3498 ], [ 85.37875, 28.34962 ], [ 85.37875, 28.34926 ], [ 85.37855, 28.34925 ], [ 85.37855, 28.34907 ], [ 85.37835, 28.34907 ], [ 85.37834, 28.34961 ], [ 85.37813, 28.34961 ], [ 85.37814, 28.34925 ], [ 85.37773, 28.34924 ], [ 85.37773, 28.34906 ], [ 85.37753, 28.34906 ], [ 85.37752, 28.3496 ], [ 85.37732, 28.3496 ], [ 85.37732, 28.34924 ], [ 85.37692, 28.34905 ], [ 85.37691, 28.3496 ], [ 85.37671, 28.34959 ], [ 85.37671, 28.34923 ], [ 85.37651, 28.34923 ], [ 85.37652, 28.34869 ], [ 85.37611, 28.3485 ], [ 85.37609, 28.34959 ], [ 85.37528, 28.34958 ], [ 85.37527, 28.35012 ] ] ] } },
{ "type": "Feature", "properties": { "area_m2": 6400.0 }, "geometry": { "type": "Polygon", "coordinates": [ [ [ 85.48688, 28.35014 ], [ 85.48953, 28.35017 ], [ 85.48953, 28.34981 ], [ 85.48892, 28.3498 ], [ 85.48892, 28.34998 ], [ 85.48688, 28.34996 ], [ 85.48688, 28.35014 ] ] ] } },
{ "type": "Feature", "properties": { "area_m2": 3200.0 }, "geometry": { "type": "Polygon", "coordinates": [ [ [ 85.50279, 28.35013 ], [ 85.50442, 28.35015 ], [ 85.50443, 28.34997 ], [ 85.50279, 28.34995 ], [ 85.50279, 28.35013 ] ] ] } },
{ "type": "Feature", "properties": { "area_m2": 9200.0 }, "geometry": { "type": "Polygon", "coordinates": [ [ [ 85.50504, 28.35016 ], [ 85.50973, 28.35021 ], [ 85.50973, 28.35003 ], [ 85.50504, 28.34998 ], [ 85.50504, 28.35016 ] ] ] } },
{ "type": "Feature", "properties": { "area_m2": 4000.0 }, "geometry": { "type": "Polygon", "coordinates": [ [ [ 85.44831, 28.35007 ], [ 85.44893, 28.35007 ], [ 85.44893, 28.34989 ], [ 85.44873, 28.34989 ], [ 85.44873, 28.34935 ], [ 85.44853, 28.34935 ], [ 85.44853, 28.34917 ], [ 85.44833, 28.34916 ], [ 85.44831, 28.35007 ] ] ] } },
{ "type": "Feature", "properties": { "area_m2": 24000.0 }, "geometry": { "type": "Polygon", "coordinates": [ [ [ 85.47219, 28.35016 ], [ 85.47647, 28.3502 ], [ 85.47648, 28.34966 ], [ 85.47525, 28.34965 ], [ 85.47525, 28.34983 ], [ 85.47464, 28.34982 ], [ 85.47464, 28.34946 ], [ 85.47362, 28.34945 ], [ 85.47362, 28.34963 ], [ 85.47321, 28.34963 ], [ 85.47321, 28.34981 ], [ 85.47219, 28.34979 ], [ 85.47219, 28.35016 ] ] ] } },
{ "type": "Feature", "properties": { "area_m2": 2400.0 }, "geometry": { "type": "Polygon", "coordinates": [ [ [ 85.49688, 28.35007 ], [ 85.49749, 28.35008 ], [ 85.49749, 28.34971 ], [ 85.49688, 28.34971 ], [ 85.49688, 28.35007 ] ] ] } },
{ "type": "Feature", "properties": { "area_m2": 3600.0 }, "geometry": { "type": "Polygon", "coordinates": [ [ [ 85.4981, 28.35008 ], [ 85.49892, 28.35009 ], [ 85.49892, 28.34973 ], [ 85.4979, 28.34972 ], [ 85.4981, 28.35008 ] ] ] } },
{ "type": "Feature", "properties": { "area_m2": 2800.0 }, "geometry": { "type": "Polygon", "coordinates": [ [ [ 85.50116, 28.35012 ], [ 85.50198, 28.35012 ], [ 85.50198, 28.34994 ], [ 85.50157, 28.34994 ], [ 85.50157, 28.34976 ], [ 85.50096, 28.34975 ], [ 85.50116, 28.35012 ] ] ] } },
{ "type": "Feature", "properties": { "area_m2": 37600.0 }, "geometry": { "type": "Polygon", "coordinates": [ [ [ 85.38221, 28.3502 ], [ 85.38588, 28.35024 ], [ 85.38588, 28.35006 ], [ 85.38568, 28.35006 ], [ 85.38569, 28.34952 ], [ 85.38548, 28.34952 ], [ 85.38548, 28.34934 ], [ 85.38528, 28.34933 ], [ 85.38527, 28.34988 ], [ 85.38507, 28.34987 ], [ 85.38507, 28.34951 ], [ 85.38467, 28.34951 ], [ 85.38467, 28.34915 ], [ 85.38447, 28.34914 ], [ 85.38446, 28.3495 ], [ 85.38426, 28.3495 ], [ 85.38426, 28.34932 ], [ 85.38365, 28.34931 ], [ 85.38365, 28.3495 ], [ 85.38344, 28.34949 ], [ 85.38345, 28.34877 ], [ 85.38325, 28.34877 ], [ 85.38326, 28.34823 ], [ 85.38305, 28.34822 ], [ 85.38303, 28.34985 ], [ 85.38282, 28.34985 ], [ 85.38283, 28.34931 ], [ 85.38263, 28.3493 ], [ 85.38264, 28.34876 ], [ 85.38243, 28.34876 ], [ 85.38244, 28.34822 ], [ 85.38224, 28.34822 ], [ 85.38221, 28.3502 ] ] ] } },
{ "type": "Feature", "properties": { "area_m2": 31200.0 }, "geometry": { "type": "Polygon", "coordinates": [ [ [ 85.4528, 28.35012 ], [ 85.463, 28.35023 ], [ 85.46301, 28.35005 ], [ 85.45933, 28.35001 ], [ 85.45934, 28.34983 ], [ 85.45893, 28.34983 ], [ 85.45893, 28.35001 ], [ 85.45566, 28.34997 ], [ 85.45566, 28.34979 ], [ 85.45526, 28.34978 ], [ 85.45525, 28.34996 ], [ 85.45444, 28.34996 ], [ 85.45444, 28.34977 ], [ 85.45383, 28.34977 ], [ 85.45383, 28.34941 ], [ 85.45363, 28.3494 ], [ 85.45363, 28.34922 ], [ 85.45282, 28.34903 ], [ 85.4528, 28.35012 ] ] ] } },
{ "type": "Feature", "properties": { "area_m2": 23200.0 }, "geometry": { "type": "Polygon", "coordinates": [ [ [ 85.44913, 28.35008 ], [ 85.45097, 28.3501 ], [ 85.45097, 28.34955 ], [ 85.45118, 28.34956 ], [ 85.45118, 28.3492 ], [ 85.45098, 28.34919 ], [ 85.45078, 28.34883 ], [ 85.44976, 28.34882 ], [ 85.44976, 28.34918 ], [ 85.44914, 28.34917 ], [ 85.44913, 28.35008 ] ] ] } },
{ "type": "Feature", "properties": { "area_m2": 36800.0 }, "geometry": { "type": "Polygon", "coordinates": [ [ [ 85.43301, 28.35007 ], [ 85.43526, 28.3501 ], [ 85.43527, 28.34883 ], [ 85.43466, 28.34883 ], [ 85.43446, 28.34846 ], [ 85.43385, 28.34846 ], [ 85.43385, 28.34864 ], [ 85.43324, 28.34863 ], [ 85.43323, 28.34881 ], [ 85.43283, 28.34881 ], [ 85.43281, 28.34971 ], [ 85.43302, 28.34971 ], [ 85.43301, 28.35007 ] ] ] } },
{ "type": "Feature", "properties": { "area_m2": 3200.0 }, "geometry": { "type": "Polygon", "coordinates": [ [ [ 85.51442, 28.35008 ], [ 85.51483, 28.35008 ], [ 85.51484, 28.34936 ], [ 85.51443, 28.34936 ], [ 85.51442, 28.35008 ] ] ] } },
{ "type": "Feature", "properties": { "area_m2": 2800.0 }, "geometry": { "type": "Polygon", "coordinates": [ [ [ 85.53054, 28.35007 ], [ 85.53115, 28.35008 ], [ 85.53116, 28.3499 ], [ 85.53095, 28.3499 ], [ 85.53096, 28.34954 ], [ 85.53055, 28.34953 ], [ 85.53054, 28.35007 ] ] ] } },
{ "type": "Feature", "properties": { "area_m2": 2400.0 }, "geometry": { "type": "Polygon", "coordinates": [ [ [ 85.53503, 28.35012 ], [ 85.53544, 28.35013 ], [ 85.53544, 28.34959 ], [ 85.53504, 28.34958 ], [ 85.53503, 28.35012 ] ] ] } },
{ "type": "Feature", "properties": { "area_m2": 28400.0 }, "geometry": { "type": "Polygon", "coordinates": [ [ [ 85.52054, 28.35015 ], [ 85.52503, 28.3502 ], [ 85.52504, 28.34965 ], [ 85.52463, 28.34965 ], [ 85.52464, 28.34929 ], [ 85.52443, 28.34929 ], [ 85.52443, 28.34965 ], [ 85.52402, 28.34964 ], [ 85.52402, 28.34928 ], [ 85.52362, 28.34928 ], [ 85.52361, 28.34982 ], [ 85.5234, 28.34982 ], [ 85.52341, 28.34964 ], [ 85.52279, 28.34963 ], [ 85.52279, 28.34981 ], [ 85.52259, 28.34981 ], [ 85.52259, 28.34963 ], [ 85.52137, 28.34961 ], [ 85.52136, 28.34979 ], [ 85.52116, 28.34979 ], [ 85.52116, 28.34961 ], [ 85.52075, 28.34961 ], [ 85.52076, 28.34925 ], [ 85.52055, 28.34924 ], [ 85.52054, 28.35015 ] ] ] } },
{ "type": "Feature", "properties": { "area_m2": 2800.0 }, "geometry": { "type": "Polygon", "coordinates": [ [ [ 85.53442, 28.35012 ], [ 85.53483, 28.35012 ], [ 85.53483, 28.34958 ], [ 85.53463, 28.34958 ], [ 85.53463, 28.3494 ], [ 85.53443, 28.34939 ], [ 85.53442, 28.35012 ] ] ] } },
{ "type": "Feature", "properties": { "area_m2": 3600.0 }, "geometry": { "type": "Polygon", "coordinates": [ [ [ 85.51585, 28.3501 ], [ 85.51626, 28.3501 ], [ 85.51627, 28.34956 ], [ 85.51606, 28.34956 ], [ 85.51607, 28.34902 ], [ 85.51587, 28.34901 ], [ 85.51585, 28.3501 ] ] ] } },
{ "type": "Feature", "properties": { "area_m2": 4000.0 }, "geometry": { "type": "Polygon", "coordinates": [ [ [ 85.53585, 28.35013 ], [ 85.53646, 28.35014 ], [ 85.53646, 28.34978 ], [ 85.53606, 28.34959 ], [ 85.53606, 28.34923 ], [ 85.53586, 28.34923 ], [ 85.53585, 28.35013 ] ] ] } },
{ "type": "Feature", "properties": { "area_m2": 28000.0 }, "geometry": { "type": "Polygon", "coordinates": [ [ [ 85.53666, 28.35014 ], [ 85.54033, 28.35018 ], [ 85.54034, 28.35 ], [ 85.54115, 28.35001 ], [ 85.54115, 28.34983 ], [ 85.54075, 28.34964 ], [ 85.54075, 28.34928 ], [ 85.54055, 28.34928 ], [ 85.54055, 28.34964 ], [ 85.54034, 28.34964 ], [ 85.54035, 28.34928 ], [ 85.53973, 28.34927 ], [ 85.53973, 28.34963 ], [ 85.53769, 28.34961 ], [ 85.53769, 28.34925 ], [ 85.53749, 28.34925 ], [ 85.53748, 28.34979 ], [ 85.53707, 28.34978 ], [ 85.53708, 28.3496 ], [ 85.53667, 28.34942 ], [ 85.53666, 28.35014 ] ] ] } },
{ "type": "Feature", "properties": { "area_m2": 32400.0 }, "geometry": { "type": "Polygon", "coordinates": [ [ [ 85.52524, 28.35002 ], [ 85.53034, 28.35007 ], [ 85.53034, 28.34989 ], [ 85.53014, 28.34989 ], [ 85.53014, 28.34953 ], [ 85.52912, 28.34952 ], [ 85.52912, 28.34934 ], [ 85.52851, 28.34933 ], [ 85.52852, 28.34897 ], [ 85.52831, 28.34897 ], [ 85.5283, 28.34951 ], [ 85.52749, 28.34932 ], [ 85.52749, 28.3495 ], [ 85.52708, 28.3495 ], [ 85.52708, 28.34932 ], [ 85.52688, 28.34931 ], [ 85.52688, 28.34895 ], [ 85.52668, 28.34895 ], [ 85.52667, 28.34967 ], [ 85.52647, 28.34967 ], [ 85.52647, 28.34931 ], [ 85.52606, 28.3493 ], [ 85.52606, 28.34966 ], [ 85.52545, 28.34966 ], [ 85.52524, 28.35002 ] ] ] } },
{ "type": "Feature", "properties": { "area_m2": 26000.0 }, "geometry": { "type": "Polygon", "coordinates": [ [ [ 85.53136, 28.35008 ], [ 85.53421, 28.35011 ], [ 85.53422, 28.34957 ], [ 85.53402, 28.34957 ], [ 85.53402, 28.34939 ], [ 85.53341, 28.34938 ], [ 85.53341, 28.34902 ], [ 85.5328, 28.34902 ], [ 85.53279, 28.34956 ], [ 85.53259, 28.34955 ], [ 85.53259, 28.34937 ], [ 85.53239, 28.34937 ], [ 85.53239, 28.34901 ], [ 85.53198, 28.34901 ], [ 85.53198, 28.34955 ], [ 85.53177, 28.34955 ], [ 85.53178, 28.34937 ], [ 85.53157, 28.34936 ], [ 85.53158, 28.349 ], [ 85.53137, 28.349 ], [ 85.53136, 28.35008 ] ] ] } },
{ "type": "Feature", "properties": { "area_m2": 48800.0 }, "geometry": { "type": "Polygon", "coordinates": [ [ [ 85.54584, 28.35006 ], [ 85.55013, 28.3501 ], [ 85.55014, 28.3492 ], [ 85.54973, 28.3492 ], [ 85.54973, 28.34938 ], [ 85.54953, 28.34938 ], [ 85.54953, 28.34901 ], [ 85.54586, 28.34898 ], [ 85.54584, 28.35006 ] ] ] } },
{ "type": "Feature", "properties": { "area_m2": 32400.0 }, "geometry": { "type": "Polygon", "coordinates": [ [ [ 85.51667, 28.3501 ], [ 85.52034, 28.35014 ], [ 85.52034, 28.34978 ], [ 85.51994, 28.34978 ], [ 85.51994, 28.34924 ], [ 85.51974, 28.34924 ], [ 85.51973, 28.34978 ], [ 85.51953, 28.34977 ], [ 85.51953, 28.34959 ], [ 85.51912, 28.34959 ], [ 85.51913, 28.34923 ], [ 85.51892, 28.34923 ], [ 85.51892, 28.34959 ], [ 85.51871, 28.34959 ], [ 85.51872, 28.34922 ], [ 85.51851, 28.34922 ], [ 85.51852, 28.34904 ], [ 85.51831, 28.34904 ], [ 85.51831, 28.34958 ], [ 85.5181, 28.34958 ], [ 85.51811, 28.34922 ], [ 85.5177, 28.34903 ], [ 85.51771, 28.34849 ], [ 85.5175, 28.34849 ], [ 85.51749, 28.34921 ], [ 85.51668, 28.34902 ], [ 85.51667, 28.3501 ] ] ] } },
{ "type": "Feature", "properties": { "area_m2": 10400.0 }, "geometry": { "type": "Polygon", "coordinates": [ [ [ 85.54136, 28.35001 ], [ 85.54258, 28.35002 ], [ 85.54259, 28.34966 ], [ 85.54238, 28.34966 ], [ 85.54239, 28.34876 ], [ 85.54198, 28.34893 ], [ 85.54197, 28.34966 ], [ 85.54177, 28.34965 ], [ 85.54177, 28.34929 ], [ 85.54137, 28.34911 ], [ 85.54136, 28.35001 ] ] ] } },
{ "type": "Feature", "properties": { "area_m2": 32400.0 }, "geometry": { "type": "Polygon", "coordinates": [ [ [ 85.51075, 28.35004 ], [ 85.51422, 28.35008 ], [ 85.51422, 28.34972 ], [ 85.513, 28.3497 ], [ 85.513, 28.34934 ], [ 85.5126, 28.34934 ], [ 85.5126, 28.34898 ], [ 85.5124, 28.34898 ], [ 85.5124, 28.34879 ], [ 85.51199, 28.34879 ], [ 85.512, 28.34843 ], [ 85.51179, 28.34843 ], [ 85.5118, 28.34825 ], [ 85.51139, 28.34824 ], [ 85.51137, 28.34914 ], [ 85.51097, 28.34914 ], [ 85.51096, 28.34968 ], [ 85.51076, 28.34968 ], [ 85.51075, 28.35004 ] ] ] } },
{ "type": "Feature", "properties": { "area_m2": 2400.0 }, "geometry": { "type": "Polygon", "coordinates": [ [ [ 85.54974, 28.34866 ], [ 85.55015, 28.34866 ], [ 85.55016, 28.34812 ], [ 85.54975, 28.34811 ], [ 85.54974, 28.34866 ] ] ] } },
{ "type": "Feature", "properties": { "area_m2": 2400.0 }, "geometry": { "type": "Polygon", "coordinates": [ [ [ 85.24988, 28.34478 ], [ 85.25049, 28.34478 ], [ 85.2505, 28.34442 ], [ 85.24989, 28.34441 ], [ 85.24988, 28.34478 ] ] ] } },
{ "type": "Feature", "properties": { "area_m2": 3200.0 }, "geometry": { "type": "Polygon", "coordinates": [ [ [ 85.24989, 28.34423 ], [ 85.25071, 28.34424 ], [ 85.25071, 28.34388 ], [ 85.2499, 28.34387 ], [ 85.24989, 28.34423 ] ] ] } },
{ "type": "Feature", "properties": { "area_m2": 2000.0 }, "geometry": { "type": "Polygon", "coordinates": [ [ [ 85.24992, 28.34261 ], [ 85.25033, 28.34262 ], [ 85.25054, 28.34226 ], [ 85.24992, 28.34225 ], [ 85.24992, 28.34261 ] ] ] } },
{ "type": "Feature", "properties": { "area_m2": 3600.0 }, "geometry": { "type": "Polygon", "coordinates": [ [ [ 85.2498, 28.33719 ], [ 85.25001, 28.3372 ], [ 85.25003, 28.33557 ], [ 85.24983, 28.33557 ], [ 85.2498, 28.33719 ] ] ] } },
{ "type": "Feature", "properties": { "area_m2": 5600.0 }, "geometry": { "type": "Polygon", "coordinates": [ [ [ 85.54996, 28.33223 ], [ 85.55017, 28.33223 ], [ 85.5502, 28.32971 ], [ 85.55, 28.32971 ], [ 85.54996, 28.33223 ] ] ] } },
{ "type": "Feature", "properties": { "area_m2": 8800.0 }, "geometry": { "type": "Polygon", "coordinates": [ [ [ 85.5496, 28.32916 ], [ 85.55, 28.32916 ], [ 85.55003, 28.32754 ], [ 85.54962, 28.32754 ], [ 85.54961, 28.32808 ], [ 85.54941, 28.32807 ], [ 85.5494, 28.3288 ], [ 85.5496, 28.3288 ], [ 85.5496, 28.32916 ] ] ] } },
{ "type": "Feature", "properties": { "area_m2": 123600.0 }, "geometry": { "type": "Polygon", "coordinates": [ [ [ 85.2502, 28.32565 ], [ 85.25101, 28.32566 ], [ 85.25101, 28.32548 ], [ 85.25122, 28.32548 ], [ 85.25122, 28.32512 ], [ 85.25204, 28.32513 ], [ 85.25204, 28.32495 ], [ 85.25225, 28.32495 ], [ 85.25225, 28.32477 ], [ 85.25123, 28.32476 ], [ 85.25123, 28.32458 ], [ 85.25144, 28.32458 ], [ 85.25144, 28.3244 ], [ 85.25103, 28.32421 ], [ 85.25124, 28.32386 ], [ 85.25063, 28.32385 ], [ 85.25064, 28.32367 ], [ 85.25186, 28.3235 ], [ 85.25187, 28.32332 ], [ 85.25064, 28.32331 ], [ 85.25064, 28.32313 ], [ 85.25105, 28.32313 ], [ 85.25106, 28.32277 ], [ 85.25065, 28.32277 ], [ 85.25065, 28.32259 ], [ 85.25106, 28.32259 ], [ 85.25106, 28.32241 ], [ 85.25147, 28.32242 ], [ 85.25147, 28.32223 ], [ 85.25046, 28.32222 ], [ 85.25046, 28.32204 ], [ 85.25087, 28.32187 ], [ 85.25087, 28.32169 ], [ 85.25067, 28.32168 ], [ 85.25067, 28.3215 ], [ 85.25088, 28.32151 ], [ 85.25088, 28.32114 ], [ 85.25047, 28.32114 ], [ 85.25048, 28.32096 ], [ 85.25089, 28.32078 ], [ 85.25089, 28.3206 ], [ 85.25069, 28.3206 ], [ 85.25069, 28.32042 ], [ 85.25089, 28.32042 ], [ 85.2509, 28.32024 ], [ 85.25069, 28.32024 ], [ 85.2507, 28.31988 ], [ 85.2509, 28.31988 ], [ 85.2509, 28.3197 ], [ 85.2505, 28.3197 ], [ 85.2505, 28.31951 ], [ 85.2507, 28.31952 ], [ 85.25072, 28.31862 ], [ 85.25092, 28.31862 ], [ 85.25094, 28.31735 ], [ 85.25074, 28.31735 ], [ 85.25075, 28.31681 ], [ 85.25177, 28.31682 ], [ 85.25177, 28.31664 ], [ 85.25034, 28.31663 ], [ 85.25035, 28.31644 ], [ 85.25075, 28.31645 ], [ 85.25076, 28.31627 ], [ 85.25096, 28.31627 ], [ 85.25096, 28.31609 ], [ 85.25035, 28.31608 ], [ 85.25035, 28.3159 ], [ 85.25117, 28.31591 ], [ 85.25118, 28.31555 ], [ 85.25016, 28.31554 ], [ 85.25016, 28.31536 ], [ 85.25159, 28.31538 ], [ 85.25159, 28.31502 ], [ 85.24996, 28.315 ], [ 85.2498, 28.32492 ], [ 85.25, 28.32492 ], [ 85.24999, 28.32546 ], [ 85.2502, 28.32547 ], [ 85.2502, 28.32565 ] ] ] } },
{ "type": "Feature", "properties": { "area_m2": 8000.0 }, "geometry": { "type": "Polygon", "coordinates": [ [ [ 85.54933, 28.31905 ], [ 85.55014, 28.31906 ], [ 85.55015, 28.31833 ], [ 85.54893, 28.31832 ], [ 85.54892, 28.31868 ], [ 85.54933, 28.31869 ], [ 85.54933, 28.31905 ] ] ] } },
{ "type": "Feature", "properties": { "area_m2": 10000.0 }, "geometry": { "type": "Polygon", "coordinates": [ [ [ 85.54996, 28.31725 ], [ 85.55017, 28.31725 ], [ 85.5502, 28.31473 ], [ 85.55, 28.31472 ], [ 85.54999, 28.31526 ], [ 85.54958, 28.31526 ], [ 85.54957, 28.31616 ], [ 85.54997, 28.31635 ], [ 85.54996, 28.31725 ] ] ] } },
{ "type": "Feature", "properties": { "area_m2": 9600.0 }, "geometry": { "type": "Polygon", "coordinates": [ [ [ 85.54982, 28.3131 ], [ 85.55002, 28.3131 ], [ 85.55005, 28.31093 ], [ 85.54964, 28.31093 ], [ 85.54964, 28.31129 ], [ 85.54943, 28.31129 ], [ 85.54942, 28.31219 ], [ 85.54983, 28.31219 ], [ 85.54982, 28.3131 ] ] ] } },
{ "type": "Feature", "properties": { "area_m2": 6000.0 }, "geometry": { "type": "Polygon", "coordinates": [ [ [ 85.54946, 28.30912 ], [ 85.55007, 28.30913 ], [ 85.55009, 28.30768 ], [ 85.54968, 28.30786 ], [ 85.54988, 28.30822 ], [ 85.54947, 28.3084 ], [ 85.54947, 28.30858 ], [ 85.54988, 28.30858 ], [ 85.54987, 28.30877 ], [ 85.54946, 28.30894 ], [ 85.54946, 28.30912 ] ] ] } },
{ "type": "Feature", "properties": { "area_m2": 5200.0 }, "geometry": { "type": "Polygon", "coordinates": [ [ [ 85.5497, 28.30642 ], [ 85.55011, 28.30642 ], [ 85.55013, 28.30516 ], [ 85.54972, 28.30515 ], [ 85.54971, 28.30588 ], [ 85.54991, 28.30588 ], [ 85.54991, 28.30606 ], [ 85.54971, 28.30606 ], [ 85.5497, 28.30642 ] ] ] } },
{ "type": "Feature", "properties": { "area_m2": 3200.0 }, "geometry": { "type": "Polygon", "coordinates": [ [ [ 85.54974, 28.30389 ], [ 85.55014, 28.30389 ], [ 85.55016, 28.30299 ], [ 85.54975, 28.30317 ], [ 85.54994, 28.30353 ], [ 85.54974, 28.30353 ], [ 85.54974, 28.30389 ] ] ] } },
{ "type": "Feature", "properties": { "area_m2": 2800.0 }, "geometry": { "type": "Polygon", "coordinates": [ [ [ 85.54935, 28.30226 ], [ 85.55017, 28.30227 ], [ 85.55017, 28.30191 ], [ 85.54956, 28.3019 ], [ 85.54935, 28.30226 ] ] ] } },
{ "type": "Feature", "properties": { "area_m2": 283200.0 }, "geometry": { "type": "Polygon", "coordinates": [ [ [ 85.24996, 28.31482 ], [ 85.25078, 28.31483 ], [ 85.25079, 28.31446 ], [ 85.25038, 28.31446 ], [ 85.25038, 28.3141 ], [ 85.25079, 28.3141 ], [ 85.2508, 28.31392 ], [ 85.25018, 28.31392 ], [ 85.25019, 28.31374 ], [ 85.25039, 28.31374 ], [ 85.25039, 28.31356 ], [ 85.2508, 28.31356 ], [ 85.2506, 28.3132 ], [ 85.25101, 28.3132 ], [ 85.25101, 28.31302 ], [ 85.2502, 28.31301 ], [ 85.2502, 28.31283 ], [ 85.25061, 28.31266 ], [ 85.25061, 28.31248 ], [ 85.25041, 28.31247 ], [ 85.25042, 28.31211 ], [ 85.25062, 28.31212 ], [ 85.25062, 28.31194 ], [ 85.25042, 28.31193 ], [ 85.25043, 28.31157 ], [ 85.25063, 28.31157 ], [ 85.25064, 28.31121 ], [ 85.25104, 28.31122 ], [ 85.25106, 28.3105 ], [ 85.25126, 28.3105 ], [ 85.25126, 28.31032 ], [ 85.25004, 28.3103 ], [ 85.25004, 28.31012 ], [ 85.25045, 28.31013 ], [ 85.25045, 28.30995 ], [ 85.25066, 28.30995 ], [ 85.25066, 28.30959 ], [ 85.25148, 28.3096 ], [ 85.25148, 28.30942 ], [ 85.25046, 28.30941 ], [ 85.25046, 28.30923 ], [ 85.25087, 28.30923 ], [ 85.25087, 28.30905 ], [ 85.25189, 28.30906 ], [ 85.2519, 28.30888 ], [ 85.25027, 28.30886 ], [ 85.25027, 28.3085 ], [ 85.25088, 28.30851 ], [ 85.25089, 28.30815 ], [ 85.2515, 28.30816 ], [ 85.2515, 28.30798 ], [ 85.25171, 28.30798 ], [ 85.25171, 28.3078 ], [ 85.2509, 28.30779 ], [ 85.2509, 28.30761 ], [ 85.25151, 28.30762 ], [ 85.25172, 28.30726 ], [ 85.2505, 28.30724 ], [ 85.2505, 28.30706 ], [ 85.25132, 28.30689 ], [ 85.25132, 28.30671 ], [ 85.25071, 28.3067 ], [ 85.25071, 28.30652 ], [ 85.25132, 28.30653 ], [ 85.25133, 28.30617 ], [ 85.25153, 28.30617 ], [ 85.25154, 28.30599 ], [ 85.25194, 28.306 ], [ 85.25195, 28.30582 ], [ 85.25072, 28.3058 ], [ 85.25073, 28.30562 ], [ 85.25134, 28.30563 ], [ 85.25134, 28.30545 ], [ 85.25175, 28.30545 ], [ 85.25175, 28.30527 ], [ 85.25033, 28.30525 ], [ 85.25033, 28.30507 ], [ 85.25094, 28.30508 ], [ 85.25094, 28.3049 ], [ 85.25176, 28.30491 ], [ 85.25176, 28.30473 ], [ 85.25074, 28.30472 ], [ 85.25095, 28.30436 ], [ 85.25218, 28.30438 ], [ 85.25218, 28.30419 ], [ 85.25075, 28.30418 ], [ 85.25076, 28.30382 ], [ 85.25116, 28.30382 ], [ 85.25117, 28.30364 ], [ 85.25056, 28.30363 ], [ 85.25056, 28.30309 ], [ 85.25077, 28.30309 ], [ 85.25078, 28.30219 ], [ 85.25038, 28.30219 ], [ 85.25038, 28.30201 ], [ 85.25058, 28.30201 ], [ 85.25059, 28.30183 ], [ 85.2516, 28.30184 ], [ 85.25161, 28.30148 ], [ 85.25243, 28.30149 ], [ 85.25243, 28.30113 ], [ 85.25202, 28.30112 ], [ 85.25203, 28.30094 ], [ 85.25243, 28.30095 ], [ 85.25244, 28.30041 ], [ 85.25265, 28.30041 ], [ 85.25265, 28.30005 ], [ 85.25327, 28.30006 ], [ 85.25327, 28.29952 ], [ 85.25368, 28.29952 ], [ 85.25368, 28.29934 ], [ 85.2541, 28.29917 ], [ 85.25411, 28.29844 ], [ 85.25452, 28.29827 ], [ 85.25452, 28.29791 ], [ 85.25493, 28.29791 ], [ 85.25494, 28.29719 ], [ 85.25474, 28.29719 ], [ 85.25454, 28.29682 ], [ 85.25372, 28.29699 ], [ 85.25372, 28.29718 ], [ 85.25331, 28.29717 ], [ 85.25332, 28.29699 ], [ 85.2527, 28.29698 ], [ 85.2527, 28.29716 ], [ 85.25229, 28.29716 ], [ 85.25229, 28.29734 ], [ 85.25209, 28.29733 ], [ 85.25208, 28.2977 ], [ 85.25188, 28.29769 ], [ 85.25187, 28.29823 ], [ 85.25105, 28.2984 ], [ 85.25104, 28.29877 ], [ 85.25064, 28.29876 ], [ 85.25063, 28.2993 ], [ 85.25042, 28.2993 ], [ 85.25042, 28.29966 ], [ 85.25001, 28.29965 ], [ 85.25003, 28.29821 ], [ 85.24983, 28.29821 ], [ 85.2498, 28.30001 ], [ 85.25, 28.30002 ], [ 85.2498, 28.31247 ], [ 85.25, 28.31247 ], [ 85.24996, 28.31482 ] ] ] } },
{ "type": "Feature", "properties": { "area_m2": 36000.0 }, "geometry": { "type": "Polygon", "coordinates": [ [ [ 85.54977, 28.30172 ], [ 85.55017, 28.30173 ], [ 85.55021, 28.29938 ], [ 85.55, 28.29938 ], [ 85.55004, 28.29631 ], [ 85.54984, 28.29631 ], [ 85.54983, 28.29685 ], [ 85.54963, 28.29685 ], [ 85.54962, 28.29739 ], [ 85.54921, 28.29739 ], [ 85.54921, 28.29757 ], [ 85.54901, 28.29756 ], [ 85.54899, 28.29883 ], [ 85.5494, 28.29883 ], [ 85.54939, 28.29955 ], [ 85.54959, 28.29956 ], [ 85.54958, 28.30046 ], [ 85.54978, 28.30046 ], [ 85.54977, 28.30172 ] ] ] } },
{ "type": "Feature", "properties": { "area_m2": 6000.0 }, "geometry": { "type": "Polygon", "coordinates": [ [ [ 85.5499, 28.29162 ], [ 85.55011, 28.29162 ], [ 85.55012, 28.29036 ], [ 85.54972, 28.29035 ], [ 85.54971, 28.29107 ], [ 85.5495, 28.29107 ], [ 85.5495, 28.29143 ], [ 85.5499, 28.29144 ], [ 85.5499, 28.29162 ] ] ] } },
{ "type": "Feature", "properties": { "area_m2": 3600.0 }, "geometry": { "type": "Polygon", "coordinates": [ [ [ 85.2498, 28.2872 ], [ 85.25001, 28.2872 ], [ 85.25004, 28.28558 ], [ 85.24983, 28.28557 ], [ 85.2498, 28.2872 ] ] ] } },
{ "type": "Feature", "properties": { "area_m2": 12000.0 }, "geometry": { "type": "Polygon", "coordinates": [ [ [ 85.24986, 28.28359 ], [ 85.25027, 28.28359 ], [ 85.25028, 28.28305 ], [ 85.25008, 28.28305 ], [ 85.25008, 28.28287 ], [ 85.25049, 28.28288 ], [ 85.25048, 28.28306 ], [ 85.2509, 28.28288 ], [ 85.2509, 28.28252 ], [ 85.2507, 28.28252 ], [ 85.25071, 28.28198 ], [ 85.24989, 28.28196 ], [ 85.24986, 28.28359 ] ] ] } },
{ "type": "Feature", "properties": { "area_m2": 6000.0 }, "geometry": { "type": "Polygon", "coordinates": [ [ [ 85.54997, 28.28692 ], [ 85.55017, 28.28693 ], [ 85.55021, 28.28422 ], [ 85.55, 28.28422 ], [ 85.54997, 28.28692 ] ] ] } },
{ "type": "Feature", "properties": { "area_m2": 430400.0 }, "geometry": { "type": "Polygon", "coordinates": [ [ [ 85.39416, 28.28807 ], [ 85.39518, 28.28808 ], [ 85.39518, 28.2879 ], [ 85.39579, 28.28791 ], [ 85.39579, 28.28773 ], [ 85.3962, 28.28755 ], [ 85.39621, 28.28737 ], [ 85.39662, 28.28738 ], [ 85.39662, 28.28702 ], [ 85.39682, 28.28702 ], [ 85.39682, 28.28738 ], [ 85.39702, 28.28738 ], [ 85.39703, 28.28702 ], [ 85.39744, 28.28703 ], [ 85.39744, 28.28684 ], [ 85.39927, 28.28705 ], [ 85.39927, 28.28687 ], [ 85.40009, 28.28688 ], [ 85.40009, 28.2867 ], [ 85.4007, 28.2867 ], [ 85.40071, 28.28616 ], [ 85.40092, 28.28616 ], [ 85.40091, 28.28634 ], [ 85.40132, 28.28635 ], [ 85.40132, 28.28617 ], [ 85.40214, 28.28618 ], [ 85.40235, 28.28582 ], [ 85.40296, 28.28583 ], [ 85.40297, 28.28528 ], [ 85.40338, 28.28529 ], [ 85.40338, 28.28475 ], [ 85.404, 28.28476 ], [ 85.404, 28.28439 ], [ 85.4042, 28.2844 ], [ 85.40421, 28.28422 ], [ 85.40461, 28.2844 ], [ 85.40461, 28.28476 ], [ 85.40522, 28.28477 ], [ 85.40522, 28.28459 ], [ 85.40563, 28.28459 ], [ 85.40563, 28.28423 ], [ 85.40604, 28.28424 ], [ 85.40604, 28.28406 ], [ 85.40625, 28.28406 ], [ 85.40625, 28.2837 ], [ 85.40646, 28.2837 ], [ 85.40646, 28.28352 ], [ 85.40707, 28.28353 ], [ 85.40708, 28.28299 ], [ 85.40728, 28.28299 ], [ 85.40729, 28.28245 ], [ 85.4075, 28.28245 ], [ 85.40749, 28.28281 ], [ 85.40933, 28.28283 ], [ 85.40932, 28.28301 ], [ 85.41625, 28.28309 ], [ 85.41646, 28.28273 ], [ 85.41809, 28.28275 ], [ 85.4181, 28.28257 ], [ 85.4183, 28.28258 ], [ 85.4183, 28.28276 ], [ 85.41932, 28.28277 ], [ 85.41932, 28.28259 ], [ 85.41952, 28.28259 ], [ 85.41952, 28.28277 ], [ 85.42013, 28.28278 ], [ 85.42014, 28.2826 ], [ 85.42054, 28.2826 ], [ 85.42054, 28.28278 ], [ 85.42176, 28.2828 ], [ 85.42176, 28.28316 ], [ 85.42298, 28.28317 ], [ 85.42319, 28.28281 ], [ 85.42401, 28.28282 ], [ 85.42422, 28.28246 ], [ 85.42544, 28.28248 ], [ 85.42565, 28.28212 ], [ 85.42585, 28.28212 ], [ 85.42585, 28.2823 ], [ 85.42626, 28.28231 ], [ 85.42647, 28.28195 ], [ 85.42728, 28.28196 ], [ 85.42729, 28.28142 ], [ 85.4277, 28.28142 ], [ 85.42772, 28.28016 ], [ 85.4271, 28.28015 ], [ 85.4271, 28.28033 ], [ 85.42669, 28.28033 ], [ 85.42668, 28.28123 ], [ 85.42627, 28.28122 ], [ 85.42627, 28.28158 ], [ 85.42525, 28.28157 ], [ 85.42525, 28.28175 ], [ 85.42504, 28.28175 ], [ 85.42504, 28.28157 ], [ 85.42464, 28.28157 ], [ 85.42464, 28.2812 ], [ 85.42444, 28.2812 ], [ 85.42443, 28.28192 ], [ 85.42422, 28.28192 ], [ 85.42423, 28.28174 ], [ 85.42382, 28.28156 ], [ 85.42383, 28.2812 ], [ 85.42362, 28.28119 ], [ 85.42361, 28.28191 ], [ 85.4232, 28.28209 ], [ 85.42319, 28.28263 ], [ 85.42299, 28.28263 ], [ 85.423, 28.28227 ], [ 85.4181, 28.28221 ], [ 85.41811, 28.28185 ], [ 85.41688, 28.28184 ], [ 85.41689, 28.28148 ], [ 85.41669, 28.28147 ], [ 85.41668, 28.2822 ], [ 85.41647, 28.28219 ], [ 85.41647, 28.28201 ], [ 85.41586, 28.28201 ], [ 85.41585, 28.28273 ], [ 85.41544, 28.28272 ], [ 85.41545, 28.28236 ], [ 85.41504, 28.28254 ], [ 85.41504, 28.28236 ], [ 85.41443, 28.28235 ], [ 85.41442, 28.28271 ], [ 85.41381, 28.2827 ], [ 85.41382, 28.28234 ], [ 85.41361, 28.28234 ], [ 85.41361, 28.2827 ], [ 85.41341, 28.2827 ], [ 85.41342, 28.2818 ], [ 85.41281, 28.28179 ], [ 85.4128, 28.28197 ], [ 85.4126, 28.28197 ], [ 85.41259, 28.28269 ], [ 85.41157, 28.28268 ], [ 85.41158, 28.28214 ], [ 85.41137, 28.28213 ], [ 85.41137, 28.28268 ], [ 85.41116, 28.28267 ], [ 85.41117, 28.28231 ], [ 85.41096, 28.28231 ], [ 85.41097, 28.28213 ], [ 85.41056, 28.28212 ], [ 85.41055, 28.28249 ], [ 85.40811, 28.28246 ], [ 85.40811, 28.28228 ], [ 85.4077, 28.28227 ], [ 85.40772, 28.28119 ], [ 85.40568, 28.28117 ], [ 85.40547, 28.28188 ], [ 85.40485, 28.28188 ], [ 85.40484, 28.2826 ], [ 85.40444, 28.28241 ], [ 85.40443, 28.28296 ], [ 85.40423, 28.28295 ], [ 85.40422, 28.28313 ], [ 85.40382, 28.28313 ], [ 85.40382, 28.28295 ], [ 85.40361, 28.28295 ], [ 85.40359, 28.28439 ], [ 85.40298, 28.28438 ], [ 85.40299, 28.28402 ], [ 85.40278, 28.28402 ], [ 85.40277, 28.28474 ], [ 85.40257, 28.28474 ], [ 85.40257, 28.28456 ], [ 85.40196, 28.28455 ], [ 85.40195, 28.28491 ], [ 85.40053, 28.2849 ], [ 85.40052, 28.28526 ], [ 85.40093, 28.28526 ], [ 85.40092, 28.28598 ], [ 85.40071, 28.28598 ], [ 85.40072, 28.28544 ], [ 85.40031, 28.28543 ], [ 85.40031, 28.28598 ], [ 85.4001, 28.28597 ], [ 85.40011, 28.28561 ], [ 85.3995, 28.28561 ], [ 85.39949, 28.28579 ], [ 85.39542, 28.28574 ], [ 85.39542, 28.28538 ], [ 85.39338, 28.28535 ], [ 85.39338, 28.28571 ], [ 85.39317, 28.28571 ], [ 85.39317, 28.28589 ], [ 85.39276, 28.28589 ], [ 85.39276, 28.28643 ], [ 85.39337, 28.28644 ], [ 85.39336, 28.28698 ], [ 85.39376, 28.28716 ], [ 85.39376, 28.28752 ], [ 85.39416, 28.28771 ], [ 85.39416, 28.28807 ] ] ] } },
{ "type": "Feature", "properties": { "area_m2": 2800.0 }, "geometry": { "type": "Polygon", "coordinates": [ [ [ 85.24981, 28.27456 ], [ 85.25001, 28.27457 ], [ 85.25003, 28.2733 ], [ 85.24983, 28.2733 ], [ 85.24981, 28.27456 ] ] ] } },
{ "type": "Feature", "properties": { "area_m2": 2000.0 }, "geometry": { "type": "Polygon", "coordinates": [ [ [ 85.54996, 28.2723 ], [ 85.55016, 28.27231 ], [ 85.55018, 28.2714 ], [ 85.54997, 28.2714 ], [ 85.54996, 28.2723 ] ] ] } },
{ "type": "Feature", "properties": { "area_m2": 2400.0 }, "geometry": { "type": "Polygon", "coordinates": [ [ [ 85.2498, 28.26247 ], [ 85.25001, 28.26247 ], [ 85.25002, 28.26139 ], [ 85.24982, 28.26139 ], [ 85.2498, 28.26247 ] ] ] } },
{ "type": "Feature", "properties": { "area_m2": 5600.0 }, "geometry": { "type": "Polygon", "coordinates": [ [ [ 85.24985, 28.2594 ], [ 85.25026, 28.25941 ], [ 85.25028, 28.25814 ], [ 85.24987, 28.25814 ], [ 85.24985, 28.2594 ] ] ] } },
{ "type": "Feature", "properties": { "area_m2": 12400.0 }, "geometry": { "type": "Polygon", "coordinates": [ [ [ 85.5487, 28.2602 ], [ 85.55012, 28.26021 ], [ 85.55014, 28.25913 ], [ 85.54932, 28.25912 ], [ 85.54911, 28.25984 ], [ 85.5487, 28.26002 ], [ 85.5487, 28.2602 ] ] ] } },
{ "type": "Feature", "properties": { "area_m2": 7200.0 }, "geometry": { "type": "Polygon", "coordinates": [ [ [ 85.54953, 28.25894 ], [ 85.55014, 28.25895 ], [ 85.55016, 28.2575 ], [ 85.54996, 28.2575 ], [ 85.54995, 28.25804 ], [ 85.54954, 28.25804 ], [ 85.54953, 28.25894 ] ] ] } },
{ "type": "Feature", "properties": { "area_m2": 13200.0 }, "geometry": { "type": "Polygon", "coordinates": [ [ [ 85.24993, 28.25471 ], [ 85.25054, 28.25472 ], [ 85.25055, 28.25436 ], [ 85.25014, 28.25435 ], [ 85.25014, 28.25417 ], [ 85.25055, 28.25418 ], [ 85.25055, 28.25382 ], [ 85.25015, 28.25381 ], [ 85.25015, 28.25363 ], [ 85.25056, 28.25364 ], [ 85.25057, 28.25291 ], [ 85.25016, 28.25291 ], [ 85.25016, 28.25273 ], [ 85.25057, 28.25273 ], [ 85.25058, 28.25237 ], [ 85.24997, 28.25237 ], [ 85.24993, 28.25471 ] ] ] } },
{ "type": "Feature", "properties": { "area_m2": 3200.0 }, "geometry": { "type": "Polygon", "coordinates": [ [ [ 85.54996, 28.25696 ], [ 85.55017, 28.25696 ], [ 85.55019, 28.25552 ], [ 85.54998, 28.25552 ], [ 85.54996, 28.25696 ] ] ] } },
{ "type": "Feature", "properties": { "area_m2": 5200.0 }, "geometry": { "type": "Polygon", "coordinates": [ [ [ 85.24997, 28.25218 ], [ 85.25058, 28.25219 ], [ 85.25059, 28.25183 ], [ 85.25018, 28.25183 ], [ 85.25018, 28.25165 ], [ 85.25059, 28.25165 ], [ 85.2506, 28.25129 ], [ 85.24998, 28.25128 ], [ 85.24997, 28.25218 ] ] ] } },
{ "type": "Feature", "properties": { "area_m2": 4400.0 }, "geometry": { "type": "Polygon", "coordinates": [ [ [ 85.54979, 28.25479 ], [ 85.5502, 28.2548 ], [ 85.5502, 28.25444 ], [ 85.54837, 28.25442 ], [ 85.54837, 28.2546 ], [ 85.54979, 28.25461 ], [ 85.54979, 28.25479 ] ] ] } },
{ "type": "Feature", "properties": { "area_m2": 2400.0 }, "geometry": { "type": "Polygon", "coordinates": [ [ [ 85.25, 28.25056 ], [ 85.25061, 28.25057 ], [ 85.25061, 28.25021 ], [ 85.25, 28.2502 ], [ 85.25, 28.25056 ] ] ] } },
{ "type": "Feature", "properties": { "area_m2": 206000.0 }, "geometry": { "type": "Polygon", "coordinates": [ [ [ 85.42806, 28.2567 ], [ 85.42826, 28.2567 ], [ 85.42827, 28.25652 ], [ 85.42867, 28.25652 ], [ 85.42868, 28.25616 ], [ 85.42909, 28.25617 ], [ 85.42909, 28.25581 ], [ 85.43052, 28.25582 ], [ 85.43052, 28.25546 ], [ 85.43094, 28.25528 ], [ 85.43094, 28.25492 ], [ 85.43135, 28.25511 ], [ 85.43135, 28.25457 ], [ 85.43176, 28.25439 ], [ 85.43177, 28.25385 ], [ 85.43381, 28.25387 ], [ 85.43381, 28.25369 ], [ 85.43463, 28.2537 ], [ 85.43484, 28.25334 ], [ 85.43626, 28.25336 ], [ 85.43647, 28.253 ], [ 85.43688, 28.25301 ], [ 85.43689, 28.25265 ], [ 85.43709, 28.25265 ], [ 85.43709, 28.25229 ], [ 85.4373, 28.25229 ], [ 85.43731, 28.25157 ], [ 85.43568, 28.25155 ], [ 85.43568, 28.25173 ], [ 85.43527, 28.25172 ], [ 85.43505, 28.25244 ], [ 85.43363, 28.25243 ], [ 85.43362, 28.25261 ], [ 85.43281, 28.2526 ], [ 85.4328, 28.25314 ], [ 85.4326, 28.25314 ], [ 85.4326, 28.25296 ], [ 85.43219, 28.25295 ], [ 85.43219, 28.25331 ], [ 85.43198, 28.25331 ], [ 85.43199, 28.25313 ], [ 85.43158, 28.25313 ], [ 85.43158, 28.25295 ], [ 85.43138, 28.25294 ], [ 85.43137, 28.25312 ], [ 85.43117, 28.25312 ], [ 85.43117, 28.25294 ], [ 85.43077, 28.25294 ], [ 85.43076, 28.25312 ], [ 85.43015, 28.25311 ], [ 85.43014, 28.25383 ], [ 85.43055, 28.25384 ], [ 85.43054, 28.25438 ], [ 85.42973, 28.25437 ], [ 85.42972, 28.25491 ], [ 85.42951, 28.25491 ], [ 85.42951, 28.25509 ], [ 85.4289, 28.25508 ], [ 85.42889, 28.25544 ], [ 85.42788, 28.25543 ], [ 85.42788, 28.25525 ], [ 85.42767, 28.25525 ], [ 85.42768, 28.25471 ], [ 85.42748, 28.2547 ], [ 85.42747, 28.25525 ], [ 85.42727, 28.25524 ], [ 85.42726, 28.25542 ], [ 85.42706, 28.25542 ], [ 85.42707, 28.25506 ], [ 85.42666, 28.25487 ], [ 85.42665, 28.2556 ], [ 85.42522, 28.25558 ], [ 85.42523, 28.25522 ], [ 85.42543, 28.25522 ], [ 85.42543, 28.25504 ], [ 85.42238, 28.25501 ], [ 85.42238, 28.25483 ], [ 85.42299, 28.25483 ], [ 85.4232, 28.25447 ], [ 85.41647, 28.2544 ], [ 85.41667, 28.25476 ], [ 85.41749, 28.25459 ], [ 85.41749, 28.25477 ], [ 85.4181, 28.25478 ], [ 85.4181, 28.25496 ], [ 85.41871, 28.25496 ], [ 85.41871, 28.2546 ], [ 85.41892, 28.2546 ], [ 85.41891, 28.25497 ], [ 85.41912, 28.25497 ], [ 85.41933, 28.25461 ], [ 85.41973, 28.25461 ], [ 85.41973, 28.25479 ], [ 85.41993, 28.2548 ], [ 85.41994, 28.25462 ], [ 85.42014, 28.25462 ], [ 85.42014, 28.2548 ], [ 85.42034, 28.2548 ], [ 85.42034, 28.25462 ], [ 85.42096, 28.25463 ], [ 85.42095, 28.25481 ], [ 85.42218, 28.25482 ], [ 85.42217, 28.255 ], [ 85.42136, 28.25499 ], [ 85.42135, 28.25536 ], [ 85.42156, 28.25536 ], [ 85.42155, 28.25554 ], [ 85.42237, 28.25555 ], [ 85.42237, 28.25537 ], [ 85.424, 28.25539 ], [ 85.42379, 28.25574 ], [ 85.42441, 28.25575 ], [ 85.4244, 28.25593 ], [ 85.42542, 28.25594 ], [ 85.42542, 28.25612 ], [ 85.42766, 28.25615 ], [ 85.42766, 28.25651 ], [ 85.42806, 28.25652 ], [ 85.42806, 28.2567 ] ] ] } },
{ "type": "Feature", "properties": { "area_m2": 2400.0 }, "geometry": { "type": "Polygon", "coordinates": [ [ [ 85.2498, 28.25002 ], [ 85.25, 28.25002 ], [ 85.25002, 28.24894 ], [ 85.24982, 28.24893 ], [ 85.2498, 28.25002 ] ] ] } },
{ "type": "Feature", "properties": { "area_m2": 10800.0 }, "geometry": { "type": "Polygon", "coordinates": [ [ [ 85.24982, 28.24857 ], [ 85.25023, 28.24858 ], [ 85.25025, 28.2475 ], [ 85.25045, 28.2475 ], [ 85.25046, 28.24696 ], [ 85.25026, 28.24695 ], [ 85.25027, 28.24641 ], [ 85.24986, 28.24641 ], [ 85.24982, 28.24857 ] ] ] } },
{ "type": "Feature", "properties": { "area_m2": 3600.0 }, "geometry": { "type": "Polygon", "coordinates": [ [ [ 85.24981, 28.2372 ], [ 85.25001, 28.2372 ], [ 85.25002, 28.23666 ], [ 85.25022, 28.23667 ], [ 85.25023, 28.23612 ], [ 85.24982, 28.23612 ], [ 85.24981, 28.2372 ] ] ] } },
{ "type": "Feature", "properties": { "area_m2": 5200.0 }, "geometry": { "type": "Polygon", "coordinates": [ [ [ 85.24984, 28.23522 ], [ 85.25086, 28.23523 ], [ 85.25086, 28.23505 ], [ 85.25066, 28.23505 ], [ 85.25066, 28.23469 ], [ 85.24985, 28.23468 ], [ 85.24984, 28.23522 ] ] ] } },
{ "type": "Feature", "properties": { "area_m2": 243200.0 }, "geometry": { "type": "Polygon", "coordinates": [ [ [ 85.54925, 28.24973 ], [ 85.55006, 28.24974 ], [ 85.55021, 28.23891 ], [ 85.55, 28.23891 ], [ 85.55012, 28.23061 ], [ 85.54991, 28.23061 ], [ 85.54991, 28.23097 ], [ 85.5493, 28.23096 ], [ 85.54929, 28.23132 ], [ 85.5495, 28.23132 ], [ 85.54949, 28.23187 ], [ 85.54908, 28.23204 ], [ 85.54908, 28.23222 ], [ 85.54948, 28.23223 ], [ 85.54941, 28.23728 ], [ 85.54921, 28.23728 ], [ 85.54921, 28.23764 ], [ 85.549, 28.23764 ], [ 85.54899, 28.23836 ], [ 85.5494, 28.23836 ], [ 85.5494, 28.23854 ], [ 85.54899, 28.23872 ], [ 85.54898, 28.23908 ], [ 85.54878, 28.23908 ], [ 85.54877, 28.2398 ], [ 85.54857, 28.2398 ], [ 85.54856, 28.24016 ], [ 85.54815, 28.24015 ], [ 85.54815, 28.24033 ], [ 85.54856, 28.24034 ], [ 85.54856, 28.24052 ], [ 85.54897, 28.24034 ], [ 85.54896, 28.2407 ], [ 85.54937, 28.24071 ], [ 85.54937, 28.24089 ], [ 85.54916, 28.24089 ], [ 85.54916, 28.24143 ], [ 85.54936, 28.24143 ], [ 85.54936, 28.24161 ], [ 85.54915, 28.24161 ], [ 85.54915, 28.24179 ], [ 85.54874, 28.24179 ], [ 85.54873, 28.24269 ], [ 85.54812, 28.24268 ], [ 85.54811, 28.24322 ], [ 85.54791, 28.24322 ], [ 85.54791, 28.2434 ], [ 85.54811, 28.2434 ], [ 85.54809, 28.24467 ], [ 85.54789, 28.24466 ], [ 85.54788, 28.24521 ], [ 85.54727, 28.2452 ], [ 85.54726, 28.24574 ], [ 85.54706, 28.24574 ], [ 85.54705, 28.24646 ], [ 85.54746, 28.24646 ], [ 85.54745, 28.24701 ], [ 85.54765, 28.24701 ], [ 85.54765, 28.24737 ], [ 85.54785, 28.24737 ], [ 85.54786, 28.24647 ], [ 85.54827, 28.24647 ], [ 85.54828, 28.24575 ], [ 85.54869, 28.24576 ], [ 85.54869, 28.24539 ], [ 85.54931, 28.2454 ], [ 85.5493, 28.24558 ], [ 85.5491, 28.24558 ], [ 85.54909, 28.24594 ], [ 85.5493, 28.24594 ], [ 85.54928, 28.24703 ], [ 85.54949, 28.24703 ], [ 85.54948, 28.24721 ], [ 85.54907, 28.24738 ], [ 85.54907, 28.24756 ], [ 85.54866, 28.24756 ], [ 85.54866, 28.24774 ], [ 85.54846, 28.24774 ], [ 85.54845, 28.2481 ], [ 85.54886, 28.24828 ], [ 85.54885, 28.24865 ], [ 85.54926, 28.24883 ], [ 85.54925, 28.24973 ] ], [ [ 85.5492, 28.238 ], [ 85.5492, 28.23782 ], [ 85.54941, 28.23782 ], [ 85.54941, 28.238 ], [ 85.5492, 28.238 ] ] ] } },
{ "type": "Feature", "properties": { "area_m2": 4000.0 }, "geometry": { "type": "Polygon", "coordinates": [ [ [ 85.24981, 28.22475 ], [ 85.25001, 28.22475 ], [ 85.25004, 28.22295 ], [ 85.24984, 28.22294 ], [ 85.24981, 28.22475 ] ] ] } },
{ "type": "Feature", "properties": { "area_m2": 4000.0 }, "geometry": { "type": "Polygon", "coordinates": [ [ [ 85.24988, 28.22024 ], [ 85.25008, 28.22024 ], [ 85.2501, 28.21916 ], [ 85.2503, 28.21916 ], [ 85.25031, 28.2188 ], [ 85.2499, 28.21879 ], [ 85.24988, 28.22024 ] ] ] } },
{ "type": "Feature", "properties": { "area_m2": 56400.0 }, "geometry": { "type": "Polygon", "coordinates": [ [ [ 85.54972, 28.2297 ], [ 85.55013, 28.22971 ], [ 85.55021, 28.22393 ], [ 85.55, 28.22393 ], [ 85.55004, 28.2214 ], [ 85.54983, 28.2214 ], [ 85.54983, 28.22194 ], [ 85.54942, 28.22194 ], [ 85.54941, 28.22248 ], [ 85.5488, 28.22247 ], [ 85.549, 28.22283 ], [ 85.54961, 28.22284 ], [ 85.54961, 28.2232 ], [ 85.5494, 28.2232 ], [ 85.54939, 28.22374 ], [ 85.5496, 28.22374 ], [ 85.54958, 28.22537 ], [ 85.54937, 28.22537 ], [ 85.54935, 28.22717 ], [ 85.54955, 28.22717 ], [ 85.54953, 28.22862 ], [ 85.54933, 28.22861 ], [ 85.54933, 28.22879 ], [ 85.54973, 28.22898 ], [ 85.54972, 28.2297 ] ] ] } },
{ "type": "Feature", "properties": { "area_m2": 78800.0 }, "geometry": { "type": "Polygon", "coordinates": [ [ [ 85.50329, 28.22685 ], [ 85.5039, 28.22686 ], [ 85.50391, 28.22614 ], [ 85.50351, 28.22613 ], [ 85.50351, 28.22595 ], [ 85.50371, 28.22596 ], [ 85.50372, 28.2256 ], [ 85.50311, 28.22559 ], [ 85.50311, 28.22541 ], [ 85.50352, 28.22541 ], [ 85.50352, 28.22523 ], [ 85.50332, 28.22523 ], [ 85.50332, 28.22469 ], [ 85.50292, 28.22468 ], [ 85.50292, 28.2245 ], [ 85.50333, 28.22451 ], [ 85.50334, 28.22361 ], [ 85.50293, 28.2236 ], [ 85.50294, 28.22306 ], [ 85.50233, 28.22305 ], [ 85.50233, 28.22287 ], [ 85.50213, 28.22287 ], [ 85.50233, 28.22251 ], [ 85.50172, 28.22251 ], [ 85.50173, 28.22214 ], [ 85.50193, 28.22215 ], [ 85.50194, 28.22161 ], [ 85.50316, 28.22162 ], [ 85.50316, 28.22144 ], [ 85.50194, 28.22142 ], [ 85.50195, 28.22052 ], [ 85.50155, 28.22034 ], [ 85.50155, 28.22052 ], [ 85.50114, 28.22051 ], [ 85.50113, 28.22105 ], [ 85.50134, 28.22106 ], [ 85.50133, 28.22142 ], [ 85.50052, 28.22141 ], [ 85.50051, 28.22159 ], [ 85.50174, 28.2216 ], [ 85.50173, 28.22196 ], [ 85.50092, 28.22195 ], [ 85.50091, 28.22214 ], [ 85.50152, 28.22214 ], [ 85.50152, 28.22232 ], [ 85.50132, 28.22232 ], [ 85.50132, 28.2225 ], [ 85.50091, 28.2225 ], [ 85.5009, 28.22304 ], [ 85.5011, 28.22304 ], [ 85.5011, 28.22322 ], [ 85.50192, 28.22323 ], [ 85.50191, 28.22341 ], [ 85.50212, 28.22341 ], [ 85.50211, 28.22377 ], [ 85.50232, 28.22378 ], [ 85.50232, 28.22341 ], [ 85.50253, 28.22342 ], [ 85.50252, 28.2236 ], [ 85.50273, 28.2236 ], [ 85.50272, 28.22414 ], [ 85.5017, 28.22413 ], [ 85.5017, 28.22449 ], [ 85.50129, 28.22449 ], [ 85.50129, 28.22467 ], [ 85.50149, 28.22467 ], [ 85.50149, 28.22485 ], [ 85.5021, 28.22486 ], [ 85.5021, 28.22504 ], [ 85.50189, 28.22503 ], [ 85.50189, 28.2254 ], [ 85.50229, 28.2254 ], [ 85.50229, 28.22558 ], [ 85.50168, 28.22557 ], [ 85.50168, 28.22593 ], [ 85.50229, 28.22594 ], [ 85.50228, 28.22612 ], [ 85.50208, 28.22612 ], [ 85.50208, 28.22648 ], [ 85.50309, 28.22649 ], [ 85.50329, 28.22685 ] ], [ [ 85.50134, 28.22088 ], [ 85.50134, 28.2207 ], [ 85.50154, 28.2207 ], [ 85.50154, 28.22088 ], [ 85.50134, 28.22088 ] ] ] } },
{ "type": "Feature", "properties": { "area_m2": 3600.0 }, "geometry": { "type": "Polygon", "coordinates": [ [ [ 85.2498, 28.21247 ], [ 85.25001, 28.21248 ], [ 85.25003, 28.21085 ], [ 85.24983, 28.21085 ], [ 85.2498, 28.21247 ] ] ] } },
{ "type": "Feature", "properties": { "area_m2": 13200.0 }, "geometry": { "type": "Polygon", "coordinates": [ [ [ 85.54971, 28.21562 ], [ 85.55012, 28.21563 ], [ 85.55015, 28.2131 ], [ 85.54974, 28.2131 ], [ 85.54973, 28.21364 ], [ 85.54933, 28.21363 ], [ 85.54932, 28.21399 ], [ 85.54993, 28.214 ], [ 85.54993, 28.21418 ], [ 85.54952, 28.21418 ], [ 85.54952, 28.21472 ], [ 85.54972, 28.21472 ], [ 85.54972, 28.21508 ], [ 85.54992, 28.21508 ], [ 85.54992, 28.21526 ], [ 85.54971, 28.21526 ], [ 85.54971, 28.21562 ] ] ] } },
{ "type": "Feature", "properties": { "area_m2": 20400.0 }, "geometry": { "type": "Polygon", "coordinates": [ [ [ 85.54913, 28.21291 ], [ 85.55015, 28.21292 ], [ 85.55021, 28.20877 ], [ 85.55, 28.20877 ], [ 85.54998, 28.21057 ], [ 85.54978, 28.21057 ], [ 85.54977, 28.21111 ], [ 85.54997, 28.21111 ], [ 85.54997, 28.21165 ], [ 85.54935, 28.21165 ], [ 85.54935, 28.21219 ], [ 85.54914, 28.21219 ], [ 85.54913, 28.21291 ] ] ] } },
{ "type": "Feature", "properties": { "area_m2": 4400.0 }, "geometry": { "type": "Polygon", "coordinates": [ [ [ 85.2498, 28.20002 ], [ 85.25001, 28.20002 ], [ 85.25004, 28.19804 ], [ 85.24983, 28.19804 ], [ 85.2498, 28.20002 ] ] ] } },
{ "type": "Feature", "properties": { "area_m2": 2400.0 }, "geometry": { "type": "Polygon", "coordinates": [ [ [ 85.24985, 28.19731 ], [ 85.25046, 28.19732 ], [ 85.25046, 28.19696 ], [ 85.24985, 28.19695 ], [ 85.24985, 28.19731 ] ] ] } },
{ "type": "Feature", "properties": { "area_m2": 7600.0 }, "geometry": { "type": "Polygon", "coordinates": [ [ [ 85.24986, 28.19623 ], [ 85.25047, 28.19624 ], [ 85.25048, 28.19606 ], [ 85.25088, 28.19606 ], [ 85.25069, 28.1957 ], [ 85.2513, 28.19571 ], [ 85.2513, 28.19553 ], [ 85.24988, 28.19551 ], [ 85.24986, 28.19623 ] ] ] } },
{ "type": "Feature", "properties": { "area_m2": 12000.0 }, "geometry": { "type": "Polygon", "coordinates": [ [ [ 85.24988, 28.19533 ], [ 85.25171, 28.19517 ], [ 85.25172, 28.19499 ], [ 85.25009, 28.19497 ], [ 85.25009, 28.19479 ], [ 85.25131, 28.19481 ], [ 85.25132, 28.19462 ], [ 85.25172, 28.19463 ], [ 85.25173, 28.19445 ], [ 85.24989, 28.19443 ], [ 85.24988, 28.19533 ] ] ] } },
{ "type": "Feature", "properties": { "area_m2": 3200.0 }, "geometry": { "type": "Polygon", "coordinates": [ [ [ 85.2499, 28.19425 ], [ 85.25071, 28.19426 ], [ 85.25072, 28.19389 ], [ 85.2499, 28.19388 ], [ 85.2499, 28.19425 ] ] ] } },
{ "type": "Feature", "properties": { "area_m2": 58800.0 }, "geometry": { "type": "Polygon", "coordinates": [ [ [ 85.54942, 28.20641 ], [ 85.55004, 28.20642 ], [ 85.55016, 28.19703 ], [ 85.54976, 28.19703 ], [ 85.5497, 28.20118 ], [ 85.5495, 28.20118 ], [ 85.54949, 28.20154 ], [ 85.54908, 28.20154 ], [ 85.54909, 28.20117 ], [ 85.54888, 28.20117 ], [ 85.54887, 28.20226 ], [ 85.54948, 28.20226 ], [ 85.54942, 28.20641 ] ] ] } },
{ "type": "Feature", "properties": { "area_m2": 4400.0 }, "geometry": { "type": "Polygon", "coordinates": [ [ [ 85.2499, 28.1937 ], [ 85.25011, 28.19371 ], [ 85.25011, 28.19353 ], [ 85.25052, 28.19353 ], [ 85.25052, 28.19335 ], [ 85.25011, 28.19335 ], [ 85.25012, 28.19317 ], [ 85.25052, 28.19317 ], [ 85.25053, 28.19281 ], [ 85.24992, 28.1928 ], [ 85.2499, 28.1937 ] ] ] } },
{ "type": "Feature", "properties": { "area_m2": 4000.0 }, "geometry": { "type": "Polygon", "coordinates": [ [ [ 85.24992, 28.19262 ], [ 85.25033, 28.19263 ], [ 85.25055, 28.19191 ], [ 85.24993, 28.1919 ], [ 85.24992, 28.19262 ] ] ] } },
{ "type": "Feature", "properties": { "area_m2": 4000.0 }, "geometry": { "type": "Polygon", "coordinates": [ [ [ 85.54997, 28.19613 ], [ 85.55017, 28.19613 ], [ 85.5502, 28.19433 ], [ 85.55, 28.19432 ], [ 85.54997, 28.19613 ] ] ] } },
{ "type": "Feature", "properties": { "area_m2": 43600.0 }, "geometry": { "type": "Polygon", "coordinates": [ [ [ 85.24987, 28.18305 ], [ 85.25028, 28.18306 ], [ 85.25029, 28.1827 ], [ 85.2507, 28.18252 ], [ 85.25071, 28.18198 ], [ 85.2505, 28.18198 ], [ 85.25051, 28.1818 ], [ 85.25071, 28.1818 ], [ 85.25072, 28.18108 ], [ 85.25011, 28.18107 ], [ 85.25011, 28.18089 ], [ 85.25113, 28.1809 ], [ 85.25114, 28.18054 ], [ 85.25073, 28.18054 ], [ 85.25073, 28.18036 ], [ 85.25114, 28.18036 ], [ 85.25115, 28.18 ], [ 85.25074, 28.18 ], [ 85.25074, 28.17982 ], [ 85.25095, 28.17982 ], [ 85.25095, 28.17946 ], [ 85.25014, 28.17945 ], [ 85.25014, 28.17927 ], [ 85.25095, 28.17928 ], [ 85.25096, 28.17892 ], [ 85.25015, 28.17891 ], [ 85.25015, 28.17873 ], [ 85.25157, 28.17874 ], [ 85.25158, 28.17838 ], [ 85.24995, 28.17836 ], [ 85.24987, 28.18305 ] ] ] } },
{ "type": "Feature", "properties": { "area_m2": 6400.0 }, "geometry": { "type": "Polygon", "coordinates": [ [ [ 85.24995, 28.17818 ], [ 85.25036, 28.17819 ], [ 85.25037, 28.17765 ], [ 85.25057, 28.17765 ], [ 85.25058, 28.17747 ], [ 85.25017, 28.17746 ], [ 85.25018, 28.1771 ], [ 85.25099, 28.17711 ], [ 85.25099, 28.17693 ], [ 85.24997, 28.17692 ], [ 85.24995, 28.17818 ] ] ] } },
{ "type": "Feature", "properties": { "area_m2": 34800.0 }, "geometry": { "type": "Polygon", "coordinates": [ [ [ 85.5499, 28.18602 ], [ 85.55011, 28.18602 ], [ 85.55019, 28.17989 ], [ 85.54999, 28.17988 ], [ 85.54998, 28.18043 ], [ 85.54957, 28.18042 ], [ 85.54958, 28.18006 ], [ 85.54937, 28.18006 ], [ 85.54937, 28.18042 ], [ 85.54916, 28.18042 ], [ 85.54915, 28.18168 ], [ 85.54976, 28.18169 ], [ 85.5497, 28.18584 ], [ 85.54991, 28.18584 ], [ 85.5499, 28.18602 ] ] ] } },
{ "type": "Feature", "properties": { "area_m2": 2400.0 }, "geometry": { "type": "Polygon", "coordinates": [ [ [ 85.54999, 28.1797 ], [ 85.55019, 28.17971 ], [ 85.55021, 28.17862 ], [ 85.55, 28.17862 ], [ 85.54999, 28.1797 ] ] ] } },
{ "type": "Feature", "properties": { "area_m2": 4400.0 }, "geometry": { "type": "Polygon", "coordinates": [ [ [ 85.2498, 28.17493 ], [ 85.25001, 28.17493 ], [ 85.25004, 28.17295 ], [ 85.24984, 28.17295 ], [ 85.2498, 28.17493 ] ] ] } },
{ "type": "Feature", "properties": { "area_m2": 17600.0 }, "geometry": { "type": "Polygon", "coordinates": [ [ [ 85.54945, 28.17446 ], [ 85.55006, 28.17447 ], [ 85.5501, 28.17176 ], [ 85.54949, 28.17176 ], [ 85.54968, 28.17212 ], [ 85.54948, 28.17212 ], [ 85.54945, 28.17446 ] ] ] } },
{ "type": "Feature", "properties": { "area_m2": 5600.0 }, "geometry": { "type": "Polygon", "coordinates": [ [ [ 85.54973, 28.16887 ], [ 85.55014, 28.16887 ], [ 85.55015, 28.16779 ], [ 85.54974, 28.16779 ], [ 85.54974, 28.16833 ], [ 85.54933, 28.16832 ], [ 85.54933, 28.1685 ], [ 85.54973, 28.16851 ], [ 85.54973, 28.16887 ] ] ] } },
{ "type": "Feature", "properties": { "area_m2": 4400.0 }, "geometry": { "type": "Polygon", "coordinates": [ [ [ 85.2498, 28.16248 ], [ 85.25001, 28.16248 ], [ 85.25004, 28.16049 ], [ 85.24983, 28.16049 ], [ 85.2498, 28.16248 ] ] ] } },
{ "type": "Feature", "properties": { "area_m2": 66800.0 }, "geometry": { "type": "Polygon", "coordinates": [ [ [ 85.54773, 28.16578 ], [ 85.54814, 28.16578 ], [ 85.54814, 28.1656 ], [ 85.54896, 28.16561 ], [ 85.54896, 28.16543 ], [ 85.54957, 28.16544 ], [ 85.54957, 28.16526 ], [ 85.54998, 28.16526 ], [ 85.54998, 28.16562 ], [ 85.55018, 28.16563 ], [ 85.55021, 28.16346 ], [ 85.55, 28.16346 ], [ 85.55001, 28.16274 ], [ 85.54981, 28.16273 ], [ 85.54981, 28.16309 ], [ 85.5496, 28.16309 ], [ 85.54959, 28.16363 ], [ 85.54715, 28.16361 ], [ 85.54714, 28.16415 ], [ 85.54653, 28.16414 ], [ 85.54653, 28.16432 ], [ 85.54714, 28.16433 ], [ 85.54713, 28.16505 ], [ 85.54733, 28.16505 ], [ 85.54733, 28.16542 ], [ 85.54774, 28.16542 ], [ 85.54773, 28.16578 ] ] ] } },
{ "type": "Feature", "properties": { "area_m2": 4800.0 }, "geometry": { "type": "Polygon", "coordinates": [ [ [ 85.24991, 28.1558 ], [ 85.25011, 28.1558 ], [ 85.25012, 28.15526 ], [ 85.25033, 28.15526 ], [ 85.25034, 28.15472 ], [ 85.25013, 28.15472 ], [ 85.25014, 28.15418 ], [ 85.24994, 28.15418 ], [ 85.24991, 28.1558 ] ] ] } },
{ "type": "Feature", "properties": { "area_m2": 12000.0 }, "geometry": { "type": "Polygon", "coordinates": [ [ [ 85.54926, 28.15858 ], [ 85.55007, 28.15858 ], [ 85.55009, 28.15696 ], [ 85.54968, 28.15696 ], [ 85.54968, 28.1575 ], [ 85.54927, 28.15749 ], [ 85.54926, 28.15858 ] ] ] } },
{ "type": "Feature", "properties": { "area_m2": 13600.0 }, "geometry": { "type": "Polygon", "coordinates": [ [ [ 85.25, 28.15057 ], [ 85.2502, 28.15057 ], [ 85.25021, 28.15003 ], [ 85.25041, 28.15003 ], [ 85.25042, 28.14949 ], [ 85.25083, 28.14931 ], [ 85.25084, 28.14877 ], [ 85.25023, 28.14877 ], [ 85.25023, 28.14895 ], [ 85.25002, 28.14894 ], [ 85.25004, 28.14804 ], [ 85.24983, 28.14804 ], [ 85.2498, 28.15002 ], [ 85.25, 28.15003 ], [ 85.25, 28.15057 ] ] ] } },
{ "type": "Feature", "properties": { "area_m2": 108000.0 }, "geometry": { "type": "Polygon", "coordinates": [ [ [ 85.54829, 28.15459 ], [ 85.55012, 28.15461 ], [ 85.55021, 28.14848 ], [ 85.55, 28.14848 ], [ 85.55001, 28.14757 ], [ 85.5494, 28.14757 ], [ 85.54941, 28.14739 ], [ 85.5492, 28.14738 ], [ 85.54919, 28.14865 ], [ 85.55, 28.14866 ], [ 85.54998, 28.15046 ], [ 85.54937, 28.15045 ], [ 85.54936, 28.15063 ], [ 85.54916, 28.15063 ], [ 85.54915, 28.15099 ], [ 85.54895, 28.15099 ], [ 85.54894, 28.15153 ], [ 85.54874, 28.15153 ], [ 85.54873, 28.15189 ], [ 85.54853, 28.15189 ], [ 85.54853, 28.15207 ], [ 85.54771, 28.15206 ], [ 85.54771, 28.15242 ], [ 85.5473, 28.15242 ], [ 85.54728, 28.15404 ], [ 85.54769, 28.15405 ], [ 85.54768, 28.15423 ], [ 85.5483, 28.15423 ], [ 85.54829, 28.15459 ] ] ] } },
{ "type": "Feature", "properties": { "area_m2": 3200.0 }, "geometry": { "type": "Polygon", "coordinates": [ [ [ 85.24989, 28.14461 ], [ 85.2503, 28.14461 ], [ 85.25031, 28.14389 ], [ 85.2499, 28.14389 ], [ 85.24989, 28.14461 ] ] ] } },
{ "type": "Feature", "properties": { "area_m2": 26400.0 }, "geometry": { "type": "Polygon", "coordinates": [ [ [ 85.54846, 28.14232 ], [ 85.54968, 28.14233 ], [ 85.54968, 28.14215 ], [ 85.55009, 28.14216 ], [ 85.55011, 28.14053 ], [ 85.5495, 28.14053 ], [ 85.54949, 28.14107 ], [ 85.54908, 28.14106 ], [ 85.54908, 28.14143 ], [ 85.54806, 28.14142 ], [ 85.54805, 28.14196 ], [ 85.54785, 28.14195 ], [ 85.54785, 28.14213 ], [ 85.54846, 28.14214 ], [ 85.54846, 28.14232 ] ] ] } },
{ "type": "Feature", "properties": { "area_m2": 8400.0 }, "geometry": { "type": "Polygon", "coordinates": [ [ [ 85.2498, 28.13739 ], [ 85.25001, 28.13739 ], [ 85.25005, 28.13468 ], [ 85.25025, 28.13469 ], [ 85.25026, 28.13415 ], [ 85.24986, 28.13414 ], [ 85.2498, 28.13739 ] ] ] } },
{ "type": "Feature", "properties": { "area_m2": 6000.0 }, "geometry": { "type": "Polygon", "coordinates": [ [ [ 85.54955, 28.13638 ], [ 85.55017, 28.13638 ], [ 85.55019, 28.13476 ], [ 85.54998, 28.13476 ], [ 85.54997, 28.13584 ], [ 85.54956, 28.13584 ], [ 85.54955, 28.13638 ] ] ] } },
{ "type": "Feature", "properties": { "area_m2": 85200.0 }, "geometry": { "type": "Polygon", "coordinates": [ [ [ 85.54818, 28.13257 ], [ 85.54961, 28.13259 ], [ 85.54961, 28.13241 ], [ 85.55002, 28.13241 ], [ 85.55008, 28.1279 ], [ 85.54967, 28.12789 ], [ 85.54967, 28.12807 ], [ 85.54906, 28.12807 ], [ 85.54925, 28.12843 ], [ 85.54905, 28.12843 ], [ 85.54905, 28.12879 ], [ 85.54884, 28.12879 ], [ 85.54884, 28.12915 ], [ 85.54863, 28.12915 ], [ 85.54864, 28.12879 ], [ 85.54844, 28.12878 ], [ 85.54842, 28.12969 ], [ 85.54822, 28.12968 ], [ 85.54821, 28.13023 ], [ 85.54842, 28.13023 ], [ 85.54841, 28.13059 ], [ 85.548, 28.13058 ], [ 85.548, 28.13094 ], [ 85.5482, 28.13095 ], [ 85.5482, 28.13131 ], [ 85.5484, 28.13131 ], [ 85.5484, 28.13149 ], [ 85.54881, 28.1315 ], [ 85.5488, 28.13168 ], [ 85.54717, 28.13166 ], [ 85.54717, 28.13202 ], [ 85.54758, 28.13202 ], [ 85.54757, 28.13238 ], [ 85.54818, 28.13239 ], [ 85.54818, 28.13257 ] ] ] } },
{ "type": "Feature", "properties": { "area_m2": 70000.0 }, "geometry": { "type": "Polygon", "coordinates": [ [ [ 85.54907, 28.1268 ], [ 85.55009, 28.12682 ], [ 85.55017, 28.12086 ], [ 85.54976, 28.12086 ], [ 85.54976, 28.1214 ], [ 85.54996, 28.1214 ], [ 85.54996, 28.12158 ], [ 85.54975, 28.12158 ], [ 85.54974, 28.12284 ], [ 85.54933, 28.12284 ], [ 85.54932, 28.1232 ], [ 85.54912, 28.12319 ], [ 85.54932, 28.12356 ], [ 85.54871, 28.12355 ], [ 85.5487, 28.12427 ], [ 85.5485, 28.12427 ], [ 85.54849, 28.12499 ], [ 85.54828, 28.12499 ], [ 85.54828, 28.12535 ], [ 85.54848, 28.12535 ], [ 85.54848, 28.12553 ], [ 85.54787, 28.12553 ], [ 85.54787, 28.12571 ], [ 85.54827, 28.12571 ], [ 85.54827, 28.12589 ], [ 85.54847, 28.1259 ], [ 85.54847, 28.12626 ], [ 85.54908, 28.12626 ], [ 85.54907, 28.1268 ] ] ] } },
{ "type": "Feature", "properties": { "area_m2": 4400.0 }, "geometry": { "type": "Polygon", "coordinates": [ [ [ 85.54899, 28.1176 ], [ 85.55001, 28.11761 ], [ 85.55002, 28.11725 ], [ 85.54879, 28.11723 ], [ 85.54899, 28.1176 ] ] ] } },
{ "type": "Feature", "properties": { "area_m2": 15200.0 }, "geometry": { "type": "Polygon", "coordinates": [ [ [ 85.549, 28.11706 ], [ 85.55002, 28.11707 ], [ 85.55004, 28.11526 ], [ 85.54821, 28.11524 ], [ 85.54821, 28.11542 ], [ 85.54902, 28.11543 ], [ 85.54902, 28.11561 ], [ 85.54963, 28.11562 ], [ 85.54963, 28.1158 ], [ 85.54922, 28.1158 ], [ 85.54922, 28.11598 ], [ 85.54963, 28.11598 ], [ 85.54982, 28.11634 ], [ 85.54941, 28.11652 ], [ 85.54941, 28.1167 ], [ 85.54901, 28.1167 ], [ 85.549, 28.11706 ] ] ] } },
{ "type": "Feature", "properties": { "area_m2": 2400.0 }, "geometry": { "type": "Polygon", "coordinates": [ [ [ 85.2498, 28.11248 ], [ 85.25, 28.11248 ], [ 85.25002, 28.1114 ], [ 85.24982, 28.1114 ], [ 85.2498, 28.11248 ] ] ] } },
{ "type": "Feature", "properties": { "area_m2": 31600.0 }, "geometry": { "type": "Polygon", "coordinates": [ [ [ 85.54903, 28.11507 ], [ 85.55005, 28.11508 ], [ 85.55008, 28.11274 ], [ 85.54967, 28.11273 ], [ 85.54946, 28.11309 ], [ 85.54702, 28.11306 ], [ 85.54702, 28.11324 ], [ 85.54844, 28.11326 ], [ 85.54844, 28.11344 ], [ 85.54885, 28.11344 ], [ 85.54884, 28.11381 ], [ 85.54925, 28.11399 ], [ 85.54924, 28.11417 ], [ 85.54843, 28.11416 ], [ 85.54843, 28.11434 ], [ 85.54904, 28.11435 ], [ 85.54924, 28.11471 ], [ 85.54842, 28.1147 ], [ 85.54842, 28.11488 ], [ 85.54903, 28.11489 ], [ 85.54903, 28.11507 ] ] ] } },
{ "type": "Feature", "properties": { "area_m2": 29600.0 }, "geometry": { "type": "Polygon", "coordinates": [ [ [ 85.25006, 28.10905 ], [ 85.25047, 28.10906 ], [ 85.25047, 28.1087 ], [ 85.25129, 28.10871 ], [ 85.25129, 28.10835 ], [ 85.25048, 28.10834 ], [ 85.25048, 28.10816 ], [ 85.2513, 28.10817 ], [ 85.2513, 28.10781 ], [ 85.25049, 28.1078 ], [ 85.25049, 28.10762 ], [ 85.2511, 28.10762 ], [ 85.25111, 28.10726 ], [ 85.2507, 28.10726 ], [ 85.2507, 28.10708 ], [ 85.25091, 28.10708 ], [ 85.25091, 28.10672 ], [ 85.25071, 28.10672 ], [ 85.25071, 28.10654 ], [ 85.25112, 28.10654 ], [ 85.25112, 28.10636 ], [ 85.2499, 28.10634 ], [ 85.24986, 28.10869 ], [ 85.25007, 28.10869 ], [ 85.25006, 28.10905 ] ] ] } },
{ "type": "Feature", "properties": { "area_m2": 27600.0 }, "geometry": { "type": "Polygon", "coordinates": [ [ [ 85.2499, 28.10616 ], [ 85.25072, 28.10617 ], [ 85.25072, 28.10599 ], [ 85.25133, 28.106 ], [ 85.25133, 28.10582 ], [ 85.25032, 28.10581 ], [ 85.25032, 28.10563 ], [ 85.25093, 28.10564 ], [ 85.25093, 28.10546 ], [ 85.25114, 28.10546 ], [ 85.25114, 28.10528 ], [ 85.25032, 28.10527 ], [ 85.25033, 28.10509 ], [ 85.25053, 28.10509 ], [ 85.25053, 28.10491 ], [ 85.25135, 28.10492 ], [ 85.25135, 28.10474 ], [ 85.25115, 28.10474 ], [ 85.25116, 28.10419 ], [ 85.25095, 28.10419 ], [ 85.25096, 28.10365 ], [ 85.24994, 28.10364 ], [ 85.2499, 28.10616 ] ] ] } },
{ "type": "Feature", "properties": { "area_m2": 6400.0 }, "geometry": { "type": "Polygon", "coordinates": [ [ [ 85.54996, 28.10606 ], [ 85.55017, 28.10606 ], [ 85.55021, 28.10317 ], [ 85.55, 28.10317 ], [ 85.54996, 28.10606 ] ] ] } },
{ "type": "Feature", "properties": { "area_m2": 3200.0 }, "geometry": { "type": "Polygon", "coordinates": [ [ [ 85.2498, 28.10003 ], [ 85.25, 28.10003 ], [ 85.25003, 28.09858 ], [ 85.24982, 28.09858 ], [ 85.2498, 28.10003 ] ] ] } },
{ "type": "Feature", "properties": { "area_m2": 2400.0 }, "geometry": { "type": "Polygon", "coordinates": [ [ [ 85.24985, 28.09696 ], [ 85.25026, 28.09696 ], [ 85.25026, 28.09642 ], [ 85.24986, 28.09642 ], [ 85.24985, 28.09696 ] ] ] } },
{ "type": "Feature", "properties": { "area_m2": 3200.0 }, "geometry": { "type": "Polygon", "coordinates": [ [ [ 85.24986, 28.09624 ], [ 85.25067, 28.09625 ], [ 85.25068, 28.09589 ], [ 85.24987, 28.09588 ], [ 85.24986, 28.09624 ] ] ] } },
{ "type": "Feature", "properties": { "area_m2": 2000.0 }, "geometry": { "type": "Polygon", "coordinates": [ [ [ 85.24995, 28.09082 ], [ 85.25056, 28.09083 ], [ 85.25056, 28.09065 ], [ 85.25036, 28.09065 ], [ 85.25036, 28.09047 ], [ 85.24995, 28.09046 ], [ 85.24995, 28.09082 ] ] ] } },
{ "type": "Feature", "properties": { "area_m2": 4400.0 }, "geometry": { "type": "Polygon", "coordinates": [ [ [ 85.2498, 28.08721 ], [ 85.25001, 28.08721 ], [ 85.25004, 28.08523 ], [ 85.24984, 28.08523 ], [ 85.2498, 28.08721 ] ] ] } },
{ "type": "Feature", "properties": { "area_m2": 6000.0 }, "geometry": { "type": "Polygon", "coordinates": [ [ [ 85.54996, 28.09107 ], [ 85.55016, 28.09108 ], [ 85.5502, 28.08837 ], [ 85.55, 28.08837 ], [ 85.54996, 28.09107 ] ] ] } },
{ "type": "Feature", "properties": { "area_m2": 6400.0 }, "geometry": { "type": "Polygon", "coordinates": [ [ [ 85.24987, 28.08306 ], [ 85.25028, 28.08307 ], [ 85.2503, 28.08144 ], [ 85.2501, 28.08144 ], [ 85.25009, 28.0818 ], [ 85.24989, 28.0818 ], [ 85.24987, 28.08306 ] ] ] } },
{ "type": "Feature", "properties": { "area_m2": 34941600.0 }, "geometry": { "type": "Polygon", "coordinates": [ [ [ 85.35589, 28.35007 ], [ 85.35732, 28.35008 ], [ 85.35733, 28.349 ], [ 85.35713, 28.349 ], [ 85.35714, 28.34828 ], [ 85.35673, 28.34827 ], [ 85.35675, 28.34737 ], [ 85.35654, 28.34737 ], [ 85.35655, 28.34701 ], [ 85.35634, 28.347 ], [ 85.35635, 28.34682 ], [ 85.35594, 28.34682 ], [ 85.35594, 28.34646 ], [ 85.35574, 28.34645 ], [ 85.35574, 28.34627 ], [ 85.35533, 28.34627 ], [ 85.35534, 28.34591 ], [ 85.35514, 28.34591 ], [ 85.35514, 28.34572 ], [ 85.35453, 28.34572 ], [ 85.35453, 28.34536 ], [ 85.35433, 28.34535 ], [ 85.35433, 28.34517 ], [ 85.35393, 28.34499 ], [ 85.35373, 28.34426 ], [ 85.35353, 28.34426 ], [ 85.35353, 28.34408 ], [ 85.35312, 28.34408 ], [ 85.35314, 28.34317 ], [ 85.35232, 28.34316 ], [ 85.35233, 28.34298 ], [ 85.35212, 28.34298 ], [ 85.35213, 28.34244 ], [ 85.35172, 28.34243 ], [ 85.35173, 28.34207 ], [ 85.35132, 28.34189 ], [ 85.35133, 28.34117 ], [ 85.35093, 28.34116 ], [ 85.35093, 28.34062 ], [ 85.35073, 28.34062 ], [ 85.35073, 28.34044 ], [ 85.35032, 28.34043 ], [ 85.35033, 28.34007 ], [ 85.35013, 28.34007 ], [ 85.35013, 28.33953 ], [ 85.34993, 28.33953 ], [ 85.34994, 28.33898 ], [ 85.34953, 28.33898 ], [ 85.34954, 28.33826 ], [ 85.34934, 28.33825 ], [ 85.34935, 28.33735 ], [ 85.34894, 28.33735 ], [ 85.34896, 28.33644 ], [ 85.34855, 28.33644 ], [ 85.34856, 28.3359 ], [ 85.34815, 28.33589 ], [ 85.34816, 28.33535 ], [ 85.34796, 28.33535 ], [ 85.34796, 28.33517 ], [ 85.34755, 28.33516 ], [ 85.34756, 28.3348 ], [ 85.34735, 28.3348 ], [ 85.34735, 28.33462 ], [ 85.34674, 28.33461 ], [ 85.34675, 28.33425 ], [ 85.34654, 28.33425 ], [ 85.34655, 28.33371 ], [ 85.34635, 28.33371 ], [ 85.34635, 28.33353 ], [ 85.34594, 28.33352 ], [ 85.34595, 28.33298 ], [ 85.34575, 28.33298 ], [ 85.34576, 28.33244 ], [ 85.34535, 28.33243 ], [ 85.34536, 28.33153 ], [ 85.34516, 28.33153 ], [ 85.34516, 28.33116 ], [ 85.34476, 28.33098 ], [ 85.34478, 28.3299 ], [ 85.34457, 28.32989 ], [ 85.34458, 28.32935 ], [ 85.34438, 28.32935 ], [ 85.34438, 28.32881 ], [ 85.34398, 28.3288 ], [ 85.34398, 28.32844 ], [ 85.34378, 28.32844 ], [ 85.34378, 28.32826 ], [ 85.34337, 28.32825 ], [ 85.34338, 28.32789 ], [ 85.34317, 28.32789 ], [ 85.3432, 28.32645 ], [ 85.34299, 28.32645 ], [ 85.34302, 28.32482 ], [ 85.34261, 28.32482 ], [ 85.34264, 28.32319 ], [ 85.34243, 28.32319 ], [ 85.34244, 28.32283 ], [ 85.34203, 28.323 ], [ 85.34205, 28.3212 ], [ 85.34226, 28.3212 ], [ 85.34226, 28.32102 ], [ 85.34287, 28.32103 ], [ 85.34288, 28.32067 ], [ 85.34267, 28.32067 ], [ 85.34268, 28.32049 ], [ 85.34288, 28.32049 ], [ 85.34289, 28.32013 ], [ 85.34309, 28.32013 ], [ 85.34309, 28.31995 ], [ 85.3433, 28.31995 ], [ 85.3433, 28.31977 ], [ 85.34371, 28.3196 ], [ 85.34372, 28.31923 ], [ 85.34412, 28.31924 ], [ 85.34413, 28.31888 ], [ 85.34393, 28.31888 ], [ 85.34393, 28.3187 ], [ 85.34434, 28.3187 ], [ 85.34434, 28.31852 ], [ 85.34454, 28.31852 ], [ 85.34455, 28.31798 ], [ 85.34516, 28.31799 ], [ 85.34517, 28.31745 ], [ 85.34538, 28.31745 ], [ 85.34538, 28.31709 ], [ 85.34579, 28.31709 ], [ 85.3458, 28.31673 ], [ 85.34621, 28.31656 ], [ 85.34621, 28.3162 ], [ 85.34662, 28.3162 ], [ 85.34662, 28.31602 ], [ 85.34683, 28.31602 ], [ 85.34683, 28.31548 ], [ 85.34704, 28.31548 ], [ 85.34705, 28.31494 ], [ 85.34745, 28.31495 ], [ 85.34746, 28.31441 ], [ 85.34726, 28.3144 ], [ 85.34726, 28.31422 ], [ 85.34767, 28.31423 ], [ 85.34768, 28.31351 ], [ 85.34788, 28.31351 ], [ 85.34789, 28.31315 ], [ 85.34809, 28.31315 ], [ 85.3481, 28.31261 ], [ 85.34851, 28.31261 ], [ 85.34851, 28.31243 ], [ 85.34872, 28.31244 ], [ 85.34873, 28.31171 ], [ 85.34893, 28.31172 ], [ 85.34897, 28.30901 ], [ 85.34938, 28.30901 ], [ 85.3494, 28.30811 ], [ 85.3496, 28.30811 ], [ 85.34961, 28.30757 ], [ 85.34981, 28.30758 ], [ 85.34982, 28.30703 ], [ 85.35023, 28.30704 ], [ 85.35023, 28.30686 ], [ 85.35044, 28.30686 ], [ 85.35045, 28.30578 ], [ 85.35066, 28.30578 ], [ 85.35068, 28.30434 ], [ 85.35088, 28.30434 ], [ 85.3509, 28.30326 ], [ 85.35131, 28.30326 ], [ 85.35131, 28.3029 ], [ 85.3509, 28.3029 ], [ 85.35093, 28.30127 ], [ 85.35134, 28.30128 ], [ 85.35135, 28.30074 ], [ 85.35155, 28.30074 ], [ 85.35157, 28.29966 ], [ 85.35177, 28.29966 ], [ 85.35178, 28.2993 ], [ 85.35157, 28.29929 ], [ 85.35157, 28.29911 ], [ 85.35178, 28.29912 ], [ 85.35179, 28.29839 ], [ 85.35199, 28.2984 ], [ 85.35201, 28.29731 ], [ 85.35181, 28.29731 ], [ 85.35182, 28.29659 ], [ 85.35161, 28.29659 ], [ 85.35162, 28.29605 ], [ 85.35183, 28.29605 ], [ 85.35183, 28.29569 ], [ 85.35143, 28.2955 ], [ 85.35144, 28.29478 ], [ 85.35123, 28.29478 ], [ 85.35125, 28.2937 ], [ 85.35105, 28.29369 ], [ 85.35105, 28.29315 ], [ 85.35085, 28.29315 ], [ 85.35085, 28.29333 ], [ 85.34962, 28.29331 ], [ 85.34963, 28.29313 ], [ 85.35024, 28.29314 ], [ 85.35024, 28.29296 ], [ 85.35004, 28.29296 ], [ 85.35006, 28.29151 ], [ 85.35047, 28.29152 ], [ 85.35047, 28.29116 ], [ 85.35088, 28.29098 ], [ 85.35089, 28.29062 ], [ 85.3513, 28.29063 ], [ 85.3513, 28.29045 ], [ 85.3515, 28.29045 ], [ 85.35151, 28.29009 ], [ 85.35171, 28.29009 ], [ 85.35172, 28.28991 ], [ 85.35212, 28.28992 ], [ 85.35213, 28.28955 ], [ 85.35233, 28.28956 ], [ 85.35234, 28.28938 ], [ 85.35295, 28.28938 ], [ 85.35295, 28.28902 ], [ 85.35316, 28.28903 ], [ 85.35315, 28.28939 ], [ 85.35376, 28.28939 ], [ 85.35376, 28.28957 ], [ 85.35437, 28.28958 ], [ 85.35438, 28.28922 ], [ 85.35458, 28.28922 ], [ 85.35458, 28.28958 ], [ 85.3556, 28.2896 ], [ 85.3556, 28.28924 ], [ 85.35621, 28.28924 ], [ 85.35622, 28.28906 ], [ 85.35662, 28.28907 ], [ 85.35663, 28.28871 ], [ 85.35642, 28.2887 ], [ 85.35643, 28.28852 ], [ 85.35704, 28.28853 ], [ 85.35705, 28.28799 ], [ 85.35786, 28.288 ], [ 85.35785, 28.28872 ], [ 85.35907, 28.28874 ], [ 85.35908, 28.28855 ], [ 85.35969, 28.28856 ], [ 85.3599, 28.2882 ], [ 85.36051, 28.28821 ], [ 85.36051, 28.28839 ], [ 85.36153, 28.2884 ], [ 85.36152, 28.28876 ], [ 85.36356, 28.28879 ], [ 85.36357, 28.28843 ], [ 85.36438, 28.28844 ], [ 85.36459, 28.28808 ], [ 85.36541, 28.28809 ], [ 85.36541, 28.28773 ], [ 85.36623, 28.28774 ], [ 85.36623, 28.28756 ], [ 85.36643, 28.28756 ], [ 85.36643, 28.28792 ], [ 85.36663, 28.28792 ], [ 85.36664, 28.28738 ], [ 85.36705, 28.28739 ], [ 85.36705, 28.28757 ], [ 85.36766, 28.28757 ], [ 85.36765, 28.28794 ], [ 85.36928, 28.28796 ], [ 85.36929, 28.28759 ], [ 85.36949, 28.2876 ], [ 85.36949, 28.28796 ], [ 85.3701, 28.28796 ], [ 85.3701, 28.2876 ], [ 85.37051, 28.28761 ], [ 85.37051, 28.28797 ], [ 85.37132, 28.28798 ], [ 85.37133, 28.28762 ], [ 85.37153, 28.28762 ], [ 85.37154, 28.28708 ], [ 85.37256, 28.28709 ], [ 85.37256, 28.28673 ], [ 85.37297, 28.28674 ], [ 85.37298, 28.28619 ], [ 85.37257, 28.28619 ], [ 85.37257, 28.28601 ], [ 85.37074, 28.28599 ], [ 85.37075, 28.28563 ], [ 85.37034, 28.28562 ], [ 85.37035, 28.2849 ], [ 85.37076, 28.2849 ], [ 85.37076, 28.28454 ], [ 85.37117, 28.28437 ], [ 85.37118, 28.28401 ], [ 85.37179, 28.28401 ], [ 85.372, 28.28366 ], [ 85.37343, 28.28367 ], [ 85.37342, 28.28385 ], [ 85.37363, 28.28386 ], [ 85.37363, 28.28368 ], [ 85.37404, 28.2835 ], [ 85.37403, 28.28404 ], [ 85.37464, 28.28405 ], [ 85.37465, 28.28369 ], [ 85.37506, 28.28351 ], [ 85.37506, 28.28315 ], [ 85.37629, 28.28317 ], [ 85.3763, 28.28262 ], [ 85.37671, 28.28245 ], [ 85.37671, 28.28209 ], [ 85.37712, 28.28209 ], [ 85.37713, 28.28173 ], [ 85.37754, 28.28156 ], [ 85.37754, 28.28119 ], [ 85.37795, 28.2812 ], [ 85.37795, 28.28102 ], [ 85.37877, 28.28103 ], [ 85.37877, 28.28067 ], [ 85.37938, 28.28068 ], [ 85.37938, 28.28086 ], [ 85.37897, 28.28085 ], [ 85.37897, 28.28103 ], [ 85.38019, 28.28123 ], [ 85.38019, 28.28141 ], [ 85.37978, 28.2814 ], [ 85.37978, 28.28158 ], [ 85.38039, 28.28159 ], [ 85.38039, 28.28177 ], [ 85.3808, 28.28177 ], [ 85.38079, 28.28214 ], [ 85.3816, 28.28233 ], [ 85.3816, 28.28269 ], [ 85.38241, 28.28288 ], [ 85.3824, 28.28324 ], [ 85.38261, 28.28324 ], [ 85.38261, 28.28342 ], [ 85.38301, 28.28343 ], [ 85.38301, 28.28379 ], [ 85.38341, 28.28397 ], [ 85.38341, 28.28433 ], [ 85.38381, 28.28452 ], [ 85.3838, 28.28506 ], [ 85.38401, 28.28506 ], [ 85.384, 28.28542 ], [ 85.38421, 28.28543 ], [ 85.3842, 28.28561 ], [ 85.38461, 28.28561 ], [ 85.38461, 28.28597 ], [ 85.38542, 28.28598 ], [ 85.38542, 28.28616 ], [ 85.38603, 28.28617 ], [ 85.38602, 28.28653 ], [ 85.38643, 28.28653 ], [ 85.38643, 28.28671 ], [ 85.38745, 28.28673 ], [ 85.38744, 28.28709 ], [ 85.38826, 28.28728 ], [ 85.38845, 28.288 ], [ 85.38886, 28.28801 ], [ 85.38886, 28.28783 ], [ 85.38906, 28.28783 ], [ 85.38926, 28.28855 ], [ 85.38966, 28.28856 ], [ 85.38966, 28.28874 ], [ 85.38987, 28.28874 ], [ 85.38986, 28.2891 ], [ 85.39047, 28.28911 ], [ 85.39047, 28.28929 ], [ 85.39088, 28.28929 ], [ 85.39087, 28.28966 ], [ 85.39128, 28.28966 ], [ 85.39128, 28.28984 ], [ 85.39148, 28.28984 ], [ 85.39148, 28.2902 ], [ 85.39188, 28.29021 ], [ 85.39188, 28.29039 ], [ 85.39208, 28.29039 ], [ 85.39208, 28.29075 ], [ 85.39269, 28.29076 ], [ 85.39269, 28.29094 ], [ 85.39289, 28.29094 ], [ 85.39288, 28.29148 ], [ 85.39329, 28.29149 ], [ 85.39329, 28.29185 ], [ 85.39349, 28.29185 ], [ 85.39349, 28.29203 ], [ 85.39389, 28.29204 ], [ 85.39389, 28.2924 ], [ 85.39409, 28.2924 ], [ 85.3941, 28.29204 ], [ 85.39491, 28.29205 ], [ 85.39492, 28.29187 ], [ 85.39532, 28.29187 ], [ 85.39552, 28.29224 ], [ 85.39532, 28.29223 ], [ 85.39531, 28.2926 ], [ 85.39511, 28.29259 ], [ 85.3951, 28.29332 ], [ 85.39469, 28.29331 ], [ 85.39469, 28.29367 ], [ 85.39489, 28.29367 ], [ 85.39487, 28.29512 ], [ 85.39507, 28.29512 ], [ 85.39505, 28.29674 ], [ 85.39484, 28.29674 ], [ 85.39484, 28.2971 ], [ 85.39545, 28.29711 ], [ 85.39545, 28.29729 ], [ 85.39565, 28.29729 ], [ 85.39565, 28.29765 ], [ 85.39605, 28.29766 ], [ 85.39605, 28.29784 ], [ 85.39625, 28.29784 ], [ 85.39625, 28.29838 ], [ 85.39686, 28.29839 ], [ 85.39705, 28.29911 ], [ 85.39746, 28.29912 ], [ 85.39744, 28.3002 ], [ 85.39867, 28.30022 ], [ 85.39866, 28.3004 ], [ 85.39907, 28.3004 ], [ 85.39907, 28.30076 ], [ 85.39968, 28.30077 ], [ 85.39967, 28.30095 ], [ 85.40008, 28.30095 ], [ 85.40007, 28.3015 ], [ 85.40069, 28.3015 ], [ 85.40068, 28.30186 ], [ 85.40129, 28.30187 ], [ 85.40129, 28.30205 ], [ 85.40149, 28.30205 ], [ 85.40149, 28.30241 ], [ 85.4019, 28.30242 ], [ 85.40189, 28.3026 ], [ 85.4023, 28.30242 ], [ 85.4023, 28.30261 ], [ 85.40312, 28.30261 ], [ 85.40311, 28.30298 ], [ 85.40372, 28.30298 ], [ 85.40372, 28.30316 ], [ 85.40454, 28.30317 ], [ 85.40453, 28.30353 ], [ 85.40494, 28.30354 ], [ 85.40493, 28.30408 ], [ 85.40574, 28.30427 ], [ 85.40574, 28.30463 ], [ 85.40594, 28.30463 ], [ 85.40594, 28.30481 ], [ 85.40635, 28.30482 ], [ 85.40634, 28.30536 ], [ 85.40654, 28.30536 ], [ 85.40654, 28.30572 ], [ 85.40674, 28.30573 ], [ 85.40674, 28.30591 ], [ 85.40715, 28.30591 ], [ 85.40714, 28.30627 ], [ 85.40755, 28.30646 ], [ 85.40754, 28.30682 ], [ 85.40876, 28.30683 ], [ 85.40876, 28.30737 ], [ 85.40896, 28.30738 ], [ 85.40896, 28.30756 ], [ 85.40957, 28.30756 ], [ 85.40956, 28.30792 ], [ 85.40977, 28.30793 ], [ 85.40977, 28.30811 ], [ 85.41017, 28.30811 ], [ 85.41037, 28.30884 ], [ 85.41077, 28.30884 ], [ 85.41077, 28.30902 ], [ 85.41098, 28.30902 ], [ 85.41097, 28.30938 ], [ 85.41117, 28.30939 ], [ 85.41117, 28.30993 ], [ 85.41096, 28.30993 ], [ 85.41096, 28.31011 ], [ 85.41116, 28.31011 ], [ 85.41115, 28.31101 ], [ 85.41196, 28.3112 ], [ 85.41196, 28.31138 ], [ 85.41155, 28.31138 ], [ 85.41155, 28.31156 ], [ 85.41175, 28.31156 ], [ 85.41174, 28.31264 ], [ 85.41215, 28.31265 ], [ 85.41214, 28.31283 ], [ 85.41235, 28.31283 ], [ 85.41233, 28.31409 ], [ 85.41212, 28.31409 ], [ 85.41212, 28.31427 ], [ 85.41233, 28.31427 ], [ 85.41231, 28.31536 ], [ 85.41272, 28.31536 ], [ 85.41271, 28.31554 ], [ 85.41231, 28.31554 ], [ 85.4123, 28.31626 ], [ 85.4127, 28.31626 ], [ 85.4127, 28.31644 ], [ 85.4129, 28.31645 ], [ 85.4129, 28.31699 ], [ 85.41269, 28.31699 ], [ 85.41267, 28.31825 ], [ 85.41227, 28.31824 ], [ 85.41226, 28.31879 ], [ 85.41246, 28.31879 ], [ 85.41244, 28.32005 ], [ 85.41203, 28.32023 ], [ 85.41201, 28.32149 ], [ 85.41181, 28.32149 ], [ 85.4118, 28.32203 ], [ 85.41201, 28.32203 ], [ 85.41198, 28.32366 ], [ 85.41219, 28.32366 ], [ 85.41218, 28.32402 ], [ 85.41238, 28.32402 ], [ 85.41238, 28.32438 ], [ 85.41217, 28.32438 ], [ 85.41217, 28.32456 ], [ 85.41238, 28.32456 ], [ 85.41237, 28.32492 ], [ 85.41257, 28.32493 ], [ 85.41257, 28.32547 ], [ 85.41338, 28.32566 ], [ 85.41337, 28.32602 ], [ 85.41378, 28.32602 ], [ 85.41378, 28.3262 ], [ 85.41398, 28.32621 ], [ 85.41398, 28.32657 ], [ 85.41439, 28.32657 ], [ 85.41438, 28.32711 ], [ 85.41458, 28.32712 ], [ 85.41458, 28.32748 ], [ 85.41295, 28.32746 ], [ 85.41294, 28.32764 ], [ 85.41274, 28.32764 ], [ 85.41273, 28.328 ], [ 85.41233, 28.32799 ], [ 85.41232, 28.32817 ], [ 85.41273, 28.32818 ], [ 85.41273, 28.32836 ], [ 85.41171, 28.32835 ], [ 85.4117, 28.32871 ], [ 85.41211, 28.32871 ], [ 85.41211, 28.32907 ], [ 85.41312, 28.32908 ], [ 85.41313, 28.32872 ], [ 85.41395, 28.32873 ], [ 85.41395, 28.32855 ], [ 85.41415, 28.32855 ], [ 85.41437, 28.32784 ], [ 85.4158, 28.32785 ], [ 85.41579, 28.32821 ], [ 85.41681, 28.32822 ], [ 85.41681, 28.3284 ], [ 85.41762, 28.32841 ], [ 85.41762, 28.32878 ], [ 85.41925, 28.32897 ], [ 85.41924, 28.32916 ], [ 85.41884, 28.32915 ], [ 85.41883, 28.32933 ], [ 85.41985, 28.32934 ], [ 85.41985, 28.32952 ], [ 85.42005, 28.32953 ], [ 85.42005, 28.32989 ], [ 85.42127, 28.33008 ], [ 85.42106, 28.33044 ], [ 85.42147, 28.33044 ], [ 85.42147, 28.33062 ], [ 85.4231, 28.33064 ], [ 85.42309, 28.331 ], [ 85.42432, 28.33102 ], [ 85.42431, 28.3312 ], [ 85.42615, 28.33122 ], [ 85.42615, 28.33104 ], [ 85.42636, 28.33104 ], [ 85.42635, 28.33122 ], [ 85.42758, 28.33124 ], [ 85.42758, 28.33106 ], [ 85.42799, 28.33106 ], [ 85.42798, 28.33124 ], [ 85.42941, 28.33126 ], [ 85.42941, 28.33144 ], [ 85.42982, 28.33144 ], [ 85.42981, 28.3318 ], [ 85.43104, 28.33182 ], [ 85.43103, 28.332 ], [ 85.43144, 28.332 ], [ 85.43144, 28.33218 ], [ 85.43103, 28.33218 ], [ 85.43103, 28.33236 ], [ 85.43144, 28.33236 ], [ 85.43143, 28.33273 ], [ 85.43184, 28.33273 ], [ 85.43184, 28.33255 ], [ 85.43205, 28.33255 ], [ 85.43204, 28.33291 ], [ 85.43265, 28.33292 ], [ 85.43265, 28.33328 ], [ 85.43285, 28.33328 ], [ 85.43285, 28.33346 ], [ 85.43326, 28.33347 ], [ 85.43325, 28.33383 ], [ 85.43366, 28.33383 ], [ 85.43366, 28.33401 ], [ 85.43427, 28.33402 ], [ 85.43427, 28.3342 ], [ 85.43386, 28.3342 ], [ 85.43385, 28.33438 ], [ 85.43467, 28.33439 ], [ 85.43487, 28.33475 ], [ 85.43467, 28.33475 ], [ 85.43466, 28.33493 ], [ 85.43548, 28.33494 ], [ 85.43548, 28.33512 ], [ 85.43568, 28.33512 ], [ 85.43567, 28.33548 ], [ 85.43588, 28.33548 ], [ 85.43588, 28.33512 ], [ 85.4365, 28.33513 ], [ 85.43649, 28.33549 ], [ 85.43731, 28.3355 ], [ 85.4373, 28.33568 ], [ 85.43853, 28.33569 ], [ 85.43852, 28.33606 ], [ 85.43913, 28.33606 ], [ 85.43914, 28.33588 ], [ 85.43954, 28.33589 ], [ 85.43954, 28.33625 ], [ 85.44036, 28.33626 ], [ 85.44035, 28.3368 ], [ 85.44076, 28.3368 ], [ 85.44075, 28.33734 ], [ 85.44095, 28.33735 ], [ 85.44095, 28.33771 ], [ 85.44115, 28.33771 ], [ 85.44115, 28.33789 ], [ 85.44176, 28.3379 ], [ 85.44175, 28.33826 ], [ 85.44216, 28.33826 ], [ 85.44216, 28.33844 ], [ 85.44236, 28.33845 ], [ 85.44236, 28.33881 ], [ 85.44297, 28.33881 ], [ 85.44298, 28.33827 ], [ 85.44237, 28.33827 ], [ 85.44237, 28.3379 ], [ 85.44217, 28.3379 ], [ 85.44218, 28.33736 ], [ 85.44177, 28.33736 ], [ 85.44178, 28.33681 ], [ 85.44157, 28.33681 ], [ 85.44158, 28.33591 ], [ 85.44179, 28.33591 ], [ 85.44179, 28.33555 ], [ 85.44241, 28.33556 ], [ 85.4424, 28.33592 ], [ 85.44424, 28.33594 ], [ 85.44423, 28.3363 ], [ 85.44647, 28.33633 ], [ 85.44648, 28.33615 ], [ 85.44689, 28.33615 ], [ 85.44689, 28.33597 ], [ 85.4477, 28.33598 ], [ 85.44771, 28.3358 ], [ 85.44954, 28.33582 ], [ 85.44954, 28.336 ], [ 85.44995, 28.33601 ], [ 85.44994, 28.33619 ], [ 85.45035, 28.33619 ], [ 85.45035, 28.33655 ], [ 85.45096, 28.33656 ], [ 85.45096, 28.3362 ], [ 85.45178, 28.33621 ], [ 85.45178, 28.33657 ], [ 85.453, 28.33658 ], [ 85.453, 28.33622 ], [ 85.45321, 28.33622 ], [ 85.45321, 28.3364 ], [ 85.45361, 28.33641 ], [ 85.45361, 28.33659 ], [ 85.45443, 28.3366 ], [ 85.45442, 28.33678 ], [ 85.45483, 28.33678 ], [ 85.45483, 28.33714 ], [ 85.45544, 28.33715 ], [ 85.45544, 28.33679 ], [ 85.45606, 28.3368 ], [ 85.45605, 28.33698 ], [ 85.45585, 28.33697 ], [ 85.45584, 28.33734 ], [ 85.45646, 28.33734 ], [ 85.45645, 28.3377 ], [ 85.45767, 28.33772 ], [ 85.45788, 28.33736 ], [ 85.46074, 28.33739 ], [ 85.46074, 28.33703 ], [ 85.46176, 28.33704 ], [ 85.46177, 28.33686 ], [ 85.46238, 28.33687 ], [ 85.46238, 28.33669 ], [ 85.46463, 28.33671 ], [ 85.46463, 28.33653 ], [ 85.46544, 28.33654 ], [ 85.46545, 28.33636 ], [ 85.46626, 28.33637 ], [ 85.46627, 28.33619 ], [ 85.46688, 28.3362 ], [ 85.46688, 28.33602 ], [ 85.46851, 28.33603 ], [ 85.46852, 28.33567 ], [ 85.46872, 28.33568 ], [ 85.46872, 28.3355 ], [ 85.46913, 28.33532 ], [ 85.46914, 28.33496 ], [ 85.47036, 28.33497 ], [ 85.47037, 28.33479 ], [ 85.47016, 28.33479 ], [ 85.47037, 28.33443 ], [ 85.47139, 28.33444 ], [ 85.47139, 28.33462 ], [ 85.4718, 28.33463 ], [ 85.47179, 28.33481 ], [ 85.472, 28.33481 ], [ 85.472, 28.33463 ], [ 85.47261, 28.33464 ], [ 85.47283, 28.33392 ], [ 85.47385, 28.33393 ], [ 85.47384, 28.33429 ], [ 85.47466, 28.3343 ], [ 85.47466, 28.33394 ], [ 85.47507, 28.33394 ], [ 85.47507, 28.33376 ], [ 85.47568, 28.33377 ], [ 85.47569, 28.33341 ], [ 85.47773, 28.33343 ], [ 85.47773, 28.33325 ], [ 85.47814, 28.33325 ], [ 85.47814, 28.33307 ], [ 85.47916, 28.33309 ], [ 85.47915, 28.33399 ], [ 85.47956, 28.33381 ], [ 85.47956, 28.33399 ], [ 85.47976, 28.33399 ], [ 85.47976, 28.33381 ], [ 85.48017, 28.33382 ], [ 85.48017, 28.33364 ], [ 85.48058, 28.33364 ], [ 85.48058, 28.33382 ], [ 85.48119, 28.33383 ], [ 85.4812, 28.33347 ], [ 85.4814, 28.33347 ], [ 85.48139, 28.33437 ], [ 85.48261, 28.33439 ], [ 85.48262, 28.33403 ], [ 85.48384, 28.33404 ], [ 85.48385, 28.33368 ], [ 85.48466, 28.33351 ], [ 85.48467, 28.33315 ], [ 85.48487, 28.33315 ], [ 85.48488, 28.33297 ], [ 85.48549, 28.33298 ], [ 85.48549, 28.33279 ], [ 85.4859, 28.33262 ], [ 85.48591, 28.33208 ], [ 85.48632, 28.33208 ], [ 85.48632, 28.3319 ], [ 85.48673, 28.33191 ], [ 85.48673, 28.33173 ], [ 85.48734, 28.33173 ], [ 85.48755, 28.33137 ], [ 85.48857, 28.33138 ], [ 85.48858, 28.33102 ], [ 85.48898, 28.33103 ], [ 85.48899, 28.33085 ], [ 85.48919, 28.33085 ], [ 85.48918, 28.33139 ], [ 85.48939, 28.33139 ], [ 85.48938, 28.33175 ], [ 85.4904, 28.33177 ], [ 85.4904, 28.33195 ], [ 85.49019, 28.33194 ], [ 85.49019, 28.33231 ], [ 85.49039, 28.33231 ], [ 85.4904, 28.33213 ], [ 85.4908, 28.33213 ], [ 85.4908, 28.33231 ], [ 85.49202, 28.33233 ], [ 85.49202, 28.33251 ], [ 85.49161, 28.3325 ], [ 85.49161, 28.33268 ], [ 85.49386, 28.33271 ], [ 85.49385, 28.33307 ], [ 85.49344, 28.33306 ], [ 85.49344, 28.33324 ], [ 85.49507, 28.33326 ], [ 85.49508, 28.3329 ], [ 85.4963, 28.33291 ], [ 85.4963, 28.33273 ], [ 85.49692, 28.33274 ], [ 85.49691, 28.3331 ], [ 85.49752, 28.33311 ], [ 85.49751, 28.33365 ], [ 85.49833, 28.33366 ], [ 85.49833, 28.33348 ], [ 85.49792, 28.33347 ], [ 85.49793, 28.33311 ], [ 85.49875, 28.33312 ], [ 85.49875, 28.33276 ], [ 85.49957, 28.33277 ], [ 85.49956, 28.33313 ], [ 85.50017, 28.33314 ], [ 85.50017, 28.33332 ], [ 85.50038, 28.33332 ], [ 85.50037, 28.33368 ], [ 85.502, 28.33388 ], [ 85.502, 28.33406 ], [ 85.5024, 28.33406 ], [ 85.5024, 28.33424 ], [ 85.50281, 28.33407 ], [ 85.50302, 28.33371 ], [ 85.50343, 28.33371 ], [ 85.50343, 28.3339 ], [ 85.50465, 28.33391 ], [ 85.50465, 28.33373 ], [ 85.50486, 28.33373 ], [ 85.50486, 28.33337 ], [ 85.50894, 28.33359 ], [ 85.50895, 28.33305 ], [ 85.50915, 28.33306 ], [ 85.50915, 28.33287 ], [ 85.51017, 28.33289 ], [ 85.51018, 28.33271 ], [ 85.51059, 28.33253 ], [ 85.51059, 28.33235 ], [ 85.5114, 28.33236 ], [ 85.51141, 28.33218 ], [ 85.51202, 28.33218 ], [ 85.51203, 28.33164 ], [ 85.51488, 28.33167 ], [ 85.51509, 28.33132 ], [ 85.5155, 28.33132 ], [ 85.5155, 28.33114 ], [ 85.51754, 28.33116 ], [ 85.51755, 28.3308 ], [ 85.51959, 28.33082 ], [ 85.5198, 28.3301 ], [ 85.52021, 28.33011 ], [ 85.52042, 28.32975 ], [ 85.52123, 28.32976 ], [ 85.52144, 28.3294 ], [ 85.52185, 28.3294 ], [ 85.52185, 28.32922 ], [ 85.52226, 28.32923 ], [ 85.52226, 28.32905 ], [ 85.52308, 28.32906 ], [ 85.52308, 28.32924 ], [ 85.52349, 28.32906 ], [ 85.52348, 28.32924 ], [ 85.5241, 28.32925 ], [ 85.5241, 28.32907 ], [ 85.5243, 28.32907 ], [ 85.52431, 28.32871 ], [ 85.52492, 28.32871 ], [ 85.52534, 28.328 ], [ 85.52575, 28.328 ], [ 85.52596, 28.32728 ], [ 85.52494, 28.32727 ], [ 85.52493, 28.32763 ], [ 85.52453, 28.32763 ], [ 85.52452, 28.32799 ], [ 85.52146, 28.32795 ], [ 85.52147, 28.32705 ], [ 85.52086, 28.32705 ], [ 85.52086, 28.32741 ], [ 85.52004, 28.3274 ], [ 85.52003, 28.32794 ], [ 85.51942, 28.32793 ], [ 85.51942, 28.32811 ], [ 85.51922, 28.32811 ], [ 85.51921, 28.32847 ], [ 85.5188, 28.32847 ], [ 85.51881, 28.32793 ], [ 85.51861, 28.32792 ], [ 85.51859, 28.32901 ], [ 85.51777, 28.32918 ], [ 85.51777, 28.32936 ], [ 85.51716, 28.32935 ], [ 85.51717, 28.32881 ], [ 85.51676, 28.32881 ], [ 85.51676, 28.32845 ], [ 85.51615, 28.32844 ], [ 85.51635, 28.3288 ], [ 85.51615, 28.3288 ], [ 85.51614, 28.32898 ], [ 85.51553, 28.32897 ], [ 85.51552, 28.32951 ], [ 85.51471, 28.32951 ], [ 85.5147, 28.32987 ], [ 85.51389, 28.32986 ], [ 85.51388, 28.33022 ], [ 85.51123, 28.33037 ], [ 85.51143, 28.33073 ], [ 85.50939, 28.33071 ], [ 85.50939, 28.33035 ], [ 85.50919, 28.33035 ], [ 85.50918, 28.33125 ], [ 85.50836, 28.33124 ], [ 85.50835, 28.33178 ], [ 85.50815, 28.33178 ], [ 85.50815, 28.3316 ], [ 85.50693, 28.33159 ], [ 85.50692, 28.33231 ], [ 85.50345, 28.33227 ], [ 85.50344, 28.33263 ], [ 85.50324, 28.33263 ], [ 85.50324, 28.33245 ], [ 85.50304, 28.33245 ], [ 85.50304, 28.33263 ], [ 85.50161, 28.33261 ], [ 85.50161, 28.33243 ], [ 85.50141, 28.33243 ], [ 85.50141, 28.33261 ], [ 85.5012, 28.33261 ], [ 85.5012, 28.33243 ], [ 85.501, 28.33242 ], [ 85.501, 28.33206 ], [ 85.50019, 28.33187 ], [ 85.5002, 28.33151 ], [ 85.49999, 28.33151 ], [ 85.49999, 28.33187 ], [ 85.49938, 28.33187 ], [ 85.49938, 28.3315 ], [ 85.49918, 28.3315 ], [ 85.49917, 28.33186 ], [ 85.49897, 28.33186 ], [ 85.49897, 28.3315 ], [ 85.49836, 28.33149 ], [ 85.49835, 28.33221 ], [ 85.49794, 28.33221 ], [ 85.49795, 28.33203 ], [ 85.49713, 28.33184 ], [ 85.49714, 28.33148 ], [ 85.49571, 28.33146 ], [ 85.4957, 28.33182 ], [ 85.4955, 28.33182 ], [ 85.49551, 28.33146 ], [ 85.4951, 28.33146 ], [ 85.4951, 28.33128 ], [ 85.49428, 28.33127 ], [ 85.49429, 28.33091 ], [ 85.49266, 28.33089 ], [ 85.49266, 28.33071 ], [ 85.49164, 28.3307 ], [ 85.49164, 28.33088 ], [ 85.49123, 28.33087 ], [ 85.49123, 28.33069 ], [ 85.49103, 28.33069 ], [ 85.49103, 28.33033 ], [ 85.49062, 28.33051 ], [ 85.49063, 28.33014 ], [ 85.49042, 28.33014 ], [ 85.49043, 28.32978 ], [ 85.49022, 28.32978 ], [ 85.49023, 28.3296 ], [ 85.49002, 28.3296 ], [ 85.49002, 28.32978 ], [ 85.48961, 28.32977 ], [ 85.48962, 28.32923 ], [ 85.4886, 28.32922 ], [ 85.4886, 28.32958 ], [ 85.48839, 28.32958 ], [ 85.4884, 28.32922 ], [ 85.48799, 28.32939 ], [ 85.48799, 28.32903 ], [ 85.48779, 28.32903 ], [ 85.48778, 28.32939 ], [ 85.48758, 28.32939 ], [ 85.48758, 28.32957 ], [ 85.48737, 28.32957 ], [ 85.48737, 28.32939 ], [ 85.48656, 28.32956 ], [ 85.48656, 28.32938 ], [ 85.48595, 28.32937 ], [ 85.48595, 28.32883 ], [ 85.48555, 28.32864 ], [ 85.48558, 28.32612 ], [ 85.4862, 28.32612 ], [ 85.48621, 28.32522 ], [ 85.48662, 28.32505 ], [ 85.48663, 28.32432 ], [ 85.48683, 28.32433 ], [ 85.48684, 28.32397 ], [ 85.48745, 28.32397 ], [ 85.48746, 28.32361 ], [ 85.48827, 28.32362 ], [ 85.48828, 28.3229 ], [ 85.48869, 28.32272 ], [ 85.4887, 28.322 ], [ 85.48911, 28.322 ], [ 85.48913, 28.32074 ], [ 85.48892, 28.32074 ], [ 85.48893, 28.32056 ], [ 85.48913, 28.32056 ], [ 85.48914, 28.32002 ], [ 85.48995, 28.32003 ], [ 85.48996, 28.31985 ], [ 85.49016, 28.31985 ], [ 85.49017, 28.31931 ], [ 85.49037, 28.31931 ], [ 85.49038, 28.31895 ], [ 85.49017, 28.31895 ], [ 85.49018, 28.31841 ], [ 85.48998, 28.3184 ], [ 85.49, 28.31714 ], [ 85.49081, 28.31697 ], [ 85.49082, 28.31661 ], [ 85.49062, 28.31661 ], [ 85.49062, 28.31606 ], [ 85.49123, 28.31607 ], [ 85.49145, 28.31535 ], [ 85.49165, 28.31535 ], [ 85.49165, 28.31553 ], [ 85.49247, 28.31554 ], [ 85.49247, 28.315 ], [ 85.49288, 28.31501 ], [ 85.49289, 28.31465 ], [ 85.49329, 28.31465 ], [ 85.4933, 28.31447 ], [ 85.49371, 28.31429 ], [ 85.49371, 28.31411 ], [ 85.49412, 28.31412 ], [ 85.49412, 28.31394 ], [ 85.49494, 28.31395 ], [ 85.49494, 28.31377 ], [ 85.49576, 28.31359 ], [ 85.49597, 28.31324 ], [ 85.49637, 28.31324 ], [ 85.49638, 28.31306 ], [ 85.49679, 28.31288 ], [ 85.49679, 28.3127 ], [ 85.4974, 28.31271 ], [ 85.49741, 28.31235 ], [ 85.49761, 28.31235 ], [ 85.49782, 28.31199 ], [ 85.49823, 28.312 ], [ 85.49823, 28.31182 ], [ 85.49843, 28.31182 ], [ 85.49844, 28.31146 ], [ 85.49885, 28.31146 ], [ 85.49885, 28.3111 ], [ 85.49865, 28.3111 ], [ 85.49865, 28.31092 ], [ 85.49906, 28.31092 ], [ 85.49906, 28.31074 ], [ 85.49926, 28.31075 ], [ 85.49927, 28.3102 ], [ 85.49968, 28.31021 ], [ 85.49968, 28.30985 ], [ 85.49948, 28.30984 ], [ 85.49948, 28.30966 ], [ 85.49989, 28.30967 ], [ 85.50011, 28.30895 ], [ 85.50051, 28.30895 ], [ 85.50052, 28.30859 ], [ 85.50031, 28.30859 ], [ 85.50032, 28.30841 ], [ 85.50072, 28.30841 ], [ 85.50073, 28.30805 ], [ 85.50155, 28.3077 ], [ 85.50156, 28.30716 ], [ 85.50238, 28.30681 ], [ 85.50259, 28.30609 ], [ 85.503, 28.30609 ], [ 85.50301, 28.30573 ], [ 85.50321, 28.30573 ], [ 85.50321, 28.30537 ], [ 85.50342, 28.30538 ], [ 85.50343, 28.30465 ], [ 85.50363, 28.30466 ], [ 85.50363, 28.30502 ], [ 85.50424, 28.30502 ], [ 85.50424, 28.30484 ], [ 85.50404, 28.30484 ], [ 85.50425, 28.30412 ], [ 85.50466, 28.30413 ], [ 85.50466, 28.30395 ], [ 85.50487, 28.30395 ], [ 85.50487, 28.30377 ], [ 85.50507, 28.30377 ], [ 85.50508, 28.30341 ], [ 85.50548, 28.30359 ], [ 85.5055, 28.30269 ], [ 85.5057, 28.30269 ], [ 85.50591, 28.30233 ], [ 85.50632, 28.30234 ], [ 85.50632, 28.30216 ], [ 85.50652, 28.30216 ], [ 85.50653, 28.3018 ], [ 85.50673, 28.3018 ], [ 85.50674, 28.30126 ], [ 85.50715, 28.30126 ], [ 85.50715, 28.30108 ], [ 85.50756, 28.30091 ], [ 85.50757, 28.30037 ], [ 85.50797, 28.30055 ], [ 85.50798, 28.29983 ], [ 85.50839, 28.29983 ], [ 85.5084, 28.29947 ], [ 85.5088, 28.29948 ], [ 85.50881, 28.2993 ], [ 85.50901, 28.2993 ], [ 85.50902, 28.29894 ], [ 85.50922, 28.29894 ], [ 85.50923, 28.29822 ], [ 85.50964, 28.29822 ], [ 85.50964, 28.29804 ], [ 85.51046, 28.29787 ], [ 85.51046, 28.29769 ], [ 85.51087, 28.29751 ], [ 85.51087, 28.29733 ], [ 85.51128, 28.29734 ], [ 85.51129, 28.29644 ], [ 85.5117, 28.29626 ], [ 85.51171, 28.29572 ], [ 85.51212, 28.29572 ], [ 85.51212, 28.29536 ], [ 85.51233, 28.29536 ], [ 85.51233, 28.29518 ], [ 85.51213, 28.29518 ], [ 85.51213, 28.295 ], [ 85.51233, 28.295 ], [ 85.51234, 28.29446 ], [ 85.51316, 28.29447 ], [ 85.51316, 28.29429 ], [ 85.51357, 28.2943 ], [ 85.51357, 28.29375 ], [ 85.51337, 28.29375 ], [ 85.51337, 28.29357 ], [ 85.51378, 28.29358 ], [ 85.51378, 28.2934 ], [ 85.51439, 28.2934 ], [ 85.51441, 28.2925 ], [ 85.5142, 28.2925 ], [ 85.51421, 28.29214 ], [ 85.514, 28.29213 ], [ 85.51401, 28.29159 ], [ 85.51381, 28.29159 ], [ 85.51381, 28.29123 ], [ 85.5134, 28.29122 ], [ 85.51341, 28.29104 ], [ 85.5132, 28.29104 ], [ 85.51321, 28.29068 ], [ 85.513, 28.29068 ], [ 85.51301, 28.2905 ], [ 85.5124, 28.29049 ], [ 85.5124, 28.29013 ], [ 85.51138, 28.29012 ], [ 85.51136, 28.29192 ], [ 85.51095, 28.29192 ], [ 85.51095, 28.2921 ], [ 85.51115, 28.2921 ], [ 85.51114, 28.29301 ], [ 85.50991, 28.29299 ], [ 85.50991, 28.29335 ], [ 85.51011, 28.29336 ], [ 85.5101, 28.2939 ], [ 85.5097, 28.29389 ], [ 85.50969, 28.29443 ], [ 85.50887, 28.29442 ], [ 85.50886, 28.29533 ], [ 85.50866, 28.29532 ], [ 85.50865, 28.29605 ], [ 85.50722, 28.29603 ], [ 85.50722, 28.29639 ], [ 85.50701, 28.29639 ], [ 85.507, 28.29693 ], [ 85.5068, 28.29693 ], [ 85.50679, 28.29729 ], [ 85.50659, 28.29729 ], [ 85.50657, 28.29855 ], [ 85.50678, 28.29855 ], [ 85.50677, 28.29873 ], [ 85.50657, 28.29873 ], [ 85.50657, 28.29909 ], [ 85.50595, 28.29909 ], [ 85.50596, 28.29872 ], [ 85.50576, 28.29872 ], [ 85.50576, 28.29854 ], [ 85.50555, 28.29854 ], [ 85.50554, 28.29926 ], [ 85.50473, 28.29907 ], [ 85.50471, 28.30088 ], [ 85.50491, 28.30088 ], [ 85.5049, 28.30124 ], [ 85.5047, 28.30124 ], [ 85.50469, 28.30214 ], [ 85.50428, 28.30214 ], [ 85.50428, 28.30178 ], [ 85.50388, 28.30177 ], [ 85.50386, 28.30285 ], [ 85.50366, 28.30285 ], [ 85.50366, 28.30267 ], [ 85.50325, 28.30267 ], [ 85.50325, 28.30285 ], [ 85.50305, 28.30284 ], [ 85.50304, 28.30339 ], [ 85.50263, 28.30338 ], [ 85.50242, 28.30374 ], [ 85.50201, 28.30374 ], [ 85.50201, 28.3041 ], [ 85.5018, 28.30409 ], [ 85.5018, 28.30427 ], [ 85.50139, 28.30427 ], [ 85.50139, 28.30463 ], [ 85.50098, 28.30481 ], [ 85.50097, 28.30517 ], [ 85.50077, 28.30517 ], [ 85.50077, 28.30535 ], [ 85.50016, 28.30534 ], [ 85.50015, 28.30606 ], [ 85.49994, 28.30606 ], [ 85.49994, 28.30624 ], [ 85.49953, 28.30624 ], [ 85.49953, 28.3066 ], [ 85.49912, 28.30659 ], [ 85.49911, 28.30713 ], [ 85.4987, 28.30731 ], [ 85.49869, 28.30785 ], [ 85.49849, 28.30785 ], [ 85.49848, 28.30821 ], [ 85.49828, 28.30821 ], [ 85.49828, 28.30839 ], [ 85.49787, 28.30838 ], [ 85.49766, 28.3091 ], [ 85.49725, 28.30928 ], [ 85.49724, 28.30964 ], [ 85.49683, 28.30982 ], [ 85.49682, 28.31018 ], [ 85.49662, 28.31017 ], [ 85.49662, 28.31035 ], [ 85.49621, 28.31035 ], [ 85.49621, 28.31071 ], [ 85.4958, 28.31071 ], [ 85.49579, 28.31089 ], [ 85.49559, 28.31089 ], [ 85.49559, 28.31125 ], [ 85.49497, 28.31124 ], [ 85.49497, 28.3116 ], [ 85.49374, 28.31177 ], [ 85.49374, 28.31213 ], [ 85.49333, 28.31212 ], [ 85.49332, 28.31267 ], [ 85.49271, 28.31266 ], [ 85.49271, 28.31284 ], [ 85.49189, 28.31283 ], [ 85.49188, 28.31355 ], [ 85.49168, 28.31355 ], [ 85.49166, 28.31481 ], [ 85.49146, 28.31481 ], [ 85.49146, 28.31463 ], [ 85.49085, 28.31462 ], [ 85.49084, 28.3148 ], [ 85.49003, 28.31479 ], [ 85.49002, 28.31534 ], [ 85.48982, 28.31533 ], [ 85.48981, 28.31569 ], [ 85.4892, 28.31569 ], [ 85.48916, 28.31876 ], [ 85.48875, 28.31875 ], [ 85.48875, 28.31839 ], [ 85.48835, 28.31821 ], [ 85.48833, 28.31965 ], [ 85.48812, 28.31965 ], [ 85.48812, 28.32019 ], [ 85.4875, 28.32018 ], [ 85.48749, 28.3209 ], [ 85.48709, 28.3209 ], [ 85.48708, 28.32126 ], [ 85.48667, 28.32126 ], [ 85.48667, 28.3218 ], [ 85.48646, 28.32179 ], [ 85.48646, 28.32216 ], [ 85.48625, 28.32215 ], [ 85.48625, 28.32233 ], [ 85.48584, 28.32233 ], [ 85.48583, 28.32305 ], [ 85.48563, 28.32305 ], [ 85.48562, 28.32341 ], [ 85.48542, 28.32341 ], [ 85.48541, 28.32377 ], [ 85.48501, 28.32376 ], [ 85.485, 28.32449 ], [ 85.4852, 28.32449 ], [ 85.4852, 28.32467 ], [ 85.48479, 28.32466 ], [ 85.48479, 28.3243 ], [ 85.48459, 28.3243 ], [ 85.48458, 28.32484 ], [ 85.48438, 28.32484 ], [ 85.48437, 28.32538 ], [ 85.48396, 28.32538 ], [ 85.48395, 28.3261 ], [ 85.48416, 28.3261 ], [ 85.48413, 28.32773 ], [ 85.48393, 28.32772 ], [ 85.48393, 28.32808 ], [ 85.48433, 28.32827 ], [ 85.48433, 28.32845 ], [ 85.48412, 28.32845 ], [ 85.48412, 28.32899 ], [ 85.48371, 28.32898 ], [ 85.4837, 28.32935 ], [ 85.48411, 28.32935 ], [ 85.48411, 28.32953 ], [ 85.48431, 28.32953 ], [ 85.48432, 28.32935 ], [ 85.48472, 28.32936 ], [ 85.48471, 28.33062 ], [ 85.4845, 28.33062 ], [ 85.4845, 28.33098 ], [ 85.48388, 28.33097 ], [ 85.48408, 28.33134 ], [ 85.48429, 28.33134 ], [ 85.48428, 28.33188 ], [ 85.48408, 28.33188 ], [ 85.48408, 28.33152 ], [ 85.48367, 28.33151 ], [ 85.48367, 28.33187 ], [ 85.48142, 28.33185 ], [ 85.48142, 28.33239 ], [ 85.48121, 28.33239 ], [ 85.48122, 28.33203 ], [ 85.48081, 28.33202 ], [ 85.4808, 28.33238 ], [ 85.47917, 28.33236 ], [ 85.47917, 28.33254 ], [ 85.47897, 28.33254 ], [ 85.47897, 28.33236 ], [ 85.47713, 28.33234 ], [ 85.47714, 28.33216 ], [ 85.47673, 28.33216 ], [ 85.47672, 28.33234 ], [ 85.47611, 28.33233 ], [ 85.47611, 28.33251 ], [ 85.47591, 28.33251 ], [ 85.47591, 28.33233 ], [ 85.47468, 28.33231 ], [ 85.47488, 28.33268 ], [ 85.47427, 28.33267 ], [ 85.47428, 28.33231 ], [ 85.47407, 28.33231 ], [ 85.47407, 28.33267 ], [ 85.47325, 28.33266 ], [ 85.47326, 28.3323 ], [ 85.47305, 28.3323 ], [ 85.47305, 28.33284 ], [ 85.47223, 28.33283 ], [ 85.47222, 28.33319 ], [ 85.46998, 28.33316 ], [ 85.46998, 28.33352 ], [ 85.46773, 28.33368 ], [ 85.46772, 28.33404 ], [ 85.46731, 28.33422 ], [ 85.46731, 28.3344 ], [ 85.46711, 28.33439 ], [ 85.4671, 28.33457 ], [ 85.46568, 28.33456 ], [ 85.46567, 28.33492 ], [ 85.46465, 28.33491 ], [ 85.46466, 28.33455 ], [ 85.46445, 28.33455 ], [ 85.46445, 28.33509 ], [ 85.46179, 28.33506 ], [ 85.46179, 28.33542 ], [ 85.46016, 28.3354 ], [ 85.46036, 28.33576 ], [ 85.45995, 28.33576 ], [ 85.45995, 28.3354 ], [ 85.45975, 28.33539 ], [ 85.45974, 28.33576 ], [ 85.4577, 28.33573 ], [ 85.45771, 28.33537 ], [ 85.4575, 28.33537 ], [ 85.4575, 28.33573 ], [ 85.4573, 28.33573 ], [ 85.4573, 28.33537 ], [ 85.45669, 28.33536 ], [ 85.45669, 28.33554 ], [ 85.45628, 28.33554 ], [ 85.45628, 28.33572 ], [ 85.45607, 28.33571 ], [ 85.45587, 28.33535 ], [ 85.45526, 28.33534 ], [ 85.45526, 28.3357 ], [ 85.45505, 28.3357 ], [ 85.45506, 28.33534 ], [ 85.45465, 28.33516 ], [ 85.45466, 28.3348 ], [ 85.45364, 28.33478 ], [ 85.45363, 28.33533 ], [ 85.44873, 28.33527 ], [ 85.44874, 28.33491 ], [ 85.44813, 28.3349 ], [ 85.44813, 28.33454 ], [ 85.44772, 28.33454 ], [ 85.44773, 28.33436 ], [ 85.44712, 28.33435 ], [ 85.44711, 28.33453 ], [ 85.44691, 28.33453 ], [ 85.4469, 28.33489 ], [ 85.44425, 28.33486 ], [ 85.44425, 28.33504 ], [ 85.44405, 28.33504 ], [ 85.44405, 28.33486 ], [ 85.44303, 28.33484 ], [ 85.44303, 28.33502 ], [ 85.44282, 28.33502 ], [ 85.44282, 28.33484 ], [ 85.4418, 28.33483 ], [ 85.44181, 28.33465 ], [ 85.44119, 28.33464 ], [ 85.4412, 28.33428 ], [ 85.44079, 28.33428 ], [ 85.44079, 28.33464 ], [ 85.44017, 28.33463 ], [ 85.44018, 28.33427 ], [ 85.43937, 28.33408 ], [ 85.43937, 28.33372 ], [ 85.43876, 28.33371 ], [ 85.43875, 28.33425 ], [ 85.43855, 28.33425 ], [ 85.43856, 28.33371 ], [ 85.43815, 28.3337 ], [ 85.43815, 28.33352 ], [ 85.43795, 28.33352 ], [ 85.43794, 28.3337 ], [ 85.43652, 28.33369 ], [ 85.43652, 28.33351 ], [ 85.43632, 28.3335 ], [ 85.43632, 28.33314 ], [ 85.43612, 28.33314 ], [ 85.43611, 28.3335 ], [ 85.43591, 28.3335 ], [ 85.43591, 28.33314 ], [ 85.4351, 28.33295 ], [ 85.43511, 28.33241 ], [ 85.4349, 28.3324 ], [ 85.43491, 28.33204 ], [ 85.4347, 28.33204 ], [ 85.4347, 28.3324 ], [ 85.4345, 28.3324 ], [ 85.4345, 28.33186 ], [ 85.4343, 28.33186 ], [ 85.4343, 28.33149 ], [ 85.4341, 28.33149 ], [ 85.4341, 28.33131 ], [ 85.43369, 28.33149 ], [ 85.4337, 28.33131 ], [ 85.43329, 28.3313 ], [ 85.43329, 28.33094 ], [ 85.43207, 28.33075 ], [ 85.43207, 28.33057 ], [ 85.43248, 28.33057 ], [ 85.43228, 28.33021 ], [ 85.43269, 28.33021 ], [ 85.43269, 28.33003 ], [ 85.43371, 28.33004 ], [ 85.43392, 28.32969 ], [ 85.43433, 28.32969 ], [ 85.43433, 28.32951 ], [ 85.43393, 28.32951 ], [ 85.43393, 28.32932 ], [ 85.43372, 28.32932 ], [ 85.43373, 28.32914 ], [ 85.43414, 28.32915 ], [ 85.43414, 28.32897 ], [ 85.43373, 28.32878 ], [ 85.43374, 28.3286 ], [ 85.43577, 28.32862 ], [ 85.43578, 28.32844 ], [ 85.43537, 28.32844 ], [ 85.43537, 28.32826 ], [ 85.43578, 28.32826 ], [ 85.43578, 28.32808 ], [ 85.43599, 28.32808 ], [ 85.43599, 28.3279 ], [ 85.4364, 28.32773 ], [ 85.4364, 28.32755 ], [ 85.43681, 28.32755 ], [ 85.43686, 28.3243 ], [ 85.43645, 28.3243 ], [ 85.43646, 28.32376 ], [ 85.43625, 28.32376 ], [ 85.43626, 28.32321 ], [ 85.43606, 28.32321 ], [ 85.43606, 28.32285 ], [ 85.43586, 28.32285 ], [ 85.43586, 28.32267 ], [ 85.43525, 28.32266 ], [ 85.43529, 28.31995 ], [ 85.4357, 28.31996 ], [ 85.43571, 28.31906 ], [ 85.43551, 28.31905 ], [ 85.43551, 28.31869 ], [ 85.43572, 28.3187 ], [ 85.43575, 28.31653 ], [ 85.43534, 28.31653 ], [ 85.43534, 28.31634 ], [ 85.43595, 28.31635 ], [ 85.43597, 28.31563 ], [ 85.43617, 28.31563 ], [ 85.43618, 28.31509 ], [ 85.43658, 28.3151 ], [ 85.43661, 28.31365 ], [ 85.43681, 28.31365 ], [ 85.43661, 28.31329 ], [ 85.43682, 28.31329 ], [ 85.43682, 28.31293 ], [ 85.43702, 28.31293 ], [ 85.43705, 28.31149 ], [ 85.43745, 28.3115 ], [ 85.43746, 28.31131 ], [ 85.43766, 28.31132 ], [ 85.43767, 28.31096 ], [ 85.43828, 28.31096 ], [ 85.43828, 28.31078 ], [ 85.43848, 28.31079 ], [ 85.43849, 28.31006 ], [ 85.4387, 28.31007 ], [ 85.43871, 28.30952 ], [ 85.43911, 28.30953 ], [ 85.43912, 28.30935 ], [ 85.43932, 28.30935 ], [ 85.43933, 28.30899 ], [ 85.43994, 28.309 ], [ 85.43995, 28.30846 ], [ 85.44036, 28.30828 ], [ 85.44036, 28.30792 ], [ 85.44077, 28.30792 ], [ 85.44077, 28.30756 ], [ 85.44098, 28.30756 ], [ 85.44098, 28.30738 ], [ 85.44159, 28.30739 ], [ 85.4416, 28.30667 ], [ 85.44181, 28.30667 ], [ 85.44181, 28.30631 ], [ 85.44202, 28.30631 ], [ 85.44202, 28.30613 ], [ 85.44263, 28.30614 ], [ 85.44263, 28.30632 ], [ 85.44283, 28.30632 ], [ 85.44284, 28.30596 ], [ 85.44324, 28.30597 ], [ 85.44325, 28.30561 ], [ 85.44345, 28.30561 ], [ 85.44346, 28.30507 ], [ 85.44387, 28.30507 ], [ 85.44387, 28.30489 ], [ 85.44367, 28.30489 ], [ 85.44367, 28.30471 ], [ 85.44387, 28.30471 ], [ 85.44388, 28.30417 ], [ 85.44449, 28.30418 ], [ 85.4445, 28.30345 ], [ 85.44491, 28.30364 ], [ 85.44491, 28.30346 ], [ 85.44512, 28.30346 ], [ 85.44512, 28.3031 ], [ 85.44573, 28.30311 ], [ 85.44574, 28.30293 ], [ 85.44594, 28.30293 ], [ 85.44594, 28.30311 ], [ 85.44635, 28.30311 ], [ 85.44635, 28.30275 ], [ 85.44615, 28.30275 ], [ 85.44615, 28.30257 ], [ 85.44676, 28.30258 ], [ 85.44676, 28.3024 ], [ 85.44717, 28.3024 ], [ 85.44718, 28.30186 ], [ 85.44738, 28.30186 ], [ 85.44739, 28.3015 ], [ 85.44759, 28.3015 ], [ 85.4476, 28.30132 ], [ 85.448, 28.30133 ], [ 85.44801, 28.30115 ], [ 85.44841, 28.30133 ], [ 85.44842, 28.30097 ], [ 85.44882, 28.30098 ], [ 85.44883, 28.30061 ], [ 85.44924, 28.30044 ], [ 85.44925, 28.2999 ], [ 85.44986, 28.2999 ], [ 85.44986, 28.29954 ], [ 85.45007, 28.29955 ], [ 85.45008, 28.299 ], [ 85.44967, 28.29882 ], [ 85.44968, 28.29846 ], [ 85.45029, 28.29847 ], [ 85.45029, 28.29865 ], [ 85.45049, 28.29865 ], [ 85.4505, 28.29811 ], [ 85.4507, 28.29811 ], [ 85.45071, 28.29757 ], [ 85.45091, 28.29757 ], [ 85.45092, 28.29703 ], [ 85.45133, 28.29703 ], [ 85.45133, 28.29667 ], [ 85.45113, 28.29667 ], [ 85.45114, 28.29613 ], [ 85.45154, 28.29631 ], [ 85.45154, 28.29649 ], [ 85.45174, 28.2965 ], [ 85.45174, 28.29668 ], [ 85.45215, 28.29668 ], [ 85.45215, 28.2965 ], [ 85.45256, 28.29632 ], [ 85.45257, 28.29596 ], [ 85.45318, 28.29597 ], [ 85.45318, 28.29561 ], [ 85.45298, 28.29561 ], [ 85.45298, 28.29543 ], [ 85.45258, 28.29542 ], [ 85.45258, 28.29524 ], [ 85.45299, 28.29525 ], [ 85.453, 28.29452 ], [ 85.45341, 28.29435 ], [ 85.45342, 28.29363 ], [ 85.45423, 28.29364 ], [ 85.45423, 28.29346 ], [ 85.45464, 28.29346 ], [ 85.45465, 28.2931 ], [ 85.45485, 28.2931 ], [ 85.45486, 28.29238 ], [ 85.45466, 28.29238 ], [ 85.45467, 28.29166 ], [ 85.45569, 28.29167 ], [ 85.4557, 28.29113 ], [ 85.45651, 28.29114 ], [ 85.45652, 28.29077 ], [ 85.45672, 28.29078 ], [ 85.45672, 28.29096 ], [ 85.45713, 28.29096 ], [ 85.45713, 28.2906 ], [ 85.45733, 28.2906 ], [ 85.45754, 28.29024 ], [ 85.45795, 28.29025 ], [ 85.45796, 28.28971 ], [ 85.45878, 28.28972 ], [ 85.45878, 28.28936 ], [ 85.45919, 28.28954 ], [ 85.45918, 28.28972 ], [ 85.45939, 28.28972 ], [ 85.45939, 28.28954 ], [ 85.46, 28.28955 ], [ 85.46, 28.28973 ], [ 85.46041, 28.28974 ], [ 85.46041, 28.28955 ], [ 85.46082, 28.28956 ], [ 85.46081, 28.28974 ], [ 85.46163, 28.28975 ], [ 85.46143, 28.28939 ], [ 85.46204, 28.28939 ], [ 85.46205, 28.28885 ], [ 85.46368, 28.28887 ], [ 85.46368, 28.28869 ], [ 85.46389, 28.28869 ], [ 85.46389, 28.28887 ], [ 85.46409, 28.28887 ], [ 85.46409, 28.28869 ], [ 85.4645, 28.28852 ], [ 85.46451, 28.28816 ], [ 85.46512, 28.28816 ], [ 85.46512, 28.28834 ], [ 85.46532, 28.28835 ], [ 85.46533, 28.28799 ], [ 85.46655, 28.28782 ], [ 85.46656, 28.28746 ], [ 85.46676, 28.28746 ], [ 85.46676, 28.28728 ], [ 85.46717, 28.28728 ], [ 85.46718, 28.28692 ], [ 85.46758, 28.28693 ], [ 85.46759, 28.28657 ], [ 85.468, 28.28657 ], [ 85.468, 28.28603 ], [ 85.4676, 28.28603 ], [ 85.4676, 28.28566 ], [ 85.46719, 28.28566 ], [ 85.46698, 28.28638 ], [ 85.46637, 28.28637 ], [ 85.46636, 28.28709 ], [ 85.46615, 28.28709 ], [ 85.46616, 28.28655 ], [ 85.46575, 28.28655 ], [ 85.46576, 28.286 ], [ 85.46556, 28.286 ], [ 85.46554, 28.28727 ], [ 85.46472, 28.28726 ], [ 85.46471, 28.28798 ], [ 85.46451, 28.28798 ], [ 85.46452, 28.28762 ], [ 85.46431, 28.28761 ], [ 85.46431, 28.28743 ], [ 85.46391, 28.28743 ], [ 85.46389, 28.28833 ], [ 85.46369, 28.28833 ], [ 85.46369, 28.28851 ], [ 85.46348, 28.28851 ], [ 85.4635, 28.2876 ], [ 85.46329, 28.2876 ], [ 85.46329, 28.28742 ], [ 85.46309, 28.28742 ], [ 85.46307, 28.2885 ], [ 85.46287, 28.2885 ], [ 85.46287, 28.28832 ], [ 85.46226, 28.28831 ], [ 85.46227, 28.28759 ], [ 85.46186, 28.28759 ], [ 85.46186, 28.28795 ], [ 85.46145, 28.28794 ], [ 85.46145, 28.28812 ], [ 85.46125, 28.28812 ], [ 85.46124, 28.28848 ], [ 85.46083, 28.28848 ], [ 85.46082, 28.2892 ], [ 85.46062, 28.2892 ], [ 85.46062, 28.28938 ], [ 85.46021, 28.28919 ], [ 85.46022, 28.28847 ], [ 85.46002, 28.28847 ], [ 85.46001, 28.28919 ], [ 85.45878, 28.28918 ], [ 85.45899, 28.28882 ], [ 85.45797, 28.28881 ], [ 85.45797, 28.28899 ], [ 85.45736, 28.28898 ], [ 85.45735, 28.28934 ], [ 85.45695, 28.28934 ], [ 85.45694, 28.28952 ], [ 85.45633, 28.28951 ], [ 85.45633, 28.28987 ], [ 85.45571, 28.28986 ], [ 85.45591, 28.29023 ], [ 85.45571, 28.29022 ], [ 85.45571, 28.2904 ], [ 85.45469, 28.29039 ], [ 85.45468, 28.29075 ], [ 85.45448, 28.29075 ], [ 85.45448, 28.29093 ], [ 85.45346, 28.29092 ], [ 85.45345, 28.29128 ], [ 85.45304, 28.29146 ], [ 85.45304, 28.29164 ], [ 85.45365, 28.29164 ], [ 85.45363, 28.29273 ], [ 85.45282, 28.29272 ], [ 85.45282, 28.2929 ], [ 85.4522, 28.29289 ], [ 85.4524, 28.29325 ], [ 85.4522, 28.29325 ], [ 85.45219, 28.29397 ], [ 85.45198, 28.29397 ], [ 85.45198, 28.29433 ], [ 85.45035, 28.29431 ], [ 85.45014, 28.29467 ], [ 85.44973, 28.29485 ], [ 85.44972, 28.29575 ], [ 85.44951, 28.29575 ], [ 85.44951, 28.29593 ], [ 85.4489, 28.29592 ], [ 85.44888, 28.29737 ], [ 85.44867, 28.29736 ], [ 85.44867, 28.29772 ], [ 85.44806, 28.29772 ], [ 85.44804, 28.2988 ], [ 85.44722, 28.29897 ], [ 85.44722, 28.29933 ], [ 85.4464, 28.2995 ], [ 85.44638, 28.30095 ], [ 85.44536, 28.30094 ], [ 85.44535, 28.30112 ], [ 85.44515, 28.30111 ], [ 85.44495, 28.30075 ], [ 85.44475, 28.30075 ], [ 85.44475, 28.30093 ], [ 85.44373, 28.30092 ], [ 85.44372, 28.3011 ], [ 85.44393, 28.3011 ], [ 85.4439, 28.30272 ], [ 85.4437, 28.30272 ], [ 85.4437, 28.3029 ], [ 85.44349, 28.3029 ], [ 85.4435, 28.30272 ], [ 85.44268, 28.30271 ], [ 85.44268, 28.30289 ], [ 85.44207, 28.30288 ], [ 85.44206, 28.30306 ], [ 85.44227, 28.30307 ], [ 85.44225, 28.30415 ], [ 85.44164, 28.30414 ], [ 85.44163, 28.30468 ], [ 85.44143, 28.30468 ], [ 85.44123, 28.30432 ], [ 85.44103, 28.30432 ], [ 85.44102, 28.3045 ], [ 85.44061, 28.30449 ], [ 85.44061, 28.30467 ], [ 85.4402, 28.30467 ], [ 85.44019, 28.30557 ], [ 85.4404, 28.30557 ], [ 85.44039, 28.30593 ], [ 85.44019, 28.30593 ], [ 85.44019, 28.30575 ], [ 85.43958, 28.30574 ], [ 85.43957, 28.30592 ], [ 85.43917, 28.30592 ], [ 85.43915, 28.307 ], [ 85.43895, 28.307 ], [ 85.43894, 28.30736 ], [ 85.43874, 28.30736 ], [ 85.43873, 28.30772 ], [ 85.43832, 28.3079 ], [ 85.43852, 28.30826 ], [ 85.43791, 28.30825 ], [ 85.43791, 28.30843 ], [ 85.4375, 28.30843 ], [ 85.43749, 28.30897 ], [ 85.43708, 28.30896 ], [ 85.43708, 28.30933 ], [ 85.43667, 28.3095 ], [ 85.43645, 28.31022 ], [ 85.43604, 28.3104 ], [ 85.43603, 28.31148 ], [ 85.43562, 28.31147 ], [ 85.43561, 28.31202 ], [ 85.43541, 28.31201 ], [ 85.4354, 28.31255 ], [ 85.43479, 28.31255 ], [ 85.43478, 28.31309 ], [ 85.43539, 28.3131 ], [ 85.43539, 28.31346 ], [ 85.43518, 28.31345 ], [ 85.43518, 28.31382 ], [ 85.43456, 28.31381 ], [ 85.43456, 28.31399 ], [ 85.43436, 28.31399 ], [ 85.43435, 28.31417 ], [ 85.43476, 28.31435 ], [ 85.43476, 28.31453 ], [ 85.43455, 28.31453 ], [ 85.43455, 28.31489 ], [ 85.43434, 28.31489 ], [ 85.43433, 28.31597 ], [ 85.43412, 28.31597 ], [ 85.43412, 28.31651 ], [ 85.43432, 28.31651 ], [ 85.43431, 28.31742 ], [ 85.4341, 28.31741 ], [ 85.4341, 28.31795 ], [ 85.43369, 28.31795 ], [ 85.43366, 28.31994 ], [ 85.43345, 28.31993 ], [ 85.43344, 28.32084 ], [ 85.43365, 28.32084 ], [ 85.43365, 28.32066 ], [ 85.43446, 28.32067 ], [ 85.43446, 28.32085 ], [ 85.43487, 28.32085 ], [ 85.43466, 28.32121 ], [ 85.43446, 28.32121 ], [ 85.43445, 28.32139 ], [ 85.43466, 28.32139 ], [ 85.43465, 28.32175 ], [ 85.43445, 28.32175 ], [ 85.43445, 28.32193 ], [ 85.43465, 28.32193 ], [ 85.43464, 28.32229 ], [ 85.43444, 28.32229 ], [ 85.43444, 28.32247 ], [ 85.43484, 28.32248 ], [ 85.43483, 28.3232 ], [ 85.43463, 28.3232 ], [ 85.43462, 28.32392 ], [ 85.43503, 28.32392 ], [ 85.43503, 28.32374 ], [ 85.43523, 28.32374 ], [ 85.4352, 28.32591 ], [ 85.43541, 28.32591 ], [ 85.4354, 28.32645 ], [ 85.43581, 28.32646 ], [ 85.4358, 28.327 ], [ 85.43519, 28.32699 ], [ 85.43518, 28.32735 ], [ 85.43375, 28.32734 ], [ 85.43375, 28.3277 ], [ 85.43334, 28.32787 ], [ 85.43332, 28.32896 ], [ 85.43271, 28.32895 ], [ 85.43271, 28.32913 ], [ 85.43312, 28.32913 ], [ 85.43311, 28.32932 ], [ 85.43209, 28.3293 ], [ 85.43229, 28.32967 ], [ 85.43127, 28.32966 ], [ 85.43128, 28.32929 ], [ 85.43005, 28.32928 ], [ 85.43006, 28.3291 ], [ 85.42985, 28.3291 ], [ 85.42985, 28.32928 ], [ 85.42924, 28.32927 ], [ 85.42923, 28.32963 ], [ 85.4274, 28.32961 ], [ 85.4274, 28.32925 ], [ 85.4272, 28.32925 ], [ 85.42719, 28.32961 ], [ 85.42699, 28.32961 ], [ 85.42699, 28.32924 ], [ 85.42659, 28.32924 ], [ 85.42658, 28.3296 ], [ 85.42678, 28.3296 ], [ 85.42678, 28.32978 ], [ 85.42617, 28.32978 ], [ 85.42617, 28.3296 ], [ 85.42515, 28.32958 ], [ 85.42516, 28.32922 ], [ 85.42495, 28.32922 ], [ 85.42496, 28.32904 ], [ 85.42333, 28.32902 ], [ 85.42332, 28.32938 ], [ 85.42312, 28.32938 ], [ 85.42312, 28.32902 ], [ 85.42292, 28.32902 ], [ 85.42292, 28.32884 ], [ 85.42231, 28.32883 ], [ 85.42231, 28.32847 ], [ 85.4215, 28.32828 ], [ 85.42151, 28.32792 ], [ 85.42089, 28.32791 ], [ 85.4209, 28.32755 ], [ 85.4207, 28.32755 ], [ 85.42069, 28.32773 ], [ 85.42008, 28.32772 ], [ 85.41989, 28.327 ], [ 85.41948, 28.32699 ], [ 85.41948, 28.32717 ], [ 85.41846, 28.32716 ], [ 85.41846, 28.3268 ], [ 85.41765, 28.32679 ], [ 85.41765, 28.32661 ], [ 85.41704, 28.3266 ], [ 85.41704, 28.32624 ], [ 85.41643, 28.32623 ], [ 85.41643, 28.32605 ], [ 85.41541, 28.32604 ], [ 85.41542, 28.32568 ], [ 85.41522, 28.32568 ], [ 85.41522, 28.3255 ], [ 85.41461, 28.32549 ], [ 85.41462, 28.32459 ], [ 85.41421, 28.32476 ], [ 85.41422, 28.32404 ], [ 85.41402, 28.32404 ], [ 85.41402, 28.3235 ], [ 85.41382, 28.3235 ], [ 85.41383, 28.32314 ], [ 85.41362, 28.32313 ], [ 85.41362, 28.32349 ], [ 85.41341, 28.32349 ], [ 85.41343, 28.32241 ], [ 85.41384, 28.32241 ], [ 85.41385, 28.32133 ], [ 85.41365, 28.32133 ], [ 85.41367, 28.32007 ], [ 85.41407, 28.32007 ], [ 85.41409, 28.31935 ], [ 85.41429, 28.31935 ], [ 85.41429, 28.31899 ], [ 85.4145, 28.31899 ], [ 85.41452, 28.31773 ], [ 85.41431, 28.31773 ], [ 85.41433, 28.31628 ], [ 85.41454, 28.31629 ], [ 85.41454, 28.31592 ], [ 85.41495, 28.31593 ], [ 85.41496, 28.31539 ], [ 85.41516, 28.31539 ], [ 85.4152, 28.31322 ], [ 85.41479, 28.31322 ], [ 85.4148, 28.31232 ], [ 85.41521, 28.31232 ], [ 85.41521, 28.31214 ], [ 85.4146, 28.31213 ], [ 85.41461, 28.31177 ], [ 85.41399, 28.31177 ], [ 85.414, 28.31122 ], [ 85.41359, 28.31122 ], [ 85.41359, 28.3114 ], [ 85.41339, 28.3114 ], [ 85.41339, 28.31122 ], [ 85.41319, 28.31122 ], [ 85.4132, 28.31031 ], [ 85.413, 28.31031 ], [ 85.41301, 28.30905 ], [ 85.41322, 28.30905 ], [ 85.41322, 28.30869 ], [ 85.41384, 28.3087 ], [ 85.41384, 28.30852 ], [ 85.41404, 28.30852 ], [ 85.41405, 28.30816 ], [ 85.41282, 28.30814 ], [ 85.41283, 28.30796 ], [ 85.41262, 28.30796 ], [ 85.41263, 28.3076 ], [ 85.41202, 28.30759 ], [ 85.41202, 28.30741 ], [ 85.4112, 28.3074 ], [ 85.41121, 28.30704 ], [ 85.411, 28.30704 ], [ 85.41101, 28.30686 ], [ 85.4106, 28.30685 ], [ 85.41061, 28.30631 ], [ 85.4104, 28.30631 ], [ 85.41041, 28.30595 ], [ 85.41021, 28.30595 ], [ 85.41021, 28.30577 ], [ 85.4098, 28.30576 ], [ 85.40981, 28.3054 ], [ 85.4094, 28.30521 ], [ 85.40941, 28.30485 ], [ 85.409, 28.30485 ], [ 85.409, 28.30467 ], [ 85.40839, 28.30466 ], [ 85.40839, 28.3043 ], [ 85.40799, 28.30412 ], [ 85.408, 28.30321 ], [ 85.40739, 28.30321 ], [ 85.4074, 28.30285 ], [ 85.40658, 28.30266 ], [ 85.40659, 28.30229 ], [ 85.40618, 28.30229 ], [ 85.40619, 28.30175 ], [ 85.40538, 28.30156 ], [ 85.40538, 28.3012 ], [ 85.40477, 28.30119 ], [ 85.40477, 28.30101 ], [ 85.40457, 28.30101 ], [ 85.40458, 28.30047 ], [ 85.40376, 28.30046 ], [ 85.40377, 28.3001 ], [ 85.40214, 28.2999 ], [ 85.40214, 28.29953 ], [ 85.40133, 28.29934 ], [ 85.40134, 28.29898 ], [ 85.40093, 28.29898 ], [ 85.40093, 28.2988 ], [ 85.40073, 28.2988 ], [ 85.40073, 28.29844 ], [ 85.40032, 28.29843 ], [ 85.40033, 28.29825 ], [ 85.40012, 28.29825 ], [ 85.40013, 28.29789 ], [ 85.39992, 28.29788 ], [ 85.39993, 28.2977 ], [ 85.39952, 28.2977 ], [ 85.39952, 28.29734 ], [ 85.39871, 28.29733 ], [ 85.39872, 28.29679 ], [ 85.39851, 28.29678 ], [ 85.39853, 28.29588 ], [ 85.39893, 28.29589 ], [ 85.39894, 28.29535 ], [ 85.39935, 28.29535 ], [ 85.39938, 28.29318 ], [ 85.39898, 28.29318 ], [ 85.39899, 28.2921 ], [ 85.39879, 28.29209 ], [ 85.39879, 28.29173 ], [ 85.39737, 28.29172 ], [ 85.39737, 28.29154 ], [ 85.39716, 28.29153 ], [ 85.39717, 28.29117 ], [ 85.39676, 28.29135 ], [ 85.39676, 28.29153 ], [ 85.39655, 28.29153 ], [ 85.39655, 28.29171 ], [ 85.39492, 28.29169 ], [ 85.39493, 28.29097 ], [ 85.39452, 28.29096 ], [ 85.39453, 28.29078 ], [ 85.39432, 28.29078 ], [ 85.39433, 28.29042 ], [ 85.39412, 28.29042 ], [ 85.39413, 28.28987 ], [ 85.39393, 28.28987 ], [ 85.39393, 28.28951 ], [ 85.39353, 28.28933 ], [ 85.39353, 28.28915 ], [ 85.39373, 28.28915 ], [ 85.39375, 28.28825 ], [ 85.39354, 28.28824 ], [ 85.39355, 28.28806 ], [ 85.39395, 28.28807 ], [ 85.39396, 28.28771 ], [ 85.39376, 28.2877 ], [ 85.39375, 28.28788 ], [ 85.39335, 28.2877 ], [ 85.39333, 28.28878 ], [ 85.39292, 28.28878 ], [ 85.39294, 28.28787 ], [ 85.39273, 28.28787 ], [ 85.39274, 28.28769 ], [ 85.39212, 28.28768 ], [ 85.39213, 28.28732 ], [ 85.39152, 28.28732 ], [ 85.39152, 28.28714 ], [ 85.39132, 28.28713 ], [ 85.39132, 28.28677 ], [ 85.39091, 28.28677 ], [ 85.39092, 28.28659 ], [ 85.39071, 28.28659 ], [ 85.39072, 28.28622 ], [ 85.39052, 28.28622 ], [ 85.39052, 28.28604 ], [ 85.39011, 28.28604 ], [ 85.39012, 28.28513 ], [ 85.38972, 28.28513 ], [ 85.38951, 28.28549 ], [ 85.38869, 28.28548 ], [ 85.3887, 28.28512 ], [ 85.38768, 28.28511 ], [ 85.38768, 28.28492 ], [ 85.38727, 28.28492 ], [ 85.38728, 28.28456 ], [ 85.38687, 28.28455 ], [ 85.38687, 28.28437 ], [ 85.38626, 28.28437 ], [ 85.38627, 28.28401 ], [ 85.38606, 28.284 ], [ 85.38607, 28.28382 ], [ 85.38586, 28.28382 ], [ 85.38585, 28.28472 ], [ 85.38483, 28.28471 ], [ 85.38483, 28.28453 ], [ 85.38524, 28.28453 ], [ 85.38524, 28.28435 ], [ 85.38545, 28.28436 ], [ 85.38545, 28.28382 ], [ 85.38484, 28.28381 ], [ 85.38485, 28.28345 ], [ 85.38464, 28.28344 ], [ 85.38465, 28.28326 ], [ 85.38424, 28.28344 ], [ 85.38424, 28.28326 ], [ 85.38383, 28.28325 ], [ 85.38384, 28.28235 ], [ 85.38344, 28.28235 ], [ 85.38344, 28.28217 ], [ 85.38324, 28.28216 ], [ 85.38324, 28.2818 ], [ 85.38283, 28.2818 ], [ 85.38284, 28.28162 ], [ 85.38263, 28.28162 ], [ 85.38244, 28.28089 ], [ 85.38203, 28.28089 ], [ 85.38203, 28.28071 ], [ 85.38183, 28.2807 ], [ 85.38184, 28.28034 ], [ 85.38102, 28.28015 ], [ 85.38103, 28.27979 ], [ 85.38042, 28.27978 ], [ 85.38042, 28.2796 ], [ 85.38022, 28.2796 ], [ 85.38022, 28.27924 ], [ 85.37961, 28.27923 ], [ 85.37961, 28.27905 ], [ 85.37921, 28.27905 ], [ 85.37921, 28.27869 ], [ 85.3788, 28.27868 ], [ 85.37881, 28.27814 ], [ 85.37861, 28.27814 ], [ 85.3786, 28.2785 ], [ 85.3784, 28.2785 ], [ 85.37841, 28.27778 ], [ 85.378, 28.27777 ], [ 85.37801, 28.27741 ], [ 85.3776, 28.2774 ], [ 85.37762, 28.27632 ], [ 85.37782, 28.27632 ], [ 85.37782, 28.27596 ], [ 85.37823, 28.27597 ], [ 85.37825, 28.27507 ], [ 85.37845, 28.27507 ], [ 85.37846, 28.27435 ], [ 85.37866, 28.27435 ], [ 85.37867, 28.27381 ], [ 85.37908, 28.27381 ], [ 85.37909, 28.27345 ], [ 85.37868, 28.27345 ], [ 85.37868, 28.27327 ], [ 85.37909, 28.27327 ], [ 85.37911, 28.27201 ], [ 85.37931, 28.27201 ], [ 85.37931, 28.27183 ], [ 85.37911, 28.27183 ], [ 85.37912, 28.27129 ], [ 85.37932, 28.27129 ], [ 85.37912, 28.27093 ], [ 85.37933, 28.27093 ], [ 85.37933, 28.27075 ], [ 85.37893, 28.27056 ], [ 85.37893, 28.2702 ], [ 85.37873, 28.2702 ], [ 85.37874, 28.26966 ], [ 85.37853, 28.26965 ], [ 85.37854, 28.26929 ], [ 85.37793, 28.26929 ], [ 85.37793, 28.26911 ], [ 85.37772, 28.2691 ], [ 85.37774, 28.26802 ], [ 85.37733, 28.2682 ], [ 85.37734, 28.26784 ], [ 85.37754, 28.26784 ], [ 85.37754, 28.26766 ], [ 85.37734, 28.26765 ], [ 85.37734, 28.26729 ], [ 85.37714, 28.26729 ], [ 85.37714, 28.26711 ], [ 85.37674, 28.26711 ], [ 85.37675, 28.26638 ], [ 85.37715, 28.26639 ], [ 85.37737, 28.26567 ], [ 85.37798, 28.26568 ], [ 85.37798, 28.2655 ], [ 85.37839, 28.2655 ], [ 85.37838, 28.26604 ], [ 85.37879, 28.26605 ], [ 85.37879, 28.26623 ], [ 85.38042, 28.26625 ], [ 85.38042, 28.26589 ], [ 85.38104, 28.26589 ], [ 85.38124, 28.26554 ], [ 85.38328, 28.26556 ], [ 85.38329, 28.26538 ], [ 85.3837, 28.2652 ], [ 85.3837, 28.26484 ], [ 85.38411, 28.26485 ], [ 85.38432, 28.26449 ], [ 85.38493, 28.2645 ], [ 85.38494, 28.26395 ], [ 85.38514, 28.26396 ], [ 85.38535, 28.2636 ], [ 85.38617, 28.26361 ], [ 85.38617, 28.26343 ], [ 85.38658, 28.26343 ], [ 85.38679, 28.26307 ], [ 85.38842, 28.26309 ], [ 85.38842, 28.26291 ], [ 85.38903, 28.26292 ], [ 85.38903, 28.26274 ], [ 85.39107, 28.26276 ], [ 85.39107, 28.26258 ], [ 85.39148, 28.26241 ], [ 85.39149, 28.26223 ], [ 85.39312, 28.26225 ], [ 85.39312, 28.26207 ], [ 85.39353, 28.26207 ], [ 85.39374, 28.26171 ], [ 85.39435, 28.26172 ], [ 85.39456, 28.26136 ], [ 85.39578, 28.26137 ], [ 85.39579, 28.26101 ], [ 85.39599, 28.26102 ], [ 85.39599, 28.26084 ], [ 85.39783, 28.26086 ], [ 85.39783, 28.26068 ], [ 85.39824, 28.26068 ], [ 85.39824, 28.26032 ], [ 85.39886, 28.26033 ], [ 85.39886, 28.25997 ], [ 85.39947, 28.25997 ], [ 85.39947, 28.25979 ], [ 85.40029, 28.2598 ], [ 85.4003, 28.25944 ], [ 85.40111, 28.25945 ], [ 85.40112, 28.25909 ], [ 85.40152, 28.2591 ], [ 85.40153, 28.25892 ], [ 85.40234, 28.25892 ], [ 85.40234, 28.25874 ], [ 85.40214, 28.25874 ], [ 85.40215, 28.2582 ], [ 85.40194, 28.2582 ], [ 85.40195, 28.25766 ], [ 85.40175, 28.25765 ], [ 85.40175, 28.25747 ], [ 85.40196, 28.25748 ], [ 85.40196, 28.25693 ], [ 85.40278, 28.25712 ], [ 85.40297, 28.25749 ], [ 85.40338, 28.25767 ], [ 85.40337, 28.25803 ], [ 85.40439, 28.25805 ], [ 85.4044, 28.25787 ], [ 85.4048, 28.25787 ], [ 85.40481, 28.25733 ], [ 85.40522, 28.25733 ], [ 85.40522, 28.25715 ], [ 85.40543, 28.25716 ], [ 85.40543, 28.25679 ], [ 85.40604, 28.2568 ], [ 85.40605, 28.25662 ], [ 85.40625, 28.25662 ], [ 85.40625, 28.25644 ], [ 85.40605, 28.25644 ], [ 85.40606, 28.2559 ], [ 85.40626, 28.2559 ], [ 85.40627, 28.25536 ], [ 85.40688, 28.25537 ], [ 85.40688, 28.25519 ], [ 85.40709, 28.25519 ], [ 85.40709, 28.25483 ], [ 85.4077, 28.25484 ], [ 85.40771, 28.25466 ], [ 85.40811, 28.25466 ], [ 85.40812, 28.2543 ], [ 85.40853, 28.2543 ], [ 85.40853, 28.25394 ], [ 85.40935, 28.25395 ], [ 85.40935, 28.25377 ], [ 85.40996, 28.25378 ], [ 85.40996, 28.2536 ], [ 85.41119, 28.25361 ], [ 85.41118, 28.25397 ], [ 85.4122, 28.25399 ], [ 85.41219, 28.25453 ], [ 85.41403, 28.25455 ], [ 85.41403, 28.25437 ], [ 85.41484, 28.25438 ], [ 85.41484, 28.25456 ], [ 85.41525, 28.25456 ], [ 85.41525, 28.25474 ], [ 85.41565, 28.25475 ], [ 85.41566, 28.25457 ], [ 85.41586, 28.25457 ], [ 85.41586, 28.25475 ], [ 85.41606, 28.25475 ], [ 85.41606, 28.25457 ], [ 85.41647, 28.2544 ], [ 85.41648, 28.25422 ], [ 85.41261, 28.25417 ], [ 85.41261, 28.25399 ], [ 85.41302, 28.25399 ], [ 85.41322, 28.25364 ], [ 85.41241, 28.25363 ], [ 85.41241, 28.25345 ], [ 85.41262, 28.25345 ], [ 85.41263, 28.25273 ], [ 85.41242, 28.25272 ], [ 85.41243, 28.25236 ], [ 85.41222, 28.25236 ], [ 85.41222, 28.2529 ], [ 85.41181, 28.25272 ], [ 85.41182, 28.25236 ], [ 85.41121, 28.25235 ], [ 85.4112, 28.25271 ], [ 85.411, 28.25271 ], [ 85.411, 28.25235 ], [ 85.41059, 28.25234 ], [ 85.41059, 28.2527 ], [ 85.41038, 28.2527 ], [ 85.41039, 28.25234 ], [ 85.40957, 28.25233 ], [ 85.40957, 28.25269 ], [ 85.40916, 28.25269 ], [ 85.40916, 28.25287 ], [ 85.40896, 28.25286 ], [ 85.40896, 28.25268 ], [ 85.40835, 28.25268 ], [ 85.40834, 28.25286 ], [ 85.40753, 28.25267 ], [ 85.40753, 28.25285 ], [ 85.40712, 28.25284 ], [ 85.40713, 28.25212 ], [ 85.40693, 28.25212 ], [ 85.40692, 28.25284 ], [ 85.40671, 28.25284 ], [ 85.40672, 28.2523 ], [ 85.40652, 28.25229 ], [ 85.40652, 28.25211 ], [ 85.40632, 28.25211 ], [ 85.40631, 28.25229 ], [ 85.4057, 28.25229 ], [ 85.4057, 28.25265 ], [ 85.40529, 28.25264 ], [ 85.40529, 28.25282 ], [ 85.40569, 28.25283 ], [ 85.40569, 28.25301 ], [ 85.4059, 28.25301 ], [ 85.40589, 28.25355 ], [ 85.40568, 28.25355 ], [ 85.40568, 28.25409 ], [ 85.40547, 28.25409 ], [ 85.40548, 28.25319 ], [ 85.40487, 28.25318 ], [ 85.40487, 28.25354 ], [ 85.40426, 28.25353 ], [ 85.40425, 28.25371 ], [ 85.40323, 28.2537 ], [ 85.40323, 28.25406 ], [ 85.40262, 28.25405 ], [ 85.40262, 28.25423 ], [ 85.4018, 28.25423 ], [ 85.40179, 28.25459 ], [ 85.40016, 28.25457 ], [ 85.40015, 28.25529 ], [ 85.40056, 28.25547 ], [ 85.40055, 28.25584 ], [ 85.40137, 28.25584 ], [ 85.40135, 28.25693 ], [ 85.40115, 28.25693 ], [ 85.40113, 28.25837 ], [ 85.40092, 28.25837 ], [ 85.40072, 28.258 ], [ 85.40032, 28.258 ], [ 85.40031, 28.25818 ], [ 85.40011, 28.25818 ], [ 85.40011, 28.258 ], [ 85.39991, 28.25799 ], [ 85.39991, 28.25763 ], [ 85.39971, 28.25763 ], [ 85.39968, 28.25943 ], [ 85.39928, 28.25943 ], [ 85.39949, 28.25871 ], [ 85.39909, 28.25853 ], [ 85.39889, 28.25816 ], [ 85.39767, 28.25797 ], [ 85.39766, 28.25815 ], [ 85.39746, 28.25815 ], [ 85.39746, 28.25796 ], [ 85.39726, 28.25796 ], [ 85.39725, 28.2585 ], [ 85.39644, 28.25849 ], [ 85.39643, 28.25886 ], [ 85.39623, 28.25885 ], [ 85.39622, 28.25921 ], [ 85.39643, 28.25922 ], [ 85.39642, 28.2594 ], [ 85.39581, 28.25939 ], [ 85.39581, 28.25957 ], [ 85.39418, 28.25955 ], [ 85.39417, 28.25991 ], [ 85.39397, 28.25991 ], [ 85.39397, 28.26009 ], [ 85.39356, 28.26009 ], [ 85.39356, 28.26027 ], [ 85.39396, 28.26027 ], [ 85.39396, 28.26045 ], [ 85.39355, 28.26045 ], [ 85.39355, 28.26063 ], [ 85.39335, 28.26062 ], [ 85.39334, 28.26099 ], [ 85.39253, 28.26098 ], [ 85.39252, 28.26152 ], [ 85.3917, 28.26151 ], [ 85.3917, 28.26169 ], [ 85.3915, 28.26169 ], [ 85.3915, 28.2615 ], [ 85.39109, 28.26132 ], [ 85.39109, 28.26186 ], [ 85.39088, 28.26186 ], [ 85.39089, 28.2615 ], [ 85.39048, 28.26149 ], [ 85.39048, 28.26131 ], [ 85.39028, 28.26131 ], [ 85.39027, 28.26185 ], [ 85.39007, 28.26185 ], [ 85.39007, 28.26149 ], [ 85.38885, 28.26147 ], [ 85.38885, 28.26129 ], [ 85.38865, 28.26129 ], [ 85.38863, 28.26237 ], [ 85.38843, 28.26237 ], [ 85.38842, 28.26255 ], [ 85.38822, 28.26255 ], [ 85.38822, 28.26237 ], [ 85.38782, 28.26236 ], [ 85.38782, 28.262 ], [ 85.38762, 28.262 ], [ 85.38762, 28.26182 ], [ 85.38721, 28.26182 ], [ 85.3872, 28.26236 ], [ 85.387, 28.26235 ], [ 85.387, 28.26217 ], [ 85.38598, 28.26216 ], [ 85.38598, 28.26234 ], [ 85.38537, 28.26234 ], [ 85.38536, 28.2627 ], [ 85.38455, 28.26269 ], [ 85.38455, 28.26287 ], [ 85.38394, 28.26286 ], [ 85.38393, 28.2634 ], [ 85.38332, 28.26339 ], [ 85.3833, 28.26412 ], [ 85.38229, 28.2641 ], [ 85.38228, 28.26428 ], [ 85.38167, 28.26428 ], [ 85.38167, 28.26446 ], [ 85.38228, 28.26446 ], [ 85.38228, 28.26464 ], [ 85.38105, 28.26481 ], [ 85.38125, 28.26517 ], [ 85.38064, 28.26517 ], [ 85.38064, 28.26481 ], [ 85.38044, 28.2648 ], [ 85.38044, 28.26462 ], [ 85.37902, 28.26461 ], [ 85.37902, 28.26425 ], [ 85.37882, 28.26424 ], [ 85.37882, 28.26406 ], [ 85.37862, 28.26406 ], [ 85.37861, 28.26424 ], [ 85.37821, 28.26424 ], [ 85.37821, 28.26406 ], [ 85.37699, 28.26404 ], [ 85.37698, 28.26422 ], [ 85.37658, 28.26422 ], [ 85.37657, 28.2644 ], [ 85.37637, 28.26439 ], [ 85.37636, 28.26512 ], [ 85.37615, 28.26511 ], [ 85.37616, 28.26493 ], [ 85.37575, 28.26493 ], [ 85.37575, 28.26457 ], [ 85.37535, 28.26456 ], [ 85.37495, 28.26384 ], [ 85.37454, 28.26383 ], [ 85.37455, 28.26347 ], [ 85.37434, 28.26347 ], [ 85.37435, 28.26293 ], [ 85.37415, 28.26292 ], [ 85.37414, 28.26347 ], [ 85.37394, 28.26346 ], [ 85.37394, 28.26292 ], [ 85.37374, 28.26292 ], [ 85.37375, 28.26256 ], [ 85.37354, 28.26256 ], [ 85.37355, 28.26201 ], [ 85.37314, 28.26201 ], [ 85.37315, 28.26183 ], [ 85.37294, 28.26183 ], [ 85.37295, 28.26147 ], [ 85.37254, 28.26146 ], [ 85.37254, 28.26128 ], [ 85.37234, 28.26128 ], [ 85.37234, 28.26092 ], [ 85.37214, 28.26091 ], [ 85.37214, 28.26073 ], [ 85.37174, 28.26073 ], [ 85.37174, 28.26037 ], [ 85.37154, 28.26037 ], [ 85.37155, 28.25982 ], [ 85.37134, 28.25982 ], [ 85.37134, 28.25964 ], [ 85.37094, 28.25964 ], [ 85.37094, 28.25928 ], [ 85.37074, 28.25927 ], [ 85.37074, 28.25909 ], [ 85.37013, 28.25909 ], [ 85.37014, 28.25872 ], [ 85.36932, 28.25871 ], [ 85.36932, 28.25853 ], [ 85.36871, 28.25853 ], [ 85.36872, 28.25817 ], [ 85.36851, 28.25816 ], [ 85.36852, 28.25798 ], [ 85.36811, 28.25798 ], [ 85.36812, 28.25744 ], [ 85.36791, 28.25743 ], [ 85.36792, 28.25707 ], [ 85.36771, 28.25707 ], [ 85.36773, 28.25617 ], [ 85.36732, 28.25616 ], [ 85.36733, 28.25544 ], [ 85.36774, 28.25545 ], [ 85.36774, 28.25527 ], [ 85.36754, 28.25526 ], [ 85.36756, 28.25382 ], [ 85.36736, 28.25382 ], [ 85.36736, 28.25346 ], [ 85.36716, 28.25345 ], [ 85.36719, 28.25165 ], [ 85.36698, 28.25165 ], [ 85.367, 28.25038 ], [ 85.3668, 28.25038 ], [ 85.36681, 28.24984 ], [ 85.3666, 28.24984 ], [ 85.36661, 28.2493 ], [ 85.3662, 28.24929 ], [ 85.36621, 28.24875 ], [ 85.36601, 28.24875 ], [ 85.36601, 28.24839 ], [ 85.3656, 28.24838 ], [ 85.36561, 28.2482 ], [ 85.3654, 28.2482 ], [ 85.36541, 28.24784 ], [ 85.36521, 28.24784 ], [ 85.36522, 28.24675 ], [ 85.36481, 28.24675 ], [ 85.36482, 28.24657 ], [ 85.36421, 28.24656 ], [ 85.36421, 28.2462 ], [ 85.36381, 28.24601 ], [ 85.36381, 28.24547 ], [ 85.36341, 28.24547 ], [ 85.36341, 28.24511 ], [ 85.36301, 28.24492 ], [ 85.36301, 28.24456 ], [ 85.36199, 28.24455 ], [ 85.362, 28.24437 ], [ 85.36179, 28.24437 ], [ 85.3618, 28.244 ], [ 85.36119, 28.244 ], [ 85.36119, 28.24382 ], [ 85.36099, 28.24381 ], [ 85.36099, 28.24327 ], [ 85.36038, 28.24327 ], [ 85.36039, 28.2429 ], [ 85.36018, 28.2429 ], [ 85.36019, 28.24236 ], [ 85.35979, 28.24236 ], [ 85.35979, 28.242 ], [ 85.35938, 28.24217 ], [ 85.35938, 28.24235 ], [ 85.35897, 28.24235 ], [ 85.35898, 28.24199 ], [ 85.35877, 28.24198 ], [ 85.35877, 28.2418 ], [ 85.35898, 28.2418 ], [ 85.35899, 28.24126 ], [ 85.35939, 28.24127 ], [ 85.3594, 28.24091 ], [ 85.3596, 28.24091 ], [ 85.35961, 28.24037 ], [ 85.3592, 28.24036 ], [ 85.35924, 28.2382 ], [ 85.35965, 28.2382 ], [ 85.35965, 28.23766 ], [ 85.35986, 28.23766 ], [ 85.35988, 28.23622 ], [ 85.36008, 28.23622 ], [ 85.36009, 28.2355 ], [ 85.3605, 28.23551 ], [ 85.36051, 28.23478 ], [ 85.36072, 28.23479 ], [ 85.36072, 28.23424 ], [ 85.36093, 28.23425 ], [ 85.36093, 28.23407 ], [ 85.36073, 28.23406 ], [ 85.36073, 28.2337 ], [ 85.36094, 28.23371 ], [ 85.36094, 28.23353 ], [ 85.36135, 28.23353 ], [ 85.36135, 28.23317 ], [ 85.36115, 28.23317 ], [ 85.36116, 28.23245 ], [ 85.36157, 28.23245 ], [ 85.36157, 28.23227 ], [ 85.36116, 28.23226 ], [ 85.36117, 28.23208 ], [ 85.36157, 28.23209 ], [ 85.36158, 28.23191 ], [ 85.36117, 28.2319 ], [ 85.36119, 28.23046 ], [ 85.3616, 28.23046 ], [ 85.3616, 28.23028 ], [ 85.36119, 28.23028 ], [ 85.3612, 28.2301 ], [ 85.3616, 28.2301 ], [ 85.36162, 28.22902 ], [ 85.36182, 28.22902 ], [ 85.36184, 28.22794 ], [ 85.36204, 28.22794 ], [ 85.36206, 28.22704 ], [ 85.36267, 28.22705 ], [ 85.36267, 28.22669 ], [ 85.36308, 28.22669 ], [ 85.36307, 28.22723 ], [ 85.36328, 28.22724 ], [ 85.36349, 28.22688 ], [ 85.3641, 28.22688 ], [ 85.3641, 28.2267 ], [ 85.36492, 28.22653 ], [ 85.36513, 28.22618 ], [ 85.36554, 28.22618 ], [ 85.36553, 28.22654 ], [ 85.36634, 28.22655 ], [ 85.36635, 28.22619 ], [ 85.36676, 28.22619 ], [ 85.36676, 28.22601 ], [ 85.36758, 28.22602 ], [ 85.36757, 28.2262 ], [ 85.36818, 28.22621 ], [ 85.36818, 28.22657 ], [ 85.36858, 28.22676 ], [ 85.36837, 28.22712 ], [ 85.36939, 28.22713 ], [ 85.3694, 28.22695 ], [ 85.3696, 28.22695 ], [ 85.3696, 28.22713 ], [ 85.37021, 28.22714 ], [ 85.37021, 28.22696 ], [ 85.37041, 28.22696 ], [ 85.3704, 28.22768 ], [ 85.37101, 28.22769 ], [ 85.37101, 28.22787 ], [ 85.37122, 28.22787 ], [ 85.37122, 28.22769 ], [ 85.37203, 28.2277 ], [ 85.37203, 28.22788 ], [ 85.37264, 28.22789 ], [ 85.37285, 28.22753 ], [ 85.37448, 28.22755 ], [ 85.37448, 28.22773 ], [ 85.37489, 28.22774 ], [ 85.37488, 28.2281 ], [ 85.37508, 28.2281 ], [ 85.37509, 28.22792 ], [ 85.3759, 28.22793 ], [ 85.3759, 28.22811 ], [ 85.37651, 28.22812 ], [ 85.37651, 28.22848 ], [ 85.37671, 28.22848 ], [ 85.37671, 28.22866 ], [ 85.37711, 28.22866 ], [ 85.37711, 28.22903 ], [ 85.37752, 28.22903 ], [ 85.37751, 28.22939 ], [ 85.37792, 28.2294 ], [ 85.37792, 28.22903 ], [ 85.37874, 28.22904 ], [ 85.37874, 28.22923 ], [ 85.37935, 28.22923 ], [ 85.37934, 28.22959 ], [ 85.37955, 28.2296 ], [ 85.37954, 28.22978 ], [ 85.37995, 28.22978 ], [ 85.37995, 28.2296 ], [ 85.38016, 28.2296 ], [ 85.38015, 28.22978 ], [ 85.38097, 28.22979 ], [ 85.38097, 28.22997 ], [ 85.38036, 28.22997 ], [ 85.38035, 28.23015 ], [ 85.38076, 28.23015 ], [ 85.38076, 28.23033 ], [ 85.38279, 28.23036 ], [ 85.38279, 28.23072 ], [ 85.3836, 28.23091 ], [ 85.3836, 28.23109 ], [ 85.38401, 28.23091 ], [ 85.384, 28.23127 ], [ 85.38604, 28.2313 ], [ 85.38604, 28.23148 ], [ 85.38685, 28.23149 ], [ 85.38685, 28.23167 ], [ 85.38705, 28.23167 ], [ 85.38706, 28.23149 ], [ 85.38747, 28.23149 ], [ 85.38746, 28.23186 ], [ 85.38787, 28.23186 ], [ 85.38787, 28.2315 ], [ 85.38808, 28.2315 ], [ 85.38807, 28.23168 ], [ 85.38869, 28.23169 ], [ 85.38868, 28.23205 ], [ 85.38949, 28.23206 ], [ 85.38949, 28.2326 ], [ 85.38969, 28.2326 ], [ 85.38969, 28.23278 ], [ 85.3901, 28.23279 ], [ 85.3901, 28.23261 ], [ 85.3903, 28.23261 ], [ 85.3903, 28.23279 ], [ 85.3905, 28.23279 ], [ 85.39051, 28.23261 ], [ 85.39091, 28.23262 ], [ 85.39092, 28.23244 ], [ 85.39153, 28.23244 ], [ 85.39153, 28.23226 ], [ 85.39173, 28.23227 ], [ 85.39174, 28.23191 ], [ 85.39459, 28.23194 ], [ 85.39459, 28.23176 ], [ 85.39521, 28.23177 ], [ 85.39521, 28.2314 ], [ 85.39623, 28.23142 ], [ 85.39623, 28.23124 ], [ 85.39684, 28.23124 ], [ 85.39685, 28.23088 ], [ 85.39726, 28.23089 ], [ 85.39725, 28.23107 ], [ 85.39746, 28.23107 ], [ 85.39746, 28.23089 ], [ 85.39828, 28.23072 ], [ 85.39828, 28.23054 ], [ 85.39848, 28.23054 ], [ 85.3985, 28.22982 ], [ 85.3987, 28.22982 ], [ 85.3987, 28.22946 ], [ 85.39911, 28.22947 ], [ 85.39912, 28.22874 ], [ 85.39892, 28.22874 ], [ 85.39892, 28.22838 ], [ 85.39933, 28.2282 ], [ 85.39933, 28.22838 ], [ 85.39974, 28.22839 ], [ 85.39974, 28.22857 ], [ 85.39994, 28.22857 ], [ 85.39995, 28.22803 ], [ 85.40015, 28.22803 ], [ 85.40037, 28.22731 ], [ 85.40016, 28.22731 ], [ 85.40017, 28.22659 ], [ 85.39977, 28.22658 ], [ 85.39977, 28.22604 ], [ 85.39896, 28.22621 ], [ 85.39895, 28.22658 ], [ 85.39854, 28.22675 ], [ 85.39854, 28.22711 ], [ 85.39833, 28.22711 ], [ 85.39831, 28.22873 ], [ 85.3979, 28.22873 ], [ 85.3979, 28.22909 ], [ 85.39749, 28.22909 ], [ 85.39748, 28.22963 ], [ 85.39666, 28.2298 ], [ 85.39686, 28.23016 ], [ 85.39666, 28.23016 ], [ 85.39665, 28.23034 ], [ 85.39563, 28.23033 ], [ 85.39563, 28.23051 ], [ 85.39502, 28.2305 ], [ 85.39501, 28.23104 ], [ 85.39359, 28.23102 ], [ 85.39358, 28.23121 ], [ 85.39297, 28.2312 ], [ 85.39298, 28.23102 ], [ 85.39277, 28.23102 ], [ 85.39277, 28.2312 ], [ 85.39256, 28.23119 ], [ 85.39257, 28.23101 ], [ 85.39216, 28.23101 ], [ 85.39216, 28.23119 ], [ 85.39195, 28.23119 ], [ 85.39195, 28.23173 ], [ 85.39174, 28.23173 ], [ 85.39175, 28.23118 ], [ 85.39114, 28.23118 ], [ 85.39113, 28.23154 ], [ 85.39093, 28.23154 ], [ 85.39093, 28.23117 ], [ 85.39053, 28.23099 ], [ 85.39052, 28.23171 ], [ 85.3895, 28.2317 ], [ 85.38931, 28.23097 ], [ 85.3889, 28.23097 ], [ 85.3889, 28.23115 ], [ 85.38767, 28.23114 ], [ 85.38768, 28.23096 ], [ 85.38707, 28.23095 ], [ 85.38707, 28.23077 ], [ 85.38686, 28.23077 ], [ 85.38687, 28.2304 ], [ 85.38667, 28.2304 ], [ 85.38666, 28.23058 ], [ 85.38361, 28.23055 ], [ 85.38341, 28.23018 ], [ 85.38382, 28.23019 ], [ 85.38382, 28.23001 ], [ 85.383, 28.23 ], [ 85.38301, 28.22982 ], [ 85.3826, 28.22981 ], [ 85.3824, 28.22945 ], [ 85.38199, 28.22944 ], [ 85.382, 28.22926 ], [ 85.38159, 28.22908 ], [ 85.3816, 28.22872 ], [ 85.38139, 28.22872 ], [ 85.38138, 28.22944 ], [ 85.38077, 28.22943 ], [ 85.38078, 28.22907 ], [ 85.38037, 28.22906 ], [ 85.38038, 28.22852 ], [ 85.38017, 28.22852 ], [ 85.38018, 28.22816 ], [ 85.37977, 28.22833 ], [ 85.37957, 28.22797 ], [ 85.37916, 28.22797 ], [ 85.37916, 28.22833 ], [ 85.37875, 28.22832 ], [ 85.37855, 28.22796 ], [ 85.37814, 28.22795 ], [ 85.37815, 28.22777 ], [ 85.37794, 28.22777 ], [ 85.37795, 28.22741 ], [ 85.37754, 28.22741 ], [ 85.37755, 28.22705 ], [ 85.37693, 28.22704 ], [ 85.37693, 28.22722 ], [ 85.37367, 28.22718 ], [ 85.37347, 28.22682 ], [ 85.37307, 28.22681 ], [ 85.37306, 28.22717 ], [ 85.37286, 28.22717 ], [ 85.37286, 28.22681 ], [ 85.37144, 28.22679 ], [ 85.37144, 28.22661 ], [ 85.37103, 28.22661 ], [ 85.37104, 28.22625 ], [ 85.37083, 28.22624 ], [ 85.37083, 28.22642 ], [ 85.37042, 28.22642 ], [ 85.37043, 28.22606 ], [ 85.36961, 28.22623 ], [ 85.36961, 28.22605 ], [ 85.36921, 28.22604 ], [ 85.36921, 28.22568 ], [ 85.36881, 28.2255 ], [ 85.36882, 28.22478 ], [ 85.36861, 28.22477 ], [ 85.36861, 28.22513 ], [ 85.368, 28.22513 ], [ 85.368, 28.22495 ], [ 85.36678, 28.22493 ], [ 85.36678, 28.22457 ], [ 85.36536, 28.22455 ], [ 85.36535, 28.22491 ], [ 85.36515, 28.22491 ], [ 85.36514, 28.22509 ], [ 85.36413, 28.22508 ], [ 85.36412, 28.22544 ], [ 85.36392, 28.22544 ], [ 85.36391, 28.2258 ], [ 85.36371, 28.2258 ], [ 85.3637, 28.22616 ], [ 85.3635, 28.22616 ], [ 85.3635, 28.22598 ], [ 85.36309, 28.22597 ], [ 85.3631, 28.22561 ], [ 85.36289, 28.22561 ], [ 85.3629, 28.22507 ], [ 85.3625, 28.22488 ], [ 85.36248, 28.22578 ], [ 85.36228, 28.22578 ], [ 85.36231, 28.22379 ], [ 85.36211, 28.22379 ], [ 85.36213, 28.22235 ], [ 85.36172, 28.22234 ], [ 85.36173, 28.2218 ], [ 85.36153, 28.2218 ], [ 85.36153, 28.22144 ], [ 85.36133, 28.22144 ], [ 85.36133, 28.22162 ], [ 85.36092, 28.22161 ], [ 85.36092, 28.22125 ], [ 85.36072, 28.22125 ], [ 85.36073, 28.22071 ], [ 85.35991, 28.2207 ], [ 85.35992, 28.22034 ], [ 85.35951, 28.22033 ], [ 85.35911, 28.21961 ], [ 85.35871, 28.2196 ], [ 85.35871, 28.21924 ], [ 85.35851, 28.21924 ], [ 85.35851, 28.21906 ], [ 85.3581, 28.21905 ], [ 85.35811, 28.21869 ], [ 85.35791, 28.21869 ], [ 85.35791, 28.21851 ], [ 85.3573, 28.2185 ], [ 85.35731, 28.2176 ], [ 85.35711, 28.2176 ], [ 85.35713, 28.21633 ], [ 85.35672, 28.21633 ], [ 85.35672, 28.21597 ], [ 85.35652, 28.21596 ], [ 85.35654, 28.2147 ], [ 85.35613, 28.2147 ], [ 85.35612, 28.21524 ], [ 85.35592, 28.21523 ], [ 85.35593, 28.21433 ], [ 85.35634, 28.21434 ], [ 85.35635, 28.2138 ], [ 85.35615, 28.21379 ], [ 85.35616, 28.21271 ], [ 85.35576, 28.21253 ], [ 85.35578, 28.21126 ], [ 85.35537, 28.21126 ], [ 85.35541, 28.20855 ], [ 85.35562, 28.20855 ], [ 85.35563, 28.20783 ], [ 85.35603, 28.20784 ], [ 85.35605, 28.20693 ], [ 85.35564, 28.20693 ], [ 85.35564, 28.20675 ], [ 85.35605, 28.20675 ], [ 85.35606, 28.20621 ], [ 85.35565, 28.20621 ], [ 85.35566, 28.20548 ], [ 85.35546, 28.20548 ], [ 85.35547, 28.20458 ], [ 85.35527, 28.20458 ], [ 85.35526, 28.20494 ], [ 85.35506, 28.20494 ], [ 85.35507, 28.20439 ], [ 85.35486, 28.20439 ], [ 85.35488, 28.20367 ], [ 85.35467, 28.20367 ], [ 85.35467, 28.20349 ], [ 85.35427, 28.20348 ], [ 85.35428, 28.20258 ], [ 85.35408, 28.20258 ], [ 85.3541, 28.20131 ], [ 85.3543, 28.20132 ], [ 85.3543, 28.2015 ], [ 85.35572, 28.20151 ], [ 85.35572, 28.20169 ], [ 85.35613, 28.2017 ], [ 85.35612, 28.20224 ], [ 85.35653, 28.20207 ], [ 85.35654, 28.2017 ], [ 85.35857, 28.20173 ], [ 85.35857, 28.20191 ], [ 85.35898, 28.20191 ], [ 85.35917, 28.20264 ], [ 85.35958, 28.20264 ], [ 85.35957, 28.20282 ], [ 85.35917, 28.20282 ], [ 85.35916, 28.203 ], [ 85.35957, 28.203 ], [ 85.35957, 28.20319 ], [ 85.35977, 28.20319 ], [ 85.35978, 28.20283 ], [ 85.36018, 28.20301 ], [ 85.36019, 28.20283 ], [ 85.36039, 28.20283 ], [ 85.36038, 28.20356 ], [ 85.36099, 28.20356 ], [ 85.36099, 28.20338 ], [ 85.3614, 28.20339 ], [ 85.3614, 28.20357 ], [ 85.36119, 28.20357 ], [ 85.36119, 28.20393 ], [ 85.36139, 28.20393 ], [ 85.36138, 28.20447 ], [ 85.36159, 28.20447 ], [ 85.3618, 28.20411 ], [ 85.3622, 28.20412 ], [ 85.36221, 28.20394 ], [ 85.36241, 28.20394 ], [ 85.36241, 28.20412 ], [ 85.36322, 28.20413 ], [ 85.36322, 28.20431 ], [ 85.36424, 28.20432 ], [ 85.36424, 28.2045 ], [ 85.36464, 28.20451 ], [ 85.36464, 28.20469 ], [ 85.36403, 28.20468 ], [ 85.36403, 28.20486 ], [ 85.36484, 28.20487 ], [ 85.36484, 28.20505 ], [ 85.36606, 28.20507 ], [ 85.36606, 28.20489 ], [ 85.36647, 28.20489 ], [ 85.36648, 28.20453 ], [ 85.36709, 28.20454 ], [ 85.3673, 28.20418 ], [ 85.36791, 28.20419 ], [ 85.36791, 28.20401 ], [ 85.36811, 28.20401 ], [ 85.36812, 28.20365 ], [ 85.36853, 28.20365 ], [ 85.36853, 28.20347 ], [ 85.36894, 28.2033 ], [ 85.36894, 28.20312 ], [ 85.36955, 28.20312 ], [ 85.36976, 28.20277 ], [ 85.37119, 28.20278 ], [ 85.37119, 28.2026 ], [ 85.3716, 28.20261 ], [ 85.37181, 28.20225 ], [ 85.37283, 28.20226 ], [ 85.37283, 28.20208 ], [ 85.37365, 28.20191 ], [ 85.37366, 28.20137 ], [ 85.3759, 28.20139 ], [ 85.3759, 28.20121 ], [ 85.37631, 28.20122 ], [ 85.37631, 28.20104 ], [ 85.37651, 28.20104 ], [ 85.37652, 28.20068 ], [ 85.3757, 28.20067 ], [ 85.37572, 28.19959 ], [ 85.37532, 28.1994 ], [ 85.3753, 28.20067 ], [ 85.37489, 28.20048 ], [ 85.3749, 28.19994 ], [ 85.3747, 28.19994 ], [ 85.37469, 28.20048 ], [ 85.37448, 28.20048 ], [ 85.37448, 28.20066 ], [ 85.37428, 28.20065 ], [ 85.37429, 28.20011 ], [ 85.37388, 28.20011 ], [ 85.37387, 28.20083 ], [ 85.37366, 28.20083 ], [ 85.37367, 28.20065 ], [ 85.37306, 28.20064 ], [ 85.37305, 28.20118 ], [ 85.37264, 28.20118 ], [ 85.37264, 28.20099 ], [ 85.37223, 28.20099 ], [ 85.37223, 28.20117 ], [ 85.37142, 28.20116 ], [ 85.37141, 28.20152 ], [ 85.37039, 28.20151 ], [ 85.37059, 28.20187 ], [ 85.36998, 28.20187 ], [ 85.36998, 28.20205 ], [ 85.36977, 28.20204 ], [ 85.36958, 28.20168 ], [ 85.36917, 28.20168 ], [ 85.36916, 28.20222 ], [ 85.36896, 28.20221 ], [ 85.36896, 28.20203 ], [ 85.36855, 28.20203 ], [ 85.36856, 28.20167 ], [ 85.36835, 28.20167 ], [ 85.36834, 28.20239 ], [ 85.36814, 28.20239 ], [ 85.36814, 28.2022 ], [ 85.36753, 28.2022 ], [ 85.36752, 28.20274 ], [ 85.36691, 28.20273 ], [ 85.36691, 28.20291 ], [ 85.3667, 28.20291 ], [ 85.3667, 28.20327 ], [ 85.36609, 28.20326 ], [ 85.36608, 28.2038 ], [ 85.36567, 28.2038 ], [ 85.36568, 28.20308 ], [ 85.36528, 28.20307 ], [ 85.36526, 28.20379 ], [ 85.36506, 28.20379 ], [ 85.36507, 28.20325 ], [ 85.36487, 28.20325 ], [ 85.36487, 28.20289 ], [ 85.36446, 28.20288 ], [ 85.36445, 28.2036 ], [ 85.36343, 28.20359 ], [ 85.36344, 28.20341 ], [ 85.36323, 28.20341 ], [ 85.36324, 28.20269 ], [ 85.36284, 28.20268 ], [ 85.36284, 28.20232 ], [ 85.36264, 28.20232 ], [ 85.36264, 28.20214 ], [ 85.36223, 28.20213 ], [ 85.36223, 28.2025 ], [ 85.36019, 28.20247 ], [ 85.36019, 28.20229 ], [ 85.3606, 28.2023 ], [ 85.36061, 28.20193 ], [ 85.3604, 28.20193 ], [ 85.36041, 28.20139 ], [ 85.35674, 28.20135 ], [ 85.35675, 28.20117 ], [ 85.3539, 28.20113 ], [ 85.3539, 28.20077 ], [ 85.3541, 28.20077 ], [ 85.35412, 28.20005 ], [ 85.35371, 28.20023 ], [ 85.35371, 28.19987 ], [ 85.35351, 28.19986 ], [ 85.35352, 28.19878 ], [ 85.35312, 28.19878 ], [ 85.35313, 28.19823 ], [ 85.35292, 28.19823 ], [ 85.35293, 28.19787 ], [ 85.35272, 28.19787 ], [ 85.35273, 28.19733 ], [ 85.35232, 28.19732 ], [ 85.35233, 28.19678 ], [ 85.35213, 28.19678 ], [ 85.35213, 28.1966 ], [ 85.35152, 28.19659 ], [ 85.35153, 28.19605 ], [ 85.35133, 28.19605 ], [ 85.35134, 28.19514 ], [ 85.35154, 28.19515 ], [ 85.35155, 28.19461 ], [ 85.35135, 28.1946 ], [ 85.35135, 28.19424 ], [ 85.35115, 28.19424 ], [ 85.35116, 28.19352 ], [ 85.35096, 28.19352 ], [ 85.35096, 28.19315 ], [ 85.35076, 28.19315 ], [ 85.35077, 28.19261 ], [ 85.35036, 28.19261 ], [ 85.35036, 28.19243 ], [ 85.35016, 28.19242 ], [ 85.35017, 28.19188 ], [ 85.34976, 28.19188 ], [ 85.34977, 28.19133 ], [ 85.34956, 28.19133 ], [ 85.34958, 28.19061 ], [ 85.34937, 28.19061 ], [ 85.34938, 28.19007 ], [ 85.34897, 28.19006 ], [ 85.34898, 28.18988 ], [ 85.34877, 28.18988 ], [ 85.34879, 28.18898 ], [ 85.34838, 28.18897 ], [ 85.34839, 28.18843 ], [ 85.34798, 28.18824 ], [ 85.34799, 28.1877 ], [ 85.34758, 28.1877 ], [ 85.3476, 28.1868 ], [ 85.34739, 28.18679 ], [ 85.3474, 28.18661 ], [ 85.34699, 28.18661 ], [ 85.347, 28.18589 ], [ 85.34659, 28.1857 ], [ 85.3466, 28.18516 ], [ 85.3462, 28.18515 ], [ 85.3462, 28.18479 ], [ 85.346, 28.18479 ], [ 85.34601, 28.18425 ], [ 85.3456, 28.18425 ], [ 85.34561, 28.18352 ], [ 85.34541, 28.18352 ], [ 85.34541, 28.18316 ], [ 85.34521, 28.18316 ], [ 85.34522, 28.18262 ], [ 85.34481, 28.18261 ], [ 85.34481, 28.18243 ], [ 85.34461, 28.18243 ], [ 85.34461, 28.18207 ], [ 85.34421, 28.18206 ], [ 85.3442, 28.18224 ], [ 85.34339, 28.18223 ], [ 85.34339, 28.18205 ], [ 85.3438, 28.18206 ], [ 85.3438, 28.18188 ], [ 85.34339, 28.18187 ], [ 85.34342, 28.17989 ], [ 85.34383, 28.17989 ], [ 85.34384, 28.17935 ], [ 85.34404, 28.17935 ], [ 85.34405, 28.17881 ], [ 85.34365, 28.17863 ], [ 85.34365, 28.17827 ], [ 85.34406, 28.17827 ], [ 85.34407, 28.17737 ], [ 85.34367, 28.17736 ], [ 85.34368, 28.17628 ], [ 85.34409, 28.17628 ], [ 85.3441, 28.17592 ], [ 85.3443, 28.17593 ], [ 85.3443, 28.17575 ], [ 85.3441, 28.17574 ], [ 85.34411, 28.17538 ], [ 85.3437, 28.17538 ], [ 85.34372, 28.17411 ], [ 85.34392, 28.17412 ], [ 85.34413, 28.17376 ], [ 85.34372, 28.17375 ], [ 85.34374, 28.17285 ], [ 85.34353, 28.17285 ], [ 85.34354, 28.17231 ], [ 85.34375, 28.17231 ], [ 85.34376, 28.17123 ], [ 85.34397, 28.17123 ], [ 85.34397, 28.17105 ], [ 85.34376, 28.17105 ], [ 85.34377, 28.17069 ], [ 85.34397, 28.17069 ], [ 85.34398, 28.17015 ], [ 85.34378, 28.17014 ], [ 85.3438, 28.16852 ], [ 85.3436, 28.16852 ], [ 85.34359, 28.16924 ], [ 85.34339, 28.16924 ], [ 85.3434, 28.16815 ], [ 85.34381, 28.16816 ], [ 85.34382, 28.16744 ], [ 85.34402, 28.16744 ], [ 85.34405, 28.166 ], [ 85.34384, 28.16599 ], [ 85.34385, 28.16563 ], [ 85.34344, 28.16563 ], [ 85.34345, 28.16491 ], [ 85.34366, 28.16491 ], [ 85.34366, 28.16455 ], [ 85.34407, 28.16455 ], [ 85.34407, 28.16419 ], [ 85.34489, 28.16402 ], [ 85.3449, 28.16366 ], [ 85.34551, 28.16367 ], [ 85.34551, 28.16349 ], [ 85.34592, 28.16349 ], [ 85.34592, 28.16313 ], [ 85.34633, 28.16314 ], [ 85.34633, 28.16296 ], [ 85.34674, 28.16278 ], [ 85.34675, 28.16242 ], [ 85.34736, 28.16243 ], [ 85.34737, 28.16188 ], [ 85.34798, 28.16189 ], [ 85.34798, 28.16153 ], [ 85.34839, 28.16136 ], [ 85.3484, 28.16099 ], [ 85.34881, 28.161 ], [ 85.34881, 28.16064 ], [ 85.34922, 28.16046 ], [ 85.34923, 28.15992 ], [ 85.34964, 28.15993 ], [ 85.34964, 28.15957 ], [ 85.34985, 28.15957 ], [ 85.35006, 28.15921 ], [ 85.35046, 28.15921 ], [ 85.35047, 28.15903 ], [ 85.35067, 28.15904 ], [ 85.35068, 28.15868 ], [ 85.35129, 28.15868 ], [ 85.3513, 28.15814 ], [ 85.35211, 28.15797 ], [ 85.35213, 28.15707 ], [ 85.35254, 28.15689 ], [ 85.35254, 28.15653 ], [ 85.35295, 28.15654 ], [ 85.35295, 28.15618 ], [ 85.35357, 28.15618 ], [ 85.35398, 28.15547 ], [ 85.35459, 28.15547 ], [ 85.3546, 28.15511 ], [ 85.3548, 28.15512 ], [ 85.35481, 28.15493 ], [ 85.35562, 28.15494 ], [ 85.35562, 28.15476 ], [ 85.35583, 28.15477 ], [ 85.35582, 28.15495 ], [ 85.35623, 28.15495 ], [ 85.35624, 28.15459 ], [ 85.35746, 28.15461 ], [ 85.35726, 28.15424 ], [ 85.35787, 28.15425 ], [ 85.35787, 28.15407 ], [ 85.3591, 28.15408 ], [ 85.3591, 28.15354 ], [ 85.35931, 28.15354 ], [ 85.35931, 28.15318 ], [ 85.35952, 28.15319 ], [ 85.35973, 28.15283 ], [ 85.36013, 28.15283 ], [ 85.36014, 28.15265 ], [ 85.36075, 28.15266 ], [ 85.36096, 28.1523 ], [ 85.36116, 28.1523 ], [ 85.36115, 28.15266 ], [ 85.36299, 28.15269 ], [ 85.36299, 28.15251 ], [ 85.3636, 28.15251 ], [ 85.3636, 28.15269 ], [ 85.36604, 28.15272 ], [ 85.36605, 28.15236 ], [ 85.3693, 28.1524 ], [ 85.36931, 28.15204 ], [ 85.36951, 28.15204 ], [ 85.36951, 28.1524 ], [ 85.37358, 28.15245 ], [ 85.37358, 28.15227 ], [ 85.37379, 28.15227 ], [ 85.37378, 28.15263 ], [ 85.37439, 28.15264 ], [ 85.3744, 28.15228 ], [ 85.37481, 28.15229 ], [ 85.3748, 28.15283 ], [ 85.37561, 28.15284 ], [ 85.37561, 28.15266 ], [ 85.37684, 28.15267 ], [ 85.37683, 28.15285 ], [ 85.37744, 28.15286 ], [ 85.37745, 28.15268 ], [ 85.37765, 28.15268 ], [ 85.37765, 28.15286 ], [ 85.37826, 28.15287 ], [ 85.37826, 28.15305 ], [ 85.37785, 28.15304 ], [ 85.37785, 28.15322 ], [ 85.37907, 28.15324 ], [ 85.37906, 28.15342 ], [ 85.37968, 28.15343 ], [ 85.37967, 28.15379 ], [ 85.38089, 28.15398 ], [ 85.38068, 28.15434 ], [ 85.3817, 28.15435 ], [ 85.3817, 28.15453 ], [ 85.38353, 28.15455 ], [ 85.38374, 28.1542 ], [ 85.38414, 28.1542 ], [ 85.38414, 28.15438 ], [ 85.38496, 28.15439 ], [ 85.38495, 28.15457 ], [ 85.38821, 28.15461 ], [ 85.38821, 28.15479 ], [ 85.38923, 28.1548 ], [ 85.38902, 28.15516 ], [ 85.39146, 28.15519 ], [ 85.39146, 28.15537 ], [ 85.39207, 28.15538 ], [ 85.39206, 28.15574 ], [ 85.39288, 28.15575 ], [ 85.39288, 28.15539 ], [ 85.39309, 28.15539 ], [ 85.39329, 28.15575 ], [ 85.39369, 28.15576 ], [ 85.3937, 28.1554 ], [ 85.39431, 28.1554 ], [ 85.3943, 28.15576 ], [ 85.39451, 28.15577 ], [ 85.39451, 28.15541 ], [ 85.39512, 28.15541 ], [ 85.39512, 28.15595 ], [ 85.39756, 28.15598 ], [ 85.39756, 28.1558 ], [ 85.39797, 28.15581 ], [ 85.39796, 28.15617 ], [ 85.3998, 28.15619 ], [ 85.3998, 28.15601 ], [ 85.40122, 28.15603 ], [ 85.40123, 28.15585 ], [ 85.40408, 28.1557 ], [ 85.40408, 28.15552 ], [ 85.40653, 28.15555 ], [ 85.40652, 28.15609 ], [ 85.40632, 28.15609 ], [ 85.40631, 28.15627 ], [ 85.40733, 28.15628 ], [ 85.40734, 28.15592 ], [ 85.40815, 28.15593 ], [ 85.40815, 28.15575 ], [ 85.40876, 28.15575 ], [ 85.40876, 28.15611 ], [ 85.40835, 28.15611 ], [ 85.40835, 28.15629 ], [ 85.40916, 28.1563 ], [ 85.40916, 28.15648 ], [ 85.41038, 28.15649 ], [ 85.41038, 28.15685 ], [ 85.4114, 28.15687 ], [ 85.41139, 28.15705 ], [ 85.4118, 28.15705 ], [ 85.41179, 28.15741 ], [ 85.412, 28.15741 ], [ 85.412, 28.15705 ], [ 85.41241, 28.15724 ], [ 85.41241, 28.15742 ], [ 85.41302, 28.15743 ], [ 85.41301, 28.15761 ], [ 85.41424, 28.15762 ], [ 85.41424, 28.15744 ], [ 85.41485, 28.15745 ], [ 85.41485, 28.15727 ], [ 85.41607, 28.15746 ], [ 85.41606, 28.15818 ], [ 85.41687, 28.15819 ], [ 85.41688, 28.15783 ], [ 85.41729, 28.15784 ], [ 85.41728, 28.1582 ], [ 85.41769, 28.1582 ], [ 85.41769, 28.15784 ], [ 85.41871, 28.15785 ], [ 85.41871, 28.15821 ], [ 85.41993, 28.15823 ], [ 85.41993, 28.15787 ], [ 85.42075, 28.15788 ], [ 85.42075, 28.1577 ], [ 85.42116, 28.1577 ], [ 85.42116, 28.15752 ], [ 85.42218, 28.15753 ], [ 85.42217, 28.15807 ], [ 85.42278, 28.15808 ], [ 85.42278, 28.15826 ], [ 85.42319, 28.15827 ], [ 85.42318, 28.15845 ], [ 85.4238, 28.15845 ], [ 85.42379, 28.15881 ], [ 85.42399, 28.15882 ], [ 85.42399, 28.159 ], [ 85.42521, 28.15901 ], [ 85.42521, 28.15919 ], [ 85.4244, 28.15918 ], [ 85.42439, 28.15936 ], [ 85.42643, 28.15957 ], [ 85.42642, 28.15975 ], [ 85.42581, 28.15974 ], [ 85.42581, 28.15992 ], [ 85.42663, 28.15993 ], [ 85.42662, 28.16047 ], [ 85.42824, 28.16067 ], [ 85.42824, 28.16103 ], [ 85.42885, 28.16104 ], [ 85.42885, 28.16122 ], [ 85.42905, 28.16122 ], [ 85.42905, 28.16158 ], [ 85.42925, 28.16158 ], [ 85.42925, 28.16177 ], [ 85.42965, 28.16177 ], [ 85.42965, 28.16213 ], [ 85.42985, 28.16213 ], [ 85.42985, 28.16231 ], [ 85.43107, 28.16233 ], [ 85.43106, 28.16305 ], [ 85.43004, 28.16304 ], [ 85.43004, 28.16322 ], [ 85.43065, 28.16323 ], [ 85.43065, 28.16341 ], [ 85.43146, 28.16342 ], [ 85.43145, 28.16396 ], [ 85.43207, 28.16396 ], [ 85.43206, 28.16414 ], [ 85.43145, 28.16414 ], [ 85.43145, 28.16432 ], [ 85.43226, 28.16451 ], [ 85.43226, 28.16487 ], [ 85.43266, 28.16505 ], [ 85.43285, 28.16578 ], [ 85.43326, 28.16578 ], [ 85.43326, 28.16596 ], [ 85.43346, 28.16596 ], [ 85.43346, 28.16633 ], [ 85.43366, 28.16633 ], [ 85.43365, 28.16705 ], [ 85.43426, 28.16706 ], [ 85.43426, 28.16724 ], [ 85.43365, 28.16723 ], [ 85.43365, 28.16741 ], [ 85.43405, 28.16742 ], [ 85.43405, 28.1676 ], [ 85.43425, 28.1676 ], [ 85.43404, 28.16796 ], [ 85.43466, 28.16796 ], [ 85.43465, 28.16814 ], [ 85.43486, 28.16815 ], [ 85.43485, 28.16851 ], [ 85.43546, 28.16851 ], [ 85.43546, 28.1687 ], [ 85.43566, 28.1687 ], [ 85.43566, 28.16906 ], [ 85.43607, 28.16906 ], [ 85.43606, 28.16924 ], [ 85.43627, 28.16925 ], [ 85.43606, 28.1696 ], [ 85.43626, 28.16961 ], [ 85.43625, 28.17015 ], [ 85.43646, 28.17015 ], [ 85.43645, 28.17033 ], [ 85.43686, 28.17034 ], [ 85.43686, 28.1707 ], [ 85.43645, 28.17069 ], [ 85.43644, 28.17105 ], [ 85.43685, 28.17106 ], [ 85.43684, 28.1716 ], [ 85.43644, 28.17159 ], [ 85.43643, 28.17214 ], [ 85.43684, 28.17214 ], [ 85.43683, 28.17232 ], [ 85.43704, 28.17232 ], [ 85.43703, 28.1725 ], [ 85.43683, 28.1725 ], [ 85.43682, 28.17286 ], [ 85.43703, 28.17286 ], [ 85.43703, 28.17305 ], [ 85.43682, 28.17304 ], [ 85.43682, 28.1734 ], [ 85.43702, 28.17341 ], [ 85.43701, 28.17413 ], [ 85.43681, 28.17413 ], [ 85.4368, 28.17467 ], [ 85.437, 28.17467 ], [ 85.43699, 28.17539 ], [ 85.4372, 28.17539 ], [ 85.43719, 28.17557 ], [ 85.43699, 28.17557 ], [ 85.43699, 28.17575 ], [ 85.43739, 28.17576 ], [ 85.43739, 28.17594 ], [ 85.43759, 28.17594 ], [ 85.43759, 28.17648 ], [ 85.43799, 28.17649 ], [ 85.43799, 28.17685 ], [ 85.43839, 28.17703 ], [ 85.43818, 28.17739 ], [ 85.4388, 28.1774 ], [ 85.43879, 28.17758 ], [ 85.439, 28.17758 ], [ 85.43899, 28.17794 ], [ 85.4394, 28.17795 ], [ 85.43939, 28.17849 ], [ 85.4398, 28.17867 ], [ 85.43959, 28.17903 ], [ 85.43979, 28.17903 ], [ 85.43978, 28.17957 ], [ 85.44019, 28.17958 ], [ 85.44018, 28.17994 ], [ 85.44059, 28.18013 ], [ 85.44059, 28.18031 ], [ 85.43977, 28.1803 ], [ 85.43976, 28.1812 ], [ 85.44017, 28.1812 ], [ 85.44016, 28.18156 ], [ 85.44036, 28.18157 ], [ 85.44036, 28.18175 ], [ 85.44077, 28.18175 ], [ 85.44076, 28.18211 ], [ 85.44097, 28.18212 ], [ 85.44096, 28.18266 ], [ 85.44157, 28.18266 ], [ 85.44157, 28.18284 ], [ 85.44177, 28.18285 ], [ 85.44177, 28.18303 ], [ 85.44116, 28.18302 ], [ 85.44116, 28.1832 ], [ 85.44156, 28.18321 ], [ 85.44156, 28.18375 ], [ 85.44176, 28.18375 ], [ 85.44175, 28.18429 ], [ 85.44216, 28.1843 ], [ 85.44215, 28.18484 ], [ 85.44235, 28.18484 ], [ 85.44235, 28.1852 ], [ 85.44255, 28.1852 ], [ 85.44255, 28.18538 ], [ 85.44296, 28.18539 ], [ 85.44295, 28.18593 ], [ 85.44315, 28.18593 ], [ 85.44315, 28.18647 ], [ 85.44355, 28.18648 ], [ 85.44355, 28.18666 ], [ 85.44294, 28.18665 ], [ 85.44314, 28.18701 ], [ 85.44293, 28.18701 ], [ 85.44293, 28.18737 ], [ 85.44354, 28.18738 ], [ 85.44354, 28.18756 ], [ 85.44394, 28.18756 ], [ 85.44394, 28.18793 ], [ 85.44435, 28.18793 ], [ 85.44434, 28.18811 ], [ 85.44496, 28.18812 ], [ 85.44495, 28.1883 ], [ 85.44455, 28.18829 ], [ 85.44454, 28.18847 ], [ 85.44515, 28.18848 ], [ 85.44515, 28.18902 ], [ 85.44576, 28.18903 ], [ 85.44595, 28.18975 ], [ 85.44575, 28.18975 ], [ 85.44574, 28.18993 ], [ 85.44595, 28.18993 ], [ 85.44595, 28.19011 ], [ 85.44635, 28.19012 ], [ 85.44635, 28.19048 ], [ 85.44716, 28.19067 ], [ 85.44716, 28.19085 ], [ 85.44675, 28.19085 ], [ 85.44675, 28.19103 ], [ 85.44715, 28.19103 ], [ 85.44715, 28.19121 ], [ 85.44736, 28.19121 ], [ 85.44715, 28.19157 ], [ 85.44735, 28.19157 ], [ 85.44735, 28.19175 ], [ 85.44796, 28.19176 ], [ 85.44796, 28.19194 ], [ 85.44755, 28.19194 ], [ 85.44755, 28.19212 ], [ 85.44795, 28.19212 ], [ 85.44795, 28.1923 ], [ 85.44856, 28.19231 ], [ 85.44856, 28.19249 ], [ 85.44815, 28.19249 ], [ 85.44815, 28.19267 ], [ 85.44856, 28.19267 ], [ 85.44855, 28.19339 ], [ 85.44875, 28.1934 ], [ 85.44874, 28.19394 ], [ 85.44915, 28.19394 ], [ 85.44915, 28.19412 ], [ 85.44874, 28.19412 ], [ 85.44874, 28.1943 ], [ 85.44935, 28.1943 ], [ 85.44934, 28.19467 ], [ 85.44995, 28.19467 ], [ 85.44995, 28.19485 ], [ 85.45036, 28.19486 ], [ 85.45036, 28.19504 ], [ 85.44995, 28.19503 ], [ 85.44995, 28.19521 ], [ 85.45137, 28.19523 ], [ 85.45137, 28.19505 ], [ 85.45158, 28.19505 ], [ 85.45157, 28.19559 ], [ 85.45116, 28.19559 ], [ 85.45116, 28.19577 ], [ 85.45177, 28.19578 ], [ 85.45177, 28.19596 ], [ 85.45218, 28.19596 ], [ 85.45217, 28.19614 ], [ 85.45156, 28.19613 ], [ 85.45156, 28.19632 ], [ 85.45217, 28.19632 ], [ 85.45217, 28.1965 ], [ 85.45258, 28.19651 ], [ 85.45257, 28.19669 ], [ 85.45217, 28.19668 ], [ 85.45216, 28.19686 ], [ 85.45257, 28.19705 ], [ 85.45256, 28.19741 ], [ 85.45297, 28.19741 ], [ 85.45297, 28.19759 ], [ 85.45317, 28.1976 ], [ 85.45317, 28.19796 ], [ 85.45357, 28.19796 ], [ 85.45357, 28.19814 ], [ 85.45439, 28.19815 ], [ 85.45438, 28.19851 ], [ 85.45458, 28.19852 ], [ 85.45458, 28.1987 ], [ 85.45499, 28.1987 ], [ 85.45499, 28.19888 ], [ 85.45458, 28.19888 ], [ 85.45458, 28.19906 ], [ 85.45519, 28.19906 ], [ 85.45519, 28.19924 ], [ 85.456, 28.19925 ], [ 85.456, 28.19943 ], [ 85.45518, 28.19942 ], [ 85.45518, 28.19961 ], [ 85.456, 28.19961 ], [ 85.45599, 28.19979 ], [ 85.4566, 28.1998 ], [ 85.4566, 28.20016 ], [ 85.45701, 28.20017 ], [ 85.457, 28.20035 ], [ 85.45823, 28.20036 ], [ 85.45822, 28.20072 ], [ 85.45842, 28.20072 ], [ 85.45842, 28.20091 ], [ 85.45985, 28.20092 ], [ 85.45985, 28.2011 ], [ 85.45903, 28.20109 ], [ 85.45903, 28.20127 ], [ 85.46005, 28.20128 ], [ 85.46004, 28.20146 ], [ 85.46065, 28.20147 ], [ 85.46064, 28.20219 ], [ 85.46105, 28.20238 ], [ 85.46105, 28.20256 ], [ 85.46125, 28.20256 ], [ 85.46125, 28.20274 ], [ 85.46145, 28.20274 ], [ 85.46145, 28.20256 ], [ 85.46207, 28.20257 ], [ 85.46207, 28.20239 ], [ 85.46329, 28.20258 ], [ 85.46329, 28.20276 ], [ 85.46288, 28.20276 ], [ 85.46288, 28.20294 ], [ 85.46369, 28.20295 ], [ 85.46369, 28.20313 ], [ 85.46409, 28.20313 ], [ 85.46409, 28.2035 ], [ 85.46429, 28.2035 ], [ 85.46429, 28.20368 ], [ 85.46511, 28.20369 ], [ 85.4649, 28.20405 ], [ 85.46592, 28.20406 ], [ 85.46591, 28.20424 ], [ 85.46652, 28.20425 ], [ 85.46632, 28.2046 ], [ 85.46672, 28.20479 ], [ 85.46671, 28.20515 ], [ 85.46814, 28.20517 ], [ 85.46814, 28.20535 ], [ 85.46875, 28.20535 ], [ 85.46874, 28.20571 ], [ 85.47119, 28.20574 ], [ 85.47119, 28.20592 ], [ 85.4718, 28.20593 ], [ 85.47179, 28.20629 ], [ 85.47301, 28.20648 ], [ 85.47301, 28.20684 ], [ 85.47321, 28.20685 ], [ 85.47321, 28.20703 ], [ 85.47382, 28.20703 ], [ 85.47381, 28.2074 ], [ 85.47422, 28.2074 ], [ 85.47423, 28.20704 ], [ 85.47565, 28.20705 ], [ 85.47565, 28.20742 ], [ 85.47809, 28.20744 ], [ 85.4781, 28.20708 ], [ 85.47932, 28.2071 ], [ 85.47932, 28.20746 ], [ 85.47911, 28.20745 ], [ 85.47911, 28.20763 ], [ 85.48094, 28.20766 ], [ 85.48094, 28.20784 ], [ 85.48135, 28.20784 ], [ 85.48134, 28.2082 ], [ 85.48215, 28.20839 ], [ 85.48235, 28.20911 ], [ 85.48255, 28.20912 ], [ 85.48255, 28.2093 ], [ 85.48296, 28.2093 ], [ 85.48295, 28.20966 ], [ 85.48417, 28.20986 ], [ 85.48417, 28.21022 ], [ 85.48457, 28.21022 ], [ 85.48457, 28.2104 ], [ 85.48518, 28.21041 ], [ 85.48518, 28.21077 ], [ 85.48742, 28.21062 ], [ 85.48742, 28.2108 ], [ 85.48701, 28.21079 ], [ 85.48701, 28.21097 ], [ 85.48782, 28.21098 ], [ 85.48782, 28.21116 ], [ 85.48904, 28.21117 ], [ 85.48904, 28.21154 ], [ 85.48924, 28.21154 ], [ 85.48925, 28.21118 ], [ 85.48965, 28.21118 ], [ 85.48945, 28.21154 ], [ 85.49087, 28.21156 ], [ 85.49087, 28.21174 ], [ 85.49168, 28.21175 ], [ 85.49148, 28.2121 ], [ 85.4927, 28.21212 ], [ 85.4927, 28.2123 ], [ 85.49351, 28.21231 ], [ 85.49351, 28.21267 ], [ 85.49432, 28.21268 ], [ 85.49433, 28.21232 ], [ 85.49453, 28.21232 ], [ 85.49452, 28.21268 ], [ 85.49514, 28.21269 ], [ 85.49514, 28.21232 ], [ 85.49697, 28.21234 ], [ 85.49697, 28.21253 ], [ 85.49718, 28.21253 ], [ 85.49717, 28.21289 ], [ 85.49819, 28.2129 ], [ 85.49819, 28.21308 ], [ 85.49778, 28.21308 ], [ 85.49778, 28.21326 ], [ 85.4988, 28.21327 ], [ 85.49879, 28.21345 ], [ 85.4992, 28.21345 ], [ 85.4992, 28.21363 ], [ 85.49798, 28.21362 ], [ 85.49797, 28.21398 ], [ 85.49817, 28.21398 ], [ 85.49817, 28.21452 ], [ 85.49878, 28.21453 ], [ 85.49877, 28.21489 ], [ 85.49898, 28.21489 ], [ 85.49897, 28.21507 ], [ 85.49938, 28.21508 ], [ 85.49938, 28.21544 ], [ 85.49978, 28.21562 ], [ 85.49978, 28.21581 ], [ 85.49917, 28.2158 ], [ 85.49916, 28.21616 ], [ 85.49957, 28.21634 ], [ 85.49956, 28.21652 ], [ 85.50018, 28.21653 ], [ 85.50017, 28.21707 ], [ 85.50037, 28.21708 ], [ 85.50037, 28.21726 ], [ 85.49996, 28.21725 ], [ 85.49996, 28.21743 ], [ 85.50036, 28.21762 ], [ 85.50036, 28.2178 ], [ 85.50016, 28.2178 ], [ 85.50016, 28.21798 ], [ 85.50036, 28.21798 ], [ 85.50036, 28.21816 ], [ 85.50076, 28.21816 ], [ 85.50076, 28.21852 ], [ 85.50116, 28.21871 ], [ 85.50116, 28.21907 ], [ 85.50136, 28.21907 ], [ 85.50136, 28.21925 ], [ 85.50177, 28.21926 ], [ 85.50177, 28.21944 ], [ 85.50095, 28.21943 ], [ 85.50095, 28.21979 ], [ 85.50156, 28.2198 ], [ 85.50155, 28.21998 ], [ 85.50115, 28.21997 ], [ 85.50135, 28.22034 ], [ 85.50155, 28.22034 ], [ 85.50155, 28.22016 ], [ 85.50196, 28.22016 ], [ 85.50196, 28.21998 ], [ 85.50176, 28.21998 ], [ 85.50176, 28.2198 ], [ 85.50196, 28.2198 ], [ 85.50197, 28.21926 ], [ 85.50279, 28.21927 ], [ 85.50279, 28.21891 ], [ 85.50238, 28.2189 ], [ 85.50239, 28.21872 ], [ 85.5032, 28.21873 ], [ 85.5032, 28.21855 ], [ 85.50382, 28.21856 ], [ 85.50382, 28.21838 ], [ 85.50361, 28.21837 ], [ 85.50362, 28.21801 ], [ 85.50321, 28.21801 ], [ 85.50321, 28.21783 ], [ 85.5026, 28.21782 ], [ 85.50261, 28.21764 ], [ 85.50342, 28.21765 ], [ 85.50342, 28.21747 ], [ 85.50261, 28.21746 ], [ 85.50261, 28.21728 ], [ 85.50363, 28.21729 ], [ 85.50363, 28.21693 ], [ 85.502, 28.21691 ], [ 85.50201, 28.21673 ], [ 85.50241, 28.21674 ], [ 85.50242, 28.21656 ], [ 85.50323, 28.21657 ], [ 85.50324, 28.2162 ], [ 85.50344, 28.21621 ], [ 85.50344, 28.21603 ], [ 85.50385, 28.21603 ], [ 85.50385, 28.21585 ], [ 85.50161, 28.21583 ], [ 85.50182, 28.21547 ], [ 85.50243, 28.21547 ], [ 85.50265, 28.21475 ], [ 85.50204, 28.21475 ], [ 85.50204, 28.21457 ], [ 85.50245, 28.21457 ], [ 85.50265, 28.21421 ], [ 85.50102, 28.21419 ], [ 85.50103, 28.21401 ], [ 85.50184, 28.21402 ], [ 85.50185, 28.21366 ], [ 85.50205, 28.21366 ], [ 85.50205, 28.21348 ], [ 85.50246, 28.21349 ], [ 85.50246, 28.21331 ], [ 85.50267, 28.21331 ], [ 85.50266, 28.21349 ], [ 85.50429, 28.21351 ], [ 85.5043, 28.21315 ], [ 85.50491, 28.21315 ], [ 85.50491, 28.21333 ], [ 85.50593, 28.21335 ], [ 85.50593, 28.21317 ], [ 85.50715, 28.213 ], [ 85.50716, 28.21282 ], [ 85.50818, 28.21283 ], [ 85.50817, 28.21301 ], [ 85.50858, 28.21319 ], [ 85.50858, 28.21337 ], [ 85.50919, 28.21338 ], [ 85.50939, 28.21374 ], [ 85.51203, 28.21377 ], [ 85.51204, 28.21359 ], [ 85.51285, 28.2136 ], [ 85.51285, 28.21396 ], [ 85.51387, 28.21397 ], [ 85.51386, 28.21433 ], [ 85.51406, 28.21434 ], [ 85.51407, 28.21398 ], [ 85.51427, 28.21398 ], [ 85.51427, 28.21434 ], [ 85.51488, 28.21435 ], [ 85.51488, 28.21398 ], [ 85.51509, 28.21399 ], [ 85.51508, 28.21417 ], [ 85.51549, 28.21417 ], [ 85.51549, 28.21399 ], [ 85.5159, 28.214 ], [ 85.5159, 28.21418 ], [ 85.5157, 28.21417 ], [ 85.51569, 28.21453 ], [ 85.51651, 28.21454 ], [ 85.5165, 28.2149 ], [ 85.51711, 28.21491 ], [ 85.51712, 28.21455 ], [ 85.51834, 28.21456 ], [ 85.51834, 28.21474 ], [ 85.51854, 28.21475 ], [ 85.51854, 28.21457 ], [ 85.51936, 28.21457 ], [ 85.51936, 28.21439 ], [ 85.51956, 28.2144 ], [ 85.51976, 28.21476 ], [ 85.51956, 28.21476 ], [ 85.51955, 28.2153 ], [ 85.51996, 28.2153 ], [ 85.51996, 28.21512 ], [ 85.52078, 28.21513 ], [ 85.52078, 28.21477 ], [ 85.5216, 28.21478 ], [ 85.5216, 28.2146 ], [ 85.5218, 28.2146 ], [ 85.5218, 28.21478 ], [ 85.52282, 28.21479 ], [ 85.52282, 28.21461 ], [ 85.52323, 28.21444 ], [ 85.52343, 28.2148 ], [ 85.52384, 28.2148 ], [ 85.52404, 28.21517 ], [ 85.52567, 28.21518 ], [ 85.52567, 28.21464 ], [ 85.52547, 28.21464 ], [ 85.52548, 28.21428 ], [ 85.52589, 28.2141 ], [ 85.52589, 28.21374 ], [ 85.52609, 28.21374 ], [ 85.5261, 28.21356 ], [ 85.52732, 28.21358 ], [ 85.52732, 28.21322 ], [ 85.52773, 28.2134 ], [ 85.52794, 28.21304 ], [ 85.52835, 28.21305 ], [ 85.52834, 28.21341 ], [ 85.52854, 28.21341 ], [ 85.52855, 28.21323 ], [ 85.52936, 28.21324 ], [ 85.52937, 28.21288 ], [ 85.52977, 28.21288 ], [ 85.52978, 28.2127 ], [ 85.53039, 28.21271 ], [ 85.53039, 28.21235 ], [ 85.5306, 28.21235 ], [ 85.5306, 28.21217 ], [ 85.53101, 28.21217 ], [ 85.53101, 28.21199 ], [ 85.53121, 28.21199 ], [ 85.53121, 28.21218 ], [ 85.53203, 28.21218 ], [ 85.53203, 28.212 ], [ 85.53264, 28.21201 ], [ 85.53264, 28.21183 ], [ 85.53366, 28.21184 ], [ 85.53366, 28.21166 ], [ 85.53489, 28.21167 ], [ 85.53489, 28.21149 ], [ 85.5353, 28.2115 ], [ 85.53529, 28.21168 ], [ 85.5355, 28.21168 ], [ 85.5355, 28.2115 ], [ 85.53631, 28.21151 ], [ 85.53632, 28.21133 ], [ 85.53652, 28.21133 ], [ 85.53653, 28.21097 ], [ 85.53714, 28.21098 ], [ 85.53735, 28.21062 ], [ 85.53857, 28.21063 ], [ 85.53857, 28.21045 ], [ 85.53877, 28.21045 ], [ 85.53878, 28.21009 ], [ 85.54021, 28.21011 ], [ 85.54021, 28.20993 ], [ 85.54062, 28.20993 ], [ 85.54062, 28.20957 ], [ 85.54245, 28.20959 ], [ 85.54246, 28.20923 ], [ 85.54266, 28.20923 ], [ 85.54266, 28.20959 ], [ 85.54368, 28.2096 ], [ 85.54368, 28.20906 ], [ 85.54409, 28.20906 ], [ 85.5441, 28.2087 ], [ 85.54328, 28.20851 ], [ 85.54329, 28.20815 ], [ 85.54268, 28.20815 ], [ 85.54268, 28.20797 ], [ 85.54023, 28.20794 ], [ 85.54023, 28.20812 ], [ 85.53881, 28.2081 ], [ 85.5388, 28.20847 ], [ 85.53717, 28.20845 ], [ 85.53717, 28.20881 ], [ 85.53655, 28.2088 ], [ 85.53655, 28.20898 ], [ 85.53513, 28.20897 ], [ 85.53512, 28.20933 ], [ 85.53492, 28.20933 ], [ 85.53492, 28.20951 ], [ 85.53349, 28.20949 ], [ 85.53348, 28.20985 ], [ 85.53185, 28.20984 ], [ 85.53185, 28.2102 ], [ 85.53103, 28.21019 ], [ 85.53103, 28.21037 ], [ 85.53042, 28.21036 ], [ 85.53042, 28.21072 ], [ 85.5294, 28.21071 ], [ 85.5294, 28.21035 ], [ 85.5292, 28.21035 ], [ 85.52919, 28.21071 ], [ 85.52899, 28.21071 ], [ 85.52899, 28.21035 ], [ 85.52859, 28.21034 ], [ 85.52838, 28.2107 ], [ 85.52797, 28.2107 ], [ 85.52817, 28.21106 ], [ 85.52735, 28.21105 ], [ 85.52736, 28.21069 ], [ 85.52634, 28.21068 ], [ 85.52634, 28.21104 ], [ 85.52491, 28.21102 ], [ 85.52491, 28.21066 ], [ 85.52471, 28.21066 ], [ 85.52476, 28.20687 ], [ 85.52497, 28.20687 ], [ 85.52498, 28.20615 ], [ 85.52538, 28.20616 ], [ 85.52539, 28.20598 ], [ 85.52518, 28.20597 ], [ 85.52519, 28.20561 ], [ 85.52498, 28.20561 ], [ 85.525, 28.20417 ], [ 85.52602, 28.20418 ], [ 85.52603, 28.20327 ], [ 85.52502, 28.20326 ], [ 85.52501, 28.20344 ], [ 85.52481, 28.20344 ], [ 85.52481, 28.20326 ], [ 85.52461, 28.20326 ], [ 85.52461, 28.2029 ], [ 85.52421, 28.20289 ], [ 85.52414, 28.20777 ], [ 85.52373, 28.20776 ], [ 85.52372, 28.2083 ], [ 85.52393, 28.20831 ], [ 85.52392, 28.20903 ], [ 85.52351, 28.20902 ], [ 85.52351, 28.20884 ], [ 85.5229, 28.20884 ], [ 85.52289, 28.20974 ], [ 85.52309, 28.20974 ], [ 85.52307, 28.21119 ], [ 85.52287, 28.21118 ], [ 85.52286, 28.21154 ], [ 85.52246, 28.21154 ], [ 85.52246, 28.21118 ], [ 85.52226, 28.21118 ], [ 85.52225, 28.21208 ], [ 85.52184, 28.21189 ], [ 85.52185, 28.21153 ], [ 85.52164, 28.21153 ], [ 85.52164, 28.21189 ], [ 85.52123, 28.21189 ], [ 85.52123, 28.21171 ], [ 85.52103, 28.2117 ], [ 85.52081, 28.21242 ], [ 85.52061, 28.21242 ], [ 85.52062, 28.21206 ], [ 85.52041, 28.21206 ], [ 85.52041, 28.21188 ], [ 85.52001, 28.21187 ], [ 85.52, 28.2126 ], [ 85.51979, 28.21259 ], [ 85.5198, 28.21241 ], [ 85.51918, 28.21241 ], [ 85.51918, 28.21259 ], [ 85.51837, 28.21258 ], [ 85.51836, 28.21294 ], [ 85.51775, 28.21293 ], [ 85.51775, 28.21311 ], [ 85.51754, 28.21311 ], [ 85.51755, 28.21293 ], [ 85.51714, 28.21293 ], [ 85.51714, 28.21257 ], [ 85.51572, 28.21255 ], [ 85.51572, 28.21273 ], [ 85.5147, 28.21272 ], [ 85.51469, 28.2129 ], [ 85.51449, 28.2129 ], [ 85.51449, 28.21272 ], [ 85.51409, 28.21271 ], [ 85.51409, 28.21235 ], [ 85.51328, 28.21234 ], [ 85.51328, 28.21216 ], [ 85.51083, 28.21214 ], [ 85.51083, 28.21232 ], [ 85.51063, 28.21231 ], [ 85.51063, 28.21213 ], [ 85.51022, 28.21213 ], [ 85.51023, 28.21177 ], [ 85.51002, 28.21177 ], [ 85.51002, 28.21213 ], [ 85.50982, 28.21212 ], [ 85.50982, 28.21176 ], [ 85.50554, 28.21172 ], [ 85.50554, 28.21208 ], [ 85.50391, 28.21206 ], [ 85.5039, 28.21224 ], [ 85.5037, 28.21224 ], [ 85.5037, 28.21206 ], [ 85.50268, 28.21205 ], [ 85.50269, 28.21187 ], [ 85.50167, 28.21185 ], [ 85.50166, 28.21222 ], [ 85.50146, 28.21221 ], [ 85.50146, 28.21203 ], [ 85.50044, 28.21202 ], [ 85.50045, 28.21184 ], [ 85.49902, 28.21183 ], [ 85.49902, 28.21146 ], [ 85.49841, 28.21146 ], [ 85.49842, 28.21128 ], [ 85.4976, 28.21127 ], [ 85.49761, 28.21091 ], [ 85.4972, 28.2109 ], [ 85.49719, 28.21126 ], [ 85.49699, 28.21126 ], [ 85.49699, 28.2109 ], [ 85.49577, 28.21089 ], [ 85.49577, 28.21071 ], [ 85.49476, 28.2107 ], [ 85.49475, 28.21106 ], [ 85.49434, 28.21105 ], [ 85.49435, 28.21069 ], [ 85.49353, 28.21068 ], [ 85.49354, 28.2105 ], [ 85.49313, 28.2105 ], [ 85.49313, 28.21014 ], [ 85.49273, 28.21013 ], [ 85.49273, 28.20995 ], [ 85.49252, 28.20995 ], [ 85.49252, 28.21013 ], [ 85.4913, 28.21012 ], [ 85.4913, 28.20994 ], [ 85.48906, 28.20991 ], [ 85.48907, 28.20955 ], [ 85.48846, 28.20954 ], [ 85.48846, 28.20936 ], [ 85.48805, 28.20936 ], [ 85.48805, 28.20954 ], [ 85.48784, 28.20954 ], [ 85.48785, 28.20936 ], [ 85.48744, 28.20935 ], [ 85.48744, 28.20899 ], [ 85.48622, 28.20898 ], [ 85.48622, 28.2088 ], [ 85.48602, 28.20879 ], [ 85.48603, 28.20843 ], [ 85.48562, 28.20843 ], [ 85.48562, 28.20807 ], [ 85.48746, 28.20809 ], [ 85.48726, 28.20736 ], [ 85.48686, 28.20736 ], [ 85.48686, 28.207 ], [ 85.48625, 28.20699 ], [ 85.48625, 28.20681 ], [ 85.48584, 28.20681 ], [ 85.48584, 28.20735 ], [ 85.48502, 28.20734 ], [ 85.48501, 28.20788 ], [ 85.48461, 28.20788 ], [ 85.48441, 28.20751 ], [ 85.484, 28.20769 ], [ 85.484, 28.20733 ], [ 85.48319, 28.20732 ], [ 85.48319, 28.20714 ], [ 85.48299, 28.20714 ], [ 85.48299, 28.20678 ], [ 85.48259, 28.20677 ], [ 85.48259, 28.20659 ], [ 85.48238, 28.20659 ], [ 85.48239, 28.20623 ], [ 85.48158, 28.20604 ], [ 85.48158, 28.20568 ], [ 85.48077, 28.20567 ], [ 85.48077, 28.20549 ], [ 85.48057, 28.20548 ], [ 85.48056, 28.20603 ], [ 85.48035, 28.20602 ], [ 85.48036, 28.20566 ], [ 85.48016, 28.20566 ], [ 85.48016, 28.20548 ], [ 85.47629, 28.20544 ], [ 85.47629, 28.20508 ], [ 85.47609, 28.20507 ], [ 85.47608, 28.20544 ], [ 85.47588, 28.20543 ], [ 85.47589, 28.20507 ], [ 85.47507, 28.20506 ], [ 85.47507, 28.20488 ], [ 85.47466, 28.20506 ], [ 85.47467, 28.20488 ], [ 85.47344, 28.20486 ], [ 85.47345, 28.2045 ], [ 85.47162, 28.2043 ], [ 85.47162, 28.20394 ], [ 85.47121, 28.20394 ], [ 85.47122, 28.20376 ], [ 85.47061, 28.20375 ], [ 85.47061, 28.20339 ], [ 85.47041, 28.20339 ], [ 85.47041, 28.20321 ], [ 85.4698, 28.2032 ], [ 85.4698, 28.20284 ], [ 85.4694, 28.20283 ], [ 85.4694, 28.20265 ], [ 85.46899, 28.20283 ], [ 85.46899, 28.20265 ], [ 85.46838, 28.20264 ], [ 85.46839, 28.20228 ], [ 85.46757, 28.20227 ], [ 85.46757, 28.20209 ], [ 85.46717, 28.20209 ], [ 85.46717, 28.20173 ], [ 85.46656, 28.20172 ], [ 85.46656, 28.20154 ], [ 85.46616, 28.20153 ], [ 85.46616, 28.20117 ], [ 85.46575, 28.20117 ], [ 85.46576, 28.20063 ], [ 85.46556, 28.20062 ], [ 85.46555, 28.20117 ], [ 85.46535, 28.20116 ], [ 85.46535, 28.20062 ], [ 85.46515, 28.20062 ], [ 85.46515, 28.20044 ], [ 85.46454, 28.20043 ], [ 85.46455, 28.20007 ], [ 85.46434, 28.20007 ], [ 85.46434, 28.19989 ], [ 85.46393, 28.20006 ], [ 85.46354, 28.19934 ], [ 85.46313, 28.19933 ], [ 85.46314, 28.19897 ], [ 85.46293, 28.19897 ], [ 85.46293, 28.19879 ], [ 85.46314, 28.19879 ], [ 85.46314, 28.19843 ], [ 85.46274, 28.19843 ], [ 85.46274, 28.19825 ], [ 85.46253, 28.19824 ], [ 85.46253, 28.19842 ], [ 85.46233, 28.19842 ], [ 85.46233, 28.19824 ], [ 85.46213, 28.19824 ], [ 85.46213, 28.19788 ], [ 85.46152, 28.19787 ], [ 85.46152, 28.19769 ], [ 85.46132, 28.19769 ], [ 85.46133, 28.19733 ], [ 85.46071, 28.19732 ], [ 85.46072, 28.19714 ], [ 85.46051, 28.19714 ], [ 85.46052, 28.19678 ], [ 85.46031, 28.19677 ], [ 85.46031, 28.19714 ], [ 85.4599, 28.19713 ], [ 85.45991, 28.19677 ], [ 85.45868, 28.19676 ], [ 85.45869, 28.19658 ], [ 85.45828, 28.19657 ], [ 85.45829, 28.19621 ], [ 85.45788, 28.19621 ], [ 85.45788, 28.19603 ], [ 85.45768, 28.19602 ], [ 85.45769, 28.1953 ], [ 85.45748, 28.1953 ], [ 85.45747, 28.19656 ], [ 85.45726, 28.19656 ], [ 85.45726, 28.19674 ], [ 85.45644, 28.19673 ], [ 85.45625, 28.19601 ], [ 85.45584, 28.196 ], [ 85.45585, 28.19582 ], [ 85.45564, 28.19582 ], [ 85.45565, 28.19528 ], [ 85.45524, 28.19527 ], [ 85.45525, 28.19509 ], [ 85.45463, 28.19509 ], [ 85.45444, 28.19472 ], [ 85.45403, 28.19472 ], [ 85.45403, 28.19454 ], [ 85.45383, 28.19454 ], [ 85.45383, 28.19436 ], [ 85.45342, 28.19417 ], [ 85.45343, 28.19399 ], [ 85.45302, 28.19399 ], [ 85.45302, 28.1938 ], [ 85.45262, 28.1938 ], [ 85.45261, 28.19398 ], [ 85.4518, 28.19397 ], [ 85.4518, 28.19379 ], [ 85.45139, 28.19379 ], [ 85.45139, 28.19415 ], [ 85.45118, 28.19414 ], [ 85.45119, 28.19396 ], [ 85.45078, 28.19396 ], [ 85.45078, 28.19378 ], [ 85.45017, 28.19377 ], [ 85.45018, 28.19323 ], [ 85.45038, 28.19323 ], [ 85.45038, 28.19305 ], [ 85.45018, 28.19305 ], [ 85.45019, 28.19251 ], [ 85.44978, 28.1925 ], [ 85.44978, 28.19232 ], [ 85.45019, 28.19233 ], [ 85.45019, 28.19215 ], [ 85.4504, 28.19215 ], [ 85.4504, 28.19233 ], [ 85.45101, 28.19234 ], [ 85.45102, 28.19162 ], [ 85.45061, 28.19161 ], [ 85.45042, 28.19089 ], [ 85.45001, 28.19088 ], [ 85.45001, 28.19106 ], [ 85.4498, 28.19106 ], [ 85.44961, 28.19034 ], [ 85.44941, 28.19033 ], [ 85.44941, 28.19015 ], [ 85.449, 28.19033 ], [ 85.449, 28.19015 ], [ 85.4488, 28.19015 ], [ 85.4488, 28.18979 ], [ 85.44839, 28.18978 ], [ 85.4484, 28.1896 ], [ 85.44819, 28.1896 ], [ 85.4482, 28.18924 ], [ 85.448, 28.18924 ], [ 85.448, 28.18905 ], [ 85.44759, 28.18905 ], [ 85.4476, 28.18851 ], [ 85.44739, 28.18851 ], [ 85.44741, 28.1876 ], [ 85.4472, 28.1876 ], [ 85.44719, 28.18832 ], [ 85.44699, 28.18832 ], [ 85.447, 28.18796 ], [ 85.44679, 28.18796 ], [ 85.4468, 28.1876 ], [ 85.44659, 28.18759 ], [ 85.4466, 28.18705 ], [ 85.44619, 28.18705 ], [ 85.4462, 28.18687 ], [ 85.44599, 28.18687 ], [ 85.446, 28.18632 ], [ 85.44559, 28.18632 ], [ 85.4456, 28.18596 ], [ 85.44519, 28.18577 ], [ 85.4452, 28.18541 ], [ 85.44479, 28.18541 ], [ 85.44479, 28.18523 ], [ 85.44459, 28.18523 ], [ 85.44461, 28.1836 ], [ 85.44421, 28.1836 ], [ 85.44421, 28.18324 ], [ 85.44401, 28.18323 ], [ 85.44401, 28.18287 ], [ 85.44381, 28.18287 ], [ 85.44382, 28.18215 ], [ 85.44341, 28.18214 ], [ 85.44342, 28.1816 ], [ 85.44322, 28.1816 ], [ 85.44322, 28.18106 ], [ 85.44282, 28.18105 ], [ 85.44283, 28.18033 ], [ 85.44242, 28.18015 ], [ 85.44243, 28.17961 ], [ 85.44223, 28.1796 ], [ 85.44222, 28.17996 ], [ 85.44182, 28.17978 ], [ 85.44183, 28.17888 ], [ 85.44143, 28.17869 ], [ 85.44143, 28.17815 ], [ 85.44123, 28.17815 ], [ 85.44125, 28.17652 ], [ 85.44105, 28.17652 ], [ 85.44106, 28.17598 ], [ 85.44065, 28.17597 ], [ 85.44066, 28.17561 ], [ 85.44045, 28.17561 ], [ 85.44046, 28.17507 ], [ 85.44026, 28.17507 ], [ 85.44025, 28.17561 ], [ 85.44004, 28.17561 ], [ 85.44005, 28.17488 ], [ 85.43985, 28.17488 ], [ 85.43986, 28.17452 ], [ 85.43965, 28.17452 ], [ 85.43966, 28.17434 ], [ 85.43925, 28.17433 ], [ 85.43926, 28.17379 ], [ 85.43905, 28.17379 ], [ 85.43906, 28.17343 ], [ 85.43865, 28.17342 ], [ 85.43866, 28.17306 ], [ 85.43845, 28.17306 ], [ 85.43846, 28.17234 ], [ 85.43867, 28.17234 ], [ 85.43867, 28.17198 ], [ 85.43847, 28.17198 ], [ 85.43847, 28.1718 ], [ 85.43867, 28.1718 ], [ 85.43868, 28.17108 ], [ 85.43848, 28.17108 ], [ 85.43849, 28.17035 ], [ 85.43829, 28.17035 ], [ 85.43829, 28.16981 ], [ 85.43788, 28.16999 ], [ 85.4379, 28.1689 ], [ 85.4381, 28.16891 ], [ 85.43811, 28.16818 ], [ 85.43791, 28.16818 ], [ 85.43791, 28.168 ], [ 85.43812, 28.168 ], [ 85.43813, 28.16728 ], [ 85.43792, 28.16728 ], [ 85.43793, 28.16692 ], [ 85.43976, 28.16694 ], [ 85.43977, 28.16676 ], [ 85.43997, 28.16676 ], [ 85.43997, 28.16694 ], [ 85.44078, 28.16695 ], [ 85.44079, 28.16659 ], [ 85.44099, 28.16659 ], [ 85.4412, 28.16623 ], [ 85.44161, 28.16624 ], [ 85.44161, 28.16606 ], [ 85.44202, 28.16588 ], [ 85.44202, 28.1657 ], [ 85.44243, 28.16571 ], [ 85.44243, 28.16553 ], [ 85.44325, 28.16554 ], [ 85.44325, 28.16535 ], [ 85.44345, 28.16536 ], [ 85.44346, 28.165 ], [ 85.44427, 28.16501 ], [ 85.44427, 28.16482 ], [ 85.44468, 28.16483 ], [ 85.44468, 28.16465 ], [ 85.44428, 28.16464 ], [ 85.44449, 28.16392 ], [ 85.44754, 28.16414 ], [ 85.44755, 28.16396 ], [ 85.44795, 28.16396 ], [ 85.44796, 28.1636 ], [ 85.44959, 28.16362 ], [ 85.44959, 28.16344 ], [ 85.44979, 28.16344 ], [ 85.4498, 28.16308 ], [ 85.45061, 28.16309 ], [ 85.45062, 28.16291 ], [ 85.45102, 28.16292 ], [ 85.45103, 28.16274 ], [ 85.45306, 28.16276 ], [ 85.45305, 28.1633 ], [ 85.45326, 28.1633 ], [ 85.45347, 28.16294 ], [ 85.45387, 28.16295 ], [ 85.45387, 28.16313 ], [ 85.4555, 28.16315 ], [ 85.4555, 28.16333 ], [ 85.45489, 28.16332 ], [ 85.45488, 28.1635 ], [ 85.45651, 28.16352 ], [ 85.45651, 28.16406 ], [ 85.45875, 28.16409 ], [ 85.45875, 28.16391 ], [ 85.45916, 28.16391 ], [ 85.45915, 28.16427 ], [ 85.46017, 28.16428 ], [ 85.46017, 28.1641 ], [ 85.46078, 28.16411 ], [ 85.46079, 28.16393 ], [ 85.4616, 28.16394 ], [ 85.46181, 28.16358 ], [ 85.46629, 28.16363 ], [ 85.4663, 28.16273 ], [ 85.46528, 28.16272 ], [ 85.46528, 28.16326 ], [ 85.46507, 28.16325 ], [ 85.46508, 28.16289 ], [ 85.46467, 28.16289 ], [ 85.46467, 28.16271 ], [ 85.46447, 28.16271 ], [ 85.46447, 28.16289 ], [ 85.46406, 28.16288 ], [ 85.46406, 28.1627 ], [ 85.46386, 28.1627 ], [ 85.46385, 28.16306 ], [ 85.46283, 28.16305 ], [ 85.46264, 28.16269 ], [ 85.46141, 28.16267 ], [ 85.46141, 28.16285 ], [ 85.4608, 28.16285 ], [ 85.46059, 28.1632 ], [ 85.46039, 28.1632 ], [ 85.46039, 28.16284 ], [ 85.45999, 28.16284 ], [ 85.45998, 28.16338 ], [ 85.45896, 28.16337 ], [ 85.45876, 28.163 ], [ 85.45815, 28.163 ], [ 85.45816, 28.16264 ], [ 85.45754, 28.16263 ], [ 85.45755, 28.16245 ], [ 85.45673, 28.16244 ], [ 85.45674, 28.16208 ], [ 85.45633, 28.16207 ], [ 85.45633, 28.16189 ], [ 85.45613, 28.16189 ], [ 85.45612, 28.16243 ], [ 85.45571, 28.16243 ], [ 85.45572, 28.16207 ], [ 85.45511, 28.16206 ], [ 85.45511, 28.16188 ], [ 85.4543, 28.16187 ], [ 85.4543, 28.16151 ], [ 85.45389, 28.1615 ], [ 85.45388, 28.16241 ], [ 85.45368, 28.1624 ], [ 85.45368, 28.16204 ], [ 85.45328, 28.16186 ], [ 85.45328, 28.1615 ], [ 85.45287, 28.16167 ], [ 85.45288, 28.16149 ], [ 85.45247, 28.16149 ], [ 85.45247, 28.16167 ], [ 85.45226, 28.16167 ], [ 85.45226, 28.16221 ], [ 85.45205, 28.16221 ], [ 85.45205, 28.16239 ], [ 85.45144, 28.16238 ], [ 85.45144, 28.16202 ], [ 85.45104, 28.16201 ], [ 85.45104, 28.16183 ], [ 85.45084, 28.16183 ], [ 85.45083, 28.16237 ], [ 85.45062, 28.16237 ], [ 85.45063, 28.16201 ], [ 85.45022, 28.16182 ], [ 85.45023, 28.16146 ], [ 85.45003, 28.16146 ], [ 85.45001, 28.16254 ], [ 85.4496, 28.16272 ], [ 85.44961, 28.16236 ], [ 85.44859, 28.16235 ], [ 85.44858, 28.16289 ], [ 85.44838, 28.16289 ], [ 85.44837, 28.16325 ], [ 85.44694, 28.16323 ], [ 85.44694, 28.16341 ], [ 85.44654, 28.16341 ], [ 85.44654, 28.16323 ], [ 85.44572, 28.16322 ], [ 85.44573, 28.16286 ], [ 85.44552, 28.16285 ], [ 85.44552, 28.16303 ], [ 85.44532, 28.16303 ], [ 85.44531, 28.16357 ], [ 85.4449, 28.16357 ], [ 85.44491, 28.16339 ], [ 85.4445, 28.16338 ], [ 85.4445, 28.1632 ], [ 85.44389, 28.1632 ], [ 85.44388, 28.16392 ], [ 85.44408, 28.16392 ], [ 85.44408, 28.1641 ], [ 85.44367, 28.1641 ], [ 85.44368, 28.16392 ], [ 85.44347, 28.16391 ], [ 85.44346, 28.16482 ], [ 85.44326, 28.16481 ], [ 85.44326, 28.16463 ], [ 85.44285, 28.16481 ], [ 85.44285, 28.16463 ], [ 85.44224, 28.16462 ], [ 85.44224, 28.1648 ], [ 85.44163, 28.16479 ], [ 85.44183, 28.16516 ], [ 85.44142, 28.16515 ], [ 85.44142, 28.16533 ], [ 85.44101, 28.16533 ], [ 85.44101, 28.16515 ], [ 85.4404, 28.16514 ], [ 85.44039, 28.1655 ], [ 85.43999, 28.1655 ], [ 85.43997, 28.16658 ], [ 85.43977, 28.16658 ], [ 85.43977, 28.16622 ], [ 85.43916, 28.16621 ], [ 85.43916, 28.16657 ], [ 85.43895, 28.16657 ], [ 85.43896, 28.16621 ], [ 85.43855, 28.1662 ], [ 85.43855, 28.16602 ], [ 85.43835, 28.16602 ], [ 85.43834, 28.16674 ], [ 85.43793, 28.16674 ], [ 85.43793, 28.16656 ], [ 85.43773, 28.16656 ], [ 85.43774, 28.16619 ], [ 85.43753, 28.16619 ], [ 85.43751, 28.16782 ], [ 85.43731, 28.16781 ], [ 85.43731, 28.16727 ], [ 85.43691, 28.16727 ], [ 85.43691, 28.16709 ], [ 85.43671, 28.16709 ], [ 85.43671, 28.16672 ], [ 85.4363, 28.16672 ], [ 85.43631, 28.16654 ], [ 85.43569, 28.16653 ], [ 85.4357, 28.16599 ], [ 85.4355, 28.16599 ], [ 85.4355, 28.16563 ], [ 85.4351, 28.16562 ], [ 85.4351, 28.16544 ], [ 85.4349, 28.16544 ], [ 85.4349, 28.1649 ], [ 85.4347, 28.1649 ], [ 85.4347, 28.16508 ], [ 85.43429, 28.16489 ], [ 85.4343, 28.16435 ], [ 85.4341, 28.16435 ], [ 85.4341, 28.16381 ], [ 85.4337, 28.1638 ], [ 85.4337, 28.16344 ], [ 85.4335, 28.16344 ], [ 85.43351, 28.16272 ], [ 85.4331, 28.16271 ], [ 85.43311, 28.16253 ], [ 85.4329, 28.16253 ], [ 85.43291, 28.16217 ], [ 85.4327, 28.16217 ], [ 85.43271, 28.1618 ], [ 85.4323, 28.1618 ], [ 85.43231, 28.16126 ], [ 85.43211, 28.16126 ], [ 85.43211, 28.16108 ], [ 85.43231, 28.16108 ], [ 85.43232, 28.16054 ], [ 85.43252, 28.16054 ], [ 85.43253, 28.16036 ], [ 85.43232, 28.16036 ], [ 85.43212, 28.15999 ], [ 85.43253, 28.16 ], [ 85.43254, 28.15946 ], [ 85.43396, 28.15947 ], [ 85.43397, 28.15929 ], [ 85.43437, 28.1593 ], [ 85.43439, 28.15839 ], [ 85.43459, 28.1584 ], [ 85.4346, 28.15786 ], [ 85.4344, 28.15785 ], [ 85.4344, 28.15767 ], [ 85.4346, 28.15767 ], [ 85.43461, 28.15677 ], [ 85.43421, 28.15677 ], [ 85.43421, 28.15659 ], [ 85.43441, 28.15659 ], [ 85.43442, 28.15623 ], [ 85.43483, 28.15623 ], [ 85.43482, 28.15641 ], [ 85.43564, 28.15642 ], [ 85.43565, 28.15552 ], [ 85.43606, 28.15553 ], [ 85.43607, 28.15462 ], [ 85.43587, 28.15462 ], [ 85.43587, 28.15426 ], [ 85.43648, 28.15427 ], [ 85.43649, 28.15409 ], [ 85.43628, 28.15408 ], [ 85.43629, 28.1539 ], [ 85.43649, 28.15391 ], [ 85.4365, 28.15336 ], [ 85.43813, 28.15338 ], [ 85.43813, 28.15284 ], [ 85.43793, 28.15284 ], [ 85.43794, 28.15248 ], [ 85.43814, 28.15248 ], [ 85.43814, 28.1523 ], [ 85.43794, 28.1523 ], [ 85.43794, 28.15212 ], [ 85.43814, 28.15212 ], [ 85.43815, 28.15194 ], [ 85.43876, 28.15195 ], [ 85.43876, 28.15159 ], [ 85.43897, 28.15159 ], [ 85.43897, 28.15141 ], [ 85.4406, 28.15143 ], [ 85.4406, 28.15125 ], [ 85.44101, 28.15125 ], [ 85.44101, 28.15089 ], [ 85.44122, 28.15089 ], [ 85.44122, 28.15071 ], [ 85.44163, 28.15072 ], [ 85.44163, 28.15053 ], [ 85.44204, 28.15054 ], [ 85.44204, 28.15036 ], [ 85.44244, 28.15054 ], [ 85.44245, 28.15 ], [ 85.44327, 28.15001 ], [ 85.44327, 28.14983 ], [ 85.44347, 28.14983 ], [ 85.44348, 28.14947 ], [ 85.4445, 28.14948 ], [ 85.4445, 28.14894 ], [ 85.44511, 28.14895 ], [ 85.44512, 28.14859 ], [ 85.44573, 28.1486 ], [ 85.44574, 28.14805 ], [ 85.44818, 28.14808 ], [ 85.44818, 28.14844 ], [ 85.44899, 28.14845 ], [ 85.44899, 28.14827 ], [ 85.45022, 28.14829 ], [ 85.45022, 28.14792 ], [ 85.45063, 28.14793 ], [ 85.45063, 28.14775 ], [ 85.4543, 28.14779 ], [ 85.4545, 28.14743 ], [ 85.45573, 28.14726 ], [ 85.45594, 28.14691 ], [ 85.45675, 28.14692 ], [ 85.45675, 28.1471 ], [ 85.45736, 28.1471 ], [ 85.45737, 28.14656 ], [ 85.45757, 28.14656 ], [ 85.45757, 28.14638 ], [ 85.45818, 28.14639 ], [ 85.45818, 28.14657 ], [ 85.45961, 28.14659 ], [ 85.45961, 28.14677 ], [ 85.46103, 28.14678 ], [ 85.46124, 28.14642 ], [ 85.46246, 28.14644 ], [ 85.46246, 28.14626 ], [ 85.46226, 28.14626 ], [ 85.46227, 28.14553 ], [ 85.46288, 28.14554 ], [ 85.4629, 28.14446 ], [ 85.46371, 28.14447 ], [ 85.46371, 28.14429 ], [ 85.46432, 28.14429 ], [ 85.46433, 28.14375 ], [ 85.46454, 28.14375 ], [ 85.46454, 28.14339 ], [ 85.46495, 28.14358 ], [ 85.46495, 28.1434 ], [ 85.46536, 28.1434 ], [ 85.46516, 28.14304 ], [ 85.46536, 28.14304 ], [ 85.46536, 28.14286 ], [ 85.46597, 28.14287 ], [ 85.46619, 28.14215 ], [ 85.46741, 28.14198 ], [ 85.46741, 28.1418 ], [ 85.46762, 28.1418 ], [ 85.46762, 28.14144 ], [ 85.46823, 28.14145 ], [ 85.46844, 28.14109 ], [ 85.46926, 28.1411 ], [ 85.46926, 28.14074 ], [ 85.46967, 28.14074 ], [ 85.46967, 28.14056 ], [ 85.46988, 28.14056 ], [ 85.46988, 28.14002 ], [ 85.47009, 28.14003 ], [ 85.47009, 28.13966 ], [ 85.4705, 28.13967 ], [ 85.4705, 28.13949 ], [ 85.47091, 28.13949 ], [ 85.47091, 28.13931 ], [ 85.47132, 28.13932 ], [ 85.47132, 28.13914 ], [ 85.47173, 28.13914 ], [ 85.47173, 28.13896 ], [ 85.47255, 28.13879 ], [ 85.47255, 28.13843 ], [ 85.47174, 28.13824 ], [ 85.47174, 28.13806 ], [ 85.47195, 28.13806 ], [ 85.47195, 28.13788 ], [ 85.47175, 28.13788 ], [ 85.47196, 28.13716 ], [ 85.47237, 28.13716 ], [ 85.47237, 28.13698 ], [ 85.47298, 28.13699 ], [ 85.47298, 28.13681 ], [ 85.47339, 28.13663 ], [ 85.4734, 28.13609 ], [ 85.47381, 28.1361 ], [ 85.47381, 28.13592 ], [ 85.47422, 28.13574 ], [ 85.47422, 28.13556 ], [ 85.47524, 28.13557 ], [ 85.47524, 28.13539 ], [ 85.47565, 28.13539 ], [ 85.47565, 28.13557 ], [ 85.47606, 28.13558 ], [ 85.47606, 28.1354 ], [ 85.47626, 28.1354 ], [ 85.47627, 28.13504 ], [ 85.47647, 28.13504 ], [ 85.47649, 28.13396 ], [ 85.47628, 28.13396 ], [ 85.47628, 28.13378 ], [ 85.47588, 28.13377 ], [ 85.47589, 28.13287 ], [ 85.47569, 28.13287 ], [ 85.47569, 28.13269 ], [ 85.47528, 28.13268 ], [ 85.47526, 28.13395 ], [ 85.47506, 28.13394 ], [ 85.47506, 28.13376 ], [ 85.47364, 28.13375 ], [ 85.47364, 28.13393 ], [ 85.47445, 28.13394 ], [ 85.47445, 28.13412 ], [ 85.47424, 28.13411 ], [ 85.47424, 28.1343 ], [ 85.47363, 28.13429 ], [ 85.47362, 28.13465 ], [ 85.47281, 28.13464 ], [ 85.4728, 28.13518 ], [ 85.47199, 28.13517 ], [ 85.47199, 28.13535 ], [ 85.47138, 28.13535 ], [ 85.47137, 28.13553 ], [ 85.47198, 28.13553 ], [ 85.47198, 28.13571 ], [ 85.47157, 28.13571 ], [ 85.47157, 28.13589 ], [ 85.47137, 28.13589 ], [ 85.47136, 28.13643 ], [ 85.47116, 28.13643 ], [ 85.47114, 28.13769 ], [ 85.47053, 28.13768 ], [ 85.47052, 28.13786 ], [ 85.47012, 28.13786 ], [ 85.47012, 28.13768 ], [ 85.46931, 28.13767 ], [ 85.4693, 28.13785 ], [ 85.4689, 28.13785 ], [ 85.46888, 28.13911 ], [ 85.46867, 28.13911 ], [ 85.46867, 28.13929 ], [ 85.46806, 28.13928 ], [ 85.46806, 28.13964 ], [ 85.46724, 28.13981 ], [ 85.46723, 28.14017 ], [ 85.46642, 28.14035 ], [ 85.46641, 28.14071 ], [ 85.466, 28.14088 ], [ 85.46579, 28.1416 ], [ 85.46518, 28.14159 ], [ 85.46517, 28.14178 ], [ 85.46416, 28.14176 ], [ 85.46415, 28.14194 ], [ 85.46456, 28.14195 ], [ 85.46456, 28.14231 ], [ 85.46415, 28.14231 ], [ 85.46414, 28.14267 ], [ 85.46374, 28.14266 ], [ 85.46373, 28.14284 ], [ 85.46312, 28.14284 ], [ 85.46291, 28.14355 ], [ 85.46311, 28.14356 ], [ 85.46311, 28.14374 ], [ 85.4627, 28.14373 ], [ 85.4627, 28.14409 ], [ 85.46249, 28.14409 ], [ 85.46248, 28.14517 ], [ 85.46187, 28.14517 ], [ 85.46187, 28.14481 ], [ 85.46167, 28.1448 ], [ 85.46166, 28.14517 ], [ 85.46146, 28.14516 ], [ 85.46147, 28.1448 ], [ 85.46086, 28.1448 ], [ 85.46085, 28.14534 ], [ 85.46004, 28.14515 ], [ 85.45983, 28.14551 ], [ 85.45901, 28.1455 ], [ 85.45882, 28.14477 ], [ 85.45841, 28.14495 ], [ 85.45841, 28.14459 ], [ 85.45821, 28.14459 ], [ 85.45821, 28.14495 ], [ 85.4578, 28.14494 ], [ 85.4578, 28.14512 ], [ 85.45718, 28.14512 ], [ 85.45718, 28.14548 ], [ 85.45698, 28.14547 ], [ 85.45697, 28.14565 ], [ 85.45636, 28.14565 ], [ 85.45636, 28.14583 ], [ 85.45677, 28.14583 ], [ 85.45676, 28.14601 ], [ 85.45514, 28.14599 ], [ 85.45513, 28.14618 ], [ 85.45473, 28.14617 ], [ 85.45472, 28.14653 ], [ 85.45452, 28.14653 ], [ 85.45452, 28.14617 ], [ 85.45432, 28.14617 ], [ 85.45431, 28.14653 ], [ 85.4535, 28.14652 ], [ 85.45349, 28.14688 ], [ 85.45309, 28.14687 ], [ 85.45308, 28.14742 ], [ 85.45206, 28.1474 ], [ 85.45207, 28.14686 ], [ 85.45187, 28.14686 ], [ 85.45187, 28.1465 ], [ 85.45167, 28.1465 ], [ 85.45166, 28.14722 ], [ 85.45145, 28.14722 ], [ 85.45145, 28.1474 ], [ 85.45125, 28.14739 ], [ 85.45125, 28.14703 ], [ 85.45105, 28.14703 ], [ 85.45105, 28.14685 ], [ 85.45085, 28.14685 ], [ 85.45084, 28.14739 ], [ 85.45064, 28.14739 ], [ 85.45064, 28.14703 ], [ 85.45044, 28.14702 ], [ 85.45044, 28.14684 ], [ 85.44983, 28.14684 ], [ 85.44983, 28.14702 ], [ 85.44942, 28.14701 ], [ 85.44962, 28.14738 ], [ 85.4488, 28.14737 ], [ 85.44881, 28.14701 ], [ 85.4484, 28.14718 ], [ 85.4484, 28.147 ], [ 85.4482, 28.147 ], [ 85.44821, 28.14646 ], [ 85.4478, 28.14645 ], [ 85.44778, 28.14754 ], [ 85.44758, 28.14753 ], [ 85.44758, 28.14735 ], [ 85.44718, 28.14717 ], [ 85.44718, 28.14681 ], [ 85.44657, 28.1468 ], [ 85.44657, 28.14662 ], [ 85.44637, 28.14662 ], [ 85.44636, 28.14752 ], [ 85.44615, 28.14752 ], [ 85.44616, 28.14734 ], [ 85.44514, 28.14733 ], [ 85.44493, 28.14768 ], [ 85.44432, 28.14768 ], [ 85.44431, 28.14804 ], [ 85.44391, 28.14785 ], [ 85.4439, 28.14821 ], [ 85.4437, 28.14821 ], [ 85.4437, 28.14785 ], [ 85.4435, 28.14785 ], [ 85.4435, 28.14821 ], [ 85.44309, 28.1482 ], [ 85.44288, 28.14856 ], [ 85.44247, 28.14874 ], [ 85.44246, 28.14928 ], [ 85.44185, 28.14927 ], [ 85.44205, 28.14964 ], [ 85.44164, 28.14963 ], [ 85.44164, 28.14981 ], [ 85.44021, 28.1498 ], [ 85.44022, 28.14962 ], [ 85.44001, 28.14961 ], [ 85.44001, 28.14997 ], [ 85.4398, 28.14997 ], [ 85.43979, 28.15106 ], [ 85.43959, 28.15105 ], [ 85.43939, 28.15033 ], [ 85.43919, 28.15033 ], [ 85.43918, 28.15069 ], [ 85.43837, 28.15068 ], [ 85.43837, 28.15086 ], [ 85.43816, 28.15086 ], [ 85.43817, 28.15068 ], [ 85.43776, 28.15067 ], [ 85.43774, 28.15175 ], [ 85.43754, 28.15175 ], [ 85.43752, 28.15302 ], [ 85.43732, 28.15301 ], [ 85.43712, 28.15265 ], [ 85.43671, 28.15283 ], [ 85.4367, 28.15319 ], [ 85.4365, 28.15318 ], [ 85.43651, 28.15264 ], [ 85.4361, 28.15264 ], [ 85.4361, 28.153 ], [ 85.43528, 28.15299 ], [ 85.43527, 28.15353 ], [ 85.43548, 28.15353 ], [ 85.43547, 28.15407 ], [ 85.43526, 28.15407 ], [ 85.43525, 28.15516 ], [ 85.43484, 28.15515 ], [ 85.43485, 28.15479 ], [ 85.43464, 28.15479 ], [ 85.43464, 28.15515 ], [ 85.43423, 28.15514 ], [ 85.43423, 28.1555 ], [ 85.43382, 28.1555 ], [ 85.43382, 28.15568 ], [ 85.43361, 28.15568 ], [ 85.43361, 28.15586 ], [ 85.43401, 28.15604 ], [ 85.43401, 28.15622 ], [ 85.4336, 28.15622 ], [ 85.43359, 28.15712 ], [ 85.43298, 28.15711 ], [ 85.43298, 28.1573 ], [ 85.43277, 28.15729 ], [ 85.43276, 28.15801 ], [ 85.43317, 28.15802 ], [ 85.43317, 28.1582 ], [ 85.43296, 28.1582 ], [ 85.43296, 28.15856 ], [ 85.43235, 28.15855 ], [ 85.43235, 28.15873 ], [ 85.43194, 28.15873 ], [ 85.43194, 28.15891 ], [ 85.43214, 28.15891 ], [ 85.43213, 28.15927 ], [ 85.43193, 28.15927 ], [ 85.43191, 28.16071 ], [ 85.43171, 28.16071 ], [ 85.43171, 28.16035 ], [ 85.4311, 28.16034 ], [ 85.4311, 28.16052 ], [ 85.43089, 28.16052 ], [ 85.4309, 28.16034 ], [ 85.43049, 28.16034 ], [ 85.43049, 28.16015 ], [ 85.42968, 28.16015 ], [ 85.42968, 28.15978 ], [ 85.42928, 28.15978 ], [ 85.42928, 28.1596 ], [ 85.42907, 28.1596 ], [ 85.42908, 28.15924 ], [ 85.42888, 28.15923 ], [ 85.42887, 28.15941 ], [ 85.42847, 28.15923 ], [ 85.42848, 28.15869 ], [ 85.42827, 28.15869 ], [ 85.42828, 28.1585 ], [ 85.42726, 28.15849 ], [ 85.42725, 28.15867 ], [ 85.42705, 28.15867 ], [ 85.42705, 28.15849 ], [ 85.42644, 28.15848 ], [ 85.42645, 28.15812 ], [ 85.42564, 28.15793 ], [ 85.42564, 28.15739 ], [ 85.42544, 28.15739 ], [ 85.42544, 28.15757 ], [ 85.42483, 28.15756 ], [ 85.42483, 28.15738 ], [ 85.42381, 28.15737 ], [ 85.42381, 28.15719 ], [ 85.42422, 28.15719 ], [ 85.42422, 28.15701 ], [ 85.42382, 28.15701 ], [ 85.42382, 28.15665 ], [ 85.42403, 28.15665 ], [ 85.42383, 28.15629 ], [ 85.42423, 28.15629 ], [ 85.42424, 28.15593 ], [ 85.42404, 28.15593 ], [ 85.42425, 28.15557 ], [ 85.42608, 28.15559 ], [ 85.42608, 28.15541 ], [ 85.42588, 28.15541 ], [ 85.42588, 28.15505 ], [ 85.42609, 28.15505 ], [ 85.42609, 28.15487 ], [ 85.42568, 28.15487 ], [ 85.42568, 28.15468 ], [ 85.42589, 28.15469 ], [ 85.42589, 28.15451 ], [ 85.42569, 28.1545 ], [ 85.42569, 28.15414 ], [ 85.4259, 28.15415 ], [ 85.4259, 28.15378 ], [ 85.4257, 28.15378 ], [ 85.4257, 28.1536 ], [ 85.4259, 28.1536 ], [ 85.42591, 28.15306 ], [ 85.42652, 28.15307 ], [ 85.42654, 28.15181 ], [ 85.42674, 28.15181 ], [ 85.42675, 28.15127 ], [ 85.42716, 28.15127 ], [ 85.42717, 28.15037 ], [ 85.42677, 28.15036 ], [ 85.42678, 28.14964 ], [ 85.42698, 28.14965 ], [ 85.42679, 28.14892 ], [ 85.42699, 28.14892 ], [ 85.427, 28.14838 ], [ 85.4272, 28.14838 ], [ 85.4272, 28.14856 ], [ 85.42761, 28.14857 ], [ 85.42761, 28.14821 ], [ 85.42782, 28.14821 ], [ 85.42782, 28.14767 ], [ 85.42823, 28.14785 ], [ 85.42824, 28.14713 ], [ 85.42783, 28.14713 ], [ 85.42783, 28.14695 ], [ 85.42804, 28.14695 ], [ 85.42805, 28.14623 ], [ 85.42764, 28.14604 ], [ 85.42765, 28.14586 ], [ 85.42805, 28.14587 ], [ 85.42806, 28.14533 ], [ 85.42786, 28.14532 ], [ 85.42786, 28.14496 ], [ 85.42807, 28.14496 ], [ 85.42809, 28.14352 ], [ 85.42748, 28.14351 ], [ 85.42749, 28.14243 ], [ 85.42831, 28.14226 ], [ 85.42832, 28.14172 ], [ 85.42791, 28.14189 ], [ 85.42792, 28.14081 ], [ 85.42813, 28.14081 ], [ 85.42813, 28.14045 ], [ 85.42854, 28.14046 ], [ 85.42854, 28.1401 ], [ 85.42895, 28.1401 ], [ 85.42896, 28.13938 ], [ 85.42876, 28.13938 ], [ 85.42876, 28.1392 ], [ 85.42896, 28.1392 ], [ 85.42897, 28.13866 ], [ 85.42938, 28.13866 ], [ 85.42939, 28.1383 ], [ 85.42959, 28.1383 ], [ 85.42961, 28.13704 ], [ 85.4292, 28.13686 ], [ 85.42921, 28.13667 ], [ 85.42941, 28.13668 ], [ 85.42942, 28.13614 ], [ 85.42982, 28.13614 ], [ 85.42983, 28.13578 ], [ 85.43023, 28.13596 ], [ 85.43024, 28.1356 ], [ 85.43065, 28.13543 ], [ 85.43066, 28.13489 ], [ 85.43106, 28.13489 ], [ 85.43107, 28.13471 ], [ 85.43127, 28.13471 ], [ 85.43127, 28.13453 ], [ 85.43148, 28.13453 ], [ 85.43148, 28.13417 ], [ 85.43209, 28.13418 ], [ 85.4321, 28.13346 ], [ 85.43231, 28.13346 ], [ 85.43231, 28.13328 ], [ 85.43313, 28.13311 ], [ 85.43313, 28.13275 ], [ 85.43435, 28.13276 ], [ 85.43436, 28.1324 ], [ 85.43456, 28.1324 ], [ 85.43457, 28.13186 ], [ 85.43437, 28.13186 ], [ 85.43437, 28.13168 ], [ 85.43518, 28.13169 ], [ 85.43519, 28.13115 ], [ 85.4358, 28.13115 ], [ 85.43583, 28.12899 ], [ 85.43766, 28.12919 ], [ 85.43767, 28.12883 ], [ 85.43787, 28.12883 ], [ 85.43787, 28.12865 ], [ 85.43869, 28.12866 ], [ 85.43869, 28.1283 ], [ 85.44073, 28.12832 ], [ 85.44073, 28.12796 ], [ 85.44094, 28.12796 ], [ 85.44094, 28.12778 ], [ 85.44338, 28.12781 ], [ 85.44339, 28.12763 ], [ 85.44379, 28.12764 ], [ 85.4438, 28.12727 ], [ 85.44421, 28.12728 ], [ 85.44421, 28.1271 ], [ 85.44482, 28.12711 ], [ 85.44482, 28.12692 ], [ 85.44686, 28.12695 ], [ 85.44686, 28.12677 ], [ 85.44727, 28.12659 ], [ 85.44728, 28.12623 ], [ 85.44768, 28.12624 ], [ 85.44768, 28.12605 ], [ 85.44809, 28.12588 ], [ 85.4481, 28.1257 ], [ 85.4485, 28.1257 ], [ 85.44851, 28.12516 ], [ 85.44872, 28.12516 ], [ 85.44872, 28.12462 ], [ 85.44893, 28.12462 ], [ 85.44893, 28.12426 ], [ 85.44934, 28.12427 ], [ 85.44936, 28.12319 ], [ 85.44895, 28.12318 ], [ 85.44896, 28.12264 ], [ 85.44936, 28.12264 ], [ 85.44937, 28.12228 ], [ 85.44896, 28.12228 ], [ 85.44896, 28.1221 ], [ 85.44876, 28.1221 ], [ 85.44877, 28.12173 ], [ 85.44815, 28.12173 ], [ 85.44794, 28.12245 ], [ 85.44774, 28.12245 ], [ 85.44773, 28.12263 ], [ 85.44733, 28.12262 ], [ 85.44732, 28.12298 ], [ 85.44712, 28.12298 ], [ 85.44712, 28.12316 ], [ 85.44671, 28.12316 ], [ 85.4467, 28.12352 ], [ 85.44691, 28.12352 ], [ 85.4469, 28.1237 ], [ 85.44629, 28.12369 ], [ 85.44629, 28.12405 ], [ 85.44568, 28.12405 ], [ 85.44567, 28.12477 ], [ 85.44587, 28.12477 ], [ 85.44585, 28.1264 ], [ 85.44483, 28.12638 ], [ 85.44483, 28.12602 ], [ 85.44463, 28.12602 ], [ 85.44464, 28.12512 ], [ 85.44302, 28.1251 ], [ 85.44301, 28.12546 ], [ 85.4422, 28.12545 ], [ 85.44219, 28.12581 ], [ 85.44199, 28.12581 ], [ 85.44198, 28.12599 ], [ 85.44158, 28.12599 ], [ 85.44159, 28.12544 ], [ 85.44138, 28.12544 ], [ 85.44136, 28.12725 ], [ 85.44075, 28.12724 ], [ 85.44076, 28.12652 ], [ 85.44035, 28.12651 ], [ 85.44035, 28.12633 ], [ 85.43974, 28.12633 ], [ 85.43972, 28.12759 ], [ 85.43952, 28.12759 ], [ 85.43953, 28.12705 ], [ 85.43932, 28.12704 ], [ 85.43933, 28.12686 ], [ 85.43892, 28.12686 ], [ 85.43891, 28.12776 ], [ 85.4387, 28.12776 ], [ 85.4385, 28.12739 ], [ 85.4381, 28.12739 ], [ 85.43809, 28.12757 ], [ 85.43789, 28.12757 ], [ 85.43789, 28.12739 ], [ 85.43769, 28.12739 ], [ 85.43769, 28.12702 ], [ 85.43749, 28.12702 ], [ 85.43748, 28.12792 ], [ 85.43727, 28.12792 ], [ 85.43728, 28.12756 ], [ 85.43667, 28.12755 ], [ 85.43666, 28.12828 ], [ 85.43645, 28.12827 ], [ 85.43646, 28.12791 ], [ 85.43585, 28.12791 ], [ 85.43584, 28.12827 ], [ 85.43503, 28.12826 ], [ 85.435, 28.13006 ], [ 85.4348, 28.13006 ], [ 85.4348, 28.12988 ], [ 85.43419, 28.12987 ], [ 85.43418, 28.13077 ], [ 85.43336, 28.13095 ], [ 85.43334, 28.13239 ], [ 85.43314, 28.13239 ], [ 85.43314, 28.13185 ], [ 85.43253, 28.13184 ], [ 85.43253, 28.13238 ], [ 85.43212, 28.13238 ], [ 85.43212, 28.13201 ], [ 85.43192, 28.13201 ], [ 85.43192, 28.13237 ], [ 85.4313, 28.13237 ], [ 85.4313, 28.13273 ], [ 85.4311, 28.13273 ], [ 85.43108, 28.13381 ], [ 85.42986, 28.13397 ], [ 85.42985, 28.13434 ], [ 85.42944, 28.13433 ], [ 85.42944, 28.13451 ], [ 85.42924, 28.13451 ], [ 85.42923, 28.13487 ], [ 85.42882, 28.13487 ], [ 85.42882, 28.13541 ], [ 85.42861, 28.1354 ], [ 85.42857, 28.13811 ], [ 85.42837, 28.13811 ], [ 85.42836, 28.13883 ], [ 85.42795, 28.13883 ], [ 85.42795, 28.13901 ], [ 85.42714, 28.139 ], [ 85.42733, 28.13936 ], [ 85.42774, 28.13937 ], [ 85.42774, 28.13955 ], [ 85.42733, 28.13954 ], [ 85.42733, 28.1399 ], [ 85.42712, 28.1399 ], [ 85.42712, 28.14008 ], [ 85.42671, 28.14008 ], [ 85.4267, 28.1408 ], [ 85.42691, 28.1408 ], [ 85.4269, 28.14098 ], [ 85.4265, 28.14098 ], [ 85.42649, 28.14134 ], [ 85.42588, 28.14133 ], [ 85.42587, 28.14187 ], [ 85.42607, 28.14187 ], [ 85.42607, 28.14241 ], [ 85.42586, 28.14241 ], [ 85.42586, 28.14259 ], [ 85.42668, 28.1426 ], [ 85.42666, 28.14332 ], [ 85.42707, 28.14333 ], [ 85.42707, 28.14369 ], [ 85.42686, 28.14369 ], [ 85.42686, 28.14387 ], [ 85.42706, 28.14387 ], [ 85.42706, 28.14405 ], [ 85.42686, 28.14405 ], [ 85.42685, 28.14441 ], [ 85.42726, 28.14441 ], [ 85.42725, 28.14532 ], [ 85.42745, 28.14532 ], [ 85.42745, 28.1455 ], [ 85.42724, 28.1455 ], [ 85.42722, 28.1473 ], [ 85.42701, 28.1473 ], [ 85.42702, 28.14712 ], [ 85.42661, 28.14711 ], [ 85.42661, 28.14729 ], [ 85.4264, 28.14729 ], [ 85.42638, 28.14874 ], [ 85.42577, 28.14873 ], [ 85.42576, 28.14927 ], [ 85.42536, 28.14927 ], [ 85.42535, 28.14963 ], [ 85.42494, 28.1498 ], [ 85.42494, 28.15016 ], [ 85.42534, 28.15017 ], [ 85.42527, 28.15504 ], [ 85.42487, 28.15486 ], [ 85.42487, 28.15449 ], [ 85.42467, 28.15449 ], [ 85.42467, 28.15467 ], [ 85.42446, 28.15467 ], [ 85.42446, 28.15503 ], [ 85.42425, 28.15503 ], [ 85.42425, 28.15539 ], [ 85.42404, 28.15539 ], [ 85.42405, 28.15485 ], [ 85.42365, 28.15466 ], [ 85.42361, 28.15701 ], [ 85.42341, 28.157 ], [ 85.42341, 28.15682 ], [ 85.42239, 28.15681 ], [ 85.42241, 28.15591 ], [ 85.4218, 28.1559 ], [ 85.42179, 28.15626 ], [ 85.42138, 28.15626 ], [ 85.42117, 28.15662 ], [ 85.42036, 28.15661 ], [ 85.42036, 28.15679 ], [ 85.41995, 28.15678 ], [ 85.41995, 28.1566 ], [ 85.41975, 28.1566 ], [ 85.41975, 28.15678 ], [ 85.41893, 28.15677 ], [ 85.41894, 28.15659 ], [ 85.41853, 28.15659 ], [ 85.41853, 28.15677 ], [ 85.41812, 28.15676 ], [ 85.41812, 28.15658 ], [ 85.41608, 28.15656 ], [ 85.41608, 28.15692 ], [ 85.41567, 28.15692 ], [ 85.41547, 28.15655 ], [ 85.41425, 28.15654 ], [ 85.41426, 28.15618 ], [ 85.41385, 28.15617 ], [ 85.41385, 28.15599 ], [ 85.41344, 28.15617 ], [ 85.41345, 28.15599 ], [ 85.41324, 28.15598 ], [ 85.41325, 28.15562 ], [ 85.41304, 28.15562 ], [ 85.41304, 28.15616 ], [ 85.41263, 28.15598 ], [ 85.41264, 28.15562 ], [ 85.41223, 28.15561 ], [ 85.41222, 28.15615 ], [ 85.41161, 28.15615 ], [ 85.41162, 28.15579 ], [ 85.41121, 28.15578 ], [ 85.41101, 28.15506 ], [ 85.41081, 28.15505 ], [ 85.41081, 28.15542 ], [ 85.4106, 28.15541 ], [ 85.41061, 28.15505 ], [ 85.4102, 28.15523 ], [ 85.4102, 28.15487 ], [ 85.40959, 28.15486 ], [ 85.4096, 28.1545 ], [ 85.40919, 28.15449 ], [ 85.40919, 28.15467 ], [ 85.40776, 28.15466 ], [ 85.40776, 28.15484 ], [ 85.40756, 28.15484 ], [ 85.40756, 28.15466 ], [ 85.40735, 28.15465 ], [ 85.40735, 28.15483 ], [ 85.40654, 28.15482 ], [ 85.40654, 28.15464 ], [ 85.40613, 28.15464 ], [ 85.40613, 28.15482 ], [ 85.40572, 28.15481 ], [ 85.40573, 28.15463 ], [ 85.40491, 28.15462 ], [ 85.40492, 28.15426 ], [ 85.40471, 28.15426 ], [ 85.40471, 28.15462 ], [ 85.4045, 28.15462 ], [ 85.40451, 28.15426 ], [ 85.40431, 28.15426 ], [ 85.40431, 28.15408 ], [ 85.4039, 28.15407 ], [ 85.40389, 28.15479 ], [ 85.40369, 28.15479 ], [ 85.40369, 28.15461 ], [ 85.40328, 28.15461 ], [ 85.40329, 28.15424 ], [ 85.40227, 28.15423 ], [ 85.40227, 28.15441 ], [ 85.40186, 28.15441 ], [ 85.40186, 28.15423 ], [ 85.40064, 28.15403 ], [ 85.40065, 28.15385 ], [ 85.40085, 28.15386 ], [ 85.40086, 28.15349 ], [ 85.40065, 28.15349 ], [ 85.40065, 28.15331 ], [ 85.40086, 28.15331 ], [ 85.40086, 28.15313 ], [ 85.40066, 28.15313 ], [ 85.40066, 28.15277 ], [ 85.40087, 28.15277 ], [ 85.40087, 28.15259 ], [ 85.40066, 28.15259 ], [ 85.40067, 28.15223 ], [ 85.40087, 28.15223 ], [ 85.40088, 28.15169 ], [ 85.40109, 28.15169 ], [ 85.40109, 28.15133 ], [ 85.40089, 28.15133 ], [ 85.40089, 28.15115 ], [ 85.40109, 28.15115 ], [ 85.40111, 28.15025 ], [ 85.40192, 28.15026 ], [ 85.40192, 28.15008 ], [ 85.40152, 28.15007 ], [ 85.40152, 28.14989 ], [ 85.40132, 28.14989 ], [ 85.40132, 28.14971 ], [ 85.40173, 28.14971 ], [ 85.40173, 28.14935 ], [ 85.40153, 28.14935 ], [ 85.40153, 28.14917 ], [ 85.40194, 28.14917 ], [ 85.40194, 28.14899 ], [ 85.40153, 28.14899 ], [ 85.40133, 28.14863 ], [ 85.40195, 28.14863 ], [ 85.40195, 28.14827 ], [ 85.40256, 28.14828 ], [ 85.40257, 28.14792 ], [ 85.40297, 28.14792 ], [ 85.40298, 28.14756 ], [ 85.40257, 28.14756 ], [ 85.40258, 28.14702 ], [ 85.40177, 28.14701 ], [ 85.40176, 28.14737 ], [ 85.40156, 28.14737 ], [ 85.40156, 28.147 ], [ 85.40116, 28.147 ], [ 85.40115, 28.14736 ], [ 85.40074, 28.14736 ], [ 85.40074, 28.14754 ], [ 85.40135, 28.14754 ], [ 85.40135, 28.14772 ], [ 85.40114, 28.14772 ], [ 85.40111, 28.14989 ], [ 85.40091, 28.14988 ], [ 85.4009, 28.15025 ], [ 85.4007, 28.15024 ], [ 85.4007, 28.15042 ], [ 85.40029, 28.15042 ], [ 85.40025, 28.15313 ], [ 85.40005, 28.15312 ], [ 85.40003, 28.15403 ], [ 85.39942, 28.15402 ], [ 85.39941, 28.15474 ], [ 85.39921, 28.15474 ], [ 85.3992, 28.15492 ], [ 85.3988, 28.15491 ], [ 85.3988, 28.15455 ], [ 85.39677, 28.15453 ], [ 85.39677, 28.15435 ], [ 85.39595, 28.15434 ], [ 85.39596, 28.15398 ], [ 85.39576, 28.15398 ], [ 85.39576, 28.1538 ], [ 85.39556, 28.15379 ], [ 85.39555, 28.15397 ], [ 85.39515, 28.15397 ], [ 85.39515, 28.15379 ], [ 85.39433, 28.15396 ], [ 85.39433, 28.15378 ], [ 85.3923, 28.15376 ], [ 85.39229, 28.15394 ], [ 85.39209, 28.15393 ], [ 85.39208, 28.15447 ], [ 85.39147, 28.15447 ], [ 85.39147, 28.15429 ], [ 85.38965, 28.15409 ], [ 85.38965, 28.15372 ], [ 85.38924, 28.15372 ], [ 85.38925, 28.15354 ], [ 85.38802, 28.15352 ], [ 85.38802, 28.1537 ], [ 85.38782, 28.1537 ], [ 85.38782, 28.15352 ], [ 85.38701, 28.15351 ], [ 85.38701, 28.15315 ], [ 85.38681, 28.15315 ], [ 85.38681, 28.15297 ], [ 85.38539, 28.15295 ], [ 85.38539, 28.15259 ], [ 85.38519, 28.15259 ], [ 85.38518, 28.15295 ], [ 85.38498, 28.15295 ], [ 85.38498, 28.15313 ], [ 85.38457, 28.15312 ], [ 85.38457, 28.15294 ], [ 85.38335, 28.15293 ], [ 85.38335, 28.15311 ], [ 85.38314, 28.15311 ], [ 85.38315, 28.15293 ], [ 85.38253, 28.15292 ], [ 85.38252, 28.15364 ], [ 85.38171, 28.15363 ], [ 85.38151, 28.15327 ], [ 85.3809, 28.15326 ], [ 85.38091, 28.1529 ], [ 85.3805, 28.15271 ], [ 85.38051, 28.15235 ], [ 85.3803, 28.15235 ], [ 85.38029, 28.15289 ], [ 85.38009, 28.15289 ], [ 85.38009, 28.15271 ], [ 85.37948, 28.1527 ], [ 85.37949, 28.15234 ], [ 85.37928, 28.15234 ], [ 85.37929, 28.15216 ], [ 85.37868, 28.15215 ], [ 85.37868, 28.15179 ], [ 85.37827, 28.15178 ], [ 85.37828, 28.1516 ], [ 85.37787, 28.15178 ], [ 85.37787, 28.1516 ], [ 85.37685, 28.15159 ], [ 85.37686, 28.15123 ], [ 85.37625, 28.15122 ], [ 85.37625, 28.15104 ], [ 85.37584, 28.15121 ], [ 85.37583, 28.15176 ], [ 85.37542, 28.15175 ], [ 85.37543, 28.15157 ], [ 85.37482, 28.15156 ], [ 85.37482, 28.1512 ], [ 85.37421, 28.1512 ], [ 85.37421, 28.15101 ], [ 85.37279, 28.151 ], [ 85.37279, 28.15118 ], [ 85.37258, 28.15118 ], [ 85.37258, 28.151 ], [ 85.37034, 28.15097 ], [ 85.37035, 28.15043 ], [ 85.37015, 28.15042 ], [ 85.37015, 28.15024 ], [ 85.37056, 28.15025 ], [ 85.37056, 28.14989 ], [ 85.37036, 28.14989 ], [ 85.37037, 28.14934 ], [ 85.37017, 28.14934 ], [ 85.37017, 28.14898 ], [ 85.36997, 28.14898 ], [ 85.36999, 28.14772 ], [ 85.36978, 28.14771 ], [ 85.36979, 28.14753 ], [ 85.3706, 28.14754 ], [ 85.3706, 28.14736 ], [ 85.3704, 28.14736 ], [ 85.37041, 28.14682 ], [ 85.3702, 28.14682 ], [ 85.37021, 28.14645 ], [ 85.37001, 28.14645 ], [ 85.37001, 28.14627 ], [ 85.3696, 28.14627 ], [ 85.36961, 28.14591 ], [ 85.3692, 28.1459 ], [ 85.3692, 28.14572 ], [ 85.369, 28.14572 ], [ 85.36901, 28.14518 ], [ 85.3686, 28.14517 ], [ 85.36863, 28.14337 ], [ 85.36965, 28.14338 ], [ 85.36966, 28.14212 ], [ 85.36987, 28.14212 ], [ 85.37008, 28.1414 ], [ 85.37069, 28.14141 ], [ 85.3709, 28.14105 ], [ 85.37131, 28.14105 ], [ 85.37131, 28.14087 ], [ 85.37152, 28.14087 ], [ 85.37153, 28.14015 ], [ 85.37173, 28.14016 ], [ 85.37173, 28.13997 ], [ 85.37214, 28.13998 ], [ 85.37215, 28.13944 ], [ 85.37235, 28.13944 ], [ 85.37236, 28.13908 ], [ 85.37256, 28.13908 ], [ 85.37257, 28.13854 ], [ 85.37298, 28.13855 ], [ 85.37298, 28.13818 ], [ 85.37319, 28.13819 ], [ 85.37319, 28.13783 ], [ 85.37339, 28.13783 ], [ 85.37341, 28.13693 ], [ 85.37402, 28.13693 ], [ 85.37403, 28.13621 ], [ 85.37383, 28.13621 ], [ 85.37383, 28.13567 ], [ 85.37404, 28.13567 ], [ 85.37406, 28.13441 ], [ 85.37446, 28.13441 ], [ 85.37447, 28.13423 ], [ 85.37426, 28.13423 ], [ 85.37427, 28.13387 ], [ 85.37468, 28.13387 ], [ 85.37469, 28.13315 ], [ 85.37489, 28.13315 ], [ 85.37489, 28.13297 ], [ 85.37449, 28.13297 ], [ 85.37449, 28.13279 ], [ 85.37469, 28.13279 ], [ 85.3747, 28.13207 ], [ 85.37531, 28.13208 ], [ 85.37532, 28.13171 ], [ 85.37573, 28.13172 ], [ 85.37573, 28.13154 ], [ 85.37532, 28.13153 ], [ 85.37533, 28.13117 ], [ 85.37573, 28.13118 ], [ 85.37574, 28.13082 ], [ 85.37594, 28.13082 ], [ 85.37595, 28.1301 ], [ 85.37555, 28.13009 ], [ 85.37557, 28.12847 ], [ 85.37618, 28.12848 ], [ 85.3766, 28.12776 ], [ 85.37742, 28.12777 ], [ 85.37742, 28.12759 ], [ 85.37701, 28.12758 ], [ 85.37701, 28.1274 ], [ 85.37742, 28.12723 ], [ 85.37743, 28.12687 ], [ 85.37763, 28.12687 ], [ 85.37765, 28.12597 ], [ 85.37785, 28.12597 ], [ 85.37785, 28.12561 ], [ 85.37826, 28.12579 ], [ 85.37826, 28.12543 ], [ 85.37847, 28.12543 ], [ 85.37848, 28.12489 ], [ 85.37868, 28.12489 ], [ 85.37869, 28.12453 ], [ 85.37909, 28.12454 ], [ 85.3791, 28.12418 ], [ 85.37951, 28.12418 ], [ 85.37951, 28.12382 ], [ 85.37992, 28.12383 ], [ 85.37992, 28.12365 ], [ 85.38073, 28.12366 ], [ 85.38074, 28.12329 ], [ 85.38115, 28.1233 ], [ 85.38115, 28.12312 ], [ 85.38196, 28.12313 ], [ 85.38196, 28.12331 ], [ 85.38216, 28.12331 ], [ 85.38217, 28.12277 ], [ 85.38258, 28.12277 ], [ 85.38259, 28.12223 ], [ 85.3834, 28.12224 ], [ 85.38341, 28.1217 ], [ 85.38402, 28.12171 ], [ 85.38403, 28.12135 ], [ 85.38423, 28.12135 ], [ 85.38423, 28.12117 ], [ 85.38464, 28.12136 ], [ 85.38465, 28.12081 ], [ 85.38506, 28.12064 ], [ 85.38506, 28.12028 ], [ 85.38588, 28.12029 ], [ 85.38588, 28.12011 ], [ 85.38628, 28.12011 ], [ 85.38629, 28.11975 ], [ 85.3871, 28.11976 ], [ 85.38731, 28.1194 ], [ 85.38813, 28.11923 ], [ 85.38814, 28.11887 ], [ 85.38854, 28.11887 ], [ 85.38855, 28.11869 ], [ 85.38875, 28.1187 ], [ 85.38875, 28.11834 ], [ 85.38937, 28.11834 ], [ 85.38937, 28.1178 ], [ 85.39019, 28.11781 ], [ 85.3902, 28.11709 ], [ 85.3904, 28.11709 ], [ 85.3904, 28.11691 ], [ 85.39346, 28.11695 ], [ 85.39346, 28.11677 ], [ 85.39366, 28.11677 ], [ 85.39367, 28.11641 ], [ 85.39428, 28.11641 ], [ 85.39429, 28.11605 ], [ 85.39511, 28.1157 ], [ 85.39511, 28.11534 ], [ 85.39491, 28.11534 ], [ 85.39492, 28.11426 ], [ 85.39513, 28.11426 ], [ 85.39513, 28.11372 ], [ 85.39534, 28.11372 ], [ 85.39535, 28.11318 ], [ 85.39494, 28.11299 ], [ 85.39495, 28.11263 ], [ 85.39434, 28.11262 ], [ 85.39434, 28.11244 ], [ 85.39414, 28.11244 ], [ 85.39413, 28.11262 ], [ 85.39393, 28.11262 ], [ 85.39389, 28.11533 ], [ 85.39307, 28.11532 ], [ 85.39307, 28.1155 ], [ 85.39267, 28.11549 ], [ 85.39266, 28.11567 ], [ 85.39226, 28.11567 ], [ 85.39225, 28.11621 ], [ 85.39164, 28.1162 ], [ 85.39163, 28.11656 ], [ 85.39123, 28.11638 ], [ 85.39103, 28.11565 ], [ 85.39002, 28.11564 ], [ 85.39001, 28.116 ], [ 85.38838, 28.11616 ], [ 85.38837, 28.11671 ], [ 85.38919, 28.11672 ], [ 85.38918, 28.1169 ], [ 85.38837, 28.11707 ], [ 85.38836, 28.11743 ], [ 85.38795, 28.11742 ], [ 85.38795, 28.1176 ], [ 85.38734, 28.1176 ], [ 85.38754, 28.11796 ], [ 85.38713, 28.11796 ], [ 85.38713, 28.11777 ], [ 85.38693, 28.11777 ], [ 85.38693, 28.11813 ], [ 85.38611, 28.11812 ], [ 85.3861, 28.11903 ], [ 85.38529, 28.11884 ], [ 85.38528, 28.11938 ], [ 85.38406, 28.11936 ], [ 85.38405, 28.11954 ], [ 85.38365, 28.11954 ], [ 85.38363, 28.12062 ], [ 85.38282, 28.12061 ], [ 85.3828, 28.12188 ], [ 85.38239, 28.12187 ], [ 85.3824, 28.12151 ], [ 85.38219, 28.12151 ], [ 85.38219, 28.12187 ], [ 85.38198, 28.12187 ], [ 85.38198, 28.12205 ], [ 85.38178, 28.12204 ], [ 85.38178, 28.12186 ], [ 85.38137, 28.12186 ], [ 85.38136, 28.1224 ], [ 85.38096, 28.12239 ], [ 85.38096, 28.12203 ], [ 85.38056, 28.12203 ], [ 85.38055, 28.12257 ], [ 85.37994, 28.12256 ], [ 85.37994, 28.12238 ], [ 85.37974, 28.12238 ], [ 85.37973, 28.12292 ], [ 85.37952, 28.12292 ], [ 85.37953, 28.12256 ], [ 85.37933, 28.12256 ], [ 85.37932, 28.12292 ], [ 85.37891, 28.12291 ], [ 85.37891, 28.12345 ], [ 85.37829, 28.12345 ], [ 85.37849, 28.12381 ], [ 85.37809, 28.1238 ], [ 85.37808, 28.12435 ], [ 85.37787, 28.12434 ], [ 85.37787, 28.12452 ], [ 85.37726, 28.12452 ], [ 85.37724, 28.12596 ], [ 85.37704, 28.12596 ], [ 85.37704, 28.12578 ], [ 85.37643, 28.12577 ], [ 85.37642, 28.12649 ], [ 85.3756, 28.1263 ], [ 85.37559, 28.12739 ], [ 85.37538, 28.12738 ], [ 85.37539, 28.12702 ], [ 85.37498, 28.12702 ], [ 85.37497, 28.1281 ], [ 85.37476, 28.1281 ], [ 85.37472, 28.13117 ], [ 85.37391, 28.13098 ], [ 85.37387, 28.13314 ], [ 85.37347, 28.13314 ], [ 85.37347, 28.13296 ], [ 85.37265, 28.13295 ], [ 85.37265, 28.13313 ], [ 85.37245, 28.13312 ], [ 85.37244, 28.1333 ], [ 85.37285, 28.13331 ], [ 85.37283, 28.13457 ], [ 85.37242, 28.13475 ], [ 85.37221, 28.13547 ], [ 85.37241, 28.13547 ], [ 85.37241, 28.13583 ], [ 85.37281, 28.13584 ], [ 85.37278, 28.138 ], [ 85.37258, 28.138 ], [ 85.37258, 28.13764 ], [ 85.37238, 28.13764 ], [ 85.37238, 28.13727 ], [ 85.37218, 28.13727 ], [ 85.37218, 28.13763 ], [ 85.37197, 28.13763 ], [ 85.37196, 28.13853 ], [ 85.37094, 28.13852 ], [ 85.37095, 28.13816 ], [ 85.37074, 28.13816 ], [ 85.37074, 28.13852 ], [ 85.37053, 28.13852 ], [ 85.37054, 28.13798 ], [ 85.37034, 28.13797 ], [ 85.37034, 28.13761 ], [ 85.36973, 28.1376 ], [ 85.36976, 28.13598 ], [ 85.36996, 28.13598 ], [ 85.36996, 28.1358 ], [ 85.36976, 28.1358 ], [ 85.36978, 28.13454 ], [ 85.36835, 28.13452 ], [ 85.36836, 28.13434 ], [ 85.36815, 28.13434 ], [ 85.36815, 28.13452 ], [ 85.36795, 28.13451 ], [ 85.36775, 28.13379 ], [ 85.36633, 28.13377 ], [ 85.36632, 28.13468 ], [ 85.36672, 28.13468 ], [ 85.36672, 28.13504 ], [ 85.36712, 28.13523 ], [ 85.36711, 28.13577 ], [ 85.36732, 28.13577 ], [ 85.36731, 28.13595 ], [ 85.36772, 28.13596 ], [ 85.36771, 28.1365 ], [ 85.36792, 28.1365 ], [ 85.36791, 28.13686 ], [ 85.36771, 28.13686 ], [ 85.3677, 28.13704 ], [ 85.36832, 28.13705 ], [ 85.36851, 28.13741 ], [ 85.36912, 28.13742 ], [ 85.36911, 28.13832 ], [ 85.36931, 28.13832 ], [ 85.36931, 28.13886 ], [ 85.36971, 28.13887 ], [ 85.36971, 28.13905 ], [ 85.36991, 28.13905 ], [ 85.36971, 28.13941 ], [ 85.37052, 28.13942 ], [ 85.37051, 28.13978 ], [ 85.37031, 28.13978 ], [ 85.37031, 28.14014 ], [ 85.3701, 28.14014 ], [ 85.3701, 28.1405 ], [ 85.36928, 28.14049 ], [ 85.36928, 28.14067 ], [ 85.36867, 28.14066 ], [ 85.36866, 28.14102 ], [ 85.36846, 28.14102 ], [ 85.36846, 28.1412 ], [ 85.36805, 28.14119 ], [ 85.36804, 28.14156 ], [ 85.36763, 28.14173 ], [ 85.36763, 28.14227 ], [ 85.36742, 28.14227 ], [ 85.3674, 28.14389 ], [ 85.3676, 28.1439 ], [ 85.36759, 28.14462 ], [ 85.36718, 28.14461 ], [ 85.36718, 28.14497 ], [ 85.36799, 28.14498 ], [ 85.36799, 28.14516 ], [ 85.36779, 28.14516 ], [ 85.36778, 28.14552 ], [ 85.36798, 28.14553 ], [ 85.36798, 28.14571 ], [ 85.36737, 28.1457 ], [ 85.36736, 28.14606 ], [ 85.36757, 28.14606 ], [ 85.36757, 28.14588 ], [ 85.36798, 28.14589 ], [ 85.36818, 28.14625 ], [ 85.36838, 28.14625 ], [ 85.36837, 28.14661 ], [ 85.36878, 28.14662 ], [ 85.36877, 28.14734 ], [ 85.36918, 28.14734 ], [ 85.36917, 28.14771 ], [ 85.36877, 28.1477 ], [ 85.36876, 28.14806 ], [ 85.36917, 28.14807 ], [ 85.36916, 28.14879 ], [ 85.36956, 28.14879 ], [ 85.36956, 28.14915 ], [ 85.36976, 28.14916 ], [ 85.36974, 28.15042 ], [ 85.36872, 28.15041 ], [ 85.36892, 28.15077 ], [ 85.3679, 28.15076 ], [ 85.3679, 28.15094 ], [ 85.36566, 28.15091 ], [ 85.36566, 28.15073 ], [ 85.36546, 28.15073 ], [ 85.36546, 28.15091 ], [ 85.36485, 28.1509 ], [ 85.36485, 28.15072 ], [ 85.36424, 28.15072 ], [ 85.36424, 28.1509 ], [ 85.36363, 28.15089 ], [ 85.36362, 28.15125 ], [ 85.3626, 28.15124 ], [ 85.3626, 28.15106 ], [ 85.3622, 28.15105 ], [ 85.36219, 28.15141 ], [ 85.36199, 28.15141 ], [ 85.36199, 28.15123 ], [ 85.36036, 28.15121 ], [ 85.36036, 28.15157 ], [ 85.36015, 28.15157 ], [ 85.36016, 28.15121 ], [ 85.35955, 28.1512 ], [ 85.35954, 28.15156 ], [ 85.35873, 28.15155 ], [ 85.35873, 28.15173 ], [ 85.35811, 28.15173 ], [ 85.3579, 28.15244 ], [ 85.35627, 28.15261 ], [ 85.35626, 28.15297 ], [ 85.35504, 28.15295 ], [ 85.35504, 28.15313 ], [ 85.35463, 28.15313 ], [ 85.35463, 28.15349 ], [ 85.35422, 28.15348 ], [ 85.35422, 28.15366 ], [ 85.35401, 28.15366 ], [ 85.3538, 28.15438 ], [ 85.35298, 28.15455 ], [ 85.35297, 28.15491 ], [ 85.35216, 28.15508 ], [ 85.35215, 28.15544 ], [ 85.35133, 28.15561 ], [ 85.35133, 28.15598 ], [ 85.35092, 28.15597 ], [ 85.35092, 28.15633 ], [ 85.3501, 28.1565 ], [ 85.35009, 28.15686 ], [ 85.34968, 28.15704 ], [ 85.34968, 28.1574 ], [ 85.34927, 28.15739 ], [ 85.34926, 28.15794 ], [ 85.34885, 28.15811 ], [ 85.34885, 28.15847 ], [ 85.34844, 28.15847 ], [ 85.34843, 28.15883 ], [ 85.34802, 28.159 ], [ 85.34822, 28.15937 ], [ 85.34802, 28.15937 ], [ 85.34802, 28.15955 ], [ 85.3474, 28.15954 ], [ 85.3474, 28.1599 ], [ 85.34658, 28.16007 ], [ 85.34678, 28.16043 ], [ 85.34617, 28.16043 ], [ 85.34617, 28.16061 ], [ 85.34596, 28.1606 ], [ 85.34596, 28.16096 ], [ 85.34575, 28.16096 ], [ 85.34575, 28.16132 ], [ 85.34534, 28.1615 ], [ 85.34533, 28.16186 ], [ 85.34472, 28.16185 ], [ 85.34472, 28.16203 ], [ 85.34431, 28.16203 ], [ 85.34431, 28.16239 ], [ 85.3441, 28.16239 ], [ 85.3441, 28.16257 ], [ 85.34369, 28.16256 ], [ 85.34369, 28.16292 ], [ 85.34206, 28.1629 ], [ 85.34205, 28.16326 ], [ 85.34144, 28.16326 ], [ 85.34145, 28.1629 ], [ 85.34063, 28.16289 ], [ 85.34063, 28.16325 ], [ 85.34042, 28.16324 ], [ 85.34043, 28.16288 ], [ 85.34022, 28.16288 ], [ 85.34023, 28.1627 ], [ 85.33982, 28.1627 ], [ 85.33983, 28.16233 ], [ 85.33962, 28.16233 ], [ 85.33962, 28.16215 ], [ 85.33901, 28.16214 ], [ 85.33902, 28.16178 ], [ 85.33882, 28.16178 ], [ 85.33884, 28.16034 ], [ 85.33802, 28.16033 ], [ 85.33802, 28.16051 ], [ 85.33782, 28.16051 ], [ 85.33782, 28.16032 ], [ 85.33762, 28.16032 ], [ 85.33762, 28.15978 ], [ 85.33742, 28.15978 ], [ 85.33742, 28.1596 ], [ 85.33701, 28.15977 ], [ 85.33702, 28.15923 ], [ 85.33662, 28.15905 ], [ 85.33662, 28.15869 ], [ 85.33622, 28.15868 ], [ 85.33622, 28.1585 ], [ 85.33602, 28.1585 ], [ 85.33602, 28.15814 ], [ 85.33541, 28.15813 ], [ 85.33541, 28.15795 ], [ 85.33439, 28.15794 ], [ 85.3344, 28.15758 ], [ 85.33379, 28.15757 ], [ 85.3338, 28.15703 ], [ 85.33339, 28.15702 ], [ 85.3334, 28.15648 ], [ 85.33238, 28.15647 ], [ 85.33238, 28.15629 ], [ 85.33218, 28.15629 ], [ 85.33219, 28.15592 ], [ 85.33178, 28.15592 ], [ 85.33178, 28.15574 ], [ 85.33117, 28.15573 ], [ 85.33118, 28.15537 ], [ 85.33036, 28.15518 ], [ 85.33038, 28.15428 ], [ 85.32977, 28.15427 ], [ 85.32978, 28.15373 ], [ 85.32896, 28.15354 ], [ 85.32897, 28.15318 ], [ 85.32857, 28.15299 ], [ 85.32857, 28.15263 ], [ 85.32796, 28.15262 ], [ 85.32796, 28.15244 ], [ 85.32756, 28.15244 ], [ 85.32757, 28.15172 ], [ 85.32736, 28.15171 ], [ 85.32737, 28.15099 ], [ 85.32656, 28.15098 ], [ 85.32657, 28.15062 ], [ 85.32616, 28.15062 ], [ 85.32616, 28.15044 ], [ 85.32596, 28.15043 ], [ 85.32596, 28.15007 ], [ 85.32535, 28.15007 ], [ 85.32536, 28.14988 ], [ 85.32515, 28.14988 ], [ 85.32516, 28.14952 ], [ 85.32475, 28.14952 ], [ 85.32474, 28.14988 ], [ 85.32352, 28.14986 ], [ 85.32353, 28.1495 ], [ 85.32292, 28.14949 ], [ 85.32291, 28.14967 ], [ 85.32271, 28.14967 ], [ 85.32272, 28.14931 ], [ 85.32231, 28.14931 ], [ 85.32232, 28.14876 ], [ 85.32211, 28.14876 ], [ 85.32212, 28.1484 ], [ 85.32171, 28.1484 ], [ 85.32172, 28.14822 ], [ 85.32151, 28.14821 ], [ 85.32152, 28.14785 ], [ 85.32131, 28.14785 ], [ 85.32132, 28.14767 ], [ 85.3205, 28.14766 ], [ 85.32051, 28.14712 ], [ 85.3199, 28.14711 ], [ 85.31991, 28.14675 ], [ 85.31929, 28.14674 ], [ 85.3193, 28.14656 ], [ 85.31909, 28.14656 ], [ 85.3191, 28.1462 ], [ 85.31829, 28.14601 ], [ 85.31829, 28.14565 ], [ 85.31768, 28.14564 ], [ 85.31769, 28.14546 ], [ 85.31728, 28.14545 ], [ 85.31728, 28.14509 ], [ 85.31647, 28.1449 ], [ 85.31648, 28.14454 ], [ 85.31607, 28.14454 ], [ 85.31607, 28.14436 ], [ 85.31567, 28.14435 ], [ 85.31566, 28.14453 ], [ 85.31505, 28.14452 ], [ 85.31506, 28.14434 ], [ 85.31485, 28.14434 ], [ 85.31486, 28.14398 ], [ 85.31425, 28.14397 ], [ 85.31425, 28.14379 ], [ 85.31405, 28.14379 ], [ 85.31405, 28.14325 ], [ 85.31344, 28.14324 ], [ 85.31345, 28.14288 ], [ 85.31284, 28.14287 ], [ 85.31244, 28.14215 ], [ 85.31204, 28.14214 ], [ 85.31204, 28.1416 ], [ 85.31143, 28.14159 ], [ 85.31144, 28.14105 ], [ 85.31124, 28.14105 ], [ 85.31124, 28.14069 ], [ 85.30982, 28.14067 ], [ 85.30982, 28.14049 ], [ 85.30921, 28.14048 ], [ 85.30922, 28.14012 ], [ 85.30901, 28.14012 ], [ 85.30902, 28.13994 ], [ 85.30841, 28.13993 ], [ 85.30841, 28.13957 ], [ 85.308, 28.13956 ], [ 85.30801, 28.13938 ], [ 85.3074, 28.13938 ], [ 85.30741, 28.13847 ], [ 85.307, 28.13847 ], [ 85.30701, 28.13793 ], [ 85.30681, 28.13792 ], [ 85.30681, 28.13756 ], [ 85.30661, 28.13756 ], [ 85.30663, 28.13648 ], [ 85.30642, 28.13648 ], [ 85.30642, 28.13684 ], [ 85.30621, 28.13683 ], [ 85.30622, 28.13647 ], [ 85.30602, 28.13647 ], [ 85.30602, 28.13629 ], [ 85.30561, 28.13629 ], [ 85.30562, 28.13592 ], [ 85.30541, 28.13592 ], [ 85.30542, 28.13538 ], [ 85.30522, 28.13538 ], [ 85.30522, 28.1352 ], [ 85.30481, 28.13519 ], [ 85.30482, 28.13465 ], [ 85.30462, 28.13465 ], [ 85.30463, 28.13429 ], [ 85.30422, 28.13428 ], [ 85.30423, 28.13374 ], [ 85.30382, 28.13356 ], [ 85.30383, 28.13319 ], [ 85.30342, 28.13319 ], [ 85.30344, 28.13229 ], [ 85.30262, 28.13228 ], [ 85.30263, 28.13174 ], [ 85.30243, 28.13173 ], [ 85.30243, 28.13155 ], [ 85.30202, 28.13155 ], [ 85.30203, 28.13119 ], [ 85.30162, 28.131 ], [ 85.30163, 28.13064 ], [ 85.30122, 28.13064 ], [ 85.30123, 28.13009 ], [ 85.30103, 28.13009 ], [ 85.30104, 28.12955 ], [ 85.30063, 28.12954 ], [ 85.30064, 28.129 ], [ 85.30043, 28.129 ], [ 85.30044, 28.12846 ], [ 85.30024, 28.12846 ], [ 85.30024, 28.12828 ], [ 85.29963, 28.12827 ], [ 85.29964, 28.12791 ], [ 85.29943, 28.12791 ], [ 85.29943, 28.12809 ], [ 85.29902, 28.12808 ], [ 85.29903, 28.12754 ], [ 85.29883, 28.12754 ], [ 85.29883, 28.12718 ], [ 85.29924, 28.127 ], [ 85.29925, 28.12664 ], [ 85.30006, 28.12665 ], [ 85.30007, 28.12629 ], [ 85.30048, 28.12611 ], [ 85.30048, 28.12575 ], [ 85.30069, 28.12576 ], [ 85.30069, 28.12539 ], [ 85.3013, 28.1254 ], [ 85.30111, 28.12504 ], [ 85.30151, 28.12504 ], [ 85.30152, 28.12486 ], [ 85.30131, 28.12486 ], [ 85.30132, 28.12468 ], [ 85.30152, 28.12468 ], [ 85.30153, 28.12414 ], [ 85.30173, 28.12414 ], [ 85.30174, 28.12378 ], [ 85.30214, 28.12379 ], [ 85.30215, 28.12343 ], [ 85.30235, 28.12343 ], [ 85.30236, 28.12307 ], [ 85.30256, 28.12307 ], [ 85.30257, 28.12271 ], [ 85.30298, 28.12253 ], [ 85.30299, 28.12199 ], [ 85.3034, 28.12182 ], [ 85.30341, 28.12073 ], [ 85.30301, 28.12073 ], [ 85.30301, 28.12055 ], [ 85.30362, 28.12056 ], [ 85.30362, 28.12038 ], [ 85.30383, 28.12038 ], [ 85.30383, 28.11984 ], [ 85.30424, 28.11966 ], [ 85.30425, 28.1193 ], [ 85.30486, 28.11931 ], [ 85.30486, 28.11913 ], [ 85.30507, 28.11913 ], [ 85.30508, 28.11841 ], [ 85.30549, 28.11841 ], [ 85.3057, 28.11806 ], [ 85.30631, 28.11806 ], [ 85.30631, 28.11788 ], [ 85.30651, 28.11789 ], [ 85.30652, 28.11752 ], [ 85.30672, 28.11753 ], [ 85.30673, 28.11717 ], [ 85.30713, 28.11717 ], [ 85.30716, 28.11537 ], [ 85.30635, 28.11536 ], [ 85.30615, 28.11499 ], [ 85.30635, 28.115 ], [ 85.30636, 28.11481 ], [ 85.30717, 28.11482 ], [ 85.30718, 28.11446 ], [ 85.30799, 28.11447 ], [ 85.308, 28.11411 ], [ 85.3082, 28.11412 ], [ 85.30821, 28.11375 ], [ 85.30841, 28.11376 ], [ 85.30841, 28.1134 ], [ 85.30882, 28.1134 ], [ 85.30883, 28.11286 ], [ 85.30965, 28.11269 ], [ 85.30965, 28.11233 ], [ 85.30925, 28.11232 ], [ 85.30925, 28.11214 ], [ 85.30966, 28.11215 ], [ 85.30966, 28.11179 ], [ 85.31048, 28.11162 ], [ 85.31069, 28.1109 ], [ 85.3109, 28.1109 ], [ 85.3109, 28.11072 ], [ 85.31131, 28.11072 ], [ 85.31132, 28.11 ], [ 85.31152, 28.11001 ], [ 85.31173, 28.10965 ], [ 85.31214, 28.10965 ], [ 85.31215, 28.10911 ], [ 85.31235, 28.10911 ], [ 85.31236, 28.10821 ], [ 85.31216, 28.10821 ], [ 85.31217, 28.10785 ], [ 85.31237, 28.10785 ], [ 85.31238, 28.10731 ], [ 85.31258, 28.10731 ], [ 85.3126, 28.10623 ], [ 85.3124, 28.10623 ], [ 85.3124, 28.10568 ], [ 85.31281, 28.10569 ], [ 85.31281, 28.10587 ], [ 85.31301, 28.10587 ], [ 85.31302, 28.10533 ], [ 85.31343, 28.10516 ], [ 85.31344, 28.10479 ], [ 85.31384, 28.1048 ], [ 85.31385, 28.10426 ], [ 85.31365, 28.10426 ], [ 85.31366, 28.10353 ], [ 85.31407, 28.10354 ], [ 85.31427, 28.10318 ], [ 85.31468, 28.10319 ], [ 85.31468, 28.103 ], [ 85.31448, 28.103 ], [ 85.31449, 28.10228 ], [ 85.3149, 28.10247 ], [ 85.3149, 28.1021 ], [ 85.31511, 28.10211 ], [ 85.31511, 28.10157 ], [ 85.31572, 28.10157 ], [ 85.31573, 28.10103 ], [ 85.31594, 28.10103 ], [ 85.31594, 28.10067 ], [ 85.31635, 28.10068 ], [ 85.31635, 28.1005 ], [ 85.31656, 28.1005 ], [ 85.31656, 28.10014 ], [ 85.31758, 28.10015 ], [ 85.31759, 28.09961 ], [ 85.3182, 28.09962 ], [ 85.31821, 28.09908 ], [ 85.31902, 28.09909 ], [ 85.31903, 28.09873 ], [ 85.31923, 28.09873 ], [ 85.31923, 28.09855 ], [ 85.32005, 28.09856 ], [ 85.32005, 28.0982 ], [ 85.32046, 28.0982 ], [ 85.32046, 28.09802 ], [ 85.32067, 28.09802 ], [ 85.32066, 28.0982 ], [ 85.32127, 28.09821 ], [ 85.32127, 28.09839 ], [ 85.32229, 28.0984 ], [ 85.32228, 28.09877 ], [ 85.3231, 28.09878 ], [ 85.3231, 28.09841 ], [ 85.32351, 28.09842 ], [ 85.32372, 28.09806 ], [ 85.32494, 28.09808 ], [ 85.32494, 28.0979 ], [ 85.32535, 28.0979 ], [ 85.32535, 28.09754 ], [ 85.32596, 28.09755 ], [ 85.32597, 28.09719 ], [ 85.32679, 28.09702 ], [ 85.3268, 28.09629 ], [ 85.3266, 28.09629 ], [ 85.3266, 28.09611 ], [ 85.327, 28.09612 ], [ 85.327, 28.09648 ], [ 85.3274, 28.09666 ], [ 85.3274, 28.09702 ], [ 85.3278, 28.09721 ], [ 85.32779, 28.09775 ], [ 85.328, 28.09775 ], [ 85.328, 28.09757 ], [ 85.33024, 28.0976 ], [ 85.33024, 28.09742 ], [ 85.33065, 28.09742 ], [ 85.33065, 28.09706 ], [ 85.33126, 28.09707 ], [ 85.33147, 28.09671 ], [ 85.33208, 28.09672 ], [ 85.33229, 28.09636 ], [ 85.3327, 28.09637 ], [ 85.3327, 28.09619 ], [ 85.33291, 28.09619 ], [ 85.33291, 28.09583 ], [ 85.33312, 28.09583 ], [ 85.33312, 28.09547 ], [ 85.33353, 28.09547 ], [ 85.33353, 28.09529 ], [ 85.33455, 28.09531 ], [ 85.33455, 28.09549 ], [ 85.33516, 28.09549 ], [ 85.33515, 28.09567 ], [ 85.33597, 28.09568 ], [ 85.33597, 28.0955 ], [ 85.33679, 28.09533 ], [ 85.33678, 28.09569 ], [ 85.33719, 28.0957 ], [ 85.33718, 28.09606 ], [ 85.33739, 28.09606 ], [ 85.33739, 28.09588 ], [ 85.33861, 28.0959 ], [ 85.3384, 28.09625 ], [ 85.33962, 28.09627 ], [ 85.33963, 28.09591 ], [ 85.34024, 28.09592 ], [ 85.34024, 28.09574 ], [ 85.34106, 28.09575 ], [ 85.34106, 28.09556 ], [ 85.34187, 28.09557 ], [ 85.34187, 28.09594 ], [ 85.34288, 28.09595 ], [ 85.34308, 28.09631 ], [ 85.34349, 28.09632 ], [ 85.34349, 28.0965 ], [ 85.34369, 28.0965 ], [ 85.34369, 28.09632 ], [ 85.3441, 28.09632 ], [ 85.34411, 28.09596 ], [ 85.34451, 28.09597 ], [ 85.34451, 28.09615 ], [ 85.34431, 28.09615 ], [ 85.3443, 28.09651 ], [ 85.34511, 28.09652 ], [ 85.34512, 28.09634 ], [ 85.34532, 28.09634 ], [ 85.34533, 28.09598 ], [ 85.34594, 28.09598 ], [ 85.34594, 28.0958 ], [ 85.34655, 28.09581 ], [ 85.34655, 28.09563 ], [ 85.34696, 28.09564 ], [ 85.34716, 28.096 ], [ 85.34838, 28.09601 ], [ 85.34838, 28.09619 ], [ 85.34919, 28.0962 ], [ 85.34919, 28.09638 ], [ 85.34939, 28.09639 ], [ 85.3496, 28.09603 ], [ 85.35021, 28.09604 ], [ 85.35021, 28.09586 ], [ 85.35042, 28.09586 ], [ 85.35041, 28.09604 ], [ 85.35143, 28.09605 ], [ 85.35143, 28.09623 ], [ 85.35265, 28.09625 ], [ 85.35264, 28.09661 ], [ 85.35285, 28.09661 ], [ 85.35285, 28.09625 ], [ 85.35326, 28.09625 ], [ 85.35305, 28.09661 ], [ 85.35366, 28.09662 ], [ 85.35366, 28.09644 ], [ 85.35651, 28.09647 ], [ 85.35672, 28.09611 ], [ 85.35896, 28.09614 ], [ 85.35896, 28.09596 ], [ 85.35957, 28.09597 ], [ 85.35958, 28.09561 ], [ 85.35978, 28.09561 ], [ 85.35979, 28.09507 ], [ 85.3602, 28.09525 ], [ 85.36041, 28.09453 ], [ 85.36061, 28.09454 ], [ 85.36062, 28.09436 ], [ 85.36102, 28.09436 ], [ 85.36103, 28.09418 ], [ 85.36144, 28.094 ], [ 85.36144, 28.09382 ], [ 85.36185, 28.09383 ], [ 85.36185, 28.09347 ], [ 85.36205, 28.09347 ], [ 85.36226, 28.09311 ], [ 85.36267, 28.09312 ], [ 85.36268, 28.09276 ], [ 85.36288, 28.09276 ], [ 85.36288, 28.09258 ], [ 85.36349, 28.09259 ], [ 85.3635, 28.09186 ], [ 85.36371, 28.09187 ], [ 85.36371, 28.09169 ], [ 85.36412, 28.09169 ], [ 85.36412, 28.09133 ], [ 85.36433, 28.09133 ], [ 85.36433, 28.09115 ], [ 85.36494, 28.09116 ], [ 85.36536, 28.09044 ], [ 85.36576, 28.09045 ], [ 85.36597, 28.09009 ], [ 85.36658, 28.09009 ], [ 85.36659, 28.08991 ], [ 85.367, 28.08974 ], [ 85.367, 28.08956 ], [ 85.36741, 28.08956 ], [ 85.36741, 28.08938 ], [ 85.36761, 28.08939 ], [ 85.36762, 28.08902 ], [ 85.36782, 28.08903 ], [ 85.36782, 28.08885 ], [ 85.36843, 28.08885 ], [ 85.36844, 28.08849 ], [ 85.36885, 28.0885 ], [ 85.36885, 28.08814 ], [ 85.36906, 28.08814 ], [ 85.36926, 28.08778 ], [ 85.36967, 28.08779 ], [ 85.36968, 28.08742 ], [ 85.36988, 28.08743 ], [ 85.36989, 28.08689 ], [ 85.3705, 28.08689 ], [ 85.3705, 28.08653 ], [ 85.37132, 28.08654 ], [ 85.37133, 28.086 ], [ 85.37153, 28.086 ], [ 85.37153, 28.08582 ], [ 85.37316, 28.08584 ], [ 85.37316, 28.08566 ], [ 85.37357, 28.08567 ], [ 85.37357, 28.08548 ], [ 85.37378, 28.08549 ], [ 85.37378, 28.08513 ], [ 85.37399, 28.08513 ], [ 85.3742, 28.08477 ], [ 85.3746, 28.08478 ], [ 85.3746, 28.08496 ], [ 85.3748, 28.08496 ], [ 85.37481, 28.08478 ], [ 85.37542, 28.08478 ], [ 85.37542, 28.08442 ], [ 85.37603, 28.08443 ], [ 85.37604, 28.08407 ], [ 85.37624, 28.08407 ], [ 85.37645, 28.08371 ], [ 85.37686, 28.08372 ], [ 85.37686, 28.08336 ], [ 85.37829, 28.08337 ], [ 85.3785, 28.08302 ], [ 85.38175, 28.08305 ], [ 85.38175, 28.08287 ], [ 85.38196, 28.08288 ], [ 85.38195, 28.08306 ], [ 85.38236, 28.08306 ], [ 85.38236, 28.08288 ], [ 85.38257, 28.08288 ], [ 85.38257, 28.08252 ], [ 85.38339, 28.08253 ], [ 85.38339, 28.08235 ], [ 85.38359, 28.08235 ], [ 85.38359, 28.08253 ], [ 85.38502, 28.08255 ], [ 85.38501, 28.08273 ], [ 85.38562, 28.08274 ], [ 85.38563, 28.08238 ], [ 85.38604, 28.08238 ], [ 85.38604, 28.0822 ], [ 85.38787, 28.08222 ], [ 85.38787, 28.08204 ], [ 85.3895, 28.08188 ], [ 85.38951, 28.0817 ], [ 85.39093, 28.08172 ], [ 85.39092, 28.08226 ], [ 85.39031, 28.08225 ], [ 85.39031, 28.08261 ], [ 85.39356, 28.08265 ], [ 85.39357, 28.08229 ], [ 85.39397, 28.0823 ], [ 85.39398, 28.08157 ], [ 85.39419, 28.08158 ], [ 85.39418, 28.08194 ], [ 85.3954, 28.08195 ], [ 85.39543, 28.08033 ], [ 85.39563, 28.08033 ], [ 85.39563, 28.08051 ], [ 85.39604, 28.08051 ], [ 85.39604, 28.08033 ], [ 85.39645, 28.08016 ], [ 85.39645, 28.0798 ], [ 85.39666, 28.0798 ], [ 85.39665, 28.07998 ], [ 85.39726, 28.07999 ], [ 85.39727, 28.07963 ], [ 85.39747, 28.07963 ], [ 85.39747, 28.07999 ], [ 85.39889, 28.08001 ], [ 85.39888, 28.08109 ], [ 85.39867, 28.08109 ], [ 85.39867, 28.08127 ], [ 85.39908, 28.08127 ], [ 85.39907, 28.08181 ], [ 85.39927, 28.08182 ], [ 85.39927, 28.082 ], [ 85.4009, 28.08202 ], [ 85.4009, 28.08184 ], [ 85.40151, 28.08184 ], [ 85.40152, 28.08148 ], [ 85.40172, 28.08148 ], [ 85.40172, 28.0813 ], [ 85.40213, 28.08131 ], [ 85.40216, 28.07932 ], [ 85.40175, 28.07932 ], [ 85.40176, 28.07878 ], [ 85.40156, 28.07877 ], [ 85.40156, 28.07823 ], [ 85.39953, 28.07821 ], [ 85.39953, 28.07785 ], [ 85.39913, 28.07784 ], [ 85.39913, 28.07766 ], [ 85.39893, 28.07766 ], [ 85.39892, 28.0782 ], [ 85.39831, 28.07819 ], [ 85.3983, 28.07892 ], [ 85.39809, 28.07891 ], [ 85.39809, 28.07946 ], [ 85.39646, 28.07944 ], [ 85.39647, 28.07871 ], [ 85.39627, 28.07871 ], [ 85.39628, 28.07799 ], [ 85.39587, 28.07799 ], [ 85.39584, 28.07997 ], [ 85.39543, 28.07997 ], [ 85.39544, 28.07979 ], [ 85.39503, 28.0796 ], [ 85.395, 28.08177 ], [ 85.3948, 28.08176 ], [ 85.3948, 28.0814 ], [ 85.39399, 28.08139 ], [ 85.394, 28.08067 ], [ 85.39379, 28.08067 ], [ 85.3938, 28.08049 ], [ 85.39339, 28.08048 ], [ 85.3934, 28.07994 ], [ 85.39319, 28.07994 ], [ 85.3932, 28.07958 ], [ 85.393, 28.07958 ], [ 85.393, 28.0794 ], [ 85.39178, 28.07938 ], [ 85.39178, 28.07902 ], [ 85.39117, 28.07901 ], [ 85.39117, 28.07937 ], [ 85.39076, 28.07937 ], [ 85.39076, 28.07955 ], [ 85.38974, 28.07954 ], [ 85.38974, 28.0799 ], [ 85.38831, 28.07988 ], [ 85.38831, 28.08024 ], [ 85.3881, 28.08024 ], [ 85.38811, 28.08006 ], [ 85.38709, 28.08005 ], [ 85.38709, 28.08023 ], [ 85.38668, 28.08022 ], [ 85.38666, 28.08131 ], [ 85.38646, 28.0813 ], [ 85.38646, 28.08094 ], [ 85.38606, 28.08076 ], [ 85.38606, 28.0804 ], [ 85.38586, 28.0804 ], [ 85.38585, 28.08148 ], [ 85.38544, 28.08129 ], [ 85.38545, 28.08075 ], [ 85.38504, 28.08075 ], [ 85.38503, 28.08129 ], [ 85.38483, 28.08129 ], [ 85.38484, 28.08092 ], [ 85.38443, 28.08074 ], [ 85.38442, 28.08182 ], [ 85.38421, 28.08182 ], [ 85.38421, 28.082 ], [ 85.3834, 28.08181 ], [ 85.3834, 28.08145 ], [ 85.3832, 28.08145 ], [ 85.38321, 28.08091 ], [ 85.3828, 28.0809 ], [ 85.38279, 28.08144 ], [ 85.38259, 28.08144 ], [ 85.38259, 28.08126 ], [ 85.38198, 28.08125 ], [ 85.38198, 28.08161 ], [ 85.38177, 28.08161 ], [ 85.38178, 28.08125 ], [ 85.38137, 28.08125 ], [ 85.38135, 28.08251 ], [ 85.37952, 28.08249 ], [ 85.37952, 28.08231 ], [ 85.37993, 28.08231 ], [ 85.37993, 28.08213 ], [ 85.37932, 28.08212 ], [ 85.37933, 28.08176 ], [ 85.37851, 28.08175 ], [ 85.37852, 28.08121 ], [ 85.37832, 28.08121 ], [ 85.37831, 28.08211 ], [ 85.3781, 28.08211 ], [ 85.37811, 28.08175 ], [ 85.3779, 28.08175 ], [ 85.37791, 28.0812 ], [ 85.37751, 28.0812 ], [ 85.37748, 28.08264 ], [ 85.37728, 28.08264 ], [ 85.37729, 28.08228 ], [ 85.37667, 28.08227 ], [ 85.37667, 28.08263 ], [ 85.37586, 28.08262 ], [ 85.37585, 28.08317 ], [ 85.37503, 28.08316 ], [ 85.37503, 28.0837 ], [ 85.37441, 28.08369 ], [ 85.37441, 28.08387 ], [ 85.37482, 28.08388 ], [ 85.37482, 28.08406 ], [ 85.374, 28.08405 ], [ 85.374, 28.08423 ], [ 85.37298, 28.08421 ], [ 85.37298, 28.08403 ], [ 85.37278, 28.08403 ], [ 85.37277, 28.08457 ], [ 85.37196, 28.08438 ], [ 85.37195, 28.08492 ], [ 85.37032, 28.08509 ], [ 85.37032, 28.08545 ], [ 85.3695, 28.08562 ], [ 85.3695, 28.08598 ], [ 85.36909, 28.08597 ], [ 85.36909, 28.08615 ], [ 85.3697, 28.08616 ], [ 85.36969, 28.08634 ], [ 85.36888, 28.08633 ], [ 85.36888, 28.08651 ], [ 85.36867, 28.08651 ], [ 85.36867, 28.08687 ], [ 85.36826, 28.08687 ], [ 85.36826, 28.08705 ], [ 85.36805, 28.08704 ], [ 85.36804, 28.08795 ], [ 85.36784, 28.08794 ], [ 85.36783, 28.08812 ], [ 85.36722, 28.08812 ], [ 85.36722, 28.08848 ], [ 85.36661, 28.08847 ], [ 85.3666, 28.08883 ], [ 85.36599, 28.08882 ], [ 85.36599, 28.089 ], [ 85.36558, 28.089 ], [ 85.36578, 28.08936 ], [ 85.36497, 28.08935 ], [ 85.36496, 28.08953 ], [ 85.36476, 28.08953 ], [ 85.36476, 28.08989 ], [ 85.36414, 28.08989 ], [ 85.36414, 28.09007 ], [ 85.36373, 28.09006 ], [ 85.36373, 28.09042 ], [ 85.36332, 28.09042 ], [ 85.36332, 28.09078 ], [ 85.36271, 28.09077 ], [ 85.3627, 28.09095 ], [ 85.3625, 28.09095 ], [ 85.36249, 28.09185 ], [ 85.36126, 28.09202 ], [ 85.36126, 28.09238 ], [ 85.36105, 28.09238 ], [ 85.36105, 28.09256 ], [ 85.36044, 28.09255 ], [ 85.36044, 28.09291 ], [ 85.36003, 28.0929 ], [ 85.36023, 28.09327 ], [ 85.36002, 28.09327 ], [ 85.36001, 28.09381 ], [ 85.3594, 28.0938 ], [ 85.3594, 28.09398 ], [ 85.3592, 28.09398 ], [ 85.35919, 28.09452 ], [ 85.35878, 28.09451 ], [ 85.35878, 28.09488 ], [ 85.35817, 28.09487 ], [ 85.35816, 28.09523 ], [ 85.35694, 28.09539 ], [ 85.35693, 28.09576 ], [ 85.35673, 28.09575 ], [ 85.35673, 28.09557 ], [ 85.35632, 28.09575 ], [ 85.35633, 28.09539 ], [ 85.35612, 28.09538 ], [ 85.35612, 28.09575 ], [ 85.35591, 28.09574 ], [ 85.35592, 28.09538 ], [ 85.35511, 28.09537 ], [ 85.35511, 28.09519 ], [ 85.35368, 28.09518 ], [ 85.35368, 28.09536 ], [ 85.35327, 28.09535 ], [ 85.35328, 28.09517 ], [ 85.35307, 28.09517 ], [ 85.35307, 28.09553 ], [ 85.35286, 28.09553 ], [ 85.35267, 28.09516 ], [ 85.35226, 28.09516 ], [ 85.35226, 28.0948 ], [ 85.35145, 28.09479 ], [ 85.35145, 28.09461 ], [ 85.34983, 28.09459 ], [ 85.34982, 28.09477 ], [ 85.35003, 28.09477 ], [ 85.35002, 28.09531 ], [ 85.34981, 28.09531 ], [ 85.34962, 28.09495 ], [ 85.34921, 28.09494 ], [ 85.3492, 28.0953 ], [ 85.349, 28.0953 ], [ 85.3488, 28.09494 ], [ 85.34758, 28.09492 ], [ 85.34759, 28.09456 ], [ 85.34677, 28.09455 ], [ 85.34678, 28.09437 ], [ 85.34657, 28.09437 ], [ 85.34658, 28.09401 ], [ 85.34637, 28.094 ], [ 85.34637, 28.09455 ], [ 85.34555, 28.09454 ], [ 85.34554, 28.09508 ], [ 85.34453, 28.09507 ], [ 85.34452, 28.09525 ], [ 85.34432, 28.09524 ], [ 85.34412, 28.09488 ], [ 85.34392, 28.09488 ], [ 85.34392, 28.09506 ], [ 85.34371, 28.09506 ], [ 85.34371, 28.09487 ], [ 85.34249, 28.09486 ], [ 85.34249, 28.09504 ], [ 85.34229, 28.09504 ], [ 85.34229, 28.09486 ], [ 85.34046, 28.09484 ], [ 85.34046, 28.09465 ], [ 85.34026, 28.09465 ], [ 85.34026, 28.09483 ], [ 85.33964, 28.09483 ], [ 85.33965, 28.09465 ], [ 85.33863, 28.09463 ], [ 85.33862, 28.09499 ], [ 85.33842, 28.09499 ], [ 85.33842, 28.09481 ], [ 85.337, 28.09479 ], [ 85.337, 28.09461 ], [ 85.33659, 28.09461 ], [ 85.3366, 28.09425 ], [ 85.33599, 28.09424 ], [ 85.33599, 28.09406 ], [ 85.33518, 28.09405 ], [ 85.33518, 28.09369 ], [ 85.33457, 28.09368 ], [ 85.33458, 28.0935 ], [ 85.33437, 28.0935 ], [ 85.33438, 28.09314 ], [ 85.33336, 28.09312 ], [ 85.33334, 28.09457 ], [ 85.33253, 28.09438 ], [ 85.33252, 28.09456 ], [ 85.33232, 28.09456 ], [ 85.33232, 28.09492 ], [ 85.33171, 28.09491 ], [ 85.3317, 28.09509 ], [ 85.3315, 28.09509 ], [ 85.33149, 28.09545 ], [ 85.33129, 28.09545 ], [ 85.3313, 28.09509 ], [ 85.33109, 28.09508 ], [ 85.33109, 28.09544 ], [ 85.33027, 28.09543 ], [ 85.33026, 28.09598 ], [ 85.33006, 28.09597 ], [ 85.33006, 28.09579 ], [ 85.32986, 28.09579 ], [ 85.32986, 28.09597 ], [ 85.32904, 28.09596 ], [ 85.32905, 28.09578 ], [ 85.32823, 28.09577 ], [ 85.32824, 28.09541 ], [ 85.32743, 28.09522 ], [ 85.32743, 28.09486 ], [ 85.32723, 28.09486 ], [ 85.32722, 28.09522 ], [ 85.32661, 28.09521 ], [ 85.32662, 28.09485 ], [ 85.32601, 28.09484 ], [ 85.32601, 28.09466 ], [ 85.32581, 28.09466 ], [ 85.3258, 28.09502 ], [ 85.3256, 28.09502 ], [ 85.32557, 28.097 ], [ 85.32475, 28.09699 ], [ 85.32475, 28.09735 ], [ 85.32434, 28.09735 ], [ 85.32435, 28.09681 ], [ 85.32292, 28.09679 ], [ 85.32292, 28.09715 ], [ 85.3217, 28.09713 ], [ 85.32169, 28.09731 ], [ 85.31925, 28.0971 ], [ 85.31926, 28.09674 ], [ 85.31865, 28.09674 ], [ 85.31885, 28.0971 ], [ 85.31864, 28.0971 ], [ 85.31864, 28.09728 ], [ 85.31803, 28.09727 ], [ 85.31782, 28.09763 ], [ 85.31721, 28.09762 ], [ 85.31721, 28.0978 ], [ 85.31762, 28.09781 ], [ 85.31761, 28.09799 ], [ 85.3168, 28.09798 ], [ 85.3168, 28.09816 ], [ 85.31537, 28.09814 ], [ 85.31537, 28.0985 ], [ 85.31496, 28.09868 ], [ 85.31495, 28.09904 ], [ 85.31454, 28.09903 ], [ 85.31474, 28.0994 ], [ 85.31433, 28.09939 ], [ 85.31433, 28.09957 ], [ 85.31413, 28.09957 ], [ 85.31412, 28.09993 ], [ 85.31372, 28.09992 ], [ 85.31371, 28.1001 ], [ 85.31351, 28.1001 ], [ 85.3135, 28.10046 ], [ 85.3131, 28.10046 ], [ 85.31309, 28.10064 ], [ 85.31289, 28.10064 ], [ 85.31289, 28.10082 ], [ 85.3135, 28.10082 ], [ 85.31349, 28.101 ], [ 85.31309, 28.101 ], [ 85.31305, 28.10317 ], [ 85.31285, 28.10316 ], [ 85.31284, 28.10352 ], [ 85.31243, 28.1037 ], [ 85.31243, 28.10406 ], [ 85.31182, 28.10405 ], [ 85.31182, 28.10423 ], [ 85.31161, 28.10423 ], [ 85.31161, 28.10459 ], [ 85.3114, 28.10459 ], [ 85.31139, 28.10549 ], [ 85.31098, 28.10567 ], [ 85.31097, 28.10621 ], [ 85.31077, 28.10621 ], [ 85.31096, 28.10657 ], [ 85.31076, 28.10657 ], [ 85.31076, 28.10675 ], [ 85.31035, 28.10674 ], [ 85.31035, 28.1071 ], [ 85.31014, 28.1071 ], [ 85.31013, 28.10764 ], [ 85.30993, 28.10764 ], [ 85.30993, 28.10782 ], [ 85.31115, 28.10802 ], [ 85.31113, 28.10874 ], [ 85.31032, 28.10873 ], [ 85.3103, 28.10981 ], [ 85.30949, 28.1098 ], [ 85.30948, 28.11016 ], [ 85.30928, 28.11016 ], [ 85.30928, 28.11034 ], [ 85.30846, 28.11033 ], [ 85.30846, 28.11069 ], [ 85.30805, 28.11068 ], [ 85.30804, 28.11141 ], [ 85.30885, 28.11142 ], [ 85.30885, 28.1116 ], [ 85.30865, 28.11159 ], [ 85.30864, 28.11214 ], [ 85.30823, 28.11213 ], [ 85.30823, 28.11231 ], [ 85.30762, 28.1123 ], [ 85.30761, 28.11266 ], [ 85.30639, 28.11265 ], [ 85.30638, 28.11355 ], [ 85.30597, 28.11373 ], [ 85.30596, 28.11409 ], [ 85.30515, 28.11408 ], [ 85.30514, 28.11426 ], [ 85.30494, 28.11426 ], [ 85.30493, 28.1148 ], [ 85.30452, 28.11479 ], [ 85.30431, 28.11551 ], [ 85.30451, 28.11551 ], [ 85.30451, 28.11569 ], [ 85.30492, 28.1157 ], [ 85.30491, 28.11624 ], [ 85.30471, 28.11624 ], [ 85.3047, 28.11642 ], [ 85.30552, 28.11643 ], [ 85.30551, 28.11661 ], [ 85.30531, 28.11661 ], [ 85.3053, 28.11733 ], [ 85.30428, 28.11732 ], [ 85.30428, 28.11768 ], [ 85.30367, 28.11767 ], [ 85.30325, 28.11839 ], [ 85.30284, 28.11838 ], [ 85.30263, 28.11874 ], [ 85.30243, 28.11874 ], [ 85.30242, 28.1191 ], [ 85.30201, 28.11909 ], [ 85.302, 28.11981 ], [ 85.3018, 28.11981 ], [ 85.30179, 28.12035 ], [ 85.30159, 28.12035 ], [ 85.30179, 28.12071 ], [ 85.30138, 28.12089 ], [ 85.30137, 28.12107 ], [ 85.30219, 28.12108 ], [ 85.30218, 28.12144 ], [ 85.30198, 28.12144 ], [ 85.30197, 28.1218 ], [ 85.30156, 28.1218 ], [ 85.30156, 28.12216 ], [ 85.30115, 28.12215 ], [ 85.30115, 28.12233 ], [ 85.30095, 28.12233 ], [ 85.30094, 28.12269 ], [ 85.30074, 28.12269 ], [ 85.30073, 28.12287 ], [ 85.30012, 28.12286 ], [ 85.30011, 28.1234 ], [ 85.29991, 28.1234 ], [ 85.29991, 28.12358 ], [ 85.30031, 28.12376 ], [ 85.3003, 28.12467 ], [ 85.29948, 28.12484 ], [ 85.29946, 28.12628 ], [ 85.29885, 28.12627 ], [ 85.29885, 28.12591 ], [ 85.29865, 28.12591 ], [ 85.29864, 28.12645 ], [ 85.29824, 28.12627 ], [ 85.29824, 28.12572 ], [ 85.29784, 28.12572 ], [ 85.29784, 28.12536 ], [ 85.29744, 28.12535 ], [ 85.29744, 28.12517 ], [ 85.29683, 28.12517 ], [ 85.29683, 28.1248 ], [ 85.29643, 28.1248 ], [ 85.29643, 28.12462 ], [ 85.29623, 28.12462 ], [ 85.29623, 28.12426 ], [ 85.29603, 28.12425 ], [ 85.29603, 28.12407 ], [ 85.29522, 28.12406 ], [ 85.29522, 28.1237 ], [ 85.29482, 28.1237 ], [ 85.29482, 28.12352 ], [ 85.29462, 28.12351 ], [ 85.29462, 28.12297 ], [ 85.29381, 28.12296 ], [ 85.29382, 28.1226 ], [ 85.2932, 28.12259 ], [ 85.29321, 28.12241 ], [ 85.293, 28.12241 ], [ 85.29301, 28.12205 ], [ 85.2926, 28.12204 ], [ 85.29261, 28.1215 ], [ 85.29241, 28.1215 ], [ 85.29241, 28.12132 ], [ 85.292, 28.12132 ], [ 85.29201, 28.12095 ], [ 85.29119, 28.12094 ], [ 85.2912, 28.12076 ], [ 85.29079, 28.12076 ], [ 85.2908, 28.1204 ], [ 85.29039, 28.12039 ], [ 85.29039, 28.12021 ], [ 85.28978, 28.1202 ], [ 85.28979, 28.11984 ], [ 85.28938, 28.11966 ], [ 85.28939, 28.11912 ], [ 85.28898, 28.11911 ], [ 85.289, 28.11839 ], [ 85.28839, 28.11838 ], [ 85.28838, 28.11856 ], [ 85.28818, 28.11856 ], [ 85.28799, 28.11784 ], [ 85.28718, 28.11765 ], [ 85.28718, 28.11728 ], [ 85.28657, 28.11728 ], [ 85.28657, 28.1171 ], [ 85.28617, 28.11709 ], [ 85.28617, 28.11673 ], [ 85.28536, 28.11654 ], [ 85.28537, 28.11618 ], [ 85.28496, 28.11617 ], [ 85.28496, 28.11599 ], [ 85.28455, 28.11617 ], [ 85.28456, 28.11563 ], [ 85.28436, 28.11562 ], [ 85.28436, 28.11544 ], [ 85.28395, 28.11544 ], [ 85.28396, 28.11508 ], [ 85.28376, 28.11508 ], [ 85.28376, 28.11453 ], [ 85.28356, 28.11453 ], [ 85.28356, 28.11435 ], [ 85.28295, 28.11434 ], [ 85.28297, 28.11344 ], [ 85.28256, 28.11344 ], [ 85.28256, 28.11326 ], [ 85.28236, 28.11325 ], [ 85.28237, 28.11289 ], [ 85.28216, 28.11289 ], [ 85.28216, 28.11271 ], [ 85.28176, 28.1127 ], [ 85.28176, 28.11234 ], [ 85.28115, 28.11234 ], [ 85.28116, 28.11215 ], [ 85.28075, 28.11215 ], [ 85.28075, 28.11179 ], [ 85.28035, 28.11178 ], [ 85.28035, 28.1116 ], [ 85.28015, 28.1116 ], [ 85.28016, 28.11106 ], [ 85.27995, 28.11106 ], [ 85.27996, 28.1107 ], [ 85.27955, 28.11069 ], [ 85.27956, 28.11015 ], [ 85.27936, 28.11015 ], [ 85.27936, 28.10979 ], [ 85.27895, 28.10978 ], [ 85.27896, 28.1096 ], [ 85.27875, 28.1096 ], [ 85.27876, 28.10924 ], [ 85.27815, 28.10923 ], [ 85.27815, 28.10905 ], [ 85.27795, 28.10905 ], [ 85.27796, 28.1085 ], [ 85.27755, 28.1085 ], [ 85.27756, 28.10814 ], [ 85.27654, 28.10813 ], [ 85.27654, 28.10795 ], [ 85.27634, 28.10794 ], [ 85.27634, 28.10758 ], [ 85.27594, 28.10758 ], [ 85.27594, 28.1074 ], [ 85.27533, 28.10739 ], [ 85.27533, 28.10703 ], [ 85.27513, 28.10703 ], [ 85.27513, 28.10684 ], [ 85.27452, 28.10684 ], [ 85.27453, 28.10648 ], [ 85.27412, 28.10647 ], [ 85.27413, 28.10593 ], [ 85.27352, 28.10592 ], [ 85.27352, 28.10574 ], [ 85.27332, 28.10574 ], [ 85.27332, 28.10592 ], [ 85.27311, 28.10592 ], [ 85.27312, 28.10574 ], [ 85.27291, 28.10573 ], [ 85.27292, 28.10519 ], [ 85.27272, 28.10519 ], [ 85.27272, 28.10483 ], [ 85.27252, 28.10483 ], [ 85.27251, 28.10519 ], [ 85.27231, 28.10518 ], [ 85.27232, 28.10482 ], [ 85.27211, 28.10482 ], [ 85.27212, 28.1041 ], [ 85.27171, 28.10427 ], [ 85.27172, 28.10373 ], [ 85.27132, 28.10355 ], [ 85.27132, 28.10319 ], [ 85.27051, 28.103 ], [ 85.27052, 28.10264 ], [ 85.26991, 28.10263 ], [ 85.26991, 28.10245 ], [ 85.2695, 28.10244 ], [ 85.26951, 28.10208 ], [ 85.26931, 28.10208 ], [ 85.26931, 28.10172 ], [ 85.26911, 28.10171 ], [ 85.26911, 28.10153 ], [ 85.26809, 28.10152 ], [ 85.2681, 28.10134 ], [ 85.26769, 28.10134 ], [ 85.2677, 28.10098 ], [ 85.26729, 28.10097 ], [ 85.26729, 28.10061 ], [ 85.26648, 28.10078 ], [ 85.26629, 28.10005 ], [ 85.26588, 28.10005 ], [ 85.26588, 28.09987 ], [ 85.26568, 28.09987 ], [ 85.26568, 28.09951 ], [ 85.26548, 28.0995 ], [ 85.26548, 28.09932 ], [ 85.26507, 28.0995 ], [ 85.26508, 28.09914 ], [ 85.26488, 28.09913 ], [ 85.26489, 28.09823 ], [ 85.26448, 28.09823 ], [ 85.2645, 28.09732 ], [ 85.26348, 28.09731 ], [ 85.26328, 28.09695 ], [ 85.26287, 28.09712 ], [ 85.26289, 28.09622 ], [ 85.26268, 28.09622 ], [ 85.26269, 28.09568 ], [ 85.26249, 28.09567 ], [ 85.26247, 28.09658 ], [ 85.26227, 28.09657 ], [ 85.26229, 28.09567 ], [ 85.26188, 28.09567 ], [ 85.26188, 28.09549 ], [ 85.26127, 28.09548 ], [ 85.26128, 28.09512 ], [ 85.26087, 28.09511 ], [ 85.26087, 28.09493 ], [ 85.25986, 28.09492 ], [ 85.25986, 28.09456 ], [ 85.25905, 28.09455 ], [ 85.25905, 28.09437 ], [ 85.25763, 28.09435 ], [ 85.25763, 28.09399 ], [ 85.25661, 28.09398 ], [ 85.25662, 28.0938 ], [ 85.25601, 28.09379 ], [ 85.25601, 28.09343 ], [ 85.25479, 28.09323 ], [ 85.2548, 28.09287 ], [ 85.25317, 28.09267 ], [ 85.25318, 28.09231 ], [ 85.25298, 28.0923 ], [ 85.25298, 28.09212 ], [ 85.25237, 28.09212 ], [ 85.25238, 28.09176 ], [ 85.25217, 28.09175 ], [ 85.25217, 28.09157 ], [ 85.25197, 28.09157 ], [ 85.25196, 28.09211 ], [ 85.25115, 28.0921 ], [ 85.25115, 28.09174 ], [ 85.25095, 28.09174 ], [ 85.25095, 28.09156 ], [ 85.25014, 28.09155 ], [ 85.25014, 28.09137 ], [ 85.25055, 28.09137 ], [ 85.25055, 28.09119 ], [ 85.25035, 28.09119 ], [ 85.25035, 28.09101 ], [ 85.24995, 28.091 ], [ 85.24991, 28.09317 ], [ 85.25093, 28.09318 ], [ 85.25072, 28.09354 ], [ 85.25153, 28.09355 ], [ 85.25153, 28.09373 ], [ 85.25295, 28.09375 ], [ 85.25295, 28.09411 ], [ 85.25315, 28.09411 ], [ 85.25315, 28.09429 ], [ 85.25376, 28.0943 ], [ 85.25375, 28.09466 ], [ 85.25436, 28.09467 ], [ 85.25436, 28.09485 ], [ 85.25456, 28.09485 ], [ 85.25456, 28.09521 ], [ 85.25517, 28.09522 ], [ 85.25517, 28.0954 ], [ 85.25679, 28.09542 ], [ 85.25679, 28.09578 ], [ 85.25699, 28.09579 ], [ 85.25699, 28.09561 ], [ 85.2574, 28.09561 ], [ 85.25759, 28.09633 ], [ 85.258, 28.09634 ], [ 85.258, 28.09616 ], [ 85.25841, 28.09598 ], [ 85.25842, 28.09562 ], [ 85.25862, 28.09563 ], [ 85.25862, 28.09599 ], [ 85.25882, 28.09599 ], [ 85.25882, 28.09617 ], [ 85.25963, 28.09618 ], [ 85.25963, 28.09654 ], [ 85.26064, 28.09655 ], [ 85.26064, 28.09673 ], [ 85.26105, 28.09674 ], [ 85.26104, 28.0971 ], [ 85.26185, 28.09729 ], [ 85.26185, 28.09765 ], [ 85.26225, 28.09784 ], [ 85.26204, 28.0982 ], [ 85.26286, 28.09821 ], [ 85.26285, 28.09839 ], [ 85.26326, 28.09839 ], [ 85.26325, 28.09875 ], [ 85.26346, 28.09876 ], [ 85.26344, 28.09966 ], [ 85.26385, 28.09966 ], [ 85.26385, 28.09984 ], [ 85.26405, 28.09985 ], [ 85.26405, 28.10003 ], [ 85.26384, 28.10002 ], [ 85.26384, 28.10038 ], [ 85.26425, 28.10039 ], [ 85.26424, 28.10057 ], [ 85.26384, 28.10057 ], [ 85.26383, 28.10075 ], [ 85.26465, 28.10076 ], [ 85.26464, 28.10094 ], [ 85.26505, 28.10094 ], [ 85.26504, 28.1013 ], [ 85.26545, 28.10131 ], [ 85.26544, 28.10185 ], [ 85.26565, 28.10185 ], [ 85.26564, 28.10239 ], [ 85.26604, 28.1024 ], [ 85.26604, 28.10258 ], [ 85.26706, 28.10259 ], [ 85.26705, 28.10295 ], [ 85.26746, 28.10296 ], [ 85.26786, 28.10368 ], [ 85.26847, 28.10369 ], [ 85.26846, 28.10405 ], [ 85.26866, 28.10406 ], [ 85.26866, 28.10424 ], [ 85.26968, 28.10425 ], [ 85.26967, 28.10461 ], [ 85.27008, 28.1048 ], [ 85.27007, 28.10516 ], [ 85.27048, 28.10516 ], [ 85.27048, 28.10534 ], [ 85.27068, 28.10534 ], [ 85.27067, 28.10589 ], [ 85.27128, 28.10589 ], [ 85.27107, 28.10625 ], [ 85.27148, 28.10626 ], [ 85.27147, 28.1068 ], [ 85.27188, 28.1068 ], [ 85.27187, 28.10716 ], [ 85.27228, 28.10717 ], [ 85.27228, 28.10735 ], [ 85.27248, 28.10735 ], [ 85.27247, 28.10771 ], [ 85.27308, 28.10772 ], [ 85.27308, 28.1079 ], [ 85.27349, 28.10791 ], [ 85.27348, 28.10827 ], [ 85.27409, 28.10828 ], [ 85.27409, 28.10846 ], [ 85.27429, 28.10846 ], [ 85.27429, 28.10882 ], [ 85.27449, 28.10882 ], [ 85.27448, 28.10936 ], [ 85.27489, 28.10937 ], [ 85.27488, 28.10991 ], [ 85.27508, 28.10991 ], [ 85.27508, 28.11045 ], [ 85.27589, 28.11046 ], [ 85.27589, 28.11064 ], [ 85.2765, 28.11065 ], [ 85.27648, 28.11155 ], [ 85.27689, 28.11156 ], [ 85.27688, 28.11228 ], [ 85.27708, 28.11228 ], [ 85.27707, 28.11283 ], [ 85.27768, 28.11283 ], [ 85.27769, 28.11265 ], [ 85.27809, 28.11266 ], [ 85.2781, 28.1123 ], [ 85.27871, 28.1123 ], [ 85.27871, 28.11212 ], [ 85.27912, 28.11213 ], [ 85.27911, 28.11285 ], [ 85.27931, 28.11285 ], [ 85.27931, 28.11321 ], [ 85.28032, 28.11323 ], [ 85.28032, 28.11341 ], [ 85.28073, 28.11341 ], [ 85.28072, 28.11377 ], [ 85.28093, 28.11378 ], [ 85.28092, 28.11396 ], [ 85.28133, 28.11396 ], [ 85.28132, 28.1145 ], [ 85.28153, 28.11451 ], [ 85.28151, 28.11541 ], [ 85.28171, 28.11541 ], [ 85.2817, 28.11613 ], [ 85.28211, 28.11632 ], [ 85.2821, 28.1165 ], [ 85.28231, 28.1165 ], [ 85.2823, 28.11686 ], [ 85.28352, 28.11706 ], [ 85.28352, 28.11724 ], [ 85.28311, 28.11723 ], [ 85.28311, 28.11741 ], [ 85.28351, 28.11742 ], [ 85.28351, 28.1176 ], [ 85.28412, 28.11761 ], [ 85.28412, 28.11779 ], [ 85.28371, 28.11778 ], [ 85.28371, 28.11796 ], [ 85.28432, 28.11797 ], [ 85.28432, 28.11815 ], [ 85.28513, 28.11816 ], [ 85.28513, 28.11852 ], [ 85.28574, 28.11853 ], [ 85.28573, 28.11871 ], [ 85.28675, 28.11872 ], [ 85.28675, 28.11908 ], [ 85.28756, 28.11927 ], [ 85.28735, 28.11963 ], [ 85.28755, 28.11964 ], [ 85.28755, 28.12 ], [ 85.28734, 28.11999 ], [ 85.28734, 28.12017 ], [ 85.28754, 28.12018 ], [ 85.28754, 28.12054 ], [ 85.28774, 28.12054 ], [ 85.28774, 28.12072 ], [ 85.28814, 28.12091 ], [ 85.28813, 28.12145 ], [ 85.28956, 28.12147 ], [ 85.28955, 28.12183 ], [ 85.29037, 28.12184 ], [ 85.29035, 28.12256 ], [ 85.29097, 28.12257 ], [ 85.29096, 28.12293 ], [ 85.29218, 28.12312 ], [ 85.29217, 28.12348 ], [ 85.29258, 28.12367 ], [ 85.29257, 28.12403 ], [ 85.29298, 28.12403 ], [ 85.29298, 28.12422 ], [ 85.29318, 28.12422 ], [ 85.29337, 28.12494 ], [ 85.29378, 28.12495 ], [ 85.29378, 28.12513 ], [ 85.29398, 28.12513 ], [ 85.29397, 28.12549 ], [ 85.29438, 28.1255 ], [ 85.29438, 28.12568 ], [ 85.29519, 28.12569 ], [ 85.29519, 28.12605 ], [ 85.296, 28.12606 ], [ 85.296, 28.12624 ], [ 85.2962, 28.12624 ], [ 85.2962, 28.1266 ], [ 85.2966, 28.12661 ], [ 85.2966, 28.12679 ], [ 85.2968, 28.12679 ], [ 85.2968, 28.12715 ], [ 85.29802, 28.12735 ], [ 85.29801, 28.12753 ], [ 85.2974, 28.12752 ], [ 85.2974, 28.1277 ], [ 85.2976, 28.1277 ], [ 85.2976, 28.12788 ], [ 85.29801, 28.12789 ], [ 85.298, 28.12807 ], [ 85.2976, 28.12806 ], [ 85.29759, 28.12824 ], [ 85.298, 28.12825 ], [ 85.29799, 28.12897 ], [ 85.29819, 28.12897 ], [ 85.29819, 28.12933 ], [ 85.29839, 28.12934 ], [ 85.29839, 28.12952 ], [ 85.2988, 28.12952 ], [ 85.29879, 28.1297 ], [ 85.29839, 28.1297 ], [ 85.29838, 28.12988 ], [ 85.29879, 28.12988 ], [ 85.29879, 28.13006 ], [ 85.29899, 28.13007 ], [ 85.29899, 28.13043 ], [ 85.29939, 28.13043 ], [ 85.29939, 28.13061 ], [ 85.29959, 28.13062 ], [ 85.29958, 28.13134 ], [ 85.29979, 28.13134 ], [ 85.29977, 28.1326 ], [ 85.30017, 28.13261 ], [ 85.30016, 28.13315 ], [ 85.30037, 28.13315 ], [ 85.30036, 28.13351 ], [ 85.30077, 28.13352 ], [ 85.30077, 28.1337 ], [ 85.30097, 28.1337 ], [ 85.30096, 28.13424 ], [ 85.30178, 28.13425 ], [ 85.30177, 28.13461 ], [ 85.30218, 28.13462 ], [ 85.30217, 28.1348 ], [ 85.30238, 28.1348 ], [ 85.30237, 28.13534 ], [ 85.30257, 28.13534 ], [ 85.30257, 28.13571 ], [ 85.30338, 28.1359 ], [ 85.30337, 28.13644 ], [ 85.30357, 28.13644 ], [ 85.30357, 28.1368 ], [ 85.30377, 28.1368 ], [ 85.30377, 28.13716 ], [ 85.30397, 28.13717 ], [ 85.30397, 28.13735 ], [ 85.30437, 28.13735 ], [ 85.30436, 28.13844 ], [ 85.30456, 28.13844 ], [ 85.30455, 28.1388 ], [ 85.30496, 28.1388 ], [ 85.30496, 28.13898 ], [ 85.30516, 28.13899 ], [ 85.30515, 28.13989 ], [ 85.30576, 28.1399 ], [ 85.30576, 28.14008 ], [ 85.30596, 28.14008 ], [ 85.30595, 28.14044 ], [ 85.30616, 28.14044 ], [ 85.30615, 28.14098 ], [ 85.30656, 28.14099 ], [ 85.30655, 28.14117 ], [ 85.30716, 28.14118 ], [ 85.30716, 28.14154 ], [ 85.30797, 28.14173 ], [ 85.30796, 28.14209 ], [ 85.30817, 28.14209 ], [ 85.30816, 28.14227 ], [ 85.30878, 28.14228 ], [ 85.30897, 28.143 ], [ 85.30938, 28.14283 ], [ 85.30937, 28.14319 ], [ 85.30978, 28.1432 ], [ 85.30977, 28.14356 ], [ 85.31018, 28.14356 ], [ 85.31039, 28.1432 ], [ 85.3108, 28.14321 ], [ 85.31079, 28.14339 ], [ 85.31141, 28.1434 ], [ 85.3114, 28.14376 ], [ 85.31181, 28.14376 ], [ 85.3118, 28.14394 ], [ 85.31201, 28.14394 ], [ 85.312, 28.14431 ], [ 85.31241, 28.14431 ], [ 85.3124, 28.14467 ], [ 85.31261, 28.14467 ], [ 85.3126, 28.14522 ], [ 85.31341, 28.14541 ], [ 85.3134, 28.14577 ], [ 85.31381, 28.14577 ], [ 85.31421, 28.1465 ], [ 85.31482, 28.14651 ], [ 85.31481, 28.14687 ], [ 85.31563, 28.14688 ], [ 85.31562, 28.14706 ], [ 85.31603, 28.14706 ], [ 85.31603, 28.14742 ], [ 85.31684, 28.14761 ], [ 85.31683, 28.14798 ], [ 85.31765, 28.14799 ], [ 85.31764, 28.14817 ], [ 85.31785, 28.14817 ], [ 85.31784, 28.14871 ], [ 85.31845, 28.14872 ], [ 85.31844, 28.14926 ], [ 85.31966, 28.14927 ], [ 85.31966, 28.14963 ], [ 85.32006, 28.14964 ], [ 85.32006, 28.14982 ], [ 85.32067, 28.14983 ], [ 85.32067, 28.15019 ], [ 85.32107, 28.15019 ], [ 85.32147, 28.15092 ], [ 85.3231, 28.15094 ], [ 85.32309, 28.1513 ], [ 85.3239, 28.15149 ], [ 85.3239, 28.15185 ], [ 85.32512, 28.15205 ], [ 85.32511, 28.15259 ], [ 85.32552, 28.15259 ], [ 85.32551, 28.15296 ], [ 85.32592, 28.15314 ], [ 85.32591, 28.1535 ], [ 85.32713, 28.1537 ], [ 85.32712, 28.15424 ], [ 85.32732, 28.15424 ], [ 85.32732, 28.15478 ], [ 85.32711, 28.15478 ], [ 85.32711, 28.15514 ], [ 85.32772, 28.15515 ], [ 85.32771, 28.15533 ], [ 85.32812, 28.15515 ], [ 85.32812, 28.15533 ], [ 85.32853, 28.15534 ], [ 85.32852, 28.1557 ], [ 85.32934, 28.15571 ], [ 85.32933, 28.15589 ], [ 85.32954, 28.15589 ], [ 85.32953, 28.15625 ], [ 85.33034, 28.15644 ], [ 85.33034, 28.1568 ], [ 85.33156, 28.157 ], [ 85.33155, 28.15772 ], [ 85.33134, 28.15772 ], [ 85.33134, 28.1579 ], [ 85.33175, 28.1579 ], [ 85.33174, 28.15827 ], [ 85.33256, 28.15828 ], [ 85.33255, 28.15846 ], [ 85.33296, 28.15846 ], [ 85.33296, 28.15882 ], [ 85.33316, 28.15882 ], [ 85.33316, 28.159 ], [ 85.33438, 28.15902 ], [ 85.33438, 28.1592 ], [ 85.33397, 28.1592 ], [ 85.33396, 28.15938 ], [ 85.33437, 28.15938 ], [ 85.33436, 28.15992 ], [ 85.33477, 28.15993 ], [ 85.33477, 28.16029 ], [ 85.33456, 28.16029 ], [ 85.33456, 28.16047 ], [ 85.33476, 28.16047 ], [ 85.33476, 28.16065 ], [ 85.33537, 28.16066 ], [ 85.33516, 28.16101 ], [ 85.33537, 28.16102 ], [ 85.33536, 28.1612 ], [ 85.33577, 28.1612 ], [ 85.33576, 28.16156 ], [ 85.33597, 28.16157 ], [ 85.33596, 28.16211 ], [ 85.33616, 28.16211 ], [ 85.33616, 28.16229 ], [ 85.33657, 28.1623 ], [ 85.33656, 28.16266 ], [ 85.33677, 28.16266 ], [ 85.33676, 28.1632 ], [ 85.33716, 28.1632 ], [ 85.33715, 28.16411 ], [ 85.33735, 28.16411 ], [ 85.33735, 28.16429 ], [ 85.33796, 28.1643 ], [ 85.33796, 28.16466 ], [ 85.33857, 28.16467 ], [ 85.33856, 28.16485 ], [ 85.33979, 28.16486 ], [ 85.33978, 28.16522 ], [ 85.34059, 28.16541 ], [ 85.34059, 28.16577 ], [ 85.3412, 28.16578 ], [ 85.34119, 28.1665 ], [ 85.34159, 28.16651 ], [ 85.34159, 28.16669 ], [ 85.34078, 28.16668 ], [ 85.34077, 28.16686 ], [ 85.34118, 28.16686 ], [ 85.34118, 28.16704 ], [ 85.34138, 28.16705 ], [ 85.34117, 28.16741 ], [ 85.34158, 28.16741 ], [ 85.34157, 28.16813 ], [ 85.34116, 28.16813 ], [ 85.34115, 28.16903 ], [ 85.34156, 28.16903 ], [ 85.34151, 28.17174 ], [ 85.34131, 28.17174 ], [ 85.3413, 28.17264 ], [ 85.3415, 28.17264 ], [ 85.34149, 28.17355 ], [ 85.34189, 28.17355 ], [ 85.34188, 28.17463 ], [ 85.34147, 28.17463 ], [ 85.34146, 28.17535 ], [ 85.34187, 28.17536 ], [ 85.34185, 28.17662 ], [ 85.34144, 28.17661 ], [ 85.34144, 28.17679 ], [ 85.34184, 28.1768 ], [ 85.3418, 28.17951 ], [ 85.3416, 28.1795 ], [ 85.34159, 28.18023 ], [ 85.34118, 28.18022 ], [ 85.34117, 28.18094 ], [ 85.34076, 28.18094 ], [ 85.34075, 28.1813 ], [ 85.34055, 28.1813 ], [ 85.34056, 28.18094 ], [ 85.34035, 28.18093 ], [ 85.34035, 28.18129 ], [ 85.33933, 28.18128 ], [ 85.33933, 28.18146 ], [ 85.3379, 28.18144 ], [ 85.33769, 28.1818 ], [ 85.33688, 28.18161 ], [ 85.33689, 28.18125 ], [ 85.33627, 28.18124 ], [ 85.33628, 28.18106 ], [ 85.33546, 28.18105 ], [ 85.33547, 28.18069 ], [ 85.33506, 28.18069 ], [ 85.33506, 28.18105 ], [ 85.33485, 28.18105 ], [ 85.33486, 28.18069 ], [ 85.33404, 28.18068 ], [ 85.33405, 28.18049 ], [ 85.33343, 28.18049 ], [ 85.33344, 28.18013 ], [ 85.33283, 28.18012 ], [ 85.33283, 28.17994 ], [ 85.33141, 28.17992 ], [ 85.33141, 28.17956 ], [ 85.33121, 28.17956 ], [ 85.3312, 28.17992 ], [ 85.331, 28.17992 ], [ 85.3308, 28.17955 ], [ 85.32978, 28.17954 ], [ 85.32978, 28.17936 ], [ 85.32958, 28.17936 ], [ 85.32959, 28.179 ], [ 85.32857, 28.17898 ], [ 85.32857, 28.1788 ], [ 85.32816, 28.1788 ], [ 85.32817, 28.17844 ], [ 85.32715, 28.17843 ], [ 85.32715, 28.17824 ], [ 85.32654, 28.17824 ], [ 85.32655, 28.17788 ], [ 85.32533, 28.17786 ], [ 85.32533, 28.17768 ], [ 85.32513, 28.17768 ], [ 85.32512, 28.17786 ], [ 85.32248, 28.17783 ], [ 85.32247, 28.17801 ], [ 85.32186, 28.178 ], [ 85.32186, 28.17818 ], [ 85.32145, 28.17818 ], [ 85.32145, 28.17854 ], [ 85.32022, 28.17852 ], [ 85.32022, 28.1787 ], [ 85.32002, 28.1787 ], [ 85.32003, 28.17816 ], [ 85.31962, 28.17815 ], [ 85.31961, 28.17851 ], [ 85.31921, 28.17851 ], [ 85.31921, 28.17815 ], [ 85.3188, 28.17814 ], [ 85.3188, 28.1785 ], [ 85.31839, 28.1785 ], [ 85.31839, 28.17868 ], [ 85.31818, 28.17868 ], [ 85.31818, 28.17904 ], [ 85.31777, 28.17903 ], [ 85.31778, 28.17849 ], [ 85.31717, 28.17848 ], [ 85.31717, 28.17866 ], [ 85.31676, 28.17866 ], [ 85.31676, 28.17884 ], [ 85.31655, 28.17884 ], [ 85.31656, 28.17848 ], [ 85.31595, 28.17847 ], [ 85.31574, 28.17883 ], [ 85.31553, 28.17882 ], [ 85.31554, 28.17846 ], [ 85.31513, 28.17846 ], [ 85.31513, 28.17882 ], [ 85.31431, 28.17881 ], [ 85.3141, 28.17917 ], [ 85.3137, 28.17898 ], [ 85.31369, 28.17934 ], [ 85.31166, 28.17932 ], [ 85.31166, 28.17896 ], [ 85.31044, 28.17894 ], [ 85.31044, 28.17876 ], [ 85.31004, 28.17858 ], [ 85.31004, 28.1784 ], [ 85.30923, 28.17839 ], [ 85.30923, 28.17821 ], [ 85.30903, 28.1782 ], [ 85.30902, 28.17856 ], [ 85.30759, 28.17855 ], [ 85.30718, 28.17926 ], [ 85.30697, 28.17926 ], [ 85.30697, 28.17908 ], [ 85.30657, 28.17907 ], [ 85.30656, 28.17926 ], [ 85.30595, 28.17925 ], [ 85.30595, 28.17961 ], [ 85.30534, 28.1796 ], [ 85.30533, 28.17978 ], [ 85.30513, 28.17978 ], [ 85.30512, 28.18014 ], [ 85.30492, 28.18014 ], [ 85.30492, 28.1805 ], [ 85.30451, 28.18049 ], [ 85.30451, 28.18067 ], [ 85.30491, 28.18068 ], [ 85.30491, 28.18086 ], [ 85.3043, 28.18085 ], [ 85.3043, 28.18103 ], [ 85.30389, 28.18103 ], [ 85.30389, 28.18067 ], [ 85.30369, 28.18066 ], [ 85.30368, 28.18121 ], [ 85.30348, 28.1812 ], [ 85.30347, 28.18156 ], [ 85.30327, 28.18156 ], [ 85.30327, 28.18174 ], [ 85.30245, 28.18173 ], [ 85.30245, 28.18209 ], [ 85.30122, 28.18208 ], [ 85.30122, 28.18226 ], [ 85.30102, 28.18225 ], [ 85.30102, 28.18189 ], [ 85.30062, 28.18189 ], [ 85.30062, 28.18153 ], [ 85.30042, 28.18153 ], [ 85.30042, 28.18116 ], [ 85.30022, 28.18116 ], [ 85.30023, 28.18062 ], [ 85.29982, 28.18044 ], [ 85.29983, 28.17989 ], [ 85.29963, 28.17989 ], [ 85.29963, 28.17953 ], [ 85.29882, 28.17934 ], [ 85.29883, 28.17898 ], [ 85.29842, 28.17897 ], [ 85.29842, 28.17879 ], [ 85.29761, 28.17878 ], [ 85.29762, 28.17842 ], [ 85.297, 28.17841 ], [ 85.29701, 28.17823 ], [ 85.2966, 28.17823 ], [ 85.29661, 28.17787 ], [ 85.2962, 28.17786 ], [ 85.2962, 28.17768 ], [ 85.29559, 28.17768 ], [ 85.2956, 28.17731 ], [ 85.29519, 28.17731 ], [ 85.29519, 28.17713 ], [ 85.29458, 28.17712 ], [ 85.29459, 28.17676 ], [ 85.29377, 28.17675 ], [ 85.29377, 28.17657 ], [ 85.29337, 28.17638 ], [ 85.29337, 28.1762 ], [ 85.29297, 28.1762 ], [ 85.29297, 28.17602 ], [ 85.29236, 28.17601 ], [ 85.29236, 28.17565 ], [ 85.29175, 28.17564 ], [ 85.29175, 28.17546 ], [ 85.29155, 28.17546 ], [ 85.29156, 28.1751 ], [ 85.29115, 28.17509 ], [ 85.29115, 28.17491 ], [ 85.29095, 28.17491 ], [ 85.29095, 28.17455 ], [ 85.29034, 28.17454 ], [ 85.29035, 28.17436 ], [ 85.29014, 28.17436 ], [ 85.29015, 28.174 ], [ 85.28974, 28.17381 ], [ 85.28975, 28.17345 ], [ 85.28935, 28.17327 ], [ 85.28935, 28.1729 ], [ 85.28874, 28.1729 ], [ 85.28874, 28.17272 ], [ 85.28854, 28.17271 ], [ 85.28855, 28.17235 ], [ 85.28814, 28.17235 ], [ 85.28814, 28.17217 ], [ 85.28794, 28.17216 ], [ 85.28794, 28.1718 ], [ 85.28774, 28.1718 ], [ 85.28774, 28.17162 ], [ 85.28733, 28.17162 ], [ 85.28714, 28.17089 ], [ 85.28674, 28.17071 ], [ 85.28695, 28.17035 ], [ 85.28654, 28.17016 ], [ 85.28655, 28.1698 ], [ 85.28635, 28.1698 ], [ 85.28635, 28.16962 ], [ 85.28594, 28.16961 ], [ 85.28595, 28.16925 ], [ 85.28554, 28.16925 ], [ 85.28554, 28.16907 ], [ 85.28534, 28.16906 ], [ 85.28534, 28.1687 ], [ 85.28494, 28.1687 ], [ 85.28494, 28.16852 ], [ 85.28474, 28.16851 ], [ 85.28474, 28.16815 ], [ 85.28433, 28.16815 ], [ 85.28434, 28.16797 ], [ 85.28373, 28.16796 ], [ 85.28373, 28.1676 ], [ 85.28312, 28.16759 ], [ 85.28312, 28.16741 ], [ 85.28272, 28.16741 ], [ 85.28272, 28.16705 ], [ 85.28211, 28.16704 ], [ 85.28212, 28.16686 ], [ 85.27967, 28.16701 ], [ 85.27967, 28.16665 ], [ 85.27988, 28.16665 ], [ 85.27988, 28.16647 ], [ 85.27764, 28.16644 ], [ 85.27764, 28.16626 ], [ 85.27724, 28.16625 ], [ 85.27724, 28.16589 ], [ 85.27643, 28.16588 ], [ 85.27643, 28.1657 ], [ 85.27175, 28.16546 ], [ 85.27175, 28.16564 ], [ 85.27134, 28.16564 ], [ 85.27133, 28.166 ], [ 85.27113, 28.166 ], [ 85.27114, 28.16564 ], [ 85.27093, 28.16563 ], [ 85.27093, 28.16599 ], [ 85.26991, 28.16598 ], [ 85.26991, 28.16616 ], [ 85.2695, 28.16634 ], [ 85.26949, 28.16652 ], [ 85.26909, 28.16651 ], [ 85.26908, 28.16669 ], [ 85.26888, 28.16669 ], [ 85.26888, 28.16651 ], [ 85.26847, 28.16651 ], [ 85.26847, 28.16687 ], [ 85.26765, 28.16686 ], [ 85.26765, 28.16704 ], [ 85.26745, 28.16703 ], [ 85.26744, 28.16739 ], [ 85.26703, 28.16739 ], [ 85.26703, 28.16757 ], [ 85.26683, 28.16757 ], [ 85.26682, 28.16793 ], [ 85.26641, 28.1681 ], [ 85.26641, 28.16828 ], [ 85.266, 28.16828 ], [ 85.266, 28.16846 ], [ 85.26559, 28.16845 ], [ 85.26559, 28.16827 ], [ 85.26539, 28.16827 ], [ 85.26539, 28.16845 ], [ 85.26457, 28.16844 ], [ 85.26457, 28.1688 ], [ 85.26579, 28.169 ], [ 85.26579, 28.16882 ], [ 85.2662, 28.16882 ], [ 85.2662, 28.16846 ], [ 85.26661, 28.16847 ], [ 85.2666, 28.16883 ], [ 85.26701, 28.16883 ], [ 85.26702, 28.16847 ], [ 85.26742, 28.16848 ], [ 85.26743, 28.16812 ], [ 85.26865, 28.16813 ], [ 85.26885, 28.1685 ], [ 85.26905, 28.1685 ], [ 85.26906, 28.16814 ], [ 85.26926, 28.16814 ], [ 85.26927, 28.16796 ], [ 85.26967, 28.16796 ], [ 85.26968, 28.1676 ], [ 85.27131, 28.16744 ], [ 85.27131, 28.16762 ], [ 85.27212, 28.16763 ], [ 85.27213, 28.16727 ], [ 85.27274, 28.16728 ], [ 85.27274, 28.1671 ], [ 85.27356, 28.16711 ], [ 85.27355, 28.16729 ], [ 85.27396, 28.1673 ], [ 85.27396, 28.16712 ], [ 85.27457, 28.16712 ], [ 85.27457, 28.1673 ], [ 85.27579, 28.1675 ], [ 85.27579, 28.16768 ], [ 85.2762, 28.16769 ], [ 85.27619, 28.16787 ], [ 85.27701, 28.16788 ], [ 85.277, 28.16824 ], [ 85.27904, 28.16826 ], [ 85.27903, 28.16844 ], [ 85.27985, 28.16845 ], [ 85.27984, 28.16881 ], [ 85.28106, 28.16901 ], [ 85.28106, 28.16937 ], [ 85.28248, 28.16939 ], [ 85.28248, 28.16921 ], [ 85.28208, 28.1692 ], [ 85.28208, 28.16902 ], [ 85.2829, 28.16903 ], [ 85.28289, 28.16939 ], [ 85.2837, 28.1694 ], [ 85.2837, 28.16958 ], [ 85.28411, 28.16959 ], [ 85.2841, 28.17013 ], [ 85.2843, 28.17013 ], [ 85.2843, 28.17049 ], [ 85.28491, 28.1705 ], [ 85.28491, 28.17068 ], [ 85.28511, 28.17069 ], [ 85.2851, 28.17105 ], [ 85.28551, 28.17105 ], [ 85.2855, 28.17141 ], [ 85.28632, 28.1716 ], [ 85.28631, 28.17214 ], [ 85.28671, 28.17233 ], [ 85.2867, 28.17287 ], [ 85.28711, 28.17288 ], [ 85.28711, 28.17324 ], [ 85.28772, 28.17324 ], [ 85.28771, 28.17343 ], [ 85.28792, 28.17343 ], [ 85.28791, 28.17397 ], [ 85.28811, 28.17397 ], [ 85.28811, 28.17433 ], [ 85.28851, 28.17434 ], [ 85.28851, 28.17452 ], [ 85.28912, 28.17453 ], [ 85.28912, 28.17489 ], [ 85.28932, 28.17489 ], [ 85.2893, 28.17633 ], [ 85.28991, 28.17634 ], [ 85.28991, 28.17616 ], [ 85.29011, 28.17616 ], [ 85.29011, 28.17652 ], [ 85.29052, 28.17653 ], [ 85.29051, 28.17689 ], [ 85.29071, 28.17689 ], [ 85.29071, 28.17707 ], [ 85.29132, 28.17708 ], [ 85.29132, 28.17744 ], [ 85.29172, 28.17763 ], [ 85.29171, 28.17799 ], [ 85.29233, 28.178 ], [ 85.29232, 28.17818 ], [ 85.29314, 28.17819 ], [ 85.29313, 28.17837 ], [ 85.29354, 28.17819 ], [ 85.29354, 28.17855 ], [ 85.29374, 28.17855 ], [ 85.29374, 28.17873 ], [ 85.29435, 28.17874 ], [ 85.29435, 28.1791 ], [ 85.29516, 28.17911 ], [ 85.29516, 28.17929 ], [ 85.29556, 28.17948 ], [ 85.29556, 28.17966 ], [ 85.29597, 28.17967 ], [ 85.29596, 28.17985 ], [ 85.29617, 28.17985 ], [ 85.29616, 28.18021 ], [ 85.29657, 28.18021 ], [ 85.29657, 28.18039 ], [ 85.29677, 28.1804 ], [ 85.29676, 28.18076 ], [ 85.29737, 28.18077 ], [ 85.29737, 28.18113 ], [ 85.29757, 28.18113 ], [ 85.29757, 28.18131 ], [ 85.29737, 28.18131 ], [ 85.29736, 28.18185 ], [ 85.29756, 28.18185 ], [ 85.29756, 28.18203 ], [ 85.29797, 28.18204 ], [ 85.29796, 28.18258 ], [ 85.29816, 28.18258 ], [ 85.29815, 28.18294 ], [ 85.29856, 28.18295 ], [ 85.29855, 28.18367 ], [ 85.29936, 28.18386 ], [ 85.29935, 28.18458 ], [ 85.29874, 28.18457 ], [ 85.29873, 28.18511 ], [ 85.29853, 28.18511 ], [ 85.29852, 28.18565 ], [ 85.29811, 28.18547 ], [ 85.29811, 28.18601 ], [ 85.2979, 28.18601 ], [ 85.29789, 28.18655 ], [ 85.29769, 28.18655 ], [ 85.29768, 28.18709 ], [ 85.29727, 28.18708 ], [ 85.29726, 28.18798 ], [ 85.29767, 28.18799 ], [ 85.29766, 28.18817 ], [ 85.29746, 28.18817 ], [ 85.29745, 28.18853 ], [ 85.29705, 28.18852 ], [ 85.29704, 28.18924 ], [ 85.29683, 28.18924 ], [ 85.29683, 28.1896 ], [ 85.29662, 28.1896 ], [ 85.29661, 28.19014 ], [ 85.29621, 28.19014 ], [ 85.29619, 28.19104 ], [ 85.29558, 28.19103 ], [ 85.29559, 28.19067 ], [ 85.29538, 28.19067 ], [ 85.29538, 28.19103 ], [ 85.29517, 28.19103 ], [ 85.29517, 28.19121 ], [ 85.29476, 28.1912 ], [ 85.29476, 28.19156 ], [ 85.29435, 28.19156 ], [ 85.29434, 28.1921 ], [ 85.29394, 28.19209 ], [ 85.29393, 28.19264 ], [ 85.29413, 28.19264 ], [ 85.29412, 28.193 ], [ 85.29372, 28.19281 ], [ 85.2935, 28.19353 ], [ 85.2931, 28.19353 ], [ 85.29309, 28.19389 ], [ 85.2933, 28.19389 ], [ 85.29329, 28.19407 ], [ 85.29289, 28.19407 ], [ 85.29288, 28.19425 ], [ 85.29268, 28.19424 ], [ 85.29267, 28.19461 ], [ 85.29227, 28.1946 ], [ 85.29226, 28.19496 ], [ 85.29246, 28.19496 ], [ 85.29246, 28.19514 ], [ 85.29205, 28.19514 ], [ 85.29205, 28.1955 ], [ 85.29184, 28.1955 ], [ 85.29184, 28.19568 ], [ 85.29143, 28.19567 ], [ 85.29142, 28.19621 ], [ 85.29163, 28.19622 ], [ 85.29162, 28.19658 ], [ 85.29101, 28.19657 ], [ 85.291, 28.19711 ], [ 85.2906, 28.19711 ], [ 85.29059, 28.19729 ], [ 85.29039, 28.19728 ], [ 85.29038, 28.19801 ], [ 85.29017, 28.198 ], [ 85.29016, 28.19891 ], [ 85.28996, 28.1989 ], [ 85.28995, 28.19926 ], [ 85.28954, 28.19926 ], [ 85.28953, 28.20016 ], [ 85.28932, 28.20016 ], [ 85.28931, 28.20124 ], [ 85.28951, 28.20124 ], [ 85.28951, 28.20142 ], [ 85.2893, 28.20142 ], [ 85.2893, 28.20178 ], [ 85.2891, 28.20178 ], [ 85.28909, 28.20232 ], [ 85.28868, 28.20232 ], [ 85.28867, 28.20286 ], [ 85.28908, 28.20286 ], [ 85.28907, 28.20322 ], [ 85.28867, 28.20304 ], [ 85.28866, 28.20358 ], [ 85.28846, 28.20358 ], [ 85.28845, 28.20376 ], [ 85.28866, 28.20376 ], [ 85.28865, 28.20394 ], [ 85.28926, 28.20395 ], [ 85.28905, 28.20431 ], [ 85.28926, 28.20431 ], [ 85.28925, 28.20485 ], [ 85.28966, 28.20486 ], [ 85.28964, 28.20576 ], [ 85.29005, 28.20576 ], [ 85.29005, 28.20594 ], [ 85.28964, 28.20594 ], [ 85.28964, 28.20612 ], [ 85.28923, 28.20611 ], [ 85.28922, 28.20648 ], [ 85.28902, 28.20647 ], [ 85.28901, 28.20737 ], [ 85.28921, 28.20738 ], [ 85.2892, 28.20774 ], [ 85.28941, 28.20774 ], [ 85.2894, 28.20828 ], [ 85.2896, 28.20828 ], [ 85.2896, 28.20847 ], [ 85.2894, 28.20846 ], [ 85.28939, 28.20882 ], [ 85.28979, 28.20901 ], [ 85.28979, 28.20919 ], [ 85.28938, 28.20918 ], [ 85.28938, 28.20936 ], [ 85.28959, 28.20937 ], [ 85.28958, 28.20973 ], [ 85.28897, 28.20972 ], [ 85.28896, 28.21008 ], [ 85.28937, 28.21009 ], [ 85.28936, 28.21045 ], [ 85.28896, 28.21044 ], [ 85.28895, 28.21062 ], [ 85.28936, 28.21063 ], [ 85.28936, 28.21081 ], [ 85.28895, 28.2108 ], [ 85.28895, 28.21098 ], [ 85.28874, 28.21098 ], [ 85.28874, 28.21152 ], [ 85.28792, 28.21133 ], [ 85.28792, 28.21151 ], [ 85.28772, 28.21151 ], [ 85.28771, 28.21223 ], [ 85.2875, 28.21223 ], [ 85.28752, 28.21133 ], [ 85.28731, 28.21132 ], [ 85.2873, 28.21205 ], [ 85.28689, 28.21204 ], [ 85.28688, 28.21294 ], [ 85.28668, 28.21294 ], [ 85.28668, 28.21258 ], [ 85.28648, 28.21258 ], [ 85.28647, 28.21294 ], [ 85.28627, 28.21294 ], [ 85.28626, 28.21366 ], [ 85.28585, 28.21365 ], [ 85.28587, 28.21257 ], [ 85.28566, 28.21257 ], [ 85.28565, 28.21311 ], [ 85.28545, 28.21311 ], [ 85.28544, 28.21383 ], [ 85.28524, 28.21383 ], [ 85.28523, 28.21401 ], [ 85.28483, 28.214 ], [ 85.28482, 28.21436 ], [ 85.28462, 28.21436 ], [ 85.28461, 28.21454 ], [ 85.28482, 28.21454 ], [ 85.28461, 28.2149 ], [ 85.28481, 28.2149 ], [ 85.2848, 28.21526 ], [ 85.2846, 28.21526 ], [ 85.2846, 28.21562 ], [ 85.28439, 28.21562 ], [ 85.28439, 28.21598 ], [ 85.28296, 28.21596 ], [ 85.28295, 28.21632 ], [ 85.28153, 28.21631 ], [ 85.28152, 28.21649 ], [ 85.28112, 28.21648 ], [ 85.28112, 28.2163 ], [ 85.28092, 28.2163 ], [ 85.28091, 28.21648 ], [ 85.28051, 28.21647 ], [ 85.2805, 28.21683 ], [ 85.27989, 28.21683 ], [ 85.27989, 28.21701 ], [ 85.27968, 28.217 ], [ 85.27966, 28.21845 ], [ 85.27925, 28.21844 ], [ 85.27924, 28.21898 ], [ 85.28006, 28.21881 ], [ 85.28007, 28.21845 ], [ 85.28149, 28.21847 ], [ 85.2815, 28.21811 ], [ 85.28191, 28.21812 ], [ 85.2819, 28.21848 ], [ 85.28231, 28.21848 ], [ 85.28252, 28.21812 ], [ 85.28313, 28.21813 ], [ 85.28312, 28.21849 ], [ 85.28394, 28.2185 ], [ 85.28394, 28.21868 ], [ 85.28434, 28.21869 ], [ 85.28434, 28.21887 ], [ 85.28393, 28.21886 ], [ 85.28393, 28.21904 ], [ 85.28434, 28.21905 ], [ 85.28431, 28.22049 ], [ 85.28411, 28.22049 ], [ 85.2841, 28.22103 ], [ 85.28431, 28.22103 ], [ 85.2843, 28.22157 ], [ 85.2845, 28.22158 ], [ 85.28448, 28.22266 ], [ 85.28469, 28.22266 ], [ 85.28468, 28.22302 ], [ 85.28448, 28.22302 ], [ 85.28448, 28.22284 ], [ 85.28407, 28.22284 ], [ 85.28406, 28.22374 ], [ 85.28426, 28.22374 ], [ 85.28426, 28.22392 ], [ 85.28385, 28.22392 ], [ 85.28385, 28.2241 ], [ 85.28405, 28.2241 ], [ 85.28405, 28.22446 ], [ 85.28344, 28.22445 ], [ 85.28343, 28.22463 ], [ 85.28404, 28.22464 ], [ 85.28403, 28.22518 ], [ 85.28424, 28.22518 ], [ 85.28423, 28.22555 ], [ 85.28403, 28.22554 ], [ 85.284, 28.22717 ], [ 85.28441, 28.22735 ], [ 85.2844, 28.22771 ], [ 85.28399, 28.22771 ], [ 85.28399, 28.22789 ], [ 85.2844, 28.22789 ], [ 85.2844, 28.22807 ], [ 85.28399, 28.22807 ], [ 85.28399, 28.22825 ], [ 85.28439, 28.22825 ], [ 85.28438, 28.22898 ], [ 85.28459, 28.22898 ], [ 85.28457, 28.22988 ], [ 85.28477, 28.22988 ], [ 85.28476, 28.23079 ], [ 85.28496, 28.23079 ], [ 85.28494, 28.23205 ], [ 85.28454, 28.23205 ], [ 85.28453, 28.23259 ], [ 85.28432, 28.23259 ], [ 85.28432, 28.23313 ], [ 85.28452, 28.23313 ], [ 85.28451, 28.23367 ], [ 85.28431, 28.23367 ], [ 85.28429, 28.23457 ], [ 85.28409, 28.23457 ], [ 85.28406, 28.23619 ], [ 85.28427, 28.23619 ], [ 85.28426, 28.23638 ], [ 85.28406, 28.23637 ], [ 85.28406, 28.23655 ], [ 85.28426, 28.23656 ], [ 85.28426, 28.23674 ], [ 85.28467, 28.23674 ], [ 85.28466, 28.23692 ], [ 85.28425, 28.23692 ], [ 85.28425, 28.23728 ], [ 85.28466, 28.23728 ], [ 85.28465, 28.23746 ], [ 85.28425, 28.23746 ], [ 85.28424, 28.23764 ], [ 85.28465, 28.23764 ], [ 85.28463, 28.23891 ], [ 85.28443, 28.2389 ], [ 85.28443, 28.23854 ], [ 85.28423, 28.23854 ], [ 85.28422, 28.23926 ], [ 85.28401, 28.23926 ], [ 85.28401, 28.23962 ], [ 85.2838, 28.23962 ], [ 85.2838, 28.24016 ], [ 85.28339, 28.24015 ], [ 85.28338, 28.24033 ], [ 85.28318, 28.24033 ], [ 85.28317, 28.24123 ], [ 85.28296, 28.24123 ], [ 85.28296, 28.24141 ], [ 85.28235, 28.2414 ], [ 85.28213, 28.24212 ], [ 85.28173, 28.24212 ], [ 85.28172, 28.2423 ], [ 85.28213, 28.2423 ], [ 85.28212, 28.24267 ], [ 85.28172, 28.24248 ], [ 85.28151, 28.24284 ], [ 85.28131, 28.24284 ], [ 85.2813, 28.2432 ], [ 85.28089, 28.24319 ], [ 85.28088, 28.24409 ], [ 85.28047, 28.24427 ], [ 85.28046, 28.24463 ], [ 85.28005, 28.24462 ], [ 85.27985, 28.24498 ], [ 85.27944, 28.24498 ], [ 85.27945, 28.24444 ], [ 85.27924, 28.24443 ], [ 85.27924, 28.2448 ], [ 85.27903, 28.24479 ], [ 85.27903, 28.24515 ], [ 85.27882, 28.24515 ], [ 85.27882, 28.24551 ], [ 85.27861, 28.24551 ], [ 85.27863, 28.24461 ], [ 85.27822, 28.2446 ], [ 85.27822, 28.24478 ], [ 85.27842, 28.24478 ], [ 85.27842, 28.24515 ], [ 85.27821, 28.24514 ], [ 85.2782, 28.24568 ], [ 85.278, 28.24568 ], [ 85.27799, 28.24622 ], [ 85.27779, 28.24622 ], [ 85.27779, 28.24586 ], [ 85.27759, 28.24586 ], [ 85.27758, 28.24622 ], [ 85.27738, 28.24622 ], [ 85.27737, 28.24694 ], [ 85.27716, 28.24693 ], [ 85.27715, 28.24784 ], [ 85.27695, 28.24783 ], [ 85.27695, 28.24765 ], [ 85.27654, 28.24765 ], [ 85.27653, 28.24819 ], [ 85.27633, 28.24819 ], [ 85.27632, 28.24873 ], [ 85.27592, 28.24854 ], [ 85.27591, 28.24909 ], [ 85.27509, 28.24926 ], [ 85.27508, 28.2498 ], [ 85.27467, 28.24979 ], [ 85.27467, 28.24997 ], [ 85.27426, 28.24979 ], [ 85.27426, 28.25015 ], [ 85.27385, 28.25014 ], [ 85.27385, 28.2505 ], [ 85.27364, 28.2505 ], [ 85.27365, 28.25014 ], [ 85.27324, 28.25013 ], [ 85.27323, 28.25104 ], [ 85.27302, 28.25103 ], [ 85.27303, 28.25067 ], [ 85.27282, 28.25067 ], [ 85.27282, 28.25103 ], [ 85.27241, 28.25121 ], [ 85.2724, 28.25157 ], [ 85.2722, 28.25157 ], [ 85.27221, 28.25066 ], [ 85.27201, 28.25066 ], [ 85.27199, 28.25156 ], [ 85.27179, 28.25156 ], [ 85.27178, 28.2521 ], [ 85.27137, 28.25228 ], [ 85.27138, 28.25192 ], [ 85.27117, 28.25191 ], [ 85.27117, 28.25209 ], [ 85.27097, 28.25209 ], [ 85.27096, 28.25245 ], [ 85.27076, 28.25245 ], [ 85.27075, 28.25263 ], [ 85.27035, 28.25262 ], [ 85.27034, 28.25299 ], [ 85.26993, 28.25316 ], [ 85.26992, 28.25352 ], [ 85.26972, 28.25352 ], [ 85.26973, 28.25298 ], [ 85.26932, 28.25297 ], [ 85.26931, 28.25351 ], [ 85.26911, 28.25351 ], [ 85.26911, 28.25369 ], [ 85.2687, 28.25369 ], [ 85.26869, 28.25405 ], [ 85.26849, 28.25405 ], [ 85.26848, 28.25459 ], [ 85.26828, 28.25458 ], [ 85.26827, 28.25513 ], [ 85.26786, 28.25512 ], [ 85.26764, 28.25584 ], [ 85.26683, 28.25565 ], [ 85.26682, 28.25619 ], [ 85.26662, 28.25619 ], [ 85.26661, 28.25655 ], [ 85.26621, 28.25654 ], [ 85.2662, 28.25672 ], [ 85.266, 28.25672 ], [ 85.26598, 28.2578 ], [ 85.26578, 28.2578 ], [ 85.26577, 28.25798 ], [ 85.26537, 28.25798 ], [ 85.26535, 28.25906 ], [ 85.26494, 28.25923 ], [ 85.26493, 28.25978 ], [ 85.26452, 28.25977 ], [ 85.26431, 28.26049 ], [ 85.2637, 28.26048 ], [ 85.26369, 28.26066 ], [ 85.26349, 28.26066 ], [ 85.26348, 28.26102 ], [ 85.26328, 28.26102 ], [ 85.26327, 28.26156 ], [ 85.26246, 28.26155 ], [ 85.26245, 28.26173 ], [ 85.26204, 28.26172 ], [ 85.26203, 28.26245 ], [ 85.26244, 28.26245 ], [ 85.26243, 28.26317 ], [ 85.26202, 28.26317 ], [ 85.26201, 28.26371 ], [ 85.2616, 28.26388 ], [ 85.2616, 28.26425 ], [ 85.26139, 28.26424 ], [ 85.2614, 28.2637 ], [ 85.2612, 28.2637 ], [ 85.26119, 28.26424 ], [ 85.26098, 28.26424 ], [ 85.26098, 28.2646 ], [ 85.26037, 28.26459 ], [ 85.26036, 28.26495 ], [ 85.25934, 28.26494 ], [ 85.25935, 28.26458 ], [ 85.25874, 28.26457 ], [ 85.25874, 28.26439 ], [ 85.25813, 28.26438 ], [ 85.25813, 28.26456 ], [ 85.25792, 28.26456 ], [ 85.25792, 28.26492 ], [ 85.25812, 28.26492 ], [ 85.25811, 28.26565 ], [ 85.25852, 28.26565 ], [ 85.25851, 28.26619 ], [ 85.25871, 28.26619 ], [ 85.2587, 28.26656 ], [ 85.25911, 28.26656 ], [ 85.2591, 28.2671 ], [ 85.25931, 28.2671 ], [ 85.2593, 28.26765 ], [ 85.2595, 28.26765 ], [ 85.2595, 28.26783 ], [ 85.25991, 28.26783 ], [ 85.2599, 28.26819 ], [ 85.26072, 28.26821 ], [ 85.26073, 28.2673 ], [ 85.26175, 28.26732 ], [ 85.26176, 28.26677 ], [ 85.26217, 28.26678 ], [ 85.26217, 28.2666 ], [ 85.26237, 28.2666 ], [ 85.26238, 28.26606 ], [ 85.26259, 28.26606 ], [ 85.2626, 28.26534 ], [ 85.26301, 28.26535 ], [ 85.26342, 28.26463 ], [ 85.26383, 28.26464 ], [ 85.26384, 28.26445 ], [ 85.26343, 28.26445 ], [ 85.26343, 28.26427 ], [ 85.26404, 28.26428 ], [ 85.26405, 28.2641 ], [ 85.26425, 28.2641 ], [ 85.26405, 28.26374 ], [ 85.26425, 28.26374 ], [ 85.26426, 28.26356 ], [ 85.26467, 28.26356 ], [ 85.26467, 28.26338 ], [ 85.26426, 28.26338 ], [ 85.26426, 28.2632 ], [ 85.26467, 28.2632 ], [ 85.26468, 28.26284 ], [ 85.26509, 28.26267 ], [ 85.2651, 28.26212 ], [ 85.2655, 28.26213 ], [ 85.26551, 28.26159 ], [ 85.26592, 28.26159 ], [ 85.26593, 28.26123 ], [ 85.26633, 28.26124 ], [ 85.26634, 28.26106 ], [ 85.26654, 28.26106 ], [ 85.26655, 28.2607 ], [ 85.26675, 28.2607 ], [ 85.26676, 28.26016 ], [ 85.26717, 28.26017 ], [ 85.26718, 28.25926 ], [ 85.26738, 28.25927 ], [ 85.26739, 28.2589 ], [ 85.26698, 28.2589 ], [ 85.26699, 28.25872 ], [ 85.26739, 28.25872 ], [ 85.2674, 28.25854 ], [ 85.2676, 28.25855 ], [ 85.26762, 28.2571 ], [ 85.26783, 28.25711 ], [ 85.26783, 28.25674 ], [ 85.26844, 28.25675 ], [ 85.26845, 28.25657 ], [ 85.26865, 28.25657 ], [ 85.26866, 28.25621 ], [ 85.26907, 28.25622 ], [ 85.26907, 28.25604 ], [ 85.26927, 28.25604 ], [ 85.26927, 28.25586 ], [ 85.26887, 28.25585 ], [ 85.26887, 28.25567 ], [ 85.26928, 28.25568 ], [ 85.26928, 28.2555 ], [ 85.26948, 28.2555 ], [ 85.26949, 28.25514 ], [ 85.2701, 28.25515 ], [ 85.27011, 28.25461 ], [ 85.27072, 28.25461 ], [ 85.27073, 28.25425 ], [ 85.27093, 28.25426 ], [ 85.27093, 28.25408 ], [ 85.27155, 28.25408 ], [ 85.27135, 28.25372 ], [ 85.27176, 28.25373 ], [ 85.27176, 28.25354 ], [ 85.27278, 28.25356 ], [ 85.27278, 28.25338 ], [ 85.27176, 28.25336 ], [ 85.27176, 28.25318 ], [ 85.27258, 28.25319 ], [ 85.27258, 28.25301 ], [ 85.27217, 28.25301 ], [ 85.27218, 28.25283 ], [ 85.27422, 28.25267 ], [ 85.27422, 28.25249 ], [ 85.27259, 28.25247 ], [ 85.27259, 28.25229 ], [ 85.273, 28.2523 ], [ 85.273, 28.25212 ], [ 85.27321, 28.25212 ], [ 85.27321, 28.25176 ], [ 85.27423, 28.25177 ], [ 85.27424, 28.25159 ], [ 85.27464, 28.2516 ], [ 85.27465, 28.25142 ], [ 85.27424, 28.25141 ], [ 85.27424, 28.25123 ], [ 85.27506, 28.25124 ], [ 85.27506, 28.25106 ], [ 85.27547, 28.25088 ], [ 85.27547, 28.2507 ], [ 85.27588, 28.25071 ], [ 85.27568, 28.25035 ], [ 85.27589, 28.25035 ], [ 85.27589, 28.25017 ], [ 85.2763, 28.25017 ], [ 85.2763, 28.24981 ], [ 85.27671, 28.24964 ], [ 85.27672, 28.2491 ], [ 85.27713, 28.2491 ], [ 85.27714, 28.24856 ], [ 85.27734, 28.24856 ], [ 85.27734, 28.24838 ], [ 85.27776, 28.24821 ], [ 85.27756, 28.24784 ], [ 85.27796, 28.24785 ], [ 85.27796, 28.24821 ], [ 85.27816, 28.24821 ], [ 85.27817, 28.24749 ], [ 85.27756, 28.24748 ], [ 85.27757, 28.2473 ], [ 85.27899, 28.24732 ], [ 85.279, 28.24696 ], [ 85.27859, 28.24695 ], [ 85.27859, 28.24677 ], [ 85.27982, 28.24661 ], [ 85.27982, 28.24643 ], [ 85.27941, 28.24642 ], [ 85.27942, 28.24624 ], [ 85.27962, 28.24624 ], [ 85.27963, 28.24588 ], [ 85.28003, 28.24589 ], [ 85.28004, 28.24553 ], [ 85.28024, 28.24553 ], [ 85.28025, 28.24535 ], [ 85.28147, 28.24536 ], [ 85.28147, 28.24518 ], [ 85.28188, 28.24519 ], [ 85.28189, 28.24483 ], [ 85.2823, 28.24465 ], [ 85.2823, 28.24429 ], [ 85.28271, 28.2443 ], [ 85.28272, 28.24394 ], [ 85.28292, 28.24394 ], [ 85.28292, 28.24376 ], [ 85.28353, 28.24377 ], [ 85.28354, 28.24359 ], [ 85.28293, 28.24358 ], [ 85.28293, 28.2434 ], [ 85.28374, 28.24341 ], [ 85.28375, 28.24323 ], [ 85.28395, 28.24323 ], [ 85.28396, 28.24287 ], [ 85.28436, 28.24287 ], [ 85.28437, 28.24233 ], [ 85.28458, 28.24234 ], [ 85.28458, 28.24215 ], [ 85.28519, 28.24216 ], [ 85.28519, 28.24198 ], [ 85.28479, 28.24198 ], [ 85.28479, 28.2418 ], [ 85.2852, 28.2418 ], [ 85.28522, 28.24036 ], [ 85.28542, 28.24036 ], [ 85.28543, 28.23982 ], [ 85.28563, 28.23982 ], [ 85.28564, 28.23928 ], [ 85.28605, 28.23929 ], [ 85.28605, 28.2391 ], [ 85.28565, 28.2391 ], [ 85.28565, 28.23874 ], [ 85.28606, 28.23874 ], [ 85.28607, 28.23838 ], [ 85.28627, 28.23839 ], [ 85.28628, 28.23802 ], [ 85.28607, 28.23802 ], [ 85.28607, 28.23784 ], [ 85.28628, 28.23784 ], [ 85.28629, 28.2373 ], [ 85.28649, 28.23731 ], [ 85.28649, 28.23713 ], [ 85.28629, 28.23712 ], [ 85.2863, 28.23676 ], [ 85.2865, 28.23676 ], [ 85.28651, 28.23586 ], [ 85.28631, 28.23586 ], [ 85.28631, 28.23568 ], [ 85.28652, 28.23568 ], [ 85.28653, 28.23478 ], [ 85.28673, 28.23478 ], [ 85.28674, 28.2346 ], [ 85.28714, 28.23461 ], [ 85.28715, 28.23425 ], [ 85.28735, 28.23425 ], [ 85.28736, 28.23371 ], [ 85.28716, 28.2337 ], [ 85.28717, 28.23316 ], [ 85.28737, 28.23317 ], [ 85.28738, 28.23244 ], [ 85.28759, 28.23245 ], [ 85.2876, 28.23154 ], [ 85.2874, 28.23154 ], [ 85.28744, 28.22883 ], [ 85.28703, 28.22883 ], [ 85.28704, 28.22847 ], [ 85.28684, 28.22847 ], [ 85.28685, 28.22774 ], [ 85.28664, 28.22774 ], [ 85.28663, 28.22828 ], [ 85.28643, 28.22828 ], [ 85.28646, 28.22666 ], [ 85.28625, 28.22665 ], [ 85.28626, 28.22629 ], [ 85.28646, 28.22629 ], [ 85.28647, 28.22611 ], [ 85.28626, 28.22611 ], [ 85.28627, 28.22575 ], [ 85.28647, 28.22575 ], [ 85.28647, 28.22557 ], [ 85.28607, 28.22557 ], [ 85.28607, 28.22521 ], [ 85.28628, 28.22521 ], [ 85.28628, 28.22503 ], [ 85.28587, 28.22502 ], [ 85.28587, 28.22484 ], [ 85.28628, 28.22485 ], [ 85.28628, 28.22467 ], [ 85.28649, 28.22467 ], [ 85.28649, 28.22449 ], [ 85.28588, 28.22448 ], [ 85.28588, 28.2243 ], [ 85.28629, 28.22431 ], [ 85.2863, 28.22395 ], [ 85.28711, 28.22378 ], [ 85.28712, 28.2236 ], [ 85.28671, 28.22359 ], [ 85.28671, 28.22341 ], [ 85.28712, 28.22342 ], [ 85.28713, 28.22305 ], [ 85.28672, 28.22305 ], [ 85.28673, 28.22215 ], [ 85.28653, 28.22214 ], [ 85.28656, 28.21998 ], [ 85.28616, 28.21997 ], [ 85.28616, 28.21979 ], [ 85.28657, 28.2198 ], [ 85.28657, 28.21944 ], [ 85.28616, 28.21943 ], [ 85.28617, 28.21889 ], [ 85.28597, 28.21889 ], [ 85.28599, 28.21763 ], [ 85.28619, 28.21763 ], [ 85.2862, 28.21745 ], [ 85.2866, 28.21745 ], [ 85.28661, 28.21709 ], [ 85.28681, 28.21709 ], [ 85.28682, 28.21691 ], [ 85.2862, 28.21691 ], [ 85.28621, 28.21673 ], [ 85.28662, 28.21673 ], [ 85.28662, 28.21655 ], [ 85.28682, 28.21655 ], [ 85.28683, 28.21601 ], [ 85.28703, 28.21601 ], [ 85.28704, 28.21547 ], [ 85.28765, 28.21548 ], [ 85.28766, 28.2153 ], [ 85.28664, 28.21529 ], [ 85.28664, 28.21511 ], [ 85.28746, 28.21494 ], [ 85.28726, 28.21457 ], [ 85.28848, 28.21459 ], [ 85.28829, 28.21422 ], [ 85.28869, 28.21423 ], [ 85.2887, 28.21405 ], [ 85.2891, 28.21405 ], [ 85.28911, 28.21387 ], [ 85.28829, 28.21386 ], [ 85.28829, 28.21368 ], [ 85.2887, 28.21369 ], [ 85.2887, 28.21351 ], [ 85.28932, 28.21352 ], [ 85.28932, 28.21334 ], [ 85.2885, 28.21332 ], [ 85.28851, 28.21314 ], [ 85.28871, 28.21315 ], [ 85.28871, 28.21297 ], [ 85.28932, 28.21297 ], [ 85.28933, 28.21261 ], [ 85.28994, 28.21262 ], [ 85.28994, 28.21244 ], [ 85.29076, 28.21245 ], [ 85.29076, 28.21227 ], [ 85.28995, 28.21226 ], [ 85.28995, 28.21208 ], [ 85.29097, 28.21209 ], [ 85.29097, 28.21191 ], [ 85.29016, 28.2119 ], [ 85.29016, 28.21172 ], [ 85.29097, 28.21173 ], [ 85.29098, 28.21155 ], [ 85.29159, 28.21156 ], [ 85.29159, 28.21138 ], [ 85.29078, 28.21137 ], [ 85.29078, 28.21119 ], [ 85.29119, 28.21119 ], [ 85.29119, 28.21101 ], [ 85.2918, 28.21102 ], [ 85.29181, 28.2103 ], [ 85.2912, 28.21029 ], [ 85.2912, 28.21011 ], [ 85.29161, 28.21011 ], [ 85.29163, 28.20903 ], [ 85.29183, 28.20903 ], [ 85.29184, 28.20867 ], [ 85.29204, 28.20868 ], [ 85.29204, 28.2085 ], [ 85.29245, 28.2085 ], [ 85.29245, 28.20832 ], [ 85.29205, 28.20832 ], [ 85.29205, 28.20813 ], [ 85.29246, 28.20814 ], [ 85.29246, 28.20796 ], [ 85.29266, 28.20796 ], [ 85.29267, 28.20742 ], [ 85.29227, 28.20742 ], [ 85.29227, 28.20687 ], [ 85.29207, 28.20687 ], [ 85.29208, 28.20597 ], [ 85.29188, 28.20597 ], [ 85.29189, 28.20561 ], [ 85.29168, 28.2056 ], [ 85.29167, 28.20614 ], [ 85.29147, 28.20614 ], [ 85.29148, 28.20542 ], [ 85.29128, 28.20542 ], [ 85.29128, 28.20524 ], [ 85.29087, 28.20523 ], [ 85.2909, 28.20361 ], [ 85.29008, 28.2036 ], [ 85.29009, 28.20342 ], [ 85.2905, 28.20342 ], [ 85.2905, 28.20324 ], [ 85.2907, 28.20324 ], [ 85.2905, 28.20288 ], [ 85.29091, 28.20271 ], [ 85.29092, 28.20216 ], [ 85.29133, 28.20217 ], [ 85.29135, 28.20091 ], [ 85.29176, 28.20073 ], [ 85.29177, 28.20019 ], [ 85.29157, 28.20019 ], [ 85.29158, 28.1991 ], [ 85.29199, 28.19911 ], [ 85.29199, 28.19893 ], [ 85.29159, 28.19892 ], [ 85.29159, 28.19874 ], [ 85.29179, 28.19875 ], [ 85.2918, 28.19838 ], [ 85.292, 28.19839 ], [ 85.29201, 28.19785 ], [ 85.29242, 28.19785 ], [ 85.29284, 28.19713 ], [ 85.29324, 28.19714 ], [ 85.29325, 28.1966 ], [ 85.29366, 28.1966 ], [ 85.29367, 28.19588 ], [ 85.29449, 28.19571 ], [ 85.29449, 28.19553 ], [ 85.29429, 28.19553 ], [ 85.29429, 28.19535 ], [ 85.29449, 28.19535 ], [ 85.29451, 28.19463 ], [ 85.29491, 28.19463 ], [ 85.29492, 28.19427 ], [ 85.29533, 28.1941 ], [ 85.29513, 28.19373 ], [ 85.29574, 28.19374 ], [ 85.29575, 28.19356 ], [ 85.29595, 28.19356 ], [ 85.29595, 28.19338 ], [ 85.29534, 28.19338 ], [ 85.29534, 28.19319 ], [ 85.29595, 28.1932 ], [ 85.29596, 28.19284 ], [ 85.29636, 28.19303 ], [ 85.29637, 28.19267 ], [ 85.29678, 28.19285 ], [ 85.29678, 28.19267 ], [ 85.29739, 28.19268 ], [ 85.29739, 28.19232 ], [ 85.29821, 28.19233 ], [ 85.29821, 28.19215 ], [ 85.29842, 28.19215 ], [ 85.29842, 28.19179 ], [ 85.29883, 28.19179 ], [ 85.29885, 28.19071 ], [ 85.29966, 28.19072 ], [ 85.29967, 28.19036 ], [ 85.29926, 28.19036 ], [ 85.29926, 28.19018 ], [ 85.29967, 28.19018 ], [ 85.29968, 28.18964 ], [ 85.29988, 28.18964 ], [ 85.29989, 28.1891 ], [ 85.30009, 28.1891 ], [ 85.3001, 28.18856 ], [ 85.30031, 28.18856 ], [ 85.30031, 28.18838 ], [ 85.30072, 28.18821 ], [ 85.30073, 28.18767 ], [ 85.30093, 28.18767 ], [ 85.30073, 28.18731 ], [ 85.30094, 28.18731 ], [ 85.30095, 28.18659 ], [ 85.30115, 28.18659 ], [ 85.30116, 28.18605 ], [ 85.30177, 28.18605 ], [ 85.30178, 28.18569 ], [ 85.30239, 28.1857 ], [ 85.30239, 28.18534 ], [ 85.30301, 28.18535 ], [ 85.30301, 28.18517 ], [ 85.30342, 28.18517 ], [ 85.30342, 28.18481 ], [ 85.30485, 28.18483 ], [ 85.30485, 28.18465 ], [ 85.30566, 28.18466 ], [ 85.30547, 28.1843 ], [ 85.30587, 28.1843 ], [ 85.30588, 28.18394 ], [ 85.30649, 28.18395 ], [ 85.30649, 28.18377 ], [ 85.3069, 28.18377 ], [ 85.30691, 28.18341 ], [ 85.30732, 28.18324 ], [ 85.30733, 28.18269 ], [ 85.30814, 28.1827 ], [ 85.30815, 28.18234 ], [ 85.30896, 28.18217 ], [ 85.30877, 28.18181 ], [ 85.30958, 28.18182 ], [ 85.30958, 28.18164 ], [ 85.30897, 28.18163 ], [ 85.30897, 28.18145 ], [ 85.3104, 28.18147 ], [ 85.3104, 28.18129 ], [ 85.31101, 28.1813 ], [ 85.31121, 28.18166 ], [ 85.31182, 28.18167 ], [ 85.31182, 28.18185 ], [ 85.31325, 28.18186 ], [ 85.31324, 28.18205 ], [ 85.31365, 28.18205 ], [ 85.31365, 28.18187 ], [ 85.31426, 28.18188 ], [ 85.31426, 28.18206 ], [ 85.31467, 28.18206 ], [ 85.31467, 28.18188 ], [ 85.31488, 28.18188 ], [ 85.31487, 28.18207 ], [ 85.31508, 28.18207 ], [ 85.31508, 28.18189 ], [ 85.31569, 28.18189 ], [ 85.31569, 28.18171 ], [ 85.31712, 28.18173 ], [ 85.31711, 28.18209 ], [ 85.31793, 28.1821 ], [ 85.31792, 28.18228 ], [ 85.31854, 28.18229 ], [ 85.31854, 28.18211 ], [ 85.31976, 28.18213 ], [ 85.31977, 28.18176 ], [ 85.32058, 28.18177 ], [ 85.32058, 28.18159 ], [ 85.32242, 28.18162 ], [ 85.32241, 28.1818 ], [ 85.32282, 28.1818 ], [ 85.32283, 28.18144 ], [ 85.32384, 28.18145 ], [ 85.32385, 28.18127 ], [ 85.32568, 28.1813 ], [ 85.32568, 28.18111 ], [ 85.32528, 28.18111 ], [ 85.32528, 28.18093 ], [ 85.32589, 28.18094 ], [ 85.32589, 28.18076 ], [ 85.32671, 28.18077 ], [ 85.3267, 28.18095 ], [ 85.32895, 28.18097 ], [ 85.32895, 28.18061 ], [ 85.32915, 28.18062 ], [ 85.32916, 28.18044 ], [ 85.32956, 28.18044 ], [ 85.32956, 28.18062 ], [ 85.33017, 28.18063 ], [ 85.33017, 28.18081 ], [ 85.33119, 28.18082 ], [ 85.33119, 28.181 ], [ 85.3318, 28.18101 ], [ 85.33179, 28.18119 ], [ 85.33302, 28.1812 ], [ 85.33301, 28.18157 ], [ 85.33423, 28.18158 ], [ 85.33423, 28.18176 ], [ 85.33443, 28.18176 ], [ 85.33444, 28.1814 ], [ 85.33505, 28.18141 ], [ 85.33505, 28.18159 ], [ 85.33545, 28.1816 ], [ 85.33545, 28.18178 ], [ 85.33606, 28.18178 ], [ 85.33606, 28.18196 ], [ 85.33687, 28.18197 ], [ 85.33707, 28.18234 ], [ 85.33728, 28.18234 ], [ 85.33727, 28.1827 ], [ 85.33788, 28.18271 ], [ 85.33788, 28.18289 ], [ 85.33869, 28.1829 ], [ 85.33869, 28.18326 ], [ 85.33971, 28.18327 ], [ 85.33971, 28.18309 ], [ 85.33991, 28.18309 ], [ 85.33991, 28.18327 ], [ 85.34011, 28.18328 ], [ 85.34012, 28.18292 ], [ 85.34154, 28.18293 ], [ 85.34155, 28.18257 ], [ 85.34236, 28.18258 ], [ 85.34236, 28.18312 ], [ 85.34256, 28.18313 ], [ 85.34256, 28.18331 ], [ 85.34215, 28.1833 ], [ 85.34215, 28.18348 ], [ 85.34235, 28.18348 ], [ 85.34234, 28.18439 ], [ 85.34254, 28.18439 ], [ 85.34254, 28.18457 ], [ 85.34295, 28.18457 ], [ 85.34294, 28.18493 ], [ 85.34314, 28.18494 ], [ 85.34314, 28.18512 ], [ 85.34355, 28.18512 ], [ 85.34354, 28.18566 ], [ 85.34374, 28.18567 ], [ 85.34374, 28.18603 ], [ 85.34394, 28.18603 ], [ 85.34393, 28.18657 ], [ 85.34434, 28.18658 ], [ 85.34434, 28.18676 ], [ 85.34454, 28.18676 ], [ 85.34454, 28.18712 ], [ 85.34515, 28.18713 ], [ 85.34514, 28.18731 ], [ 85.34535, 28.18731 ], [ 85.34533, 28.18821 ], [ 85.34574, 28.18822 ], [ 85.34574, 28.1884 ], [ 85.34594, 28.1884 ], [ 85.34593, 28.1893 ], [ 85.34634, 28.18931 ], [ 85.34633, 28.18985 ], [ 85.34653, 28.18985 ], [ 85.34652, 28.19039 ], [ 85.34673, 28.1904 ], [ 85.34672, 28.19076 ], [ 85.34713, 28.19076 ], [ 85.34713, 28.19094 ], [ 85.34733, 28.19094 ], [ 85.34732, 28.19131 ], [ 85.34773, 28.19131 ], [ 85.34772, 28.19185 ], [ 85.34793, 28.19185 ], [ 85.34792, 28.19258 ], [ 85.34812, 28.19258 ], [ 85.3481, 28.19402 ], [ 85.3485, 28.19403 ], [ 85.34849, 28.19493 ], [ 85.34869, 28.19493 ], [ 85.34868, 28.19565 ], [ 85.34909, 28.19566 ], [ 85.34908, 28.1962 ], [ 85.34929, 28.1962 ], [ 85.34927, 28.19729 ], [ 85.35008, 28.1973 ], [ 85.35008, 28.19766 ], [ 85.35049, 28.19766 ], [ 85.35048, 28.19784 ], [ 85.35069, 28.19784 ], [ 85.35068, 28.19839 ], [ 85.35088, 28.19839 ], [ 85.35087, 28.19911 ], [ 85.35128, 28.19911 ], [ 85.35128, 28.19929 ], [ 85.35148, 28.1993 ], [ 85.35147, 28.19984 ], [ 85.35188, 28.19984 ], [ 85.35186, 28.20093 ], [ 85.35207, 28.20093 ], [ 85.35206, 28.20111 ], [ 85.35186, 28.20111 ], [ 85.35184, 28.20201 ], [ 85.35205, 28.20201 ], [ 85.35204, 28.20255 ], [ 85.35245, 28.20256 ], [ 85.35244, 28.20328 ], [ 85.35264, 28.20328 ], [ 85.35263, 28.20364 ], [ 85.35243, 28.20364 ], [ 85.35243, 28.204 ], [ 85.35263, 28.204 ], [ 85.35262, 28.20437 ], [ 85.35323, 28.20437 ], [ 85.35323, 28.20491 ], [ 85.35343, 28.20492 ], [ 85.35341, 28.206 ], [ 85.35382, 28.206 ], [ 85.35422, 28.20673 ], [ 85.35462, 28.20674 ], [ 85.35462, 28.2071 ], [ 85.35421, 28.20691 ], [ 85.35421, 28.20709 ], [ 85.35401, 28.20709 ], [ 85.354, 28.20745 ], [ 85.3538, 28.20745 ], [ 85.3538, 28.20763 ], [ 85.35339, 28.20762 ], [ 85.35337, 28.20853 ], [ 85.35317, 28.20852 ], [ 85.35315, 28.20961 ], [ 85.35295, 28.2096 ], [ 85.35295, 28.20978 ], [ 85.35315, 28.20979 ], [ 85.35314, 28.21033 ], [ 85.35355, 28.21033 ], [ 85.35355, 28.21069 ], [ 85.35375, 28.2107 ], [ 85.35374, 28.2116 ], [ 85.35394, 28.2116 ], [ 85.35393, 28.21232 ], [ 85.35434, 28.21233 ], [ 85.35433, 28.21287 ], [ 85.35412, 28.21287 ], [ 85.35412, 28.21341 ], [ 85.35371, 28.2134 ], [ 85.35367, 28.21611 ], [ 85.35326, 28.21611 ], [ 85.35326, 28.21629 ], [ 85.35346, 28.21629 ], [ 85.35345, 28.21665 ], [ 85.35223, 28.21663 ], [ 85.35224, 28.21591 ], [ 85.35204, 28.21591 ], [ 85.35203, 28.21627 ], [ 85.35183, 28.21627 ], [ 85.35183, 28.21645 ], [ 85.35142, 28.21644 ], [ 85.35142, 28.21608 ], [ 85.35102, 28.21608 ], [ 85.35101, 28.21626 ], [ 85.3504, 28.21625 ], [ 85.3504, 28.21643 ], [ 85.34979, 28.21642 ], [ 85.34957, 28.21714 ], [ 85.34937, 28.21714 ], [ 85.34936, 28.21768 ], [ 85.34957, 28.21769 ], [ 85.34956, 28.21805 ], [ 85.35038, 28.21806 ], [ 85.35038, 28.21751 ], [ 85.35059, 28.21752 ], [ 85.3506, 28.21698 ], [ 85.35121, 28.21698 ], [ 85.3512, 28.21716 ], [ 85.35161, 28.21717 ], [ 85.35161, 28.21735 ], [ 85.35181, 28.21735 ], [ 85.35182, 28.21717 ], [ 85.35222, 28.21718 ], [ 85.35243, 28.21682 ], [ 85.35284, 28.217 ], [ 85.35283, 28.21718 ], [ 85.35304, 28.21719 ], [ 85.35304, 28.21701 ], [ 85.35345, 28.21701 ], [ 85.35344, 28.21737 ], [ 85.35365, 28.21737 ], [ 85.35365, 28.21719 ], [ 85.35406, 28.21702 ], [ 85.35405, 28.21738 ], [ 85.35426, 28.21738 ], [ 85.35425, 28.21792 ], [ 85.35466, 28.21793 ], [ 85.35465, 28.21811 ], [ 85.35486, 28.21811 ], [ 85.35505, 28.21883 ], [ 85.35546, 28.21884 ], [ 85.35546, 28.21866 ], [ 85.35566, 28.21866 ], [ 85.35566, 28.21902 ], [ 85.35607, 28.21903 ], [ 85.35606, 28.21957 ], [ 85.35626, 28.21957 ], [ 85.35626, 28.21993 ], [ 85.35646, 28.21993 ], [ 85.35646, 28.22011 ], [ 85.35707, 28.22012 ], [ 85.35706, 28.22048 ], [ 85.35727, 28.22049 ], [ 85.35726, 28.22103 ], [ 85.35767, 28.22103 ], [ 85.35766, 28.22157 ], [ 85.35786, 28.22158 ], [ 85.35786, 28.22176 ], [ 85.35827, 28.22176 ], [ 85.35826, 28.22212 ], [ 85.35867, 28.22231 ], [ 85.35866, 28.22267 ], [ 85.35907, 28.22267 ], [ 85.35906, 28.22285 ], [ 85.35927, 28.22286 ], [ 85.35926, 28.22322 ], [ 85.35967, 28.22322 ], [ 85.35965, 28.2243 ], [ 85.35986, 28.22431 ], [ 85.35985, 28.22467 ], [ 85.35965, 28.22467 ], [ 85.35965, 28.22485 ], [ 85.35985, 28.22485 ], [ 85.35984, 28.22539 ], [ 85.36004, 28.22539 ], [ 85.36004, 28.22593 ], [ 85.36024, 28.22594 ], [ 85.36023, 28.22648 ], [ 85.35982, 28.22647 ], [ 85.35978, 28.22954 ], [ 85.36019, 28.22955 ], [ 85.36018, 28.22973 ], [ 85.35977, 28.22972 ], [ 85.35977, 28.2299 ], [ 85.35957, 28.2299 ], [ 85.35955, 28.23116 ], [ 85.35935, 28.23116 ], [ 85.35932, 28.23296 ], [ 85.35911, 28.23296 ], [ 85.35911, 28.2335 ], [ 85.3587, 28.2335 ], [ 85.3587, 28.23368 ], [ 85.35849, 28.23368 ], [ 85.35848, 28.23422 ], [ 85.35828, 28.23422 ], [ 85.35827, 28.23494 ], [ 85.35786, 28.23493 ], [ 85.35786, 28.23511 ], [ 85.35765, 28.23511 ], [ 85.35764, 28.23619 ], [ 85.35743, 28.23619 ], [ 85.35743, 28.23655 ], [ 85.35702, 28.23655 ], [ 85.357, 28.23763 ], [ 85.35741, 28.23763 ], [ 85.3574, 28.23854 ], [ 85.35699, 28.23853 ], [ 85.35698, 28.23907 ], [ 85.35719, 28.23908 ], [ 85.35717, 28.24016 ], [ 85.35737, 28.24016 ], [ 85.35736, 28.2407 ], [ 85.35716, 28.2407 ], [ 85.35714, 28.24232 ], [ 85.35734, 28.24233 ], [ 85.35733, 28.24287 ], [ 85.35754, 28.24287 ], [ 85.35733, 28.24323 ], [ 85.35773, 28.24323 ], [ 85.35773, 28.24378 ], [ 85.35813, 28.24396 ], [ 85.35812, 28.24432 ], [ 85.35853, 28.24433 ], [ 85.35853, 28.24451 ], [ 85.35934, 28.24452 ], [ 85.35934, 28.24488 ], [ 85.35954, 28.24488 ], [ 85.35954, 28.24506 ], [ 85.35995, 28.24507 ], [ 85.35994, 28.24561 ], [ 85.36035, 28.24561 ], [ 85.36034, 28.24597 ], [ 85.36075, 28.24598 ], [ 85.36074, 28.24634 ], [ 85.36095, 28.24634 ], [ 85.36094, 28.24652 ], [ 85.36135, 28.24653 ], [ 85.36135, 28.24689 ], [ 85.36175, 28.24689 ], [ 85.36175, 28.24707 ], [ 85.36236, 28.24708 ], [ 85.36236, 28.24744 ], [ 85.36297, 28.24745 ], [ 85.36296, 28.24817 ], [ 85.36316, 28.24817 ], [ 85.36315, 28.24871 ], [ 85.36356, 28.24872 ], [ 85.36355, 28.24926 ], [ 85.36376, 28.24926 ], [ 85.36373, 28.25089 ], [ 85.36394, 28.25089 ], [ 85.36392, 28.25161 ], [ 85.36413, 28.25161 ], [ 85.36411, 28.2527 ], [ 85.36391, 28.25269 ], [ 85.36391, 28.25233 ], [ 85.36351, 28.25233 ], [ 85.3635, 28.25269 ], [ 85.3633, 28.25269 ], [ 85.36331, 28.25178 ], [ 85.3629, 28.25178 ], [ 85.36291, 28.2516 ], [ 85.3627, 28.2516 ], [ 85.3627, 28.25178 ], [ 85.36229, 28.25177 ], [ 85.36229, 28.25213 ], [ 85.36208, 28.25213 ], [ 85.36208, 28.25249 ], [ 85.36187, 28.25249 ], [ 85.36187, 28.25267 ], [ 85.36167, 28.25267 ], [ 85.36168, 28.25176 ], [ 85.36148, 28.25176 ], [ 85.36147, 28.25212 ], [ 85.36127, 28.25212 ], [ 85.36126, 28.2523 ], [ 85.36045, 28.25229 ], [ 85.36044, 28.25283 ], [ 85.36024, 28.25283 ], [ 85.36023, 28.25301 ], [ 85.35942, 28.253 ], [ 85.35943, 28.2521 ], [ 85.35902, 28.25227 ], [ 85.35902, 28.25264 ], [ 85.35861, 28.25263 ], [ 85.35861, 28.25245 ], [ 85.358, 28.25244 ], [ 85.358, 28.25262 ], [ 85.35779, 28.25262 ], [ 85.3578, 28.25244 ], [ 85.35657, 28.25243 ], [ 85.35657, 28.25261 ], [ 85.35576, 28.2526 ], [ 85.35575, 28.25296 ], [ 85.35453, 28.25294 ], [ 85.35452, 28.25348 ], [ 85.35411, 28.25348 ], [ 85.35411, 28.25384 ], [ 85.3537, 28.25383 ], [ 85.3537, 28.25402 ], [ 85.35349, 28.25401 ], [ 85.35349, 28.25437 ], [ 85.35308, 28.25437 ], [ 85.35309, 28.25383 ], [ 85.35288, 28.25382 ], [ 85.35288, 28.25401 ], [ 85.35186, 28.25399 ], [ 85.35186, 28.25381 ], [ 85.35105, 28.2538 ], [ 85.35105, 28.25398 ], [ 85.35064, 28.25398 ], [ 85.35063, 28.25434 ], [ 85.35043, 28.25434 ], [ 85.35042, 28.25524 ], [ 85.35001, 28.25523 ], [ 85.35001, 28.25505 ], [ 85.34981, 28.25505 ], [ 85.3498, 28.25541 ], [ 85.34939, 28.25541 ], [ 85.34939, 28.25559 ], [ 85.34919, 28.25559 ], [ 85.34919, 28.25522 ], [ 85.34899, 28.25522 ], [ 85.34857, 28.25594 ], [ 85.34837, 28.25594 ], [ 85.34837, 28.25576 ], [ 85.34816, 28.25575 ], [ 85.34816, 28.25593 ], [ 85.34775, 28.25593 ], [ 85.34776, 28.25575 ], [ 85.34735, 28.25574 ], [ 85.34735, 28.25592 ], [ 85.34653, 28.25591 ], [ 85.34632, 28.25663 ], [ 85.34611, 28.25663 ], [ 85.34612, 28.25645 ], [ 85.34571, 28.25645 ], [ 85.34571, 28.25608 ], [ 85.34531, 28.25608 ], [ 85.34531, 28.2559 ], [ 85.3451, 28.2559 ], [ 85.34509, 28.25662 ], [ 85.34489, 28.25662 ], [ 85.34488, 28.25698 ], [ 85.34468, 28.25697 ], [ 85.34468, 28.25716 ], [ 85.34427, 28.25715 ], [ 85.34426, 28.25751 ], [ 85.34386, 28.25751 ], [ 85.34387, 28.25678 ], [ 85.34366, 28.25678 ], [ 85.34366, 28.25714 ], [ 85.34203, 28.25712 ], [ 85.34203, 28.25676 ], [ 85.34101, 28.25675 ], [ 85.34101, 28.25711 ], [ 85.3406, 28.25711 ], [ 85.3406, 28.25729 ], [ 85.34039, 28.25728 ], [ 85.34039, 28.25764 ], [ 85.33917, 28.25763 ], [ 85.33917, 28.25745 ], [ 85.33795, 28.25743 ], [ 85.33795, 28.25725 ], [ 85.33836, 28.25726 ], [ 85.33836, 28.25708 ], [ 85.33816, 28.25708 ], [ 85.33816, 28.2569 ], [ 85.33734, 28.25689 ], [ 85.33735, 28.25652 ], [ 85.33715, 28.25652 ], [ 85.33714, 28.25688 ], [ 85.33673, 28.25688 ], [ 85.33673, 28.25706 ], [ 85.33591, 28.25705 ], [ 85.33591, 28.25741 ], [ 85.3355, 28.2574 ], [ 85.3355, 28.25759 ], [ 85.33529, 28.25758 ], [ 85.3353, 28.2574 ], [ 85.33509, 28.2574 ], [ 85.33509, 28.25758 ], [ 85.33407, 28.25757 ], [ 85.33407, 28.25793 ], [ 85.33366, 28.25792 ], [ 85.33365, 28.25828 ], [ 85.33324, 28.25846 ], [ 85.33324, 28.25828 ], [ 85.33284, 28.25827 ], [ 85.33283, 28.25864 ], [ 85.33263, 28.25863 ], [ 85.33244, 28.25791 ], [ 85.33182, 28.2579 ], [ 85.33182, 28.25826 ], [ 85.3306, 28.25825 ], [ 85.33039, 28.25861 ], [ 85.32916, 28.25859 ], [ 85.32917, 28.25805 ], [ 85.32856, 28.25804 ], [ 85.32857, 28.25768 ], [ 85.32816, 28.25768 ], [ 85.32815, 28.25786 ], [ 85.32754, 28.25785 ], [ 85.32754, 28.25821 ], [ 85.32774, 28.25821 ], [ 85.32773, 28.25911 ], [ 85.32814, 28.25894 ], [ 85.32813, 28.25966 ], [ 85.32853, 28.25967 ], [ 85.32853, 28.25985 ], [ 85.32874, 28.25985 ], [ 85.32873, 28.26021 ], [ 85.32934, 28.26022 ], [ 85.32935, 28.25986 ], [ 85.32955, 28.25986 ], [ 85.32955, 28.25968 ], [ 85.32935, 28.25968 ], [ 85.32936, 28.25913 ], [ 85.33078, 28.25915 ], [ 85.33078, 28.25933 ], [ 85.33119, 28.25934 ], [ 85.33119, 28.25952 ], [ 85.3318, 28.25953 ], [ 85.33179, 28.25989 ], [ 85.33261, 28.2599 ], [ 85.33262, 28.25917 ], [ 85.33343, 28.25918 ], [ 85.33343, 28.25936 ], [ 85.33486, 28.25938 ], [ 85.33486, 28.25956 ], [ 85.33506, 28.25957 ], [ 85.33506, 28.25938 ], [ 85.33588, 28.25939 ], [ 85.33588, 28.25921 ], [ 85.33629, 28.25922 ], [ 85.33629, 28.25904 ], [ 85.33649, 28.25904 ], [ 85.3365, 28.25868 ], [ 85.33793, 28.2587 ], [ 85.33792, 28.25888 ], [ 85.33833, 28.25888 ], [ 85.33834, 28.25834 ], [ 85.33854, 28.25834 ], [ 85.33855, 28.25816 ], [ 85.33895, 28.25817 ], [ 85.33895, 28.25871 ], [ 85.33976, 28.25872 ], [ 85.33976, 28.2589 ], [ 85.33996, 28.2589 ], [ 85.33996, 28.25926 ], [ 85.34016, 28.25927 ], [ 85.34016, 28.25909 ], [ 85.34037, 28.25909 ], [ 85.34036, 28.25927 ], [ 85.34098, 28.25928 ], [ 85.34097, 28.25964 ], [ 85.34117, 28.25964 ], [ 85.34118, 28.25928 ], [ 85.342, 28.25911 ], [ 85.342, 28.25875 ], [ 85.34323, 28.25876 ], [ 85.34323, 28.25858 ], [ 85.34282, 28.25858 ], [ 85.34282, 28.2584 ], [ 85.34344, 28.2584 ], [ 85.34344, 28.25804 ], [ 85.34426, 28.25805 ], [ 85.34425, 28.25823 ], [ 85.34486, 28.25824 ], [ 85.34486, 28.25842 ], [ 85.34568, 28.25843 ], [ 85.34568, 28.25807 ], [ 85.34609, 28.25807 ], [ 85.3461, 28.25717 ], [ 85.34733, 28.25719 ], [ 85.34732, 28.25737 ], [ 85.34773, 28.25737 ], [ 85.34772, 28.25791 ], [ 85.34874, 28.25793 ], [ 85.34875, 28.25757 ], [ 85.34936, 28.25757 ], [ 85.34978, 28.25686 ], [ 85.35019, 28.25686 ], [ 85.35019, 28.2565 ], [ 85.3506, 28.25632 ], [ 85.3504, 28.25596 ], [ 85.35163, 28.25598 ], [ 85.35162, 28.25634 ], [ 85.35183, 28.25634 ], [ 85.35183, 28.25598 ], [ 85.35244, 28.25599 ], [ 85.35244, 28.25617 ], [ 85.35264, 28.25617 ], [ 85.35265, 28.25581 ], [ 85.35163, 28.2558 ], [ 85.35164, 28.25543 ], [ 85.35387, 28.25564 ], [ 85.35388, 28.25546 ], [ 85.35428, 28.25547 ], [ 85.35409, 28.2551 ], [ 85.35592, 28.25512 ], [ 85.35592, 28.25494 ], [ 85.35653, 28.25495 ], [ 85.35654, 28.25459 ], [ 85.35715, 28.2546 ], [ 85.35715, 28.25478 ], [ 85.35674, 28.25477 ], [ 85.35674, 28.25513 ], [ 85.35735, 28.25514 ], [ 85.35735, 28.25478 ], [ 85.35756, 28.25478 ], [ 85.35756, 28.2546 ], [ 85.35878, 28.25462 ], [ 85.35879, 28.25444 ], [ 85.35858, 28.25443 ], [ 85.35859, 28.25389 ], [ 85.35777, 28.25388 ], [ 85.35778, 28.25334 ], [ 85.36104, 28.25338 ], [ 85.36105, 28.25302 ], [ 85.3639, 28.25305 ], [ 85.36391, 28.25287 ], [ 85.36411, 28.25288 ], [ 85.3641, 28.25342 ], [ 85.36369, 28.25341 ], [ 85.36368, 28.25432 ], [ 85.36409, 28.25432 ], [ 85.36407, 28.2554 ], [ 85.36427, 28.25541 ], [ 85.36425, 28.25685 ], [ 85.36466, 28.25685 ], [ 85.36465, 28.2574 ], [ 85.36486, 28.2574 ], [ 85.36485, 28.25794 ], [ 85.36546, 28.25795 ], [ 85.36545, 28.25849 ], [ 85.36606, 28.2585 ], [ 85.36606, 28.25868 ], [ 85.36626, 28.25868 ], [ 85.36626, 28.25904 ], [ 85.36646, 28.25904 ], [ 85.36646, 28.25922 ], [ 85.36687, 28.25923 ], [ 85.36686, 28.25959 ], [ 85.36706, 28.25959 ], [ 85.36706, 28.25977 ], [ 85.36788, 28.25978 ], [ 85.36787, 28.26014 ], [ 85.36828, 28.26015 ], [ 85.36828, 28.25979 ], [ 85.36869, 28.25979 ], [ 85.36869, 28.26015 ], [ 85.3695, 28.26034 ], [ 85.3695, 28.26052 ], [ 85.36909, 28.26052 ], [ 85.36909, 28.2607 ], [ 85.3699, 28.26089 ], [ 85.36989, 28.26125 ], [ 85.37071, 28.26126 ], [ 85.37071, 28.26144 ], [ 85.37091, 28.26144 ], [ 85.3709, 28.2618 ], [ 85.37131, 28.26181 ], [ 85.3713, 28.26271 ], [ 85.3715, 28.26271 ], [ 85.3715, 28.26289 ], [ 85.37191, 28.2629 ], [ 85.37189, 28.2638 ], [ 85.3723, 28.26398 ], [ 85.3723, 28.26417 ], [ 85.37209, 28.26416 ], [ 85.37208, 28.26507 ], [ 85.37228, 28.26507 ], [ 85.37228, 28.26543 ], [ 85.37268, 28.26543 ], [ 85.37268, 28.26561 ], [ 85.37288, 28.26562 ], [ 85.37287, 28.26634 ], [ 85.37308, 28.26634 ], [ 85.37308, 28.26616 ], [ 85.37369, 28.26617 ], [ 85.37369, 28.26653 ], [ 85.3743, 28.26654 ], [ 85.3743, 28.26672 ], [ 85.3745, 28.26672 ], [ 85.37449, 28.26708 ], [ 85.3751, 28.26709 ], [ 85.3751, 28.26745 ], [ 85.37551, 28.26727 ], [ 85.3755, 28.26799 ], [ 85.3757, 28.268 ], [ 85.37565, 28.27124 ], [ 85.37606, 28.27125 ], [ 85.37606, 28.27161 ], [ 85.37565, 28.27161 ], [ 85.37565, 28.27179 ], [ 85.37605, 28.27179 ], [ 85.37604, 28.27287 ], [ 85.37563, 28.27287 ], [ 85.37562, 28.27377 ], [ 85.37602, 28.27378 ], [ 85.37601, 28.27432 ], [ 85.37622, 28.27432 ], [ 85.37619, 28.27631 ], [ 85.37598, 28.2763 ], [ 85.37598, 28.27684 ], [ 85.37577, 28.27684 ], [ 85.37576, 28.27756 ], [ 85.37597, 28.27757 ], [ 85.37596, 28.27811 ], [ 85.37575, 28.2781 ], [ 85.37574, 28.27901 ], [ 85.37594, 28.27901 ], [ 85.37593, 28.28009 ], [ 85.37572, 28.28009 ], [ 85.37571, 28.28063 ], [ 85.37551, 28.28063 ], [ 85.37551, 28.28099 ], [ 85.3751, 28.28099 ], [ 85.3751, 28.28117 ], [ 85.37489, 28.28116 ], [ 85.37489, 28.28152 ], [ 85.37427, 28.28152 ], [ 85.37427, 28.28188 ], [ 85.37366, 28.28187 ], [ 85.37365, 28.28205 ], [ 85.37345, 28.28205 ], [ 85.37343, 28.28313 ], [ 85.37384, 28.28314 ], [ 85.37384, 28.28332 ], [ 85.37098, 28.28328 ], [ 85.37099, 28.2831 ], [ 85.37058, 28.2831 ], [ 85.37058, 28.28292 ], [ 85.37038, 28.28291 ], [ 85.37037, 28.28328 ], [ 85.36996, 28.28345 ], [ 85.36996, 28.28381 ], [ 85.36955, 28.28381 ], [ 85.36955, 28.28399 ], [ 85.36792, 28.28397 ], [ 85.36791, 28.28433 ], [ 85.3673, 28.28432 ], [ 85.36729, 28.28486 ], [ 85.36709, 28.28486 ], [ 85.36708, 28.28522 ], [ 85.36688, 28.28522 ], [ 85.36686, 28.28648 ], [ 85.36645, 28.28648 ], [ 85.36644, 28.2872 ], [ 85.36624, 28.2872 ], [ 85.36623, 28.28738 ], [ 85.36583, 28.28719 ], [ 85.36586, 28.28485 ], [ 85.36566, 28.28484 ], [ 85.36568, 28.28358 ], [ 85.36548, 28.28358 ], [ 85.36547, 28.28376 ], [ 85.36405, 28.28374 ], [ 85.36405, 28.28356 ], [ 85.36384, 28.28356 ], [ 85.36385, 28.2832 ], [ 85.36181, 28.28317 ], [ 85.36181, 28.28299 ], [ 85.36039, 28.28298 ], [ 85.36039, 28.28261 ], [ 85.35897, 28.2826 ], [ 85.35896, 28.28296 ], [ 85.35794, 28.28295 ], [ 85.35795, 28.28258 ], [ 85.35713, 28.28258 ], [ 85.35712, 28.28312 ], [ 85.3561, 28.2831 ], [ 85.3561, 28.28328 ], [ 85.35549, 28.28328 ], [ 85.35549, 28.28346 ], [ 85.35324, 28.28343 ], [ 85.35324, 28.28379 ], [ 85.35201, 28.28378 ], [ 85.35202, 28.28324 ], [ 85.35019, 28.28339 ], [ 85.35018, 28.28375 ], [ 85.34977, 28.28375 ], [ 85.34977, 28.28411 ], [ 85.34936, 28.28411 ], [ 85.34936, 28.28429 ], [ 85.34813, 28.28427 ], [ 85.34813, 28.28463 ], [ 85.34772, 28.28463 ], [ 85.34772, 28.28427 ], [ 85.34589, 28.28424 ], [ 85.34587, 28.28551 ], [ 85.34607, 28.28551 ], [ 85.34607, 28.28569 ], [ 85.34566, 28.28569 ], [ 85.34565, 28.28659 ], [ 85.34545, 28.28659 ], [ 85.34543, 28.28731 ], [ 85.34523, 28.2873 ], [ 85.34522, 28.28785 ], [ 85.34481, 28.28784 ], [ 85.34481, 28.2882 ], [ 85.34461, 28.2882 ], [ 85.3446, 28.28874 ], [ 85.34439, 28.28874 ], [ 85.34439, 28.2891 ], [ 85.34398, 28.28909 ], [ 85.34398, 28.28928 ], [ 85.34377, 28.28927 ], [ 85.34377, 28.28963 ], [ 85.34397, 28.28964 ], [ 85.34396, 28.29018 ], [ 85.34437, 28.29018 ], [ 85.34436, 28.29072 ], [ 85.34457, 28.29073 ], [ 85.34456, 28.29091 ], [ 85.3466, 28.29093 ], [ 85.3466, 28.29129 ], [ 85.347, 28.29148 ], [ 85.347, 28.29184 ], [ 85.3474, 28.29184 ], [ 85.3474, 28.29202 ], [ 85.34761, 28.29203 ], [ 85.3476, 28.29239 ], [ 85.34821, 28.29239 ], [ 85.34821, 28.29258 ], [ 85.34841, 28.29258 ], [ 85.34841, 28.29294 ], [ 85.34922, 28.29313 ], [ 85.34941, 28.29385 ], [ 85.3488, 28.29385 ], [ 85.3488, 28.29403 ], [ 85.34798, 28.29402 ], [ 85.34798, 28.29438 ], [ 85.34757, 28.29437 ], [ 85.34757, 28.29455 ], [ 85.34736, 28.29455 ], [ 85.34736, 28.29491 ], [ 85.34715, 28.29491 ], [ 85.34715, 28.29509 ], [ 85.34674, 28.29508 ], [ 85.34674, 28.29545 ], [ 85.34653, 28.29544 ], [ 85.34652, 28.29598 ], [ 85.34611, 28.29616 ], [ 85.34611, 28.29634 ], [ 85.34591, 28.29634 ], [ 85.3459, 28.29688 ], [ 85.34549, 28.29705 ], [ 85.34548, 28.29742 ], [ 85.34507, 28.29741 ], [ 85.34506, 28.29849 ], [ 85.34485, 28.29849 ], [ 85.34485, 28.29903 ], [ 85.34464, 28.29903 ], [ 85.34464, 28.29939 ], [ 85.34423, 28.29939 ], [ 85.34423, 28.29957 ], [ 85.34341, 28.29956 ], [ 85.3434, 28.29992 ], [ 85.34259, 28.29991 ], [ 85.34259, 28.30009 ], [ 85.34218, 28.30008 ], [ 85.34217, 28.30044 ], [ 85.34156, 28.30044 ], [ 85.34156, 28.30062 ], [ 85.34074, 28.30061 ], [ 85.34074, 28.30097 ], [ 85.34013, 28.30096 ], [ 85.34012, 28.30132 ], [ 85.33992, 28.30132 ], [ 85.33991, 28.3015 ], [ 85.3391, 28.30149 ], [ 85.33909, 28.30185 ], [ 85.33848, 28.30184 ], [ 85.33849, 28.30148 ], [ 85.33828, 28.30148 ], [ 85.33828, 28.3013 ], [ 85.33706, 28.30128 ], [ 85.33707, 28.30092 ], [ 85.33646, 28.30092 ], [ 85.33646, 28.30074 ], [ 85.33625, 28.30073 ], [ 85.33626, 28.30037 ], [ 85.33606, 28.30037 ], [ 85.33605, 28.30073 ], [ 85.33544, 28.30072 ], [ 85.33545, 28.30018 ], [ 85.33484, 28.30017 ], [ 85.33484, 28.29981 ], [ 85.33464, 28.29981 ], [ 85.33463, 28.30017 ], [ 85.33402, 28.30016 ], [ 85.33403, 28.2998 ], [ 85.33199, 28.29978 ], [ 85.33199, 28.2996 ], [ 85.33179, 28.2996 ], [ 85.33179, 28.29923 ], [ 85.33118, 28.29923 ], [ 85.33117, 28.29959 ], [ 85.33097, 28.29959 ], [ 85.33098, 28.29922 ], [ 85.33016, 28.29921 ], [ 85.33016, 28.29903 ], [ 85.32955, 28.29903 ], [ 85.32956, 28.29867 ], [ 85.32935, 28.29866 ], [ 85.32935, 28.29902 ], [ 85.32853, 28.29883 ], [ 85.32854, 28.29847 ], [ 85.32793, 28.29847 ], [ 85.32792, 28.29883 ], [ 85.32731, 28.29882 ], [ 85.32732, 28.29846 ], [ 85.3265, 28.29845 ], [ 85.3265, 28.29827 ], [ 85.3263, 28.29826 ], [ 85.32631, 28.2979 ], [ 85.32569, 28.2979 ], [ 85.32569, 28.29826 ], [ 85.32548, 28.29825 ], [ 85.32549, 28.29789 ], [ 85.32447, 28.29788 ], [ 85.32448, 28.29716 ], [ 85.32428, 28.29716 ], [ 85.32428, 28.2968 ], [ 85.32388, 28.29679 ], [ 85.32388, 28.29661 ], [ 85.32367, 28.29661 ], [ 85.32368, 28.29625 ], [ 85.32327, 28.29624 ], [ 85.32328, 28.29606 ], [ 85.32307, 28.29606 ], [ 85.32308, 28.2957 ], [ 85.32287, 28.2957 ], [ 85.32288, 28.29533 ], [ 85.32268, 28.29533 ], [ 85.32268, 28.29515 ], [ 85.32207, 28.29514 ], [ 85.32207, 28.29478 ], [ 85.32146, 28.29478 ], [ 85.32147, 28.29442 ], [ 85.32167, 28.29442 ], [ 85.32147, 28.29405 ], [ 85.32025, 28.29404 ], [ 85.32025, 28.29368 ], [ 85.31944, 28.29367 ], [ 85.31945, 28.29313 ], [ 85.31863, 28.29312 ], [ 85.31864, 28.29258 ], [ 85.31803, 28.29257 ], [ 85.31803, 28.29239 ], [ 85.31762, 28.29238 ], [ 85.31763, 28.29202 ], [ 85.31722, 28.29202 ], [ 85.31722, 28.29184 ], [ 85.31621, 28.29182 ], [ 85.31641, 28.29147 ], [ 85.3158, 28.29146 ], [ 85.31581, 28.29128 ], [ 85.3156, 28.29127 ], [ 85.31561, 28.29091 ], [ 85.3152, 28.29091 ], [ 85.3152, 28.29073 ], [ 85.315, 28.29073 ], [ 85.315, 28.29036 ], [ 85.31419, 28.29017 ], [ 85.3142, 28.28981 ], [ 85.31379, 28.28981 ], [ 85.31378, 28.29017 ], [ 85.31358, 28.29017 ], [ 85.31359, 28.28963 ], [ 85.31298, 28.28962 ], [ 85.31298, 28.28926 ], [ 85.31278, 28.28925 ], [ 85.31279, 28.28871 ], [ 85.31258, 28.28871 ], [ 85.31259, 28.28853 ], [ 85.31279, 28.28853 ], [ 85.3128, 28.28817 ], [ 85.313, 28.28817 ], [ 85.31301, 28.28781 ], [ 85.31341, 28.28782 ], [ 85.31342, 28.28764 ], [ 85.31321, 28.28764 ], [ 85.31323, 28.28673 ], [ 85.31282, 28.28673 ], [ 85.31282, 28.28655 ], [ 85.31262, 28.28654 ], [ 85.31263, 28.286 ], [ 85.31181, 28.28599 ], [ 85.31181, 28.28581 ], [ 85.31161, 28.28581 ], [ 85.31161, 28.28599 ], [ 85.3112, 28.28599 ], [ 85.31119, 28.28653 ], [ 85.3116, 28.28653 ], [ 85.31158, 28.28798 ], [ 85.31117, 28.28797 ], [ 85.31117, 28.28815 ], [ 85.31096, 28.28815 ], [ 85.31096, 28.28851 ], [ 85.31075, 28.28851 ], [ 85.31075, 28.28869 ], [ 85.31095, 28.28869 ], [ 85.31095, 28.28905 ], [ 85.31115, 28.28905 ], [ 85.31115, 28.28923 ], [ 85.31156, 28.28924 ], [ 85.31156, 28.28906 ], [ 85.31217, 28.28907 ], [ 85.31196, 28.28942 ], [ 85.31216, 28.28943 ], [ 85.31216, 28.28997 ], [ 85.31236, 28.28997 ], [ 85.31236, 28.29015 ], [ 85.31215, 28.29015 ], [ 85.31215, 28.29051 ], [ 85.31235, 28.29051 ], [ 85.31234, 28.29105 ], [ 85.31255, 28.29106 ], [ 85.31254, 28.29124 ], [ 85.31295, 28.29124 ], [ 85.31295, 28.29142 ], [ 85.31336, 28.29143 ], [ 85.31337, 28.29071 ], [ 85.31357, 28.29071 ], [ 85.31357, 28.29107 ], [ 85.31397, 28.29125 ], [ 85.31397, 28.29162 ], [ 85.31417, 28.29162 ], [ 85.31417, 28.29144 ], [ 85.31458, 28.29144 ], [ 85.31457, 28.2918 ], [ 85.31478, 28.29181 ], [ 85.31477, 28.29235 ], [ 85.31518, 28.29217 ], [ 85.31538, 28.29254 ], [ 85.31579, 28.29254 ], [ 85.31578, 28.29272 ], [ 85.31599, 28.29272 ], [ 85.31598, 28.29308 ], [ 85.31619, 28.29309 ], [ 85.31617, 28.29381 ], [ 85.31658, 28.29381 ], [ 85.31658, 28.29399 ], [ 85.31434, 28.29397 ], [ 85.31433, 28.29433 ], [ 85.31413, 28.29432 ], [ 85.31412, 28.29487 ], [ 85.31371, 28.29486 ], [ 85.3137, 28.29522 ], [ 85.31329, 28.2954 ], [ 85.31329, 28.29576 ], [ 85.31288, 28.29575 ], [ 85.31286, 28.29684 ], [ 85.31266, 28.29683 ], [ 85.31265, 28.29756 ], [ 85.31285, 28.29756 ], [ 85.31285, 28.29774 ], [ 85.31244, 28.29773 ], [ 85.31264, 28.2981 ], [ 85.31203, 28.29809 ], [ 85.31182, 28.29845 ], [ 85.31161, 28.29845 ], [ 85.31161, 28.29881 ], [ 85.3112, 28.2988 ], [ 85.31119, 28.29934 ], [ 85.31099, 28.29934 ], [ 85.31098, 28.30006 ], [ 85.31077, 28.30006 ], [ 85.31077, 28.30042 ], [ 85.31036, 28.30041 ], [ 85.31035, 28.30078 ], [ 85.30954, 28.30095 ], [ 85.30953, 28.30131 ], [ 85.30933, 28.3013 ], [ 85.30932, 28.30185 ], [ 85.30952, 28.30185 ], [ 85.30952, 28.30221 ], [ 85.30911, 28.3022 ], [ 85.30931, 28.30257 ], [ 85.3089, 28.30256 ], [ 85.3089, 28.30274 ], [ 85.30747, 28.30273 ], [ 85.30748, 28.302 ], [ 85.30707, 28.302 ], [ 85.30708, 28.30146 ], [ 85.30688, 28.30145 ], [ 85.30687, 28.30182 ], [ 85.30606, 28.30181 ], [ 85.30606, 28.30144 ], [ 85.30545, 28.30144 ], [ 85.30545, 28.30162 ], [ 85.30463, 28.30161 ], [ 85.30463, 28.30179 ], [ 85.30442, 28.30179 ], [ 85.30443, 28.30124 ], [ 85.30423, 28.30124 ], [ 85.30423, 28.30106 ], [ 85.30342, 28.30105 ], [ 85.30341, 28.30123 ], [ 85.30321, 28.30123 ], [ 85.3032, 28.30159 ], [ 85.303, 28.30159 ], [ 85.30299, 28.30213 ], [ 85.30258, 28.30212 ], [ 85.30257, 28.30266 ], [ 85.30216, 28.30284 ], [ 85.30215, 28.30356 ], [ 85.30195, 28.30356 ], [ 85.30196, 28.30284 ], [ 85.30135, 28.30283 ], [ 85.30154, 28.30355 ], [ 85.30134, 28.30355 ], [ 85.30133, 28.30373 ], [ 85.30154, 28.30373 ], [ 85.30154, 28.30392 ], [ 85.30072, 28.30391 ], [ 85.30073, 28.303 ], [ 85.30053, 28.303 ], [ 85.30054, 28.30264 ], [ 85.30033, 28.30264 ], [ 85.30033, 28.303 ], [ 85.30012, 28.303 ], [ 85.30013, 28.30263 ], [ 85.29992, 28.30263 ], [ 85.29992, 28.30299 ], [ 85.2991, 28.30298 ], [ 85.2991, 28.30316 ], [ 85.29849, 28.30316 ], [ 85.29848, 28.30352 ], [ 85.29909, 28.30352 ], [ 85.29909, 28.3037 ], [ 85.2993, 28.30371 ], [ 85.29929, 28.30425 ], [ 85.29949, 28.30425 ], [ 85.29948, 28.30479 ], [ 85.29989, 28.3048 ], [ 85.29989, 28.30498 ], [ 85.29928, 28.30497 ], [ 85.29927, 28.30515 ], [ 85.29968, 28.30516 ], [ 85.29968, 28.30534 ], [ 85.29927, 28.30533 ], [ 85.29927, 28.30551 ], [ 85.29906, 28.30551 ], [ 85.29926, 28.30587 ], [ 85.29885, 28.30587 ], [ 85.29885, 28.30605 ], [ 85.29905, 28.30605 ], [ 85.29905, 28.30641 ], [ 85.29864, 28.30641 ], [ 85.29864, 28.30623 ], [ 85.29844, 28.30622 ], [ 85.29822, 28.30694 ], [ 85.29802, 28.30694 ], [ 85.29801, 28.30748 ], [ 85.2976, 28.30748 ], [ 85.29758, 28.30874 ], [ 85.29799, 28.30874 ], [ 85.29798, 28.30929 ], [ 85.29778, 28.30928 ], [ 85.29778, 28.3091 ], [ 85.29737, 28.30928 ], [ 85.29733, 28.3118 ], [ 85.29774, 28.31181 ], [ 85.29774, 28.31199 ], [ 85.29733, 28.31199 ], [ 85.29732, 28.31217 ], [ 85.29773, 28.31217 ], [ 85.29773, 28.31235 ], [ 85.29712, 28.31234 ], [ 85.29711, 28.3127 ], [ 85.29691, 28.3127 ], [ 85.29691, 28.31288 ], [ 85.29629, 28.31287 ], [ 85.29629, 28.31324 ], [ 85.29588, 28.31323 ], [ 85.29587, 28.31377 ], [ 85.29546, 28.31395 ], [ 85.29545, 28.31467 ], [ 85.29525, 28.31467 ], [ 85.29526, 28.31394 ], [ 85.29505, 28.31394 ], [ 85.29505, 28.3143 ], [ 85.29403, 28.31429 ], [ 85.29402, 28.31501 ], [ 85.29361, 28.31501 ], [ 85.29361, 28.31483 ], [ 85.29341, 28.31482 ], [ 85.29319, 28.31554 ], [ 85.29278, 28.31554 ], [ 85.29279, 28.31518 ], [ 85.29259, 28.31517 ], [ 85.29258, 28.31536 ], [ 85.29238, 28.31535 ], [ 85.29237, 28.31571 ], [ 85.29217, 28.31571 ], [ 85.29216, 28.31607 ], [ 85.29176, 28.31589 ], [ 85.29175, 28.31625 ], [ 85.29135, 28.31624 ], [ 85.29133, 28.31714 ], [ 85.29072, 28.31714 ], [ 85.29072, 28.31732 ], [ 85.29051, 28.31731 ], [ 85.29051, 28.31768 ], [ 85.2903, 28.31767 ], [ 85.29031, 28.31731 ], [ 85.2901, 28.31731 ], [ 85.2901, 28.31767 ], [ 85.28989, 28.31767 ], [ 85.28989, 28.31785 ], [ 85.28948, 28.31784 ], [ 85.28968, 28.31821 ], [ 85.28927, 28.3182 ], [ 85.28927, 28.31856 ], [ 85.28886, 28.31856 ], [ 85.28886, 28.31838 ], [ 85.28866, 28.31837 ], [ 85.28866, 28.31855 ], [ 85.28845, 28.31855 ], [ 85.28844, 28.31909 ], [ 85.28824, 28.31909 ], [ 85.28823, 28.31945 ], [ 85.28803, 28.31945 ], [ 85.28804, 28.31873 ], [ 85.28784, 28.31873 ], [ 85.28783, 28.31909 ], [ 85.28763, 28.31908 ], [ 85.28762, 28.31962 ], [ 85.28742, 28.31962 ], [ 85.28741, 28.3198 ], [ 85.28701, 28.31962 ], [ 85.28659, 28.32033 ], [ 85.28618, 28.32015 ], [ 85.28617, 28.32069 ], [ 85.28597, 28.32069 ], [ 85.28597, 28.32105 ], [ 85.28535, 28.32104 ], [ 85.28535, 28.32122 ], [ 85.28494, 28.32122 ], [ 85.28494, 28.32158 ], [ 85.28453, 28.32157 ], [ 85.28453, 28.32175 ], [ 85.28432, 28.32175 ], [ 85.28411, 28.32247 ], [ 85.2839, 28.32247 ], [ 85.28391, 28.32211 ], [ 85.2837, 28.3221 ], [ 85.2837, 28.32264 ], [ 85.28349, 28.32264 ], [ 85.28349, 28.323 ], [ 85.28328, 28.323 ], [ 85.28328, 28.32336 ], [ 85.28307, 28.32336 ], [ 85.28309, 28.32228 ], [ 85.28289, 28.32227 ], [ 85.28287, 28.32299 ], [ 85.28267, 28.32299 ], [ 85.28266, 28.32371 ], [ 85.28245, 28.32371 ], [ 85.28245, 28.32407 ], [ 85.28204, 28.32407 ], [ 85.28203, 28.32461 ], [ 85.28183, 28.32461 ], [ 85.28182, 28.32497 ], [ 85.28141, 28.32496 ], [ 85.28142, 28.32478 ], [ 85.28121, 28.32478 ], [ 85.2812, 28.3255 ], [ 85.281, 28.3255 ], [ 85.28099, 28.32586 ], [ 85.28058, 28.32603 ], [ 85.28059, 28.32567 ], [ 85.28038, 28.32567 ], [ 85.28038, 28.32603 ], [ 85.28017, 28.32603 ], [ 85.28017, 28.32657 ], [ 85.27996, 28.32657 ], [ 85.27996, 28.32693 ], [ 85.27955, 28.32692 ], [ 85.27954, 28.32728 ], [ 85.27934, 28.32728 ], [ 85.27934, 28.3271 ], [ 85.27893, 28.3271 ], [ 85.27893, 28.32728 ], [ 85.27873, 28.32727 ], [ 85.27872, 28.32764 ], [ 85.27852, 28.32763 ], [ 85.27851, 28.32799 ], [ 85.2781, 28.32799 ], [ 85.2781, 28.32817 ], [ 85.27769, 28.32834 ], [ 85.27769, 28.32852 ], [ 85.27748, 28.32852 ], [ 85.27749, 28.32798 ], [ 85.27729, 28.32798 ], [ 85.27728, 28.32816 ], [ 85.27708, 28.32816 ], [ 85.27707, 28.32852 ], [ 85.27687, 28.32851 ], [ 85.27687, 28.32869 ], [ 85.27646, 28.32869 ], [ 85.27645, 28.32905 ], [ 85.27625, 28.32905 ], [ 85.27624, 28.32959 ], [ 85.27726, 28.3296 ], [ 85.27727, 28.32924 ], [ 85.27767, 28.32925 ], [ 85.27767, 28.32961 ], [ 85.27787, 28.32961 ], [ 85.27787, 28.32979 ], [ 85.27828, 28.3298 ], [ 85.27828, 28.32961 ], [ 85.2793, 28.32963 ], [ 85.2793, 28.32945 ], [ 85.27869, 28.32944 ], [ 85.27869, 28.32926 ], [ 85.2791, 28.32926 ], [ 85.2791, 28.32908 ], [ 85.28012, 28.3291 ], [ 85.28013, 28.32874 ], [ 85.28033, 28.32874 ], [ 85.28034, 28.32856 ], [ 85.28074, 28.32856 ], [ 85.28075, 28.32838 ], [ 85.28014, 28.32837 ], [ 85.28014, 28.32819 ], [ 85.28075, 28.3282 ], [ 85.28076, 28.32784 ], [ 85.28158, 28.32767 ], [ 85.28158, 28.32731 ], [ 85.28199, 28.32713 ], [ 85.28201, 28.32623 ], [ 85.28282, 28.32606 ], [ 85.28263, 28.3257 ], [ 85.28324, 28.32571 ], [ 85.28324, 28.32553 ], [ 85.28283, 28.32552 ], [ 85.28284, 28.32534 ], [ 85.28406, 28.32518 ], [ 85.28407, 28.32499 ], [ 85.28325, 28.32498 ], [ 85.28325, 28.3248 ], [ 85.28366, 28.32481 ], [ 85.28366, 28.32463 ], [ 85.28489, 28.32464 ], [ 85.28489, 28.32446 ], [ 85.28387, 28.32445 ], [ 85.28387, 28.32427 ], [ 85.28428, 28.32428 ], [ 85.28428, 28.3241 ], [ 85.28449, 28.3241 ], [ 85.28449, 28.32374 ], [ 85.2849, 28.32374 ], [ 85.28491, 28.32338 ], [ 85.28573, 28.32321 ], [ 85.28573, 28.32303 ], [ 85.28512, 28.32302 ], [ 85.28512, 28.32284 ], [ 85.28635, 28.32268 ], [ 85.28635, 28.32232 ], [ 85.28656, 28.32232 ], [ 85.28656, 28.32214 ], [ 85.28738, 28.32215 ], [ 85.28738, 28.32197 ], [ 85.28677, 28.32196 ], [ 85.28677, 28.32178 ], [ 85.2882, 28.3218 ], [ 85.28821, 28.32126 ], [ 85.28882, 28.32126 ], [ 85.28883, 28.32072 ], [ 85.28903, 28.32073 ], [ 85.28883, 28.32036 ], [ 85.28924, 28.32037 ], [ 85.28924, 28.32019 ], [ 85.28985, 28.32019 ], [ 85.28986, 28.32001 ], [ 85.28925, 28.32001 ], [ 85.28925, 28.31965 ], [ 85.28966, 28.31965 ], [ 85.28966, 28.31929 ], [ 85.29048, 28.31912 ], [ 85.29029, 28.31876 ], [ 85.2909, 28.31876 ], [ 85.2909, 28.3184 ], [ 85.29213, 28.31824 ], [ 85.29213, 28.31806 ], [ 85.29172, 28.31805 ], [ 85.29173, 28.31769 ], [ 85.29234, 28.3177 ], [ 85.29214, 28.31734 ], [ 85.29255, 28.31734 ], [ 85.29256, 28.3168 ], [ 85.29297, 28.3168 ], [ 85.29297, 28.31662 ], [ 85.29277, 28.31662 ], [ 85.29298, 28.31626 ], [ 85.29338, 28.31627 ], [ 85.29338, 28.31645 ], [ 85.29359, 28.31645 ], [ 85.29359, 28.31609 ], [ 85.29339, 28.31609 ], [ 85.29339, 28.31591 ], [ 85.2938, 28.31591 ], [ 85.29379, 28.31627 ], [ 85.29461, 28.31628 ], [ 85.29461, 28.3161 ], [ 85.29441, 28.3161 ], [ 85.29462, 28.31574 ], [ 85.29564, 28.31575 ], [ 85.29564, 28.31557 ], [ 85.29503, 28.31557 ], [ 85.29503, 28.31539 ], [ 85.29625, 28.3154 ], [ 85.29626, 28.31522 ], [ 85.29687, 28.31523 ], [ 85.29687, 28.31487 ], [ 85.29728, 28.31487 ], [ 85.29729, 28.31451 ], [ 85.29811, 28.31434 ], [ 85.29811, 28.3138 ], [ 85.29852, 28.3138 ], [ 85.29853, 28.31326 ], [ 85.29874, 28.31327 ], [ 85.29874, 28.31272 ], [ 85.29895, 28.31273 ], [ 85.29895, 28.31255 ], [ 85.29875, 28.31254 ], [ 85.29875, 28.31236 ], [ 85.29895, 28.31237 ], [ 85.29896, 28.31219 ], [ 85.29875, 28.31218 ], [ 85.29876, 28.31182 ], [ 85.29896, 28.31182 ], [ 85.29896, 28.31164 ], [ 85.29876, 28.31164 ], [ 85.29877, 28.31128 ], [ 85.29897, 28.31128 ], [ 85.29897, 28.3111 ], [ 85.29877, 28.3111 ], [ 85.29877, 28.31092 ], [ 85.29898, 28.31092 ], [ 85.29899, 28.3102 ], [ 85.2994, 28.31021 ], [ 85.2994, 28.30985 ], [ 85.29961, 28.30985 ], [ 85.29961, 28.30967 ], [ 85.2992, 28.30948 ], [ 85.29921, 28.3093 ], [ 85.29961, 28.30931 ], [ 85.29962, 28.30895 ], [ 85.29982, 28.30895 ], [ 85.29983, 28.30841 ], [ 85.29963, 28.3084 ], [ 85.29963, 28.30822 ], [ 85.29984, 28.30823 ], [ 85.29984, 28.30768 ], [ 85.30005, 28.30769 ], [ 85.30005, 28.30733 ], [ 85.30067, 28.30733 ], [ 85.30067, 28.30715 ], [ 85.30087, 28.30716 ], [ 85.30087, 28.30698 ], [ 85.30026, 28.30697 ], [ 85.30027, 28.30679 ], [ 85.30088, 28.3068 ], [ 85.30089, 28.30607 ], [ 85.30028, 28.30607 ], [ 85.30028, 28.3057 ], [ 85.30069, 28.30571 ], [ 85.3007, 28.30535 ], [ 85.3009, 28.30535 ], [ 85.3009, 28.30517 ], [ 85.30213, 28.30519 ], [ 85.30213, 28.30501 ], [ 85.30091, 28.30499 ], [ 85.30091, 28.30481 ], [ 85.30132, 28.30482 ], [ 85.30132, 28.30463 ], [ 85.30234, 28.30465 ], [ 85.30234, 28.30447 ], [ 85.30193, 28.30446 ], [ 85.30194, 28.30428 ], [ 85.30275, 28.30429 ], [ 85.30276, 28.30411 ], [ 85.30398, 28.30395 ], [ 85.30398, 28.30377 ], [ 85.30521, 28.30378 ], [ 85.30521, 28.3036 ], [ 85.3046, 28.30359 ], [ 85.3046, 28.30341 ], [ 85.30521, 28.30342 ], [ 85.30522, 28.30324 ], [ 85.30583, 28.30325 ], [ 85.30583, 28.30307 ], [ 85.30624, 28.30325 ], [ 85.30623, 28.30343 ], [ 85.30685, 28.30344 ], [ 85.30684, 28.30362 ], [ 85.30725, 28.30363 ], [ 85.30726, 28.30308 ], [ 85.30767, 28.30309 ], [ 85.30765, 28.30399 ], [ 85.30908, 28.30401 ], [ 85.30907, 28.30437 ], [ 85.30928, 28.30437 ], [ 85.30929, 28.30383 ], [ 85.30949, 28.30383 ], [ 85.3095, 28.30347 ], [ 85.31011, 28.30348 ], [ 85.31011, 28.3033 ], [ 85.3095, 28.30329 ], [ 85.3093, 28.30293 ], [ 85.31012, 28.30294 ], [ 85.31012, 28.30258 ], [ 85.31033, 28.30258 ], [ 85.31033, 28.3024 ], [ 85.31074, 28.30241 ], [ 85.31074, 28.30222 ], [ 85.31033, 28.30222 ], [ 85.31033, 28.30204 ], [ 85.31115, 28.30205 ], [ 85.31115, 28.30187 ], [ 85.31156, 28.30187 ], [ 85.31157, 28.30151 ], [ 85.31238, 28.30152 ], [ 85.31239, 28.30098 ], [ 85.313, 28.30099 ], [ 85.31301, 28.30045 ], [ 85.31321, 28.30045 ], [ 85.31322, 28.30009 ], [ 85.31404, 28.3001 ], [ 85.31405, 28.29902 ], [ 85.31426, 28.29902 ], [ 85.31427, 28.2983 ], [ 85.31406, 28.29829 ], [ 85.31407, 28.29811 ], [ 85.31427, 28.29812 ], [ 85.31428, 28.29776 ], [ 85.31407, 28.29775 ], [ 85.31408, 28.29757 ], [ 85.31449, 28.2974 ], [ 85.31449, 28.29722 ], [ 85.31408, 28.29721 ], [ 85.31408, 28.29703 ], [ 85.31429, 28.29703 ], [ 85.31429, 28.29685 ], [ 85.3149, 28.29686 ], [ 85.31491, 28.29668 ], [ 85.31389, 28.29667 ], [ 85.31389, 28.29613 ], [ 85.3141, 28.29613 ], [ 85.3141, 28.29595 ], [ 85.31451, 28.29595 ], [ 85.31451, 28.29577 ], [ 85.31492, 28.29578 ], [ 85.31492, 28.29596 ], [ 85.31573, 28.29597 ], [ 85.31573, 28.29633 ], [ 85.31593, 28.29633 ], [ 85.31594, 28.29597 ], [ 85.31634, 28.29598 ], [ 85.31634, 28.29634 ], [ 85.31654, 28.29634 ], [ 85.31655, 28.29598 ], [ 85.31716, 28.29599 ], [ 85.31716, 28.29563 ], [ 85.31818, 28.29564 ], [ 85.31819, 28.29546 ], [ 85.3188, 28.29547 ], [ 85.3188, 28.29565 ], [ 85.31941, 28.29565 ], [ 85.31941, 28.29547 ], [ 85.31961, 28.29548 ], [ 85.31961, 28.29566 ], [ 85.32002, 28.29566 ], [ 85.32002, 28.2953 ], [ 85.32064, 28.29531 ], [ 85.32063, 28.29549 ], [ 85.32125, 28.2955 ], [ 85.32124, 28.29568 ], [ 85.32145, 28.29568 ], [ 85.32144, 28.29604 ], [ 85.32185, 28.29604 ], [ 85.32185, 28.29622 ], [ 85.32205, 28.29623 ], [ 85.32204, 28.29677 ], [ 85.32245, 28.29677 ], [ 85.32244, 28.29713 ], [ 85.32326, 28.29733 ], [ 85.32325, 28.29787 ], [ 85.32366, 28.29787 ], [ 85.32365, 28.29823 ], [ 85.32406, 28.29824 ], [ 85.32426, 28.2986 ], [ 85.32467, 28.29843 ], [ 85.32466, 28.29897 ], [ 85.32486, 28.29897 ], [ 85.32486, 28.29933 ], [ 85.32547, 28.29934 ], [ 85.32546, 28.29952 ], [ 85.32587, 28.29952 ], [ 85.32587, 28.2997 ], [ 85.32811, 28.29991 ], [ 85.32811, 28.30009 ], [ 85.32953, 28.30011 ], [ 85.32953, 28.30047 ], [ 85.33096, 28.30049 ], [ 85.33096, 28.30031 ], [ 85.33116, 28.30031 ], [ 85.33116, 28.30067 ], [ 85.33177, 28.30068 ], [ 85.33176, 28.30104 ], [ 85.33258, 28.30105 ], [ 85.33258, 28.30123 ], [ 85.33298, 28.30123 ], [ 85.33298, 28.3016 ], [ 85.33318, 28.3016 ], [ 85.33318, 28.30178 ], [ 85.33379, 28.30179 ], [ 85.33378, 28.30215 ], [ 85.33399, 28.30215 ], [ 85.33398, 28.30269 ], [ 85.33479, 28.30288 ], [ 85.33478, 28.30342 ], [ 85.3354, 28.30343 ], [ 85.33539, 28.30379 ], [ 85.33621, 28.3038 ], [ 85.3362, 28.30398 ], [ 85.33783, 28.304 ], [ 85.33783, 28.30436 ], [ 85.33844, 28.30437 ], [ 85.33844, 28.30455 ], [ 85.33885, 28.30455 ], [ 85.33884, 28.30492 ], [ 85.33904, 28.30492 ], [ 85.33904, 28.3051 ], [ 85.34006, 28.30511 ], [ 85.34006, 28.30547 ], [ 85.34128, 28.30567 ], [ 85.34127, 28.30603 ], [ 85.34147, 28.30603 ], [ 85.34147, 28.30621 ], [ 85.34188, 28.30622 ], [ 85.34187, 28.30676 ], [ 85.34207, 28.30676 ], [ 85.34207, 28.3073 ], [ 85.34227, 28.3073 ], [ 85.34226, 28.30766 ], [ 85.34267, 28.30767 ], [ 85.34267, 28.30785 ], [ 85.34287, 28.30785 ], [ 85.34287, 28.30821 ], [ 85.34328, 28.30822 ], [ 85.34327, 28.3084 ], [ 85.34287, 28.30839 ], [ 85.34285, 28.30912 ], [ 85.34326, 28.30894 ], [ 85.34323, 28.31129 ], [ 85.34282, 28.31128 ], [ 85.34282, 28.31146 ], [ 85.34261, 28.31146 ], [ 85.34261, 28.31182 ], [ 85.3424, 28.31182 ], [ 85.34239, 28.31272 ], [ 85.34259, 28.31272 ], [ 85.34259, 28.3129 ], [ 85.34239, 28.3129 ], [ 85.34237, 28.3138 ], [ 85.34217, 28.3138 ], [ 85.34217, 28.31398 ], [ 85.34176, 28.31398 ], [ 85.34175, 28.31434 ], [ 85.34093, 28.31451 ], [ 85.34092, 28.31523 ], [ 85.34051, 28.31541 ], [ 85.34051, 28.31577 ], [ 85.3401, 28.31576 ], [ 85.34009, 28.3163 ], [ 85.33989, 28.3163 ], [ 85.33988, 28.31684 ], [ 85.33967, 28.31684 ], [ 85.33966, 28.31756 ], [ 85.33926, 28.31756 ], [ 85.33925, 28.31792 ], [ 85.33905, 28.31791 ], [ 85.33903, 28.31882 ], [ 85.33883, 28.31881 ], [ 85.33882, 28.31936 ], [ 85.33841, 28.31935 ], [ 85.33841, 28.31953 ], [ 85.33821, 28.31953 ], [ 85.3382, 28.31989 ], [ 85.338, 28.31989 ], [ 85.33797, 28.32133 ], [ 85.33757, 28.32133 ], [ 85.33756, 28.32187 ], [ 85.33715, 28.32204 ], [ 85.33714, 28.3224 ], [ 85.33632, 28.32239 ], [ 85.33632, 28.32257 ], [ 85.33591, 28.32257 ], [ 85.33591, 28.32311 ], [ 85.3357, 28.32311 ], [ 85.3357, 28.32347 ], [ 85.33529, 28.32346 ], [ 85.3353, 28.32292 ], [ 85.33509, 28.32292 ], [ 85.33509, 28.32328 ], [ 85.33468, 28.32346 ], [ 85.33467, 28.32382 ], [ 85.33426, 28.32381 ], [ 85.33426, 28.32399 ], [ 85.33487, 28.324 ], [ 85.33487, 28.32418 ], [ 85.33161, 28.32414 ], [ 85.3316, 28.32432 ], [ 85.33181, 28.32432 ], [ 85.3318, 28.32486 ], [ 85.332, 28.32487 ], [ 85.33199, 28.32559 ], [ 85.33097, 28.32558 ], [ 85.33098, 28.32522 ], [ 85.33057, 28.32521 ], [ 85.33058, 28.32485 ], [ 85.32996, 28.32484 ], [ 85.32996, 28.3252 ], [ 85.32894, 28.32519 ], [ 85.32894, 28.32537 ], [ 85.32873, 28.32537 ], [ 85.32873, 28.32573 ], [ 85.32832, 28.32572 ], [ 85.32832, 28.32536 ], [ 85.32812, 28.32536 ], [ 85.32811, 28.32572 ], [ 85.32791, 28.32572 ], [ 85.32791, 28.3259 ], [ 85.3275, 28.3259 ], [ 85.3275, 28.32571 ], [ 85.32668, 28.32589 ], [ 85.32669, 28.3257 ], [ 85.32628, 28.3257 ], [ 85.32627, 28.32606 ], [ 85.32586, 28.32606 ], [ 85.32587, 28.32551 ], [ 85.32567, 28.32551 ], [ 85.32567, 28.32569 ], [ 85.32485, 28.32568 ], [ 85.32464, 28.32604 ], [ 85.32444, 28.32604 ], [ 85.32445, 28.32514 ], [ 85.32404, 28.32513 ], [ 85.32404, 28.32549 ], [ 85.32383, 28.32549 ], [ 85.32383, 28.32567 ], [ 85.32322, 28.32566 ], [ 85.32321, 28.32602 ], [ 85.32403, 28.32603 ], [ 85.32402, 28.32657 ], [ 85.32422, 28.32658 ], [ 85.32422, 28.32676 ], [ 85.32483, 28.32677 ], [ 85.32484, 28.3264 ], [ 85.32627, 28.32642 ], [ 85.32606, 28.32678 ], [ 85.32626, 28.32678 ], [ 85.32626, 28.32714 ], [ 85.32707, 28.32715 ], [ 85.32707, 28.32697 ], [ 85.32748, 28.32698 ], [ 85.32749, 28.3268 ], [ 85.32769, 28.3268 ], [ 85.32768, 28.32716 ], [ 85.32789, 28.32716 ], [ 85.32788, 28.32734 ], [ 85.32829, 28.32735 ], [ 85.3283, 28.32717 ], [ 85.3287, 28.32717 ], [ 85.32871, 28.32699 ], [ 85.32993, 28.32701 ], [ 85.32992, 28.32737 ], [ 85.33115, 28.32738 ], [ 85.33115, 28.32702 ], [ 85.33197, 28.32685 ], [ 85.33198, 28.32649 ], [ 85.33177, 28.32649 ], [ 85.33178, 28.32613 ], [ 85.33158, 28.32613 ], [ 85.33158, 28.32595 ], [ 85.33199, 28.32595 ], [ 85.33198, 28.32613 ], [ 85.33219, 28.32613 ], [ 85.33219, 28.32595 ], [ 85.3326, 28.32596 ], [ 85.33259, 28.32632 ], [ 85.33341, 28.32633 ], [ 85.33341, 28.32597 ], [ 85.33443, 28.32598 ], [ 85.33444, 28.3258 ], [ 85.33403, 28.32579 ], [ 85.33403, 28.32543 ], [ 85.33383, 28.32543 ], [ 85.33383, 28.32525 ], [ 85.33343, 28.32507 ], [ 85.33343, 28.3247 ], [ 85.33364, 28.32471 ], [ 85.33364, 28.32453 ], [ 85.33425, 28.32453 ], [ 85.33425, 28.32471 ], [ 85.33445, 28.32472 ], [ 85.33466, 28.32436 ], [ 85.33507, 28.32454 ], [ 85.33506, 28.3249 ], [ 85.33547, 28.32491 ], [ 85.33548, 28.32455 ], [ 85.3365, 28.32456 ], [ 85.33648, 28.32546 ], [ 85.3377, 28.32548 ], [ 85.3377, 28.32566 ], [ 85.33852, 28.32567 ], [ 85.33851, 28.32603 ], [ 85.33912, 28.32604 ], [ 85.33912, 28.32622 ], [ 85.33933, 28.32622 ], [ 85.33931, 28.3273 ], [ 85.33951, 28.32731 ], [ 85.3395, 28.32821 ], [ 85.33929, 28.32821 ], [ 85.33929, 28.32875 ], [ 85.33949, 28.32875 ], [ 85.33948, 28.32929 ], [ 85.33989, 28.3293 ], [ 85.33988, 28.32966 ], [ 85.34009, 28.32966 ], [ 85.34008, 28.3302 ], [ 85.33988, 28.3302 ], [ 85.33987, 28.33038 ], [ 85.34008, 28.33038 ], [ 85.34007, 28.33092 ], [ 85.33986, 28.33092 ], [ 85.33986, 28.33128 ], [ 85.34006, 28.33128 ], [ 85.34006, 28.33146 ], [ 85.34047, 28.33147 ], [ 85.34046, 28.33183 ], [ 85.34067, 28.33183 ], [ 85.34066, 28.33237 ], [ 85.34107, 28.33238 ], [ 85.34106, 28.33256 ], [ 85.34127, 28.33256 ], [ 85.34126, 28.33328 ], [ 85.34146, 28.33329 ], [ 85.34146, 28.33347 ], [ 85.34186, 28.33347 ], [ 85.34186, 28.33383 ], [ 85.34267, 28.33402 ], [ 85.34267, 28.33438 ], [ 85.34287, 28.33439 ], [ 85.34287, 28.33457 ], [ 85.34348, 28.33457 ], [ 85.34347, 28.33493 ], [ 85.34368, 28.33494 ], [ 85.34367, 28.33512 ], [ 85.34408, 28.33512 ], [ 85.34408, 28.33548 ], [ 85.34489, 28.33567 ], [ 85.34488, 28.33622 ], [ 85.34509, 28.33622 ], [ 85.34508, 28.33676 ], [ 85.34569, 28.33677 ], [ 85.34568, 28.33713 ], [ 85.34589, 28.33713 ], [ 85.34588, 28.33767 ], [ 85.34629, 28.33768 ], [ 85.34628, 28.33786 ], [ 85.3469, 28.33786 ], [ 85.34689, 28.33822 ], [ 85.34648, 28.33822 ], [ 85.34647, 28.33876 ], [ 85.34627, 28.33876 ], [ 85.34625, 28.3402 ], [ 85.34645, 28.34021 ], [ 85.34644, 28.34075 ], [ 85.34685, 28.34075 ], [ 85.34684, 28.34129 ], [ 85.34705, 28.3413 ], [ 85.34704, 28.34148 ], [ 85.34684, 28.34147 ], [ 85.34683, 28.34183 ], [ 85.34704, 28.34184 ], [ 85.34703, 28.34238 ], [ 85.34744, 28.34238 ], [ 85.34744, 28.34256 ], [ 85.34764, 28.34257 ], [ 85.34763, 28.34311 ], [ 85.34784, 28.34311 ], [ 85.34783, 28.34347 ], [ 85.34824, 28.34348 ], [ 85.34823, 28.34384 ], [ 85.34844, 28.34384 ], [ 85.34843, 28.34438 ], [ 85.34904, 28.34439 ], [ 85.34904, 28.34457 ], [ 85.34924, 28.34457 ], [ 85.34923, 28.34493 ], [ 85.35046, 28.34513 ], [ 85.35045, 28.34549 ], [ 85.35065, 28.34549 ], [ 85.35065, 28.34567 ], [ 85.35106, 28.34568 ], [ 85.35105, 28.34622 ], [ 85.35126, 28.34622 ], [ 85.35125, 28.34658 ], [ 85.35227, 28.34659 ], [ 85.35227, 28.34677 ], [ 85.35267, 28.34678 ], [ 85.35267, 28.34714 ], [ 85.35328, 28.34715 ], [ 85.35328, 28.34733 ], [ 85.35369, 28.34733 ], [ 85.35368, 28.34769 ], [ 85.3549, 28.34789 ], [ 85.3549, 28.34825 ], [ 85.3551, 28.34825 ], [ 85.3551, 28.34843 ], [ 85.35551, 28.34844 ], [ 85.3555, 28.34898 ], [ 85.3557, 28.34898 ], [ 85.35569, 28.34952 ], [ 85.3559, 28.34952 ], [ 85.35589, 28.35007 ] ], [ [ 85.44465, 28.33522 ], [ 85.44466, 28.33504 ], [ 85.44486, 28.33505 ], [ 85.44486, 28.33523 ], [ 85.44465, 28.33522 ] ], [ [ 85.31391, 28.2954 ], [ 85.31391, 28.29522 ], [ 85.31411, 28.29523 ], [ 85.31411, 28.29541 ], [ 85.31391, 28.2954 ] ], [ [ 85.31861, 28.29438 ], [ 85.31861, 28.2942 ], [ 85.31882, 28.2942 ], [ 85.31882, 28.29438 ], [ 85.31861, 28.29438 ] ], [ [ 85.40506, 28.25426 ], [ 85.40506, 28.25408 ], [ 85.40527, 28.25409 ], [ 85.40527, 28.25427 ], [ 85.40506, 28.25426 ] ], [ [ 85.35487, 28.21757 ], [ 85.35487, 28.21739 ], [ 85.35548, 28.2174 ], [ 85.35548, 28.21758 ], [ 85.35487, 28.21757 ] ], [ [ 85.48561, 28.20879 ], [ 85.48562, 28.20861 ], [ 85.48582, 28.20861 ], [ 85.48582, 28.20879 ], [ 85.48561, 28.20879 ] ], [ [ 85.34338, 28.18259 ], [ 85.34339, 28.18241 ], [ 85.34359, 28.18242 ], [ 85.34359, 28.1826 ], [ 85.34338, 28.18259 ] ], [ [ 85.43547, 28.15426 ], [ 85.43547, 28.15407 ], [ 85.43567, 28.15408 ], [ 85.43567, 28.15426 ], [ 85.43547, 28.15426 ] ], [ [ 85.30456, 28.13844 ], [ 85.30456, 28.13826 ], [ 85.30477, 28.13826 ], [ 85.30476, 28.13844 ], [ 85.30456, 28.13844 ] ] ] } },
{ "type": "Feature", "properties": { "area_m2": 2400.0 }, "geometry": { "type": "Polygon", "coordinates": [ [ [ 85.54971, 28.0797 ], [ 85.55011, 28.0797 ], [ 85.54992, 28.07898 ], [ 85.54972, 28.07898 ], [ 85.54971, 28.0797 ] ] ] } },
{ "type": "Feature", "properties": { "area_m2": 12800.0 }, "geometry": { "type": "Polygon", "coordinates": [ [ [ 85.2498, 28.07476 ], [ 85.25001, 28.07476 ], [ 85.25005, 28.07223 ], [ 85.25025, 28.07224 ], [ 85.25028, 28.07061 ], [ 85.24987, 28.07061 ], [ 85.2498, 28.07476 ] ] ] } },
{ "type": "Feature", "properties": { "area_m2": 6400.0 }, "geometry": { "type": "Polygon", "coordinates": [ [ [ 85.54996, 28.07591 ], [ 85.55016, 28.07591 ], [ 85.5502, 28.07302 ], [ 85.55, 28.07302 ], [ 85.54996, 28.07591 ] ] ] } },
{ "type": "Feature", "properties": { "area_m2": 3200.0 }, "geometry": { "type": "Polygon", "coordinates": [ [ [ 85.24987, 28.07024 ], [ 85.25028, 28.07025 ], [ 85.25029, 28.06953 ], [ 85.24989, 28.06952 ], [ 85.24987, 28.07024 ] ] ] } },
{ "type": "Feature", "properties": { "area_m2": 29600.0 }, "geometry": { "type": "Polygon", "coordinates": [ [ [ 85.24989, 28.06916 ], [ 85.2503, 28.06917 ], [ 85.25032, 28.06808 ], [ 85.25052, 28.06809 ], [ 85.25059, 28.06394 ], [ 85.25038, 28.06393 ], [ 85.25038, 28.06429 ], [ 85.25017, 28.06429 ], [ 85.25017, 28.06483 ], [ 85.24996, 28.06483 ], [ 85.24989, 28.06916 ] ] ] } },
{ "type": "Feature", "properties": { "area_m2": 4400.0 }, "geometry": { "type": "Polygon", "coordinates": [ [ [ 85.2498, 28.06248 ], [ 85.25, 28.06249 ], [ 85.25003, 28.0605 ], [ 85.24983, 28.0605 ], [ 85.2498, 28.06248 ] ] ] } },
{ "type": "Feature", "properties": { "area_m2": 3600.0 }, "geometry": { "type": "Polygon", "coordinates": [ [ [ 85.24987, 28.05779 ], [ 85.25028, 28.0578 ], [ 85.25029, 28.05689 ], [ 85.24989, 28.05707 ], [ 85.24987, 28.05779 ] ] ] } },
{ "type": "Feature", "properties": { "area_m2": 4800.0 }, "geometry": { "type": "Polygon", "coordinates": [ [ [ 85.54997, 28.06021 ], [ 85.55017, 28.06021 ], [ 85.5502, 28.05804 ], [ 85.55, 28.05804 ], [ 85.54997, 28.06021 ] ] ] } },
{ "type": "Feature", "properties": { "area_m2": 33600.0 }, "geometry": { "type": "Polygon", "coordinates": [ [ [ 85.24991, 28.05581 ], [ 85.25031, 28.05581 ], [ 85.25032, 28.05545 ], [ 85.25093, 28.05546 ], [ 85.25093, 28.05528 ], [ 85.25073, 28.05527 ], [ 85.25073, 28.05491 ], [ 85.25094, 28.05492 ], [ 85.25094, 28.05474 ], [ 85.25074, 28.05473 ], [ 85.25074, 28.05455 ], [ 85.25094, 28.05456 ], [ 85.25097, 28.05311 ], [ 85.25056, 28.05293 ], [ 85.25057, 28.0522 ], [ 85.25037, 28.0522 ], [ 85.25037, 28.05202 ], [ 85.24997, 28.05202 ], [ 85.24991, 28.05581 ] ] ] } },
{ "type": "Feature", "properties": { "area_m2": 123600.0 }, "geometry": { "type": "Polygon", "coordinates": [ [ [ 85.25302, 28.05187 ], [ 85.25465, 28.05189 ], [ 85.25465, 28.05171 ], [ 85.25485, 28.05172 ], [ 85.25487, 28.05081 ], [ 85.25528, 28.05082 ], [ 85.25528, 28.05028 ], [ 85.25813, 28.05031 ], [ 85.25813, 28.05068 ], [ 85.25853, 28.05068 ], [ 85.25853, 28.05086 ], [ 85.25914, 28.05087 ], [ 85.25915, 28.05051 ], [ 85.26362, 28.05056 ], [ 85.26363, 28.05002 ], [ 85.25, 28.04985 ], [ 85.25, 28.05003 ], [ 85.25061, 28.05004 ], [ 85.2506, 28.0504 ], [ 85.25101, 28.0504 ], [ 85.251, 28.05077 ], [ 85.25121, 28.05077 ], [ 85.2512, 28.05095 ], [ 85.25161, 28.05095 ], [ 85.25181, 28.05132 ], [ 85.25262, 28.05133 ], [ 85.25262, 28.05151 ], [ 85.25302, 28.05169 ], [ 85.25302, 28.05187 ] ] ] } },
{ "type": "Feature", "properties": { "area_m2": 116000.0 }, "geometry": { "type": "Polygon", "coordinates": [ [ [ 85.26992, 28.05101 ], [ 85.27013, 28.05101 ], [ 85.27013, 28.05065 ], [ 85.27033, 28.05065 ], [ 85.27054, 28.05029 ], [ 85.27095, 28.0503 ], [ 85.27095, 28.05012 ], [ 85.27136, 28.05012 ], [ 85.27136, 28.0503 ], [ 85.27156, 28.0503 ], [ 85.27155, 28.05066 ], [ 85.27237, 28.05068 ], [ 85.27237, 28.05049 ], [ 85.27257, 28.0505 ], [ 85.27257, 28.05068 ], [ 85.27379, 28.05069 ], [ 85.2738, 28.05033 ], [ 85.274, 28.05033 ], [ 85.274, 28.05052 ], [ 85.27441, 28.05052 ], [ 85.27441, 28.05034 ], [ 85.27461, 28.05034 ], [ 85.27461, 28.0507 ], [ 85.27481, 28.05071 ], [ 85.27502, 28.05035 ], [ 85.27543, 28.05035 ], [ 85.27542, 28.05071 ], [ 85.27786, 28.05074 ], [ 85.27786, 28.05056 ], [ 85.27888, 28.05058 ], [ 85.27889, 28.05022 ], [ 85.27909, 28.05022 ], [ 85.27909, 28.0504 ], [ 85.27929, 28.0504 ], [ 85.27928, 28.05094 ], [ 85.27949, 28.05094 ], [ 85.27948, 28.05113 ], [ 85.28009, 28.05113 ], [ 85.2801, 28.05059 ], [ 85.2803, 28.05059 ], [ 85.28031, 28.05023 ], [ 85.28092, 28.05024 ], [ 85.28091, 28.05078 ], [ 85.28112, 28.05078 ], [ 85.28112, 28.0506 ], [ 85.28234, 28.05044 ], [ 85.28235, 28.05008 ], [ 85.28255, 28.05008 ], [ 85.28255, 28.0499 ], [ 85.2793, 28.04986 ], [ 85.2793, 28.05004 ], [ 85.26363, 28.04984 ], [ 85.26363, 28.05002 ], [ 85.26587, 28.05005 ], [ 85.26587, 28.05023 ], [ 85.26729, 28.05025 ], [ 85.26729, 28.05043 ], [ 85.26769, 28.05044 ], [ 85.26769, 28.05062 ], [ 85.26993, 28.05064 ], [ 85.26992, 28.05101 ] ] ] } },
{ "type": "Feature", "properties": { "area_m2": 5600.0 }, "geometry": { "type": "Polygon", "coordinates": [ [ [ 85.28458, 28.05047 ], [ 85.2854, 28.0503 ], [ 85.2854, 28.04994 ], [ 85.28418, 28.04992 ], [ 85.28418, 28.05028 ], [ 85.28458, 28.05029 ], [ 85.28458, 28.05047 ] ] ] } },
{ "type": "Feature", "properties": { "area_m2": 8800.0 }, "geometry": { "type": "Polygon", "coordinates": [ [ [ 85.30268, 28.05087 ], [ 85.30309, 28.05088 ], [ 85.30309, 28.05052 ], [ 85.30391, 28.05053 ], [ 85.30392, 28.04999 ], [ 85.30269, 28.04997 ], [ 85.30268, 28.05087 ] ] ] } },
{ "type": "Feature", "properties": { "area_m2": 61600.0 }, "geometry": { "type": "Polygon", "coordinates": [ [ [ 85.28762, 28.05123 ], [ 85.28884, 28.05124 ], [ 85.28885, 28.05088 ], [ 85.28905, 28.05088 ], [ 85.28905, 28.0507 ], [ 85.28966, 28.05071 ], [ 85.28966, 28.05053 ], [ 85.28926, 28.05053 ], [ 85.28926, 28.05035 ], [ 85.29007, 28.05036 ], [ 85.29008, 28.05017 ], [ 85.29028, 28.05018 ], [ 85.29028, 28.05036 ], [ 85.29089, 28.05037 ], [ 85.29109, 28.05073 ], [ 85.29149, 28.05073 ], [ 85.2915, 28.05037 ], [ 85.29252, 28.05039 ], [ 85.29231, 28.05074 ], [ 85.29312, 28.05075 ], [ 85.29313, 28.05039 ], [ 85.29333, 28.0504 ], [ 85.29333, 28.05058 ], [ 85.29353, 28.05058 ], [ 85.29353, 28.0504 ], [ 85.29374, 28.0504 ], [ 85.29373, 28.05058 ], [ 85.29434, 28.05059 ], [ 85.29435, 28.05041 ], [ 85.29516, 28.05042 ], [ 85.29537, 28.05006 ], [ 85.29577, 28.05025 ], [ 85.29578, 28.05007 ], [ 85.29618, 28.05007 ], [ 85.29619, 28.04989 ], [ 85.29476, 28.04987 ], [ 85.29476, 28.05005 ], [ 85.28581, 28.04994 ], [ 85.2858, 28.0503 ], [ 85.28743, 28.05032 ], [ 85.28743, 28.0505 ], [ 85.28763, 28.05051 ], [ 85.28762, 28.05123 ] ] ] } },
{ "type": "Feature", "properties": { "area_m2": 12800.0 }, "geometry": { "type": "Polygon", "coordinates": [ [ [ 85.30452, 28.05053 ], [ 85.30553, 28.05055 ], [ 85.30554, 28.05019 ], [ 85.30574, 28.05019 ], [ 85.30574, 28.05055 ], [ 85.30635, 28.05056 ], [ 85.30635, 28.0502 ], [ 85.30656, 28.0502 ], [ 85.30655, 28.05056 ], [ 85.30696, 28.05056 ], [ 85.30697, 28.05002 ], [ 85.30453, 28.04999 ], [ 85.30452, 28.05053 ] ] ] } },
{ "type": "Feature", "properties": { "area_m2": 12000.0 }, "geometry": { "type": "Polygon", "coordinates": [ [ [ 85.29638, 28.05025 ], [ 85.29943, 28.05029 ], [ 85.29944, 28.04993 ], [ 85.29639, 28.04989 ], [ 85.29638, 28.05025 ] ] ] } },
{ "type": "Feature", "properties": { "area_m2": 13600.0 }, "geometry": { "type": "Polygon", "coordinates": [ [ [ 85.30126, 28.05049 ], [ 85.30248, 28.05051 ], [ 85.30249, 28.04997 ], [ 85.29964, 28.04993 ], [ 85.29964, 28.05029 ], [ 85.30127, 28.05031 ], [ 85.30126, 28.05049 ] ] ] } },
{ "type": "Feature", "properties": { "area_m2": 66000.0 }, "geometry": { "type": "Polygon", "coordinates": [ [ [ 85.30797, 28.05094 ], [ 85.30878, 28.05095 ], [ 85.30879, 28.05077 ], [ 85.3094, 28.05078 ], [ 85.3094, 28.05041 ], [ 85.30961, 28.05042 ], [ 85.30961, 28.05024 ], [ 85.31144, 28.05026 ], [ 85.31143, 28.05062 ], [ 85.31204, 28.05063 ], [ 85.31205, 28.05027 ], [ 85.31388, 28.05029 ], [ 85.31388, 28.05011 ], [ 85.31409, 28.05011 ], [ 85.31408, 28.05029 ], [ 85.3153, 28.05031 ], [ 85.31531, 28.05013 ], [ 85.31551, 28.05013 ], [ 85.31551, 28.05031 ], [ 85.31591, 28.05031 ], [ 85.31591, 28.05049 ], [ 85.31632, 28.0505 ], [ 85.31631, 28.05086 ], [ 85.31753, 28.05087 ], [ 85.31754, 28.05051 ], [ 85.31917, 28.05053 ], [ 85.31917, 28.04999 ], [ 85.31022, 28.04988 ], [ 85.31022, 28.05006 ], [ 85.30758, 28.05003 ], [ 85.30757, 28.05075 ], [ 85.30797, 28.05076 ], [ 85.30797, 28.05094 ] ] ] } },
{ "type": "Feature", "properties": { "area_m2": 37600.0 }, "geometry": { "type": "Polygon", "coordinates": [ [ [ 85.31977, 28.0509 ], [ 85.32099, 28.05074 ], [ 85.321, 28.05038 ], [ 85.32181, 28.05039 ], [ 85.32181, 28.05075 ], [ 85.32242, 28.05075 ], [ 85.32242, 28.05039 ], [ 85.32283, 28.0504 ], [ 85.32283, 28.05022 ], [ 85.32304, 28.05022 ], [ 85.32303, 28.05058 ], [ 85.32344, 28.05041 ], [ 85.32344, 28.05059 ], [ 85.32364, 28.05059 ], [ 85.32364, 28.05041 ], [ 85.32385, 28.05041 ], [ 85.32384, 28.05077 ], [ 85.32486, 28.05078 ], [ 85.32507, 28.05043 ], [ 85.32547, 28.05043 ], [ 85.32568, 28.05007 ], [ 85.31958, 28.05 ], [ 85.31957, 28.05072 ], [ 85.31977, 28.05072 ], [ 85.31977, 28.0509 ] ] ] } },
{ "type": "Feature", "properties": { "area_m2": 126000.0 }, "geometry": { "type": "Polygon", "coordinates": [ [ [ 85.33828, 28.05131 ], [ 85.3393, 28.05132 ], [ 85.3393, 28.05096 ], [ 85.33991, 28.05097 ], [ 85.33992, 28.05061 ], [ 85.34073, 28.05062 ], [ 85.34031, 28.05133 ], [ 85.34092, 28.05134 ], [ 85.34093, 28.05098 ], [ 85.34195, 28.05099 ], [ 85.34195, 28.05045 ], [ 85.34256, 28.05046 ], [ 85.34256, 28.05064 ], [ 85.34541, 28.05067 ], [ 85.34542, 28.05013 ], [ 85.34521, 28.05013 ], [ 85.34522, 28.04995 ], [ 85.34115, 28.0499 ], [ 85.34115, 28.05008 ], [ 85.32609, 28.0499 ], [ 85.32609, 28.05026 ], [ 85.32751, 28.05027 ], [ 85.32751, 28.05009 ], [ 85.32772, 28.0501 ], [ 85.32772, 28.05028 ], [ 85.32812, 28.05028 ], [ 85.32812, 28.05046 ], [ 85.32873, 28.05047 ], [ 85.32873, 28.05065 ], [ 85.33015, 28.05067 ], [ 85.33015, 28.05049 ], [ 85.33076, 28.05049 ], [ 85.33077, 28.05031 ], [ 85.33117, 28.05032 ], [ 85.33118, 28.05014 ], [ 85.33138, 28.05014 ], [ 85.33138, 28.05032 ], [ 85.33219, 28.05033 ], [ 85.33219, 28.05051 ], [ 85.33361, 28.05053 ], [ 85.33361, 28.05035 ], [ 85.33524, 28.05037 ], [ 85.33524, 28.05019 ], [ 85.33565, 28.05019 ], [ 85.33565, 28.05037 ], [ 85.33646, 28.05038 ], [ 85.33646, 28.05056 ], [ 85.33666, 28.05057 ], [ 85.33667, 28.05039 ], [ 85.33728, 28.05039 ], [ 85.33727, 28.05057 ], [ 85.33748, 28.05058 ], [ 85.33748, 28.05022 ], [ 85.33769, 28.05022 ], [ 85.33768, 28.0504 ], [ 85.33829, 28.05041 ], [ 85.33829, 28.05059 ], [ 85.33768, 28.05058 ], [ 85.33768, 28.05076 ], [ 85.33788, 28.05076 ], [ 85.33788, 28.05094 ], [ 85.33828, 28.05095 ], [ 85.33828, 28.05131 ] ] ] } },
{ "type": "Feature", "properties": { "area_m2": 3200.0 }, "geometry": { "type": "Polygon", "coordinates": [ [ [ 85.35335, 28.05059 ], [ 85.35375, 28.05059 ], [ 85.35376, 28.05041 ], [ 85.35396, 28.05041 ], [ 85.35396, 28.05005 ], [ 85.35335, 28.05005 ], [ 85.35335, 28.05059 ] ] ] } },
{ "type": "Feature", "properties": { "area_m2": 2800.0 }, "geometry": { "type": "Polygon", "coordinates": [ [ [ 85.35417, 28.05024 ], [ 85.35559, 28.05025 ], [ 85.35559, 28.05007 ], [ 85.35417, 28.05006 ], [ 85.35417, 28.05024 ] ] ] } },
{ "type": "Feature", "properties": { "area_m2": 16800.0 }, "geometry": { "type": "Polygon", "coordinates": [ [ [ 85.35619, 28.05062 ], [ 85.3564, 28.05062 ], [ 85.3564, 28.05044 ], [ 85.35681, 28.05045 ], [ 85.35681, 28.05009 ], [ 85.35722, 28.05009 ], [ 85.35701, 28.05045 ], [ 85.35884, 28.05047 ], [ 85.35884, 28.05029 ], [ 85.35925, 28.05012 ], [ 85.35926, 28.04994 ], [ 85.35661, 28.0499 ], [ 85.35661, 28.05008 ], [ 85.3558, 28.05007 ], [ 85.35579, 28.05044 ], [ 85.3562, 28.05044 ], [ 85.35619, 28.05062 ] ] ] } },
{ "type": "Feature", "properties": { "area_m2": 6800.0 }, "geometry": { "type": "Polygon", "coordinates": [ [ [ 85.35945, 28.0503 ], [ 85.35986, 28.0503 ], [ 85.35986, 28.05012 ], [ 85.36027, 28.05013 ], [ 85.36027, 28.05031 ], [ 85.36088, 28.05032 ], [ 85.36088, 28.05014 ], [ 85.36108, 28.05014 ], [ 85.36108, 28.05032 ], [ 85.36149, 28.05032 ], [ 85.36149, 28.04996 ], [ 85.35946, 28.04994 ], [ 85.35945, 28.0503 ] ] ] } },
{ "type": "Feature", "properties": { "area_m2": 28400.0 }, "geometry": { "type": "Polygon", "coordinates": [ [ [ 85.36332, 28.05053 ], [ 85.36352, 28.05053 ], [ 85.36352, 28.05035 ], [ 85.36393, 28.05035 ], [ 85.36393, 28.05017 ], [ 85.36414, 28.05017 ], [ 85.36413, 28.05054 ], [ 85.36433, 28.05054 ], [ 85.36434, 28.05036 ], [ 85.36535, 28.05037 ], [ 85.36536, 28.05019 ], [ 85.36556, 28.05019 ], [ 85.36556, 28.05037 ], [ 85.36617, 28.05038 ], [ 85.36617, 28.0502 ], [ 85.36637, 28.0502 ], [ 85.36637, 28.05038 ], [ 85.36718, 28.05039 ], [ 85.36718, 28.05057 ], [ 85.36759, 28.05058 ], [ 85.36759, 28.0504 ], [ 85.36779, 28.0504 ], [ 85.36779, 28.05058 ], [ 85.368, 28.05058 ], [ 85.3682, 28.05022 ], [ 85.36861, 28.05023 ], [ 85.36861, 28.05059 ], [ 85.36881, 28.05059 ], [ 85.36881, 28.05041 ], [ 85.36902, 28.05041 ], [ 85.36902, 28.05005 ], [ 85.3617, 28.04997 ], [ 85.36169, 28.05033 ], [ 85.3623, 28.05033 ], [ 85.36231, 28.05015 ], [ 85.36251, 28.05016 ], [ 85.36251, 28.05034 ], [ 85.36312, 28.05034 ], [ 85.36312, 28.05016 ], [ 85.36332, 28.05016 ], [ 85.36332, 28.05053 ] ] ] } },
{ "type": "Feature", "properties": { "area_m2": 16800.0 }, "geometry": { "type": "Polygon", "coordinates": [ [ [ 85.37999, 28.05108 ], [ 85.3802, 28.05109 ], [ 85.3802, 28.05091 ], [ 85.38061, 28.05091 ], [ 85.38061, 28.05037 ], [ 85.38082, 28.05037 ], [ 85.38081, 28.05055 ], [ 85.38122, 28.05056 ], [ 85.38122, 28.05038 ], [ 85.38163, 28.0502 ], [ 85.38183, 28.05056 ], [ 85.38203, 28.05057 ], [ 85.38204, 28.05039 ], [ 85.38224, 28.05039 ], [ 85.38224, 28.05057 ], [ 85.38264, 28.05057 ], [ 85.38265, 28.05039 ], [ 85.38285, 28.0504 ], [ 85.38286, 28.05004 ], [ 85.38001, 28.05 ], [ 85.37999, 28.05108 ] ] ] } },
{ "type": "Feature", "properties": { "area_m2": 18400.0 }, "geometry": { "type": "Polygon", "coordinates": [ [ [ 85.37532, 28.05067 ], [ 85.37634, 28.05068 ], [ 85.37634, 28.05032 ], [ 85.37675, 28.05032 ], [ 85.37675, 28.05014 ], [ 85.37715, 28.05033 ], [ 85.37715, 28.05051 ], [ 85.37756, 28.05051 ], [ 85.37756, 28.05015 ], [ 85.37777, 28.05016 ], [ 85.37776, 28.05052 ], [ 85.37797, 28.05052 ], [ 85.37797, 28.05034 ], [ 85.37838, 28.05016 ], [ 85.37838, 28.04998 ], [ 85.37492, 28.04994 ], [ 85.37491, 28.05048 ], [ 85.37532, 28.05049 ], [ 85.37532, 28.05067 ] ] ] } },
{ "type": "Feature", "properties": { "area_m2": 5200.0 }, "geometry": { "type": "Polygon", "coordinates": [ [ [ 85.37858, 28.05053 ], [ 85.37898, 28.05053 ], [ 85.37899, 28.05035 ], [ 85.37919, 28.05035 ], [ 85.37919, 28.05053 ], [ 85.37939, 28.05054 ], [ 85.37939, 28.05036 ], [ 85.3796, 28.05036 ], [ 85.3796, 28.05 ], [ 85.37858, 28.04998 ], [ 85.37858, 28.05053 ] ] ] } },
{ "type": "Feature", "properties": { "area_m2": 4400.0 }, "geometry": { "type": "Polygon", "coordinates": [ [ [ 85.38305, 28.05058 ], [ 85.38346, 28.05058 ], [ 85.38367, 28.05023 ], [ 85.38407, 28.05041 ], [ 85.38408, 28.05005 ], [ 85.38306, 28.05004 ], [ 85.38305, 28.05058 ] ] ] } },
{ "type": "Feature", "properties": { "area_m2": 8400.0 }, "geometry": { "type": "Polygon", "coordinates": [ [ [ 85.36942, 28.05024 ], [ 85.37288, 28.05028 ], [ 85.37289, 28.04992 ], [ 85.37207, 28.04991 ], [ 85.37207, 28.05009 ], [ 85.36943, 28.05006 ], [ 85.36942, 28.05024 ] ] ] } },
{ "type": "Feature", "properties": { "area_m2": 6400.0 }, "geometry": { "type": "Polygon", "coordinates": [ [ [ 85.37309, 28.05028 ], [ 85.37471, 28.0503 ], [ 85.37472, 28.04994 ], [ 85.37309, 28.04992 ], [ 85.37309, 28.05028 ] ] ] } },
{ "type": "Feature", "properties": { "area_m2": 12400.0 }, "geometry": { "type": "Polygon", "coordinates": [ [ [ 85.38631, 28.05062 ], [ 85.38732, 28.05063 ], [ 85.38733, 28.05045 ], [ 85.38814, 28.05028 ], [ 85.38815, 28.0501 ], [ 85.38835, 28.0501 ], [ 85.38835, 28.05028 ], [ 85.38875, 28.05029 ], [ 85.38896, 28.04993 ], [ 85.38611, 28.05007 ], [ 85.38611, 28.05025 ], [ 85.38631, 28.05026 ], [ 85.38631, 28.05062 ] ] ] } },
{ "type": "Feature", "properties": { "area_m2": 26000.0 }, "geometry": { "type": "Polygon", "coordinates": [ [ [ 85.39648, 28.05056 ], [ 85.39729, 28.05057 ], [ 85.3973, 28.0502 ], [ 85.3975, 28.05021 ], [ 85.3975, 28.05057 ], [ 85.3979, 28.05057 ], [ 85.39811, 28.05021 ], [ 85.39832, 28.05022 ], [ 85.39831, 28.05058 ], [ 85.39974, 28.05059 ], [ 85.39974, 28.05023 ], [ 85.4032, 28.05027 ], [ 85.4032, 28.05009 ], [ 85.39588, 28.05001 ], [ 85.39608, 28.05037 ], [ 85.39648, 28.05038 ], [ 85.39648, 28.05056 ] ] ] } },
{ "type": "Feature", "properties": { "area_m2": 3200.0 }, "geometry": { "type": "Polygon", "coordinates": [ [ [ 85.40361, 28.05028 ], [ 85.40442, 28.05029 ], [ 85.40442, 28.04993 ], [ 85.40361, 28.04992 ], [ 85.40361, 28.05028 ] ] ] } },
{ "type": "Feature", "properties": { "area_m2": 69200.0 }, "geometry": { "type": "Polygon", "coordinates": [ [ [ 85.40847, 28.05142 ], [ 85.40908, 28.05142 ], [ 85.40909, 28.05106 ], [ 85.4099, 28.05107 ], [ 85.4099, 28.05089 ], [ 85.41031, 28.0509 ], [ 85.41032, 28.05054 ], [ 85.41052, 28.05054 ], [ 85.41053, 28.05 ], [ 85.40463, 28.04993 ], [ 85.40482, 28.05065 ], [ 85.40523, 28.05066 ], [ 85.40522, 28.05102 ], [ 85.40543, 28.05102 ], [ 85.40542, 28.0512 ], [ 85.40583, 28.05121 ], [ 85.40583, 28.05103 ], [ 85.40746, 28.05104 ], [ 85.40746, 28.05123 ], [ 85.40827, 28.05123 ], [ 85.40827, 28.05105 ], [ 85.40848, 28.05106 ], [ 85.40847, 28.05142 ] ] ] } },
{ "type": "Feature", "properties": { "area_m2": 122400.0 }, "geometry": { "type": "Polygon", "coordinates": [ [ [ 85.42496, 28.05125 ], [ 85.42638, 28.05126 ], [ 85.42659, 28.0509 ], [ 85.42781, 28.05092 ], [ 85.42781, 28.05074 ], [ 85.42944, 28.05076 ], [ 85.42965, 28.0504 ], [ 85.43087, 28.05041 ], [ 85.43087, 28.05059 ], [ 85.43107, 28.05059 ], [ 85.43107, 28.05041 ], [ 85.43148, 28.05042 ], [ 85.43148, 28.0506 ], [ 85.43188, 28.0506 ], [ 85.43189, 28.05024 ], [ 85.43372, 28.05026 ], [ 85.43372, 28.05044 ], [ 85.43473, 28.05046 ], [ 85.43474, 28.0501 ], [ 85.43515, 28.0501 ], [ 85.43514, 28.05046 ], [ 85.43554, 28.05065 ], [ 85.43555, 28.04992 ], [ 85.43413, 28.04991 ], [ 85.43413, 28.05009 ], [ 85.41867, 28.04991 ], [ 85.41866, 28.05009 ], [ 85.41521, 28.05005 ], [ 85.4152, 28.05023 ], [ 85.42049, 28.05029 ], [ 85.42049, 28.05047 ], [ 85.4213, 28.05066 ], [ 85.4213, 28.05084 ], [ 85.42333, 28.05087 ], [ 85.42334, 28.05051 ], [ 85.42354, 28.05051 ], [ 85.42354, 28.05033 ], [ 85.42395, 28.05033 ], [ 85.42395, 28.05069 ], [ 85.42435, 28.0507 ], [ 85.42435, 28.05106 ], [ 85.42455, 28.05106 ], [ 85.42455, 28.05088 ], [ 85.42496, 28.05089 ], [ 85.42496, 28.05125 ] ] ] } },
{ "type": "Feature", "properties": { "area_m2": 28400.0 }, "geometry": { "type": "Polygon", "coordinates": [ [ [ 85.43981, 28.05106 ], [ 85.44022, 28.05106 ], [ 85.44023, 28.05016 ], [ 85.44064, 28.05016 ], [ 85.44064, 28.04998 ], [ 85.43576, 28.04993 ], [ 85.43576, 28.05011 ], [ 85.43616, 28.05011 ], [ 85.43616, 28.05029 ], [ 85.43657, 28.05012 ], [ 85.43656, 28.05048 ], [ 85.43717, 28.05048 ], [ 85.43717, 28.05066 ], [ 85.43738, 28.05067 ], [ 85.43738, 28.05049 ], [ 85.43778, 28.05049 ], [ 85.43779, 28.05013 ], [ 85.43799, 28.05013 ], [ 85.43799, 28.05049 ], [ 85.43839, 28.0505 ], [ 85.43839, 28.05068 ], [ 85.43921, 28.05069 ], [ 85.43921, 28.05033 ], [ 85.43941, 28.05033 ], [ 85.43941, 28.05069 ], [ 85.43982, 28.05069 ], [ 85.43981, 28.05106 ] ] ] } },
{ "type": "Feature", "properties": { "area_m2": 24800.0 }, "geometry": { "type": "Polygon", "coordinates": [ [ [ 85.44246, 28.05072 ], [ 85.44287, 28.05073 ], [ 85.44287, 28.05037 ], [ 85.44348, 28.05038 ], [ 85.44349, 28.05019 ], [ 85.4443, 28.0502 ], [ 85.44429, 28.05075 ], [ 85.4445, 28.05075 ], [ 85.4445, 28.05039 ], [ 85.4447, 28.05039 ], [ 85.4447, 28.05057 ], [ 85.44551, 28.05058 ], [ 85.44552, 28.05022 ], [ 85.44918, 28.05026 ], [ 85.44918, 28.05008 ], [ 85.44084, 28.04998 ], [ 85.44084, 28.05016 ], [ 85.44247, 28.05018 ], [ 85.44246, 28.05072 ] ] ] } },
{ "type": "Feature", "properties": { "area_m2": 12000.0 }, "geometry": { "type": "Polygon", "coordinates": [ [ [ 85.4563, 28.05052 ], [ 85.45833, 28.05054 ], [ 85.45834, 28.05 ], [ 85.45631, 28.04998 ], [ 85.4563, 28.05052 ] ] ] } },
{ "type": "Feature", "properties": { "area_m2": 6400.0 }, "geometry": { "type": "Polygon", "coordinates": [ [ [ 85.4502, 28.05027 ], [ 85.45142, 28.05028 ], [ 85.45142, 28.0501 ], [ 85.45224, 28.05011 ], [ 85.45224, 28.04993 ], [ 85.4502, 28.04991 ], [ 85.4502, 28.05027 ] ] ] } },
{ "type": "Feature", "properties": { "area_m2": 7600.0 }, "geometry": { "type": "Polygon", "coordinates": [ [ [ 85.45244, 28.0503 ], [ 85.45447, 28.05032 ], [ 85.45448, 28.04996 ], [ 85.45265, 28.04994 ], [ 85.45244, 28.0503 ] ] ] } },
{ "type": "Feature", "properties": { "area_m2": 53600.0 }, "geometry": { "type": "Polygon", "coordinates": [ [ [ 85.46012, 28.05345 ], [ 85.46033, 28.05345 ], [ 85.46033, 28.05291 ], [ 85.46074, 28.05292 ], [ 85.46074, 28.05328 ], [ 85.46094, 28.05328 ], [ 85.46094, 28.05292 ], [ 85.46115, 28.05292 ], [ 85.46115, 28.05274 ], [ 85.46054, 28.05273 ], [ 85.46054, 28.05255 ], [ 85.46095, 28.05256 ], [ 85.46116, 28.0522 ], [ 85.46055, 28.05219 ], [ 85.46055, 28.05201 ], [ 85.46035, 28.05201 ], [ 85.46035, 28.05183 ], [ 85.46116, 28.05184 ], [ 85.46117, 28.05166 ], [ 85.46035, 28.05165 ], [ 85.46036, 28.05147 ], [ 85.46117, 28.0513 ], [ 85.46097, 28.05093 ], [ 85.46118, 28.05094 ], [ 85.46118, 28.05076 ], [ 85.46159, 28.05076 ], [ 85.46159, 28.05058 ], [ 85.46118, 28.05057 ], [ 85.46118, 28.05039 ], [ 85.462, 28.0504 ], [ 85.462, 28.05022 ], [ 85.4622, 28.05022 ], [ 85.4622, 28.05041 ], [ 85.46261, 28.05041 ], [ 85.46261, 28.05005 ], [ 85.45854, 28.05 ], [ 85.45854, 28.05036 ], [ 85.45874, 28.05037 ], [ 85.45874, 28.05055 ], [ 85.45915, 28.05055 ], [ 85.45915, 28.05019 ], [ 85.45936, 28.05019 ], [ 85.45935, 28.05055 ], [ 85.46016, 28.05056 ], [ 85.46017, 28.05038 ], [ 85.46037, 28.05038 ], [ 85.46036, 28.05093 ], [ 85.46057, 28.05093 ], [ 85.46056, 28.05111 ], [ 85.45894, 28.05109 ], [ 85.45893, 28.05127 ], [ 85.45934, 28.05128 ], [ 85.45934, 28.05146 ], [ 85.45954, 28.05146 ], [ 85.45933, 28.05182 ], [ 85.45954, 28.05182 ], [ 85.45953, 28.052 ], [ 85.45994, 28.052 ], [ 85.45994, 28.05219 ], [ 85.45912, 28.05218 ], [ 85.45912, 28.05236 ], [ 85.45994, 28.05237 ], [ 85.45993, 28.05255 ], [ 85.45912, 28.05254 ], [ 85.45912, 28.05272 ], [ 85.45993, 28.05291 ], [ 85.45992, 28.05327 ], [ 85.46013, 28.05327 ], [ 85.46012, 28.05345 ] ], [ [ 85.46057, 28.05039 ], [ 85.46058, 28.05021 ], [ 85.46078, 28.05021 ], [ 85.46078, 28.05039 ], [ 85.46057, 28.05039 ] ] ] } },
{ "type": "Feature", "properties": { "area_m2": 4800.0 }, "geometry": { "type": "Polygon", "coordinates": [ [ [ 85.45508, 28.05069 ], [ 85.45528, 28.05069 ], [ 85.45529, 28.05015 ], [ 85.4561, 28.05016 ], [ 85.4561, 28.04998 ], [ 85.45468, 28.04996 ], [ 85.45508, 28.05069 ] ] ] } },
{ "type": "Feature", "properties": { "area_m2": 3200.0 }, "geometry": { "type": "Polygon", "coordinates": [ [ [ 85.47278, 28.05052 ], [ 85.47339, 28.05053 ], [ 85.47339, 28.05035 ], [ 85.47319, 28.05035 ], [ 85.4734, 28.04999 ], [ 85.47279, 28.04998 ], [ 85.47278, 28.05052 ] ] ] } },
{ "type": "Feature", "properties": { "area_m2": 2000.0 }, "geometry": { "type": "Polygon", "coordinates": [ [ [ 85.47583, 28.05056 ], [ 85.47624, 28.05056 ], [ 85.47624, 28.0502 ], [ 85.47604, 28.0502 ], [ 85.47604, 28.05002 ], [ 85.47584, 28.05002 ], [ 85.47583, 28.05056 ] ] ] } },
{ "type": "Feature", "properties": { "area_m2": 6000.0 }, "geometry": { "type": "Polygon", "coordinates": [ [ [ 85.46444, 28.05025 ], [ 85.46566, 28.05026 ], [ 85.46567, 28.05008 ], [ 85.46587, 28.05009 ], [ 85.46587, 28.05027 ], [ 85.46627, 28.05027 ], [ 85.46648, 28.04991 ], [ 85.46506, 28.0499 ], [ 85.46505, 28.05008 ], [ 85.46444, 28.05007 ], [ 85.46444, 28.05025 ] ] ] } },
{ "type": "Feature", "properties": { "area_m2": 23600.0 }, "geometry": { "type": "Polygon", "coordinates": [ [ [ 85.46931, 28.05103 ], [ 85.46952, 28.05103 ], [ 85.46952, 28.05067 ], [ 85.47013, 28.05067 ], [ 85.47014, 28.05049 ], [ 85.47034, 28.0505 ], [ 85.47034, 28.05014 ], [ 85.47055, 28.05014 ], [ 85.47054, 28.05032 ], [ 85.47095, 28.05032 ], [ 85.47096, 28.04996 ], [ 85.46668, 28.04991 ], [ 85.46668, 28.05028 ], [ 85.4675, 28.0501 ], [ 85.46749, 28.05028 ], [ 85.4681, 28.05029 ], [ 85.4681, 28.05047 ], [ 85.46932, 28.05067 ], [ 85.46931, 28.05103 ] ] ] } },
{ "type": "Feature", "properties": { "area_m2": 2000.0 }, "geometry": { "type": "Polygon", "coordinates": [ [ [ 85.47156, 28.05051 ], [ 85.47176, 28.05051 ], [ 85.47177, 28.04997 ], [ 85.47136, 28.04997 ], [ 85.47136, 28.05033 ], [ 85.47156, 28.05033 ], [ 85.47156, 28.05051 ] ] ] } },
{ "type": "Feature", "properties": { "area_m2": 2000.0 }, "geometry": { "type": "Polygon", "coordinates": [ [ [ 85.4736, 28.05035 ], [ 85.474, 28.05036 ], [ 85.47421, 28.05 ], [ 85.4736, 28.04999 ], [ 85.4736, 28.05035 ] ] ] } },
{ "type": "Feature", "properties": { "area_m2": 4400.0 }, "geometry": { "type": "Polygon", "coordinates": [ [ [ 85.47502, 28.05055 ], [ 85.47542, 28.05055 ], [ 85.47543, 28.05001 ], [ 85.47442, 28.05 ], [ 85.47441, 28.05036 ], [ 85.47482, 28.05037 ], [ 85.47482, 28.05019 ], [ 85.47502, 28.05019 ], [ 85.47502, 28.05055 ] ] ] } },
{ "type": "Feature", "properties": { "area_m2": 6800.0 }, "geometry": { "type": "Polygon", "coordinates": [ [ [ 85.48702, 28.05086 ], [ 85.48722, 28.05086 ], [ 85.48743, 28.05051 ], [ 85.48804, 28.05051 ], [ 85.48805, 28.04997 ], [ 85.48744, 28.04996 ], [ 85.48744, 28.05014 ], [ 85.48703, 28.05014 ], [ 85.48702, 28.0505 ], [ 85.48682, 28.0505 ], [ 85.48682, 28.05068 ], [ 85.48702, 28.05068 ], [ 85.48702, 28.05086 ] ] ] } },
{ "type": "Feature", "properties": { "area_m2": 9600.0 }, "geometry": { "type": "Polygon", "coordinates": [ [ [ 85.48845, 28.05052 ], [ 85.48946, 28.05053 ], [ 85.48947, 28.05017 ], [ 85.48967, 28.05017 ], [ 85.48967, 28.05053 ], [ 85.49028, 28.05054 ], [ 85.49029, 28.05 ], [ 85.48866, 28.04998 ], [ 85.48866, 28.05016 ], [ 85.48845, 28.05016 ], [ 85.48845, 28.05052 ] ] ] } },
{ "type": "Feature", "properties": { "area_m2": 5600.0 }, "geometry": { "type": "Polygon", "coordinates": [ [ [ 85.48031, 28.05025 ], [ 85.48092, 28.05025 ], [ 85.48093, 28.05007 ], [ 85.48113, 28.05007 ], [ 85.48113, 28.05026 ], [ 85.48194, 28.05026 ], [ 85.48194, 28.0499 ], [ 85.48052, 28.04989 ], [ 85.48031, 28.05025 ] ] ] } },
{ "type": "Feature", "properties": { "area_m2": 9600.0 }, "geometry": { "type": "Polygon", "coordinates": [ [ [ 85.48235, 28.05027 ], [ 85.48275, 28.05027 ], [ 85.48276, 28.05009 ], [ 85.48296, 28.05009 ], [ 85.48296, 28.05028 ], [ 85.48336, 28.05028 ], [ 85.48337, 28.0501 ], [ 85.48377, 28.0501 ], [ 85.48377, 28.05028 ], [ 85.48499, 28.0503 ], [ 85.485, 28.04994 ], [ 85.48215, 28.04991 ], [ 85.48235, 28.05027 ] ] ] } },
{ "type": "Feature", "properties": { "area_m2": 4000.0 }, "geometry": { "type": "Polygon", "coordinates": [ [ [ 85.4854, 28.0503 ], [ 85.48581, 28.05031 ], [ 85.48581, 28.05013 ], [ 85.48601, 28.05013 ], [ 85.48601, 28.05031 ], [ 85.48642, 28.05031 ], [ 85.48642, 28.04995 ], [ 85.4852, 28.04994 ], [ 85.4854, 28.0503 ] ] ] } },
{ "type": "Feature", "properties": { "area_m2": 830800.0 }, "geometry": { "type": "Polygon", "coordinates": [ [ [ 85.48647, 28.07522 ], [ 85.48688, 28.07523 ], [ 85.48688, 28.07505 ], [ 85.48729, 28.07487 ], [ 85.4873, 28.07451 ], [ 85.4877, 28.07452 ], [ 85.48771, 28.07434 ], [ 85.48791, 28.07434 ], [ 85.48792, 28.07398 ], [ 85.48873, 28.07399 ], [ 85.48873, 28.07381 ], [ 85.48934, 28.07381 ], [ 85.48934, 28.07363 ], [ 85.48853, 28.07362 ], [ 85.48853, 28.07344 ], [ 85.48935, 28.07327 ], [ 85.48935, 28.07309 ], [ 85.48874, 28.07308 ], [ 85.48895, 28.07272 ], [ 85.48936, 28.07273 ], [ 85.48936, 28.07255 ], [ 85.48875, 28.07254 ], [ 85.48875, 28.07236 ], [ 85.48936, 28.07237 ], [ 85.48936, 28.07219 ], [ 85.48896, 28.07218 ], [ 85.48896, 28.072 ], [ 85.48937, 28.07201 ], [ 85.48937, 28.07183 ], [ 85.48957, 28.07183 ], [ 85.48938, 28.07147 ], [ 85.48958, 28.07147 ], [ 85.48979, 28.07111 ], [ 85.48775, 28.07109 ], [ 85.48776, 28.07055 ], [ 85.48756, 28.07054 ], [ 85.48757, 28.06964 ], [ 85.48859, 28.06965 ], [ 85.4886, 28.06875 ], [ 85.48962, 28.06876 ], [ 85.48962, 28.0684 ], [ 85.48982, 28.0684 ], [ 85.48983, 28.06822 ], [ 85.49044, 28.06823 ], [ 85.49024, 28.06786 ], [ 85.49065, 28.06769 ], [ 85.49065, 28.06733 ], [ 85.49106, 28.06733 ], [ 85.49106, 28.06715 ], [ 85.49127, 28.06715 ], [ 85.49127, 28.06697 ], [ 85.49066, 28.06697 ], [ 85.49066, 28.06679 ], [ 85.49107, 28.06679 ], [ 85.49107, 28.06661 ], [ 85.49127, 28.06661 ], [ 85.49128, 28.06643 ], [ 85.49087, 28.06643 ], [ 85.49087, 28.06625 ], [ 85.49128, 28.06625 ], [ 85.49128, 28.06607 ], [ 85.49067, 28.06606 ], [ 85.49067, 28.06588 ], [ 85.4919, 28.06572 ], [ 85.4919, 28.06554 ], [ 85.49129, 28.06553 ], [ 85.49129, 28.06535 ], [ 85.4915, 28.06535 ], [ 85.4915, 28.06517 ], [ 85.49211, 28.06518 ], [ 85.49211, 28.065 ], [ 85.4913, 28.06499 ], [ 85.4913, 28.06481 ], [ 85.4915, 28.06481 ], [ 85.49151, 28.06463 ], [ 85.49232, 28.06464 ], [ 85.49232, 28.06446 ], [ 85.49151, 28.06445 ], [ 85.49151, 28.06409 ], [ 85.49212, 28.0641 ], [ 85.49213, 28.06391 ], [ 85.49192, 28.06391 ], [ 85.49193, 28.06355 ], [ 85.49233, 28.06356 ], [ 85.49234, 28.06319 ], [ 85.49295, 28.0632 ], [ 85.49296, 28.06284 ], [ 85.49377, 28.06285 ], [ 85.49377, 28.06267 ], [ 85.49438, 28.06268 ], [ 85.49438, 28.0625 ], [ 85.49296, 28.06248 ], [ 85.49317, 28.06212 ], [ 85.49398, 28.06213 ], [ 85.49398, 28.06195 ], [ 85.49337, 28.06194 ], [ 85.49338, 28.06176 ], [ 85.49378, 28.06177 ], [ 85.49379, 28.06159 ], [ 85.49399, 28.06159 ], [ 85.49399, 28.06141 ], [ 85.49379, 28.06141 ], [ 85.494, 28.06105 ], [ 85.4944, 28.06105 ], [ 85.49441, 28.06087 ], [ 85.4938, 28.06086 ], [ 85.4938, 28.06068 ], [ 85.494, 28.06069 ], [ 85.49421, 28.06033 ], [ 85.49543, 28.06034 ], [ 85.49543, 28.06016 ], [ 85.49604, 28.06017 ], [ 85.49605, 28.05999 ], [ 85.49422, 28.05997 ], [ 85.49422, 28.05979 ], [ 85.49483, 28.05979 ], [ 85.49484, 28.05925 ], [ 85.49606, 28.05908 ], [ 85.49606, 28.0589 ], [ 85.49566, 28.0589 ], [ 85.49566, 28.05872 ], [ 85.49586, 28.05872 ], [ 85.49586, 28.05854 ], [ 85.49627, 28.05854 ], [ 85.49628, 28.05818 ], [ 85.49648, 28.05819 ], [ 85.49648, 28.05801 ], [ 85.49669, 28.05801 ], [ 85.49669, 28.05783 ], [ 85.4971, 28.05765 ], [ 85.4969, 28.05729 ], [ 85.49771, 28.05712 ], [ 85.49772, 28.05694 ], [ 85.49731, 28.05693 ], [ 85.49731, 28.05675 ], [ 85.49772, 28.05676 ], [ 85.49772, 28.05657 ], [ 85.49793, 28.05658 ], [ 85.49793, 28.05622 ], [ 85.49813, 28.05622 ], [ 85.49814, 28.05604 ], [ 85.49875, 28.05604 ], [ 85.49875, 28.05586 ], [ 85.49855, 28.05586 ], [ 85.49855, 28.05568 ], [ 85.49875, 28.05568 ], [ 85.49876, 28.05514 ], [ 85.49937, 28.05515 ], [ 85.49937, 28.05497 ], [ 85.49897, 28.05496 ], [ 85.49897, 28.05478 ], [ 85.49978, 28.05479 ], [ 85.49978, 28.05461 ], [ 85.50101, 28.05463 ], [ 85.50101, 28.05444 ], [ 85.50019, 28.05444 ], [ 85.5002, 28.05426 ], [ 85.5006, 28.05426 ], [ 85.50061, 28.05408 ], [ 85.50345, 28.05411 ], [ 85.50346, 28.05393 ], [ 85.50325, 28.05393 ], [ 85.50327, 28.05303 ], [ 85.50367, 28.05321 ], [ 85.50367, 28.05339 ], [ 85.5055, 28.05341 ], [ 85.5055, 28.05323 ], [ 85.5057, 28.05323 ], [ 85.50551, 28.05287 ], [ 85.50591, 28.05287 ], [ 85.50592, 28.05269 ], [ 85.50673, 28.0527 ], [ 85.50673, 28.05252 ], [ 85.50612, 28.05251 ], [ 85.50612, 28.05233 ], [ 85.50755, 28.05235 ], [ 85.50755, 28.05217 ], [ 85.50796, 28.05217 ], [ 85.50776, 28.05181 ], [ 85.50837, 28.05182 ], [ 85.50837, 28.05164 ], [ 85.50858, 28.05164 ], [ 85.50858, 28.05146 ], [ 85.50878, 28.05146 ], [ 85.50879, 28.05092 ], [ 85.50919, 28.0511 ], [ 85.5094, 28.05075 ], [ 85.5096, 28.05075 ], [ 85.5096, 28.05093 ], [ 85.51001, 28.05093 ], [ 85.51002, 28.05039 ], [ 85.51042, 28.0504 ], [ 85.51042, 28.05076 ], [ 85.51144, 28.05077 ], [ 85.51144, 28.05041 ], [ 85.51205, 28.05041 ], [ 85.51205, 28.05059 ], [ 85.51225, 28.0506 ], [ 85.51226, 28.05023 ], [ 85.51307, 28.05024 ], [ 85.51308, 28.04988 ], [ 85.51165, 28.04987 ], [ 85.51165, 28.05005 ], [ 85.50839, 28.05001 ], [ 85.50839, 28.05037 ], [ 85.5088, 28.05038 ], [ 85.50879, 28.05056 ], [ 85.50778, 28.05055 ], [ 85.50778, 28.05001 ], [ 85.50758, 28.05 ], [ 85.50758, 28.05018 ], [ 85.50737, 28.05018 ], [ 85.50737, 28.05072 ], [ 85.50696, 28.05072 ], [ 85.50696, 28.05036 ], [ 85.50676, 28.05036 ], [ 85.50676, 28.05072 ], [ 85.50655, 28.05071 ], [ 85.50655, 28.05089 ], [ 85.50533, 28.05088 ], [ 85.50512, 28.05124 ], [ 85.50492, 28.05124 ], [ 85.50491, 28.05178 ], [ 85.5045, 28.05178 ], [ 85.5045, 28.05196 ], [ 85.5043, 28.05195 ], [ 85.50429, 28.05231 ], [ 85.50348, 28.05213 ], [ 85.50327, 28.05248 ], [ 85.50307, 28.05248 ], [ 85.50307, 28.0523 ], [ 85.50185, 28.05229 ], [ 85.50185, 28.05265 ], [ 85.50144, 28.05264 ], [ 85.50143, 28.05301 ], [ 85.50082, 28.053 ], [ 85.50083, 28.05264 ], [ 85.50042, 28.05263 ], [ 85.50042, 28.05299 ], [ 85.50021, 28.05299 ], [ 85.50021, 28.05317 ], [ 85.4996, 28.05317 ], [ 85.49939, 28.05389 ], [ 85.49918, 28.05388 ], [ 85.49919, 28.05316 ], [ 85.49879, 28.05316 ], [ 85.49878, 28.0537 ], [ 85.49837, 28.05369 ], [ 85.49837, 28.05387 ], [ 85.49857, 28.05388 ], [ 85.49857, 28.05442 ], [ 85.49816, 28.05423 ], [ 85.49815, 28.05496 ], [ 85.49734, 28.05513 ], [ 85.49712, 28.05585 ], [ 85.49692, 28.05584 ], [ 85.49692, 28.05566 ], [ 85.49651, 28.05566 ], [ 85.4965, 28.05638 ], [ 85.4961, 28.05638 ], [ 85.4961, 28.05602 ], [ 85.4959, 28.05601 ], [ 85.49589, 28.05655 ], [ 85.49548, 28.05673 ], [ 85.49548, 28.05709 ], [ 85.49466, 28.05726 ], [ 85.49465, 28.05835 ], [ 85.49444, 28.05834 ], [ 85.49445, 28.0578 ], [ 85.49384, 28.0578 ], [ 85.49382, 28.05888 ], [ 85.49362, 28.05888 ], [ 85.49363, 28.05834 ], [ 85.49281, 28.05833 ], [ 85.49301, 28.05905 ], [ 85.4926, 28.05905 ], [ 85.4926, 28.05923 ], [ 85.49301, 28.05923 ], [ 85.493, 28.05959 ], [ 85.49259, 28.05959 ], [ 85.49259, 28.05995 ], [ 85.49218, 28.05994 ], [ 85.49218, 28.06012 ], [ 85.49238, 28.06013 ], [ 85.49236, 28.06139 ], [ 85.49216, 28.06139 ], [ 85.49216, 28.06175 ], [ 85.49236, 28.06175 ], [ 85.49236, 28.06193 ], [ 85.49175, 28.06192 ], [ 85.49174, 28.06247 ], [ 85.49133, 28.06246 ], [ 85.49112, 28.06282 ], [ 85.49092, 28.06282 ], [ 85.49091, 28.06336 ], [ 85.49051, 28.06336 ], [ 85.4905, 28.0639 ], [ 85.49009, 28.06389 ], [ 85.49008, 28.06443 ], [ 85.48988, 28.06443 ], [ 85.48988, 28.06461 ], [ 85.48947, 28.06461 ], [ 85.48948, 28.06425 ], [ 85.48927, 28.06424 ], [ 85.48927, 28.06479 ], [ 85.48906, 28.06478 ], [ 85.48906, 28.06514 ], [ 85.48865, 28.06514 ], [ 85.48865, 28.06532 ], [ 85.48844, 28.06532 ], [ 85.48823, 28.06604 ], [ 85.48803, 28.06604 ], [ 85.48803, 28.06567 ], [ 85.48783, 28.06567 ], [ 85.48782, 28.06603 ], [ 85.48762, 28.06603 ], [ 85.48761, 28.06657 ], [ 85.48721, 28.06657 ], [ 85.48722, 28.06567 ], [ 85.48681, 28.06566 ], [ 85.48681, 28.06602 ], [ 85.4866, 28.06602 ], [ 85.48659, 28.06656 ], [ 85.48639, 28.06656 ], [ 85.4864, 28.06602 ], [ 85.48599, 28.06619 ], [ 85.48598, 28.0671 ], [ 85.48577, 28.06709 ], [ 85.48577, 28.06764 ], [ 85.48536, 28.06763 ], [ 85.48535, 28.06799 ], [ 85.48494, 28.06817 ], [ 85.48494, 28.06853 ], [ 85.48474, 28.06853 ], [ 85.48474, 28.06817 ], [ 85.48454, 28.06816 ], [ 85.48453, 28.06852 ], [ 85.48412, 28.0687 ], [ 85.48411, 28.0696 ], [ 85.4837, 28.0696 ], [ 85.4837, 28.06978 ], [ 85.4835, 28.06978 ], [ 85.48349, 28.0705 ], [ 85.48369, 28.0705 ], [ 85.48369, 28.07068 ], [ 85.4845, 28.07069 ], [ 85.4845, 28.07087 ], [ 85.48369, 28.07086 ], [ 85.48368, 28.07104 ], [ 85.48551, 28.07106 ], [ 85.48551, 28.07124 ], [ 85.48572, 28.07124 ], [ 85.48571, 28.07161 ], [ 85.48632, 28.07161 ], [ 85.48632, 28.07179 ], [ 85.48672, 28.0718 ], [ 85.48672, 28.07198 ], [ 85.4857, 28.07197 ], [ 85.4857, 28.07215 ], [ 85.48591, 28.07215 ], [ 85.4859, 28.07269 ], [ 85.48651, 28.0727 ], [ 85.4863, 28.07342 ], [ 85.4865, 28.07342 ], [ 85.4865, 28.0736 ], [ 85.48609, 28.0736 ], [ 85.48608, 28.07396 ], [ 85.48629, 28.07396 ], [ 85.48628, 28.07432 ], [ 85.48649, 28.07432 ], [ 85.48647, 28.07522 ] ], [ [ 85.48631, 28.07251 ], [ 85.48631, 28.07233 ], [ 85.48651, 28.07234 ], [ 85.48651, 28.07252 ], [ 85.48631, 28.07251 ] ], [ [ 85.48864, 28.0655 ], [ 85.48865, 28.06532 ], [ 85.48885, 28.06532 ], [ 85.48885, 28.0655 ], [ 85.48864, 28.0655 ] ], [ [ 85.5094, 28.05056 ], [ 85.50941, 28.0502 ], [ 85.50982, 28.05021 ], [ 85.50981, 28.05057 ], [ 85.5094, 28.05056 ] ] ] } },
{ "type": "Feature", "properties": { "area_m2": 14400.0 }, "geometry": { "type": "Polygon", "coordinates": [ [ [ 85.51368, 28.05061 ], [ 85.51449, 28.05062 ], [ 85.51449, 28.05044 ], [ 85.5151, 28.05045 ], [ 85.51511, 28.05009 ], [ 85.51531, 28.05009 ], [ 85.51531, 28.05027 ], [ 85.51572, 28.05027 ], [ 85.51592, 28.04991 ], [ 85.51328, 28.04988 ], [ 85.51327, 28.05025 ], [ 85.51368, 28.05043 ], [ 85.51368, 28.05061 ] ] ] } },
{ "type": "Feature", "properties": { "area_m2": 16400.0 }, "geometry": { "type": "Polygon", "coordinates": [ [ [ 85.51714, 28.05047 ], [ 85.51795, 28.05048 ], [ 85.51796, 28.05012 ], [ 85.51877, 28.05012 ], [ 85.51876, 28.05049 ], [ 85.51897, 28.05049 ], [ 85.51897, 28.05013 ], [ 85.51918, 28.05013 ], [ 85.51917, 28.05031 ], [ 85.51978, 28.05032 ], [ 85.51979, 28.05014 ], [ 85.51999, 28.05014 ], [ 85.51999, 28.05032 ], [ 85.5206, 28.05033 ], [ 85.5206, 28.05014 ], [ 85.5208, 28.05015 ], [ 85.5208, 28.05033 ], [ 85.521, 28.05033 ], [ 85.52121, 28.04997 ], [ 85.51674, 28.04992 ], [ 85.51673, 28.05028 ], [ 85.51714, 28.05029 ], [ 85.51714, 28.05047 ] ] ] } },
{ "type": "Feature", "properties": { "area_m2": 27200.0 }, "geometry": { "type": "Polygon", "coordinates": [ [ [ 85.5216, 28.05124 ], [ 85.52181, 28.05124 ], [ 85.52201, 28.05088 ], [ 85.52242, 28.05089 ], [ 85.52242, 28.05107 ], [ 85.52303, 28.05107 ], [ 85.52304, 28.05053 ], [ 85.52365, 28.05054 ], [ 85.52365, 28.05036 ], [ 85.52446, 28.05037 ], [ 85.52447, 28.05019 ], [ 85.52487, 28.05019 ], [ 85.52487, 28.05037 ], [ 85.52528, 28.05038 ], [ 85.52528, 28.05019 ], [ 85.52609, 28.0502 ], [ 85.5261, 28.05002 ], [ 85.52142, 28.04997 ], [ 85.52141, 28.05033 ], [ 85.52202, 28.05034 ], [ 85.52202, 28.05052 ], [ 85.52161, 28.05052 ], [ 85.5216, 28.05124 ] ] ] } },
{ "type": "Feature", "properties": { "area_m2": 3116800.0 }, "geometry": { "type": "Polygon", "coordinates": [ [ [ 85.524, 28.12906 ], [ 85.52481, 28.12907 ], [ 85.52482, 28.12871 ], [ 85.52543, 28.12872 ], [ 85.52543, 28.12854 ], [ 85.52563, 28.12854 ], [ 85.52564, 28.12836 ], [ 85.52503, 28.12835 ], [ 85.52503, 28.12817 ], [ 85.52584, 28.128 ], [ 85.52585, 28.12782 ], [ 85.52605, 28.12782 ], [ 85.52606, 28.12728 ], [ 85.52626, 28.12728 ], [ 85.52626, 28.1271 ], [ 85.52687, 28.12711 ], [ 85.52688, 28.12693 ], [ 85.52606, 28.12692 ], [ 85.52607, 28.12674 ], [ 85.52688, 28.12657 ], [ 85.52689, 28.12621 ], [ 85.5277, 28.12604 ], [ 85.52771, 28.12585 ], [ 85.5273, 28.12585 ], [ 85.5273, 28.12567 ], [ 85.52791, 28.12568 ], [ 85.52791, 28.1255 ], [ 85.52812, 28.1255 ], [ 85.52812, 28.12532 ], [ 85.52771, 28.12531 ], [ 85.52772, 28.12513 ], [ 85.52812, 28.12514 ], [ 85.52813, 28.12496 ], [ 85.52792, 28.12495 ], [ 85.52793, 28.12459 ], [ 85.52854, 28.1246 ], [ 85.52854, 28.12424 ], [ 85.52895, 28.12406 ], [ 85.52896, 28.1237 ], [ 85.52936, 28.12371 ], [ 85.52937, 28.12353 ], [ 85.52957, 28.12353 ], [ 85.52937, 28.12316 ], [ 85.52978, 28.12317 ], [ 85.52978, 28.12299 ], [ 85.53039, 28.123 ], [ 85.53039, 28.12281 ], [ 85.53019, 28.12281 ], [ 85.53019, 28.12263 ], [ 85.5304, 28.12263 ], [ 85.5304, 28.12227 ], [ 85.5302, 28.12227 ], [ 85.53021, 28.12173 ], [ 85.53122, 28.12174 ], [ 85.53123, 28.12156 ], [ 85.53184, 28.12157 ], [ 85.53184, 28.12139 ], [ 85.53123, 28.12138 ], [ 85.53144, 28.12102 ], [ 85.53184, 28.12103 ], [ 85.53185, 28.12084 ], [ 85.53144, 28.12084 ], [ 85.53144, 28.12066 ], [ 85.53185, 28.12066 ], [ 85.53185, 28.12048 ], [ 85.53206, 28.12049 ], [ 85.53206, 28.12031 ], [ 85.53185, 28.1203 ], [ 85.53186, 28.11976 ], [ 85.53166, 28.11976 ], [ 85.53166, 28.11958 ], [ 85.53186, 28.11958 ], [ 85.53167, 28.11922 ], [ 85.53207, 28.11904 ], [ 85.53208, 28.11868 ], [ 85.53249, 28.11851 ], [ 85.53229, 28.11814 ], [ 85.5327, 28.11815 ], [ 85.5327, 28.11797 ], [ 85.5329, 28.11797 ], [ 85.53271, 28.1176 ], [ 85.53291, 28.11761 ], [ 85.53291, 28.11743 ], [ 85.53352, 28.11743 ], [ 85.53352, 28.11725 ], [ 85.53312, 28.11725 ], [ 85.53312, 28.11707 ], [ 85.53434, 28.11708 ], [ 85.53434, 28.1169 ], [ 85.53394, 28.11672 ], [ 85.53394, 28.11654 ], [ 85.53578, 28.11637 ], [ 85.53577, 28.11655 ], [ 85.53618, 28.11656 ], [ 85.53619, 28.11602 ], [ 85.53741, 28.11603 ], [ 85.53741, 28.11585 ], [ 85.5368, 28.11584 ], [ 85.5368, 28.11566 ], [ 85.53884, 28.1155 ], [ 85.53885, 28.11514 ], [ 85.53946, 28.11515 ], [ 85.53946, 28.11497 ], [ 85.53905, 28.11496 ], [ 85.53906, 28.11478 ], [ 85.53967, 28.11479 ], [ 85.53967, 28.11461 ], [ 85.54048, 28.11462 ], [ 85.54048, 28.11444 ], [ 85.53967, 28.11443 ], [ 85.53988, 28.11407 ], [ 85.54049, 28.11408 ], [ 85.54049, 28.11372 ], [ 85.5409, 28.11372 ], [ 85.5409, 28.11354 ], [ 85.54213, 28.11355 ], [ 85.54213, 28.11337 ], [ 85.5407, 28.11336 ], [ 85.54071, 28.11318 ], [ 85.54213, 28.11319 ], [ 85.54193, 28.11283 ], [ 85.54275, 28.11266 ], [ 85.54275, 28.11248 ], [ 85.54234, 28.11247 ], [ 85.54235, 28.11229 ], [ 85.54336, 28.1123 ], [ 85.54337, 28.11176 ], [ 85.54357, 28.11176 ], [ 85.54358, 28.11158 ], [ 85.54439, 28.11159 ], [ 85.54439, 28.11177 ], [ 85.5448, 28.11178 ], [ 85.54479, 28.11214 ], [ 85.54581, 28.11215 ], [ 85.54582, 28.11161 ], [ 85.54663, 28.11162 ], [ 85.54663, 28.11144 ], [ 85.54623, 28.11143 ], [ 85.54623, 28.11125 ], [ 85.54867, 28.11128 ], [ 85.5487, 28.10929 ], [ 85.54849, 28.10929 ], [ 85.54851, 28.10785 ], [ 85.54872, 28.10785 ], [ 85.54872, 28.10749 ], [ 85.54852, 28.10748 ], [ 85.54856, 28.1046 ], [ 85.54876, 28.1046 ], [ 85.54877, 28.10406 ], [ 85.54897, 28.10406 ], [ 85.54897, 28.10388 ], [ 85.54877, 28.10388 ], [ 85.54877, 28.1037 ], [ 85.54898, 28.1037 ], [ 85.54898, 28.10316 ], [ 85.54939, 28.10316 ], [ 85.5494, 28.1028 ], [ 85.54838, 28.10279 ], [ 85.54838, 28.10261 ], [ 85.54879, 28.10261 ], [ 85.5488, 28.10207 ], [ 85.549, 28.10207 ], [ 85.54901, 28.10117 ], [ 85.54921, 28.10117 ], [ 85.54922, 28.10063 ], [ 85.54902, 28.10063 ], [ 85.54903, 28.09955 ], [ 85.54924, 28.09955 ], [ 85.54924, 28.09937 ], [ 85.54985, 28.09938 ], [ 85.54987, 28.09811 ], [ 85.55007, 28.09811 ], [ 85.5501, 28.09613 ], [ 85.54989, 28.09613 ], [ 85.5499, 28.09577 ], [ 85.5501, 28.09577 ], [ 85.55014, 28.0927 ], [ 85.54974, 28.09251 ], [ 85.54974, 28.0927 ], [ 85.54912, 28.09269 ], [ 85.54912, 28.09287 ], [ 85.54892, 28.09287 ], [ 85.54892, 28.09251 ], [ 85.54791, 28.0925 ], [ 85.54791, 28.09213 ], [ 85.54852, 28.09214 ], [ 85.54852, 28.09196 ], [ 85.5471, 28.09195 ], [ 85.5471, 28.09176 ], [ 85.54771, 28.09177 ], [ 85.54771, 28.09159 ], [ 85.54812, 28.09159 ], [ 85.54812, 28.09141 ], [ 85.5469, 28.0914 ], [ 85.54691, 28.09122 ], [ 85.54711, 28.09122 ], [ 85.54711, 28.09104 ], [ 85.54833, 28.09106 ], [ 85.54834, 28.09088 ], [ 85.5465, 28.09086 ], [ 85.54651, 28.09068 ], [ 85.54773, 28.09069 ], [ 85.54773, 28.09033 ], [ 85.54753, 28.09033 ], [ 85.54753, 28.08996 ], [ 85.54672, 28.08996 ], [ 85.54673, 28.08941 ], [ 85.54632, 28.08923 ], [ 85.54633, 28.08887 ], [ 85.54592, 28.08886 ], [ 85.54614, 28.08778 ], [ 85.54553, 28.08778 ], [ 85.54554, 28.08687 ], [ 85.54635, 28.08688 ], [ 85.54636, 28.0867 ], [ 85.54677, 28.08653 ], [ 85.54677, 28.08598 ], [ 85.54718, 28.08599 ], [ 85.54718, 28.08581 ], [ 85.54555, 28.08579 ], [ 85.54557, 28.08435 ], [ 85.54598, 28.08435 ], [ 85.54599, 28.08399 ], [ 85.54619, 28.08399 ], [ 85.54619, 28.08381 ], [ 85.5466, 28.08364 ], [ 85.54661, 28.08328 ], [ 85.5462, 28.08327 ], [ 85.5462, 28.08291 ], [ 85.54661, 28.08291 ], [ 85.54662, 28.08237 ], [ 85.54621, 28.08237 ], [ 85.54622, 28.08183 ], [ 85.54601, 28.08183 ], [ 85.54602, 28.08164 ], [ 85.5452, 28.08164 ], [ 85.54541, 28.08128 ], [ 85.54521, 28.08127 ], [ 85.54521, 28.08091 ], [ 85.5448, 28.08109 ], [ 85.54481, 28.08037 ], [ 85.54461, 28.08037 ], [ 85.54462, 28.07964 ], [ 85.54482, 28.07965 ], [ 85.54462, 28.07928 ], [ 85.54483, 28.07929 ], [ 85.54483, 28.0791 ], [ 85.54524, 28.07911 ], [ 85.54524, 28.07875 ], [ 85.54504, 28.07875 ], [ 85.54504, 28.07839 ], [ 85.54484, 28.07838 ], [ 85.54485, 28.07766 ], [ 85.54505, 28.07766 ], [ 85.54506, 28.07748 ], [ 85.54485, 28.07748 ], [ 85.54485, 28.0773 ], [ 85.54506, 28.0773 ], [ 85.54506, 28.07694 ], [ 85.54486, 28.07694 ], [ 85.54486, 28.07676 ], [ 85.54507, 28.07676 ], [ 85.54507, 28.07658 ], [ 85.54547, 28.07658 ], [ 85.54548, 28.0764 ], [ 85.54466, 28.0764 ], [ 85.54467, 28.07603 ], [ 85.54487, 28.07604 ], [ 85.54488, 28.07568 ], [ 85.54467, 28.07567 ], [ 85.54468, 28.07477 ], [ 85.54448, 28.07477 ], [ 85.54447, 28.07531 ], [ 85.54407, 28.07531 ], [ 85.54407, 28.07476 ], [ 85.54346, 28.07476 ], [ 85.54347, 28.07422 ], [ 85.54367, 28.07422 ], [ 85.54369, 28.07296 ], [ 85.54349, 28.07295 ], [ 85.54349, 28.07259 ], [ 85.54329, 28.07259 ], [ 85.5433, 28.07205 ], [ 85.54309, 28.07205 ], [ 85.5431, 28.07169 ], [ 85.54289, 28.07168 ], [ 85.5429, 28.07114 ], [ 85.5427, 28.07114 ], [ 85.5427, 28.07096 ], [ 85.5429, 28.07096 ], [ 85.54291, 28.07042 ], [ 85.54271, 28.07042 ], [ 85.54251, 28.07005 ], [ 85.5419, 28.07005 ], [ 85.5419, 28.06987 ], [ 85.54211, 28.06987 ], [ 85.54212, 28.06915 ], [ 85.5415, 28.06914 ], [ 85.54151, 28.06896 ], [ 85.54171, 28.06896 ], [ 85.54173, 28.0677 ], [ 85.54152, 28.0677 ], [ 85.54153, 28.06716 ], [ 85.54173, 28.06716 ], [ 85.54174, 28.06698 ], [ 85.54133, 28.06697 ], [ 85.54134, 28.06661 ], [ 85.54154, 28.06661 ], [ 85.54154, 28.06643 ], [ 85.54134, 28.06643 ], [ 85.54134, 28.06589 ], [ 85.54094, 28.06607 ], [ 85.54095, 28.06534 ], [ 85.54074, 28.06534 ], [ 85.54075, 28.0648 ], [ 85.54055, 28.0648 ], [ 85.54054, 28.06516 ], [ 85.54034, 28.06516 ], [ 85.54034, 28.06462 ], [ 85.54014, 28.06461 ], [ 85.54015, 28.06425 ], [ 85.53994, 28.06425 ], [ 85.53995, 28.06371 ], [ 85.53975, 28.06371 ], [ 85.53974, 28.06407 ], [ 85.53954, 28.06407 ], [ 85.53955, 28.06334 ], [ 85.53934, 28.06334 ], [ 85.53935, 28.06316 ], [ 85.53955, 28.06316 ], [ 85.53956, 28.06244 ], [ 85.53936, 28.06244 ], [ 85.53936, 28.06208 ], [ 85.53895, 28.06207 ], [ 85.53916, 28.06172 ], [ 85.53896, 28.06171 ], [ 85.53896, 28.06135 ], [ 85.53876, 28.06135 ], [ 85.53878, 28.06027 ], [ 85.53837, 28.06008 ], [ 85.53839, 28.05882 ], [ 85.53818, 28.05882 ], [ 85.53819, 28.05828 ], [ 85.53799, 28.05827 ], [ 85.53799, 28.05791 ], [ 85.5382, 28.05791 ], [ 85.5382, 28.05755 ], [ 85.538, 28.05755 ], [ 85.53802, 28.05611 ], [ 85.53761, 28.05628 ], [ 85.53762, 28.05538 ], [ 85.53742, 28.05538 ], [ 85.53742, 28.05484 ], [ 85.53702, 28.05483 ], [ 85.53702, 28.05465 ], [ 85.53743, 28.05466 ], [ 85.53743, 28.05448 ], [ 85.53682, 28.05447 ], [ 85.53682, 28.05429 ], [ 85.53703, 28.05429 ], [ 85.53703, 28.05393 ], [ 85.53683, 28.05393 ], [ 85.53684, 28.05267 ], [ 85.53644, 28.05266 ], [ 85.53644, 28.05248 ], [ 85.53624, 28.05248 ], [ 85.53624, 28.05212 ], [ 85.53604, 28.05212 ], [ 85.53605, 28.05103 ], [ 85.53626, 28.05103 ], [ 85.53626, 28.05085 ], [ 85.53565, 28.05085 ], [ 85.53565, 28.05067 ], [ 85.53606, 28.05067 ], [ 85.53627, 28.05031 ], [ 85.53728, 28.05032 ], [ 85.53728, 28.05014 ], [ 85.53688, 28.05014 ], [ 85.53688, 28.04996 ], [ 85.53383, 28.04993 ], [ 85.53382, 28.05065 ], [ 85.53402, 28.05065 ], [ 85.53402, 28.05083 ], [ 85.53341, 28.05082 ], [ 85.5334, 28.05118 ], [ 85.53381, 28.05119 ], [ 85.5338, 28.05173 ], [ 85.53401, 28.05173 ], [ 85.5338, 28.05209 ], [ 85.534, 28.05209 ], [ 85.53399, 28.053 ], [ 85.5346, 28.053 ], [ 85.5346, 28.05318 ], [ 85.53541, 28.05319 ], [ 85.53541, 28.05337 ], [ 85.53439, 28.05336 ], [ 85.53439, 28.05354 ], [ 85.5352, 28.05373 ], [ 85.5352, 28.05391 ], [ 85.53479, 28.05391 ], [ 85.53479, 28.05427 ], [ 85.5354, 28.05427 ], [ 85.5354, 28.05445 ], [ 85.53478, 28.05445 ], [ 85.53478, 28.05463 ], [ 85.53519, 28.05463 ], [ 85.53519, 28.05481 ], [ 85.53539, 28.05482 ], [ 85.53538, 28.05536 ], [ 85.53579, 28.05536 ], [ 85.53578, 28.05572 ], [ 85.53619, 28.05591 ], [ 85.53619, 28.05609 ], [ 85.53578, 28.05608 ], [ 85.53578, 28.05626 ], [ 85.53659, 28.05645 ], [ 85.53659, 28.05663 ], [ 85.53577, 28.05663 ], [ 85.53577, 28.05681 ], [ 85.53618, 28.05681 ], [ 85.53617, 28.05717 ], [ 85.53658, 28.05699 ], [ 85.53657, 28.05772 ], [ 85.53678, 28.05772 ], [ 85.53677, 28.05808 ], [ 85.53616, 28.05807 ], [ 85.53616, 28.05825 ], [ 85.53656, 28.05826 ], [ 85.53655, 28.05898 ], [ 85.53676, 28.05898 ], [ 85.53675, 28.05988 ], [ 85.53715, 28.05989 ], [ 85.53715, 28.06007 ], [ 85.53735, 28.06007 ], [ 85.53734, 28.06097 ], [ 85.53755, 28.06098 ], [ 85.53754, 28.06152 ], [ 85.53794, 28.06152 ], [ 85.53794, 28.0617 ], [ 85.53713, 28.06169 ], [ 85.53713, 28.06187 ], [ 85.53733, 28.06188 ], [ 85.53732, 28.06242 ], [ 85.53773, 28.06242 ], [ 85.53793, 28.06279 ], [ 85.53711, 28.06278 ], [ 85.53711, 28.06296 ], [ 85.53731, 28.06296 ], [ 85.53731, 28.06314 ], [ 85.53772, 28.06314 ], [ 85.53771, 28.06369 ], [ 85.53792, 28.06369 ], [ 85.53791, 28.06387 ], [ 85.53771, 28.06387 ], [ 85.53771, 28.06405 ], [ 85.53811, 28.06423 ], [ 85.53809, 28.06549 ], [ 85.5385, 28.0655 ], [ 85.5385, 28.06568 ], [ 85.53911, 28.06569 ], [ 85.53911, 28.06587 ], [ 85.5385, 28.06586 ], [ 85.53849, 28.06604 ], [ 85.5391, 28.06605 ], [ 85.53909, 28.06677 ], [ 85.5395, 28.06677 ], [ 85.5395, 28.06695 ], [ 85.53909, 28.06695 ], [ 85.53909, 28.06713 ], [ 85.53929, 28.06713 ], [ 85.53929, 28.06767 ], [ 85.53949, 28.06768 ], [ 85.53949, 28.06786 ], [ 85.53989, 28.06786 ], [ 85.53989, 28.06804 ], [ 85.53948, 28.06804 ], [ 85.53948, 28.06822 ], [ 85.53989, 28.06822 ], [ 85.53989, 28.0684 ], [ 85.54009, 28.0684 ], [ 85.53988, 28.06876 ], [ 85.54009, 28.06877 ], [ 85.54008, 28.06949 ], [ 85.53987, 28.06949 ], [ 85.53986, 28.07039 ], [ 85.53966, 28.07039 ], [ 85.53965, 28.07093 ], [ 85.53985, 28.07093 ], [ 85.53985, 28.07111 ], [ 85.53965, 28.07111 ], [ 85.53964, 28.07129 ], [ 85.53985, 28.07129 ], [ 85.53985, 28.07147 ], [ 85.54046, 28.07148 ], [ 85.54045, 28.07166 ], [ 85.5372, 28.07162 ], [ 85.5372, 28.07108 ], [ 85.537, 28.07108 ], [ 85.53658, 28.0718 ], [ 85.53618, 28.07179 ], [ 85.53618, 28.07197 ], [ 85.53597, 28.07197 ], [ 85.53597, 28.07233 ], [ 85.53658, 28.07234 ], [ 85.53657, 28.07252 ], [ 85.53454, 28.0725 ], [ 85.53433, 28.07286 ], [ 85.53453, 28.07286 ], [ 85.53453, 28.07304 ], [ 85.53352, 28.07303 ], [ 85.53351, 28.07321 ], [ 85.53311, 28.0732 ], [ 85.5331, 28.07338 ], [ 85.53351, 28.07339 ], [ 85.53351, 28.07357 ], [ 85.53269, 28.07356 ], [ 85.5327, 28.07338 ], [ 85.53249, 28.07338 ], [ 85.53251, 28.07229 ], [ 85.5323, 28.07229 ], [ 85.5323, 28.07265 ], [ 85.5321, 28.07265 ], [ 85.53209, 28.07319 ], [ 85.53188, 28.07319 ], [ 85.53187, 28.07391 ], [ 85.53147, 28.07391 ], [ 85.53147, 28.07409 ], [ 85.53126, 28.07409 ], [ 85.53126, 28.07445 ], [ 85.53085, 28.07444 ], [ 85.53086, 28.07408 ], [ 85.53065, 28.07408 ], [ 85.53064, 28.07462 ], [ 85.53023, 28.0748 ], [ 85.53023, 28.07498 ], [ 85.52983, 28.07497 ], [ 85.52982, 28.07533 ], [ 85.52962, 28.07533 ], [ 85.52961, 28.07551 ], [ 85.52921, 28.07533 ], [ 85.5292, 28.07587 ], [ 85.52941, 28.07587 ], [ 85.5294, 28.07623 ], [ 85.5296, 28.07623 ], [ 85.5296, 28.07642 ], [ 85.52899, 28.07641 ], [ 85.52899, 28.07659 ], [ 85.5294, 28.07659 ], [ 85.52939, 28.07677 ], [ 85.52919, 28.07677 ], [ 85.52918, 28.07749 ], [ 85.52837, 28.07749 ], [ 85.52837, 28.0773 ], [ 85.52817, 28.0773 ], [ 85.52817, 28.07712 ], [ 85.52796, 28.07712 ], [ 85.52797, 28.07694 ], [ 85.52756, 28.07675 ], [ 85.52756, 28.07712 ], [ 85.52735, 28.07711 ], [ 85.52735, 28.07729 ], [ 85.52654, 28.07728 ], [ 85.52632, 28.078 ], [ 85.52612, 28.078 ], [ 85.52613, 28.07728 ], [ 85.52593, 28.07728 ], [ 85.52571, 28.078 ], [ 85.52551, 28.078 ], [ 85.5255, 28.07854 ], [ 85.5251, 28.07853 ], [ 85.52509, 28.07871 ], [ 85.52489, 28.07871 ], [ 85.52487, 28.07997 ], [ 85.52467, 28.07997 ], [ 85.52466, 28.08033 ], [ 85.52446, 28.08033 ], [ 85.52447, 28.07997 ], [ 85.52406, 28.07997 ], [ 85.52425, 28.08069 ], [ 85.52405, 28.08069 ], [ 85.52403, 28.08177 ], [ 85.52424, 28.08177 ], [ 85.52423, 28.08213 ], [ 85.52403, 28.08213 ], [ 85.52403, 28.08231 ], [ 85.52362, 28.08231 ], [ 85.52362, 28.08213 ], [ 85.52322, 28.08212 ], [ 85.52321, 28.08266 ], [ 85.52341, 28.08267 ], [ 85.52341, 28.08285 ], [ 85.523, 28.08302 ], [ 85.52299, 28.08338 ], [ 85.5232, 28.08339 ], [ 85.5232, 28.08357 ], [ 85.52279, 28.08374 ], [ 85.52279, 28.08338 ], [ 85.52238, 28.08338 ], [ 85.52217, 28.0841 ], [ 85.52156, 28.08409 ], [ 85.52156, 28.08427 ], [ 85.52115, 28.08427 ], [ 85.52135, 28.08463 ], [ 85.52094, 28.08463 ], [ 85.52093, 28.08517 ], [ 85.52073, 28.08516 ], [ 85.52072, 28.08589 ], [ 85.52052, 28.08588 ], [ 85.52052, 28.08607 ], [ 85.52011, 28.08606 ], [ 85.52011, 28.08588 ], [ 85.51991, 28.08588 ], [ 85.5199, 28.08606 ], [ 85.5195, 28.08605 ], [ 85.5195, 28.08623 ], [ 85.51929, 28.08623 ], [ 85.51929, 28.08659 ], [ 85.51908, 28.08659 ], [ 85.51908, 28.08677 ], [ 85.51867, 28.08677 ], [ 85.51866, 28.08749 ], [ 85.51785, 28.08748 ], [ 85.51784, 28.08784 ], [ 85.51846, 28.08785 ], [ 85.51845, 28.08803 ], [ 85.51723, 28.08802 ], [ 85.51724, 28.08729 ], [ 85.51704, 28.08729 ], [ 85.51703, 28.08783 ], [ 85.51683, 28.08783 ], [ 85.51682, 28.08855 ], [ 85.51661, 28.08855 ], [ 85.51661, 28.08891 ], [ 85.51437, 28.08889 ], [ 85.51457, 28.08925 ], [ 85.51477, 28.08925 ], [ 85.51477, 28.08907 ], [ 85.51518, 28.08908 ], [ 85.51518, 28.08926 ], [ 85.51538, 28.08926 ], [ 85.51538, 28.08944 ], [ 85.51457, 28.08943 ], [ 85.51456, 28.08961 ], [ 85.51538, 28.08962 ], [ 85.51538, 28.0898 ], [ 85.51599, 28.08981 ], [ 85.51598, 28.08999 ], [ 85.51497, 28.08998 ], [ 85.51496, 28.09016 ], [ 85.51537, 28.09034 ], [ 85.51537, 28.09052 ], [ 85.51435, 28.09051 ], [ 85.51435, 28.09069 ], [ 85.51496, 28.0907 ], [ 85.51495, 28.09124 ], [ 85.51515, 28.09124 ], [ 85.51515, 28.0916 ], [ 85.51535, 28.09161 ], [ 85.51535, 28.09179 ], [ 85.51657, 28.09162 ], [ 85.51678, 28.09126 ], [ 85.51719, 28.09126 ], [ 85.51719, 28.09108 ], [ 85.51638, 28.09107 ], [ 85.51638, 28.09089 ], [ 85.51679, 28.0909 ], [ 85.51679, 28.09072 ], [ 85.5174, 28.09072 ], [ 85.5174, 28.09036 ], [ 85.51761, 28.09037 ], [ 85.51761, 28.09001 ], [ 85.517, 28.09 ], [ 85.517, 28.08982 ], [ 85.51761, 28.08982 ], [ 85.51762, 28.08946 ], [ 85.51782, 28.08947 ], [ 85.51782, 28.08965 ], [ 85.51884, 28.08966 ], [ 85.51884, 28.08948 ], [ 85.51843, 28.08947 ], [ 85.51844, 28.08929 ], [ 85.51905, 28.0893 ], [ 85.51905, 28.08894 ], [ 85.51987, 28.08895 ], [ 85.51987, 28.08877 ], [ 85.52048, 28.08877 ], [ 85.52048, 28.08841 ], [ 85.52069, 28.08841 ], [ 85.52069, 28.08823 ], [ 85.5213, 28.08824 ], [ 85.5213, 28.08806 ], [ 85.52028, 28.08805 ], [ 85.52029, 28.08787 ], [ 85.5207, 28.08769 ], [ 85.5207, 28.08733 ], [ 85.52131, 28.08734 ], [ 85.52131, 28.08716 ], [ 85.52213, 28.08717 ], [ 85.52213, 28.08699 ], [ 85.52172, 28.08698 ], [ 85.52173, 28.0868 ], [ 85.52234, 28.08681 ], [ 85.52214, 28.08644 ], [ 85.52295, 28.08627 ], [ 85.52296, 28.08609 ], [ 85.52214, 28.08608 ], [ 85.52215, 28.0859 ], [ 85.52296, 28.08573 ], [ 85.52297, 28.08537 ], [ 85.52337, 28.08537 ], [ 85.52338, 28.08519 ], [ 85.52399, 28.0852 ], [ 85.52399, 28.08502 ], [ 85.52318, 28.08501 ], [ 85.52318, 28.08483 ], [ 85.52379, 28.08484 ], [ 85.52379, 28.08466 ], [ 85.5242, 28.08466 ], [ 85.5242, 28.08448 ], [ 85.52461, 28.0843 ], [ 85.52461, 28.08412 ], [ 85.52421, 28.08412 ], [ 85.52421, 28.08394 ], [ 85.52461, 28.08394 ], [ 85.52462, 28.08376 ], [ 85.52482, 28.08376 ], [ 85.52483, 28.0834 ], [ 85.52523, 28.08341 ], [ 85.52524, 28.08323 ], [ 85.52544, 28.08323 ], [ 85.52524, 28.08287 ], [ 85.52544, 28.08287 ], [ 85.52565, 28.08251 ], [ 85.52525, 28.08251 ], [ 85.52526, 28.08124 ], [ 85.52567, 28.08125 ], [ 85.52567, 28.08089 ], [ 85.52588, 28.08089 ], [ 85.52588, 28.08071 ], [ 85.52629, 28.08071 ], [ 85.52609, 28.08035 ], [ 85.5265, 28.08017 ], [ 85.5265, 28.07981 ], [ 85.52671, 28.07981 ], [ 85.52671, 28.07963 ], [ 85.52712, 28.07964 ], [ 85.52692, 28.07927 ], [ 85.52773, 28.0791 ], [ 85.52774, 28.07874 ], [ 85.52876, 28.07875 ], [ 85.52876, 28.07839 ], [ 85.52937, 28.0784 ], [ 85.52937, 28.07822 ], [ 85.52958, 28.07822 ], [ 85.52959, 28.07768 ], [ 85.5304, 28.07769 ], [ 85.5304, 28.07751 ], [ 85.52959, 28.0775 ], [ 85.5296, 28.07678 ], [ 85.53001, 28.0766 ], [ 85.53001, 28.07624 ], [ 85.53103, 28.07625 ], [ 85.53083, 28.07589 ], [ 85.53103, 28.07589 ], [ 85.53104, 28.07571 ], [ 85.53165, 28.07572 ], [ 85.53165, 28.07553 ], [ 85.53124, 28.07553 ], [ 85.53124, 28.07535 ], [ 85.53206, 28.07518 ], [ 85.53207, 28.07482 ], [ 85.53268, 28.07482 ], [ 85.53268, 28.07464 ], [ 85.53288, 28.07465 ], [ 85.53288, 28.07483 ], [ 85.53308, 28.07483 ], [ 85.53309, 28.07447 ], [ 85.53289, 28.07446 ], [ 85.53289, 28.07392 ], [ 85.5331, 28.07393 ], [ 85.53309, 28.07411 ], [ 85.53431, 28.07412 ], [ 85.53432, 28.07376 ], [ 85.53473, 28.07376 ], [ 85.53473, 28.0734 ], [ 85.53534, 28.07341 ], [ 85.53534, 28.07377 ], [ 85.53574, 28.07377 ], [ 85.53575, 28.07341 ], [ 85.53656, 28.07342 ], [ 85.53656, 28.07324 ], [ 85.53677, 28.07324 ], [ 85.53677, 28.07306 ], [ 85.53596, 28.07305 ], [ 85.53596, 28.07287 ], [ 85.53677, 28.07288 ], [ 85.53678, 28.07252 ], [ 85.53698, 28.07252 ], [ 85.53698, 28.07234 ], [ 85.538, 28.07235 ], [ 85.53801, 28.07199 ], [ 85.53841, 28.072 ], [ 85.53841, 28.07218 ], [ 85.53882, 28.072 ], [ 85.53882, 28.07218 ], [ 85.53902, 28.07218 ], [ 85.53902, 28.072 ], [ 85.54024, 28.07202 ], [ 85.54025, 28.07184 ], [ 85.54045, 28.07184 ], [ 85.54045, 28.07202 ], [ 85.54065, 28.07202 ], [ 85.54064, 28.07256 ], [ 85.54105, 28.07257 ], [ 85.54105, 28.07293 ], [ 85.54125, 28.07293 ], [ 85.54124, 28.07401 ], [ 85.54144, 28.07401 ], [ 85.54143, 28.07456 ], [ 85.54245, 28.07457 ], [ 85.54245, 28.07475 ], [ 85.54143, 28.07474 ], [ 85.54143, 28.07492 ], [ 85.54244, 28.07493 ], [ 85.54284, 28.07565 ], [ 85.54345, 28.07566 ], [ 85.54345, 28.07602 ], [ 85.54304, 28.07602 ], [ 85.54303, 28.07638 ], [ 85.54263, 28.07637 ], [ 85.54242, 28.07673 ], [ 85.54201, 28.07673 ], [ 85.542, 28.07763 ], [ 85.54241, 28.07763 ], [ 85.54241, 28.07782 ], [ 85.542, 28.07781 ], [ 85.54199, 28.07817 ], [ 85.5424, 28.07818 ], [ 85.5424, 28.07854 ], [ 85.5426, 28.07854 ], [ 85.5426, 28.07872 ], [ 85.543, 28.07872 ], [ 85.543, 28.07927 ], [ 85.5432, 28.07927 ], [ 85.5432, 28.07945 ], [ 85.54299, 28.07945 ], [ 85.54299, 28.07981 ], [ 85.54319, 28.07981 ], [ 85.54318, 28.08035 ], [ 85.54339, 28.08035 ], [ 85.54338, 28.08126 ], [ 85.54378, 28.08126 ], [ 85.54378, 28.08144 ], [ 85.54439, 28.08145 ], [ 85.54439, 28.08163 ], [ 85.54398, 28.08162 ], [ 85.54398, 28.0818 ], [ 85.54439, 28.08181 ], [ 85.54437, 28.08271 ], [ 85.54478, 28.08289 ], [ 85.54457, 28.08325 ], [ 85.54477, 28.08326 ], [ 85.54476, 28.08398 ], [ 85.54517, 28.08398 ], [ 85.54517, 28.08416 ], [ 85.54476, 28.08416 ], [ 85.54476, 28.08434 ], [ 85.54516, 28.08452 ], [ 85.54516, 28.0847 ], [ 85.54496, 28.0847 ], [ 85.54496, 28.08488 ], [ 85.54516, 28.08488 ], [ 85.54515, 28.08525 ], [ 85.54495, 28.08524 ], [ 85.54493, 28.08651 ], [ 85.54514, 28.08651 ], [ 85.54513, 28.08669 ], [ 85.54432, 28.08704 ], [ 85.54431, 28.08758 ], [ 85.54492, 28.08759 ], [ 85.54492, 28.08777 ], [ 85.5441, 28.08776 ], [ 85.5441, 28.08794 ], [ 85.5439, 28.08794 ], [ 85.54389, 28.08812 ], [ 85.5441, 28.08812 ], [ 85.54409, 28.08903 ], [ 85.54429, 28.08903 ], [ 85.54428, 28.08939 ], [ 85.54469, 28.08957 ], [ 85.54469, 28.08975 ], [ 85.54448, 28.08975 ], [ 85.54448, 28.09029 ], [ 85.54285, 28.09028 ], [ 85.54284, 28.09046 ], [ 85.54325, 28.09046 ], [ 85.54324, 28.091 ], [ 85.54365, 28.09101 ], [ 85.54365, 28.09119 ], [ 85.54467, 28.0912 ], [ 85.54466, 28.09138 ], [ 85.54365, 28.09137 ], [ 85.54364, 28.09191 ], [ 85.54323, 28.0919 ], [ 85.54323, 28.09227 ], [ 85.54302, 28.09226 ], [ 85.54302, 28.09244 ], [ 85.54384, 28.09245 ], [ 85.54384, 28.09227 ], [ 85.54425, 28.09228 ], [ 85.54424, 28.09264 ], [ 85.54485, 28.09264 ], [ 85.54485, 28.093 ], [ 85.54464, 28.093 ], [ 85.54464, 28.09318 ], [ 85.54505, 28.09319 ], [ 85.54505, 28.09265 ], [ 85.54546, 28.09265 ], [ 85.54546, 28.09301 ], [ 85.54566, 28.09301 ], [ 85.54565, 28.09355 ], [ 85.54524, 28.09373 ], [ 85.54524, 28.09391 ], [ 85.54504, 28.09391 ], [ 85.54503, 28.09445 ], [ 85.54299, 28.09443 ], [ 85.54319, 28.09479 ], [ 85.5434, 28.09479 ], [ 85.54339, 28.09497 ], [ 85.54319, 28.09497 ], [ 85.54319, 28.09533 ], [ 85.54339, 28.09534 ], [ 85.54337, 28.0966 ], [ 85.54378, 28.0966 ], [ 85.54377, 28.09714 ], [ 85.54357, 28.09714 ], [ 85.54357, 28.09732 ], [ 85.54377, 28.09733 ], [ 85.54376, 28.09823 ], [ 85.54396, 28.09823 ], [ 85.54396, 28.09841 ], [ 85.54437, 28.09841 ], [ 85.54434, 28.10022 ], [ 85.54393, 28.10022 ], [ 85.54393, 28.1004 ], [ 85.54373, 28.10039 ], [ 85.54372, 28.10075 ], [ 85.54413, 28.10076 ], [ 85.54413, 28.10094 ], [ 85.54372, 28.10093 ], [ 85.54372, 28.1013 ], [ 85.54412, 28.1013 ], [ 85.54412, 28.10148 ], [ 85.54371, 28.10148 ], [ 85.5437, 28.10256 ], [ 85.54329, 28.10237 ], [ 85.54328, 28.10328 ], [ 85.54288, 28.10327 ], [ 85.54287, 28.10381 ], [ 85.54328, 28.10382 ], [ 85.54327, 28.10436 ], [ 85.54286, 28.10436 ], [ 85.54283, 28.10634 ], [ 85.54263, 28.10634 ], [ 85.54262, 28.10742 ], [ 85.54282, 28.10742 ], [ 85.54282, 28.1076 ], [ 85.54322, 28.10761 ], [ 85.54323, 28.10743 ], [ 85.54424, 28.10744 ], [ 85.54424, 28.1078 ], [ 85.54383, 28.1078 ], [ 85.54383, 28.10816 ], [ 85.54362, 28.10815 ], [ 85.54362, 28.10833 ], [ 85.54403, 28.10834 ], [ 85.54402, 28.10924 ], [ 85.54381, 28.10924 ], [ 85.54381, 28.10942 ], [ 85.54177, 28.1094 ], [ 85.54177, 28.10994 ], [ 85.54258, 28.11013 ], [ 85.54257, 28.11049 ], [ 85.54298, 28.11049 ], [ 85.54298, 28.11086 ], [ 85.54196, 28.11084 ], [ 85.54195, 28.11139 ], [ 85.54093, 28.11137 ], [ 85.54093, 28.11156 ], [ 85.54134, 28.11156 ], [ 85.54134, 28.11174 ], [ 85.54073, 28.11173 ], [ 85.54051, 28.11245 ], [ 85.5401, 28.11245 ], [ 85.5401, 28.11263 ], [ 85.5399, 28.11263 ], [ 85.53989, 28.11299 ], [ 85.53969, 28.11299 ], [ 85.5397, 28.11263 ], [ 85.53949, 28.11262 ], [ 85.53949, 28.11298 ], [ 85.53908, 28.11298 ], [ 85.53907, 28.11352 ], [ 85.53887, 28.11352 ], [ 85.53887, 28.11316 ], [ 85.53867, 28.11316 ], [ 85.53867, 28.11352 ], [ 85.53785, 28.11369 ], [ 85.53784, 28.11405 ], [ 85.53744, 28.11405 ], [ 85.53743, 28.11423 ], [ 85.53723, 28.11422 ], [ 85.53724, 28.11368 ], [ 85.53703, 28.11368 ], [ 85.53703, 28.11404 ], [ 85.53662, 28.11422 ], [ 85.53661, 28.11458 ], [ 85.53641, 28.11458 ], [ 85.53642, 28.11421 ], [ 85.53621, 28.11421 ], [ 85.536, 28.11457 ], [ 85.5356, 28.11457 ], [ 85.53559, 28.11493 ], [ 85.53519, 28.11474 ], [ 85.53518, 28.1151 ], [ 85.53457, 28.1151 ], [ 85.53456, 28.11564 ], [ 85.53436, 28.11564 ], [ 85.53436, 28.11582 ], [ 85.53415, 28.11582 ], [ 85.53416, 28.11545 ], [ 85.53396, 28.11545 ], [ 85.53395, 28.11563 ], [ 85.53355, 28.11563 ], [ 85.53354, 28.11599 ], [ 85.53293, 28.11598 ], [ 85.53293, 28.11634 ], [ 85.53272, 28.11634 ], [ 85.53272, 28.11652 ], [ 85.53292, 28.11652 ], [ 85.53292, 28.1167 ], [ 85.5319, 28.11669 ], [ 85.5319, 28.11687 ], [ 85.5321, 28.11688 ], [ 85.5321, 28.11724 ], [ 85.53149, 28.11723 ], [ 85.53148, 28.11777 ], [ 85.53128, 28.11777 ], [ 85.53106, 28.11885 ], [ 85.53065, 28.11885 ], [ 85.53065, 28.11921 ], [ 85.53044, 28.11921 ], [ 85.53043, 28.12011 ], [ 85.53023, 28.12011 ], [ 85.53022, 28.12065 ], [ 85.52981, 28.12064 ], [ 85.52961, 28.121 ], [ 85.5294, 28.121 ], [ 85.5294, 28.12136 ], [ 85.52899, 28.12118 ], [ 85.52878, 28.12189 ], [ 85.52857, 28.12189 ], [ 85.52857, 28.12207 ], [ 85.52817, 28.12189 ], [ 85.52817, 28.12207 ], [ 85.52796, 28.12207 ], [ 85.52796, 28.12243 ], [ 85.52755, 28.12242 ], [ 85.52734, 28.12278 ], [ 85.52714, 28.12278 ], [ 85.52713, 28.12314 ], [ 85.52673, 28.12296 ], [ 85.52672, 28.12368 ], [ 85.52631, 28.12385 ], [ 85.5263, 28.1244 ], [ 85.5261, 28.12439 ], [ 85.5261, 28.12403 ], [ 85.5259, 28.12403 ], [ 85.52588, 28.12529 ], [ 85.52547, 28.12529 ], [ 85.52547, 28.12583 ], [ 85.52486, 28.12582 ], [ 85.52484, 28.12673 ], [ 85.52464, 28.12672 ], [ 85.52464, 28.12654 ], [ 85.52424, 28.12654 ], [ 85.52423, 28.12726 ], [ 85.52402, 28.12726 ], [ 85.52402, 28.12762 ], [ 85.52422, 28.12762 ], [ 85.52422, 28.1278 ], [ 85.52381, 28.1278 ], [ 85.52381, 28.12798 ], [ 85.52401, 28.12798 ], [ 85.524, 28.12906 ] ], [ [ 85.54425, 28.10672 ], [ 85.54426, 28.10654 ], [ 85.54466, 28.10654 ], [ 85.54466, 28.10672 ], [ 85.54425, 28.10672 ] ], [ [ 85.52526, 28.08106 ], [ 85.52527, 28.08088 ], [ 85.52547, 28.08088 ], [ 85.52547, 28.08106 ], [ 85.52526, 28.08106 ] ] ] } },
{ "type": "Feature", "properties": { "area_m2": 2400.0 }, "geometry": { "type": "Polygon", "coordinates": [ [ [ 85.53159, 28.05026 ], [ 85.5322, 28.05027 ], [ 85.5322, 28.04991 ], [ 85.53159, 28.0499 ], [ 85.53159, 28.05026 ] ] ] } },
{ "type": "Feature", "properties": { "area_m2": 4400.0 }, "geometry": { "type": "Polygon", "coordinates": [ [ [ 85.5324, 28.05027 ], [ 85.53281, 28.05028 ], [ 85.53281, 28.0501 ], [ 85.53301, 28.0501 ], [ 85.53301, 28.05028 ], [ 85.53362, 28.05028 ], [ 85.53363, 28.04992 ], [ 85.5324, 28.04991 ], [ 85.5324, 28.05027 ] ] ] } },
{ "type": "Feature", "properties": { "area_m2": 2400.0 }, "geometry": { "type": "Polygon", "coordinates": [ [ [ 85.52711, 28.05003 ], [ 85.52833, 28.05005 ], [ 85.52834, 28.04987 ], [ 85.52712, 28.04985 ], [ 85.52711, 28.05003 ] ] ] } },
{ "type": "Feature", "properties": { "area_m2": 2400.0 }, "geometry": { "type": "Polygon", "coordinates": [ [ [ 85.54725, 28.05025 ], [ 85.54786, 28.05026 ], [ 85.54787, 28.04989 ], [ 85.54726, 28.04989 ], [ 85.54725, 28.05025 ] ] ] } },
{ "type": "Feature", "properties": { "area_m2": 4800.0 }, "geometry": { "type": "Polygon", "coordinates": [ [ [ 85.54888, 28.05027 ], [ 85.5501, 28.05028 ], [ 85.55011, 28.04992 ], [ 85.54889, 28.0499 ], [ 85.54888, 28.05027 ] ] ] } },
{ "type": "Feature", "properties": { "area_m2": 2800.0 }, "geometry": { "type": "Polygon", "coordinates": [ [ [ 85.54278, 28.05002 ], [ 85.5442, 28.05004 ], [ 85.54421, 28.04986 ], [ 85.54278, 28.04984 ], [ 85.54278, 28.05002 ] ] ] } }
]
}
