{
"type": "FeatureCollection",
"name": "detected_damage",
"crs": { "type": "name", "properties": { "name": "urn:ogc:def:crs:OGC:1.3:CRS84" } },
"xy_coordinate_resolution": 1e-05,
"features": [
{ "type": "Feature", "properties": { "area_m2": 6800.0 }, "geometry": { "type": "Polygon", "coordinates": [ [ [ 85.44533, 28.3448 ], [ 85.44554, 28.3448 ], [ 85.44554, 28.34462 ], [ 85.44574, 28.34462 ], [ 85.44574, 28.34444 ], [ 85.44615, 28.34445 ], [ 85.44615, 28.34427 ], [ 85.44636, 28.34427 ], [ 85.44636, 28.34409 ], [ 85.44616, 28.34408 ], [ 85.44616, 28.3439 ], [ 85.44555, 28.3439 ], [ 85.44555, 28.34372 ], [ 85.44535, 28.34371 ], [ 85.44533, 28.3448 ] ] ] } },
{ "type": "Feature", "properties": { "area_m2": 2000.0 }, "geometry": { "type": "Polygon", "coordinates": [ [ [ 85.44433, 28.34352 ], [ 85.44515, 28.34353 ], [ 85.44515, 28.34335 ], [ 85.44454, 28.34334 ], [ 85.44454, 28.34316 ], [ 85.44433, 28.34316 ], [ 85.44433, 28.34352 ] ] ] } },
{ "type": "Feature", "properties": { "area_m2": 6800.0 }, "geometry": { "type": "Polygon", "coordinates": [ [ [ 85.44617, 28.34336 ], [ 85.44658, 28.34337 ], [ 85.44658, 28.34301 ], [ 85.44679, 28.34301 ], [ 85.44679, 28.34283 ], [ 85.44618, 28.34282 ], [ 85.44618, 28.34246 ], [ 85.44598, 28.34246 ], [ 85.44598, 28.34228 ], [ 85.44618, 28.34228 ], [ 85.44619, 28.3421 ], [ 85.44578, 28.3421 ], [ 85.44577, 28.34246 ], [ 85.44557, 28.34245 ], [ 85.44557, 28.34263 ], [ 85.44577, 28.34264 ], [ 85.44577, 28.34282 ], [ 85.44597, 28.34282 ], [ 85.44597, 28.34318 ], [ 85.44617, 28.34318 ], [ 85.44617, 28.34336 ] ] ] } },
{ "type": "Feature", "properties": { "area_m2": 3600.0 }, "geometry": { "type": "Polygon", "coordinates": [ [ [ 85.34949, 28.34132 ], [ 85.35051, 28.34134 ], [ 85.35052, 28.34116 ], [ 85.35031, 28.34115 ], [ 85.35032, 28.34097 ], [ 85.3495, 28.34096 ], [ 85.34949, 28.34132 ] ] ] } },
{ "type": "Feature", "properties": { "area_m2": 2800.0 }, "geometry": { "type": "Polygon", "coordinates": [ [ [ 85.50556, 28.34168 ], [ 85.50577, 28.34168 ], [ 85.50577, 28.3415 ], [ 85.50597, 28.3415 ], [ 85.50598, 28.34114 ], [ 85.50537, 28.34114 ], [ 85.50536, 28.3415 ], [ 85.50556, 28.3415 ], [ 85.50556, 28.34168 ] ] ] } },
{ "type": "Feature", "properties": { "area_m2": 9200.0 }, "geometry": { "type": "Polygon", "coordinates": [ [ [ 85.34971, 28.34043 ], [ 85.35032, 28.34043 ], [ 85.35033, 28.34007 ], [ 85.34951, 28.34006 ], [ 85.34952, 28.33988 ], [ 85.34931, 28.33988 ], [ 85.34932, 28.3397 ], [ 85.34952, 28.3397 ], [ 85.34954, 28.33862 ], [ 85.34933, 28.33862 ], [ 85.34932, 28.33916 ], [ 85.34912, 28.33915 ], [ 85.34912, 28.33933 ], [ 85.34891, 28.33933 ], [ 85.34891, 28.33969 ], [ 85.34911, 28.3397 ], [ 85.3491, 28.34024 ], [ 85.34972, 28.34024 ], [ 85.34971, 28.34043 ] ] ] } },
{ "type": "Feature", "properties": { "area_m2": 2000.0 }, "geometry": { "type": "Polygon", "coordinates": [ [ [ 85.50071, 28.33874 ], [ 85.50091, 28.33874 ], [ 85.50091, 28.33856 ], [ 85.50112, 28.33856 ], [ 85.50112, 28.33838 ], [ 85.50132, 28.33838 ], [ 85.50133, 28.3382 ], [ 85.50092, 28.3382 ], [ 85.50092, 28.33838 ], [ 85.50071, 28.33838 ], [ 85.50071, 28.33874 ] ] ] } },
{ "type": "Feature", "properties": { "area_m2": 2800.0 }, "geometry": { "type": "Polygon", "coordinates": [ [ [ 85.46095, 28.33703 ], [ 85.46136, 28.33704 ], [ 85.46136, 28.3365 ], [ 85.46096, 28.33649 ], [ 85.46095, 28.33667 ], [ 85.46075, 28.33667 ], [ 85.46075, 28.33685 ], [ 85.46095, 28.33685 ], [ 85.46095, 28.33703 ] ] ] } },
{ "type": "Feature", "properties": { "area_m2": 10400.0 }, "geometry": { "type": "Polygon", "coordinates": [ [ [ 85.45584, 28.33734 ], [ 85.45666, 28.33735 ], [ 85.45667, 28.3368 ], [ 85.45687, 28.33681 ], [ 85.45687, 28.33663 ], [ 85.45667, 28.33662 ], [ 85.45668, 28.33626 ], [ 85.45606, 28.33626 ], [ 85.45607, 28.33607 ], [ 85.45566, 28.33607 ], [ 85.45566, 28.33625 ], [ 85.45586, 28.33625 ], [ 85.45585, 28.33679 ], [ 85.45606, 28.3368 ], [ 85.45605, 28.33698 ], [ 85.45585, 28.33697 ], [ 85.45584, 28.33734 ] ] ] } },
{ "type": "Feature", "properties": { "area_m2": 12400.0 }, "geometry": { "type": "Polygon", "coordinates": [ [ [ 85.45178, 28.33657 ], [ 85.453, 28.33658 ], [ 85.453, 28.33622 ], [ 85.45321, 28.33622 ], [ 85.45321, 28.3364 ], [ 85.45341, 28.33641 ], [ 85.45341, 28.33604 ], [ 85.45382, 28.33605 ], [ 85.45383, 28.33587 ], [ 85.45342, 28.33586 ], [ 85.45342, 28.33568 ], [ 85.45301, 28.33568 ], [ 85.45301, 28.33586 ], [ 85.45281, 28.33586 ], [ 85.45281, 28.33568 ], [ 85.4526, 28.33567 ], [ 85.4526, 28.33586 ], [ 85.4524, 28.33585 ], [ 85.45239, 28.33603 ], [ 85.45219, 28.33603 ], [ 85.45219, 28.33585 ], [ 85.45199, 28.33585 ], [ 85.45198, 28.33621 ], [ 85.45178, 28.33621 ], [ 85.45178, 28.33657 ] ] ] } },
{ "type": "Feature", "properties": { "area_m2": 3200.0 }, "geometry": { "type": "Polygon", "coordinates": [ [ [ 85.45117, 28.3362 ], [ 85.45178, 28.33621 ], [ 85.45179, 28.33585 ], [ 85.45158, 28.33584 ], [ 85.45158, 28.33566 ], [ 85.45118, 28.33566 ], [ 85.45117, 28.3362 ] ] ] } },
{ "type": "Feature", "properties": { "area_m2": 6000.0 }, "geometry": { "type": "Polygon", "coordinates": [ [ [ 85.4373, 28.33568 ], [ 85.43771, 28.33569 ], [ 85.43772, 28.33532 ], [ 85.43751, 28.33532 ], [ 85.43752, 28.33514 ], [ 85.4369, 28.33513 ], [ 85.43691, 28.33495 ], [ 85.4365, 28.33495 ], [ 85.43649, 28.33549 ], [ 85.43731, 28.3355 ], [ 85.4373, 28.33568 ] ] ] } },
{ "type": "Feature", "properties": { "area_m2": 2000.0 }, "geometry": { "type": "Polygon", "coordinates": [ [ [ 85.49952, 28.3362 ], [ 85.49972, 28.3362 ], [ 85.49973, 28.33566 ], [ 85.49932, 28.33566 ], [ 85.49932, 28.33602 ], [ 85.49952, 28.33602 ], [ 85.49952, 28.3362 ] ] ] } },
{ "type": "Feature", "properties": { "area_m2": 6800.0 }, "geometry": { "type": "Polygon", "coordinates": [ [ [ 85.43567, 28.33548 ], [ 85.43588, 28.33548 ], [ 85.43588, 28.33512 ], [ 85.43629, 28.33513 ], [ 85.43629, 28.33495 ], [ 85.43589, 28.33494 ], [ 85.43589, 28.33476 ], [ 85.43569, 28.33476 ], [ 85.43569, 28.33458 ], [ 85.43548, 28.33458 ], [ 85.43549, 28.3344 ], [ 85.43528, 28.33439 ], [ 85.43528, 28.33457 ], [ 85.43487, 28.33457 ], [ 85.43487, 28.33475 ], [ 85.43467, 28.33475 ], [ 85.43466, 28.33493 ], [ 85.43548, 28.33494 ], [ 85.43548, 28.33512 ], [ 85.43568, 28.33512 ], [ 85.43567, 28.33548 ] ] ] } },
{ "type": "Feature", "properties": { "area_m2": 3200.0 }, "geometry": { "type": "Polygon", "coordinates": [ [ [ 85.46485, 28.33545 ], [ 85.46505, 28.33545 ], [ 85.46506, 28.33509 ], [ 85.46526, 28.3351 ], [ 85.46526, 28.33492 ], [ 85.46465, 28.33491 ], [ 85.46465, 28.33473 ], [ 85.46445, 28.33473 ], [ 85.46445, 28.33509 ], [ 85.46465, 28.33509 ], [ 85.46465, 28.33527 ], [ 85.46485, 28.33527 ], [ 85.46485, 28.33545 ] ] ] } },
{ "type": "Feature", "properties": { "area_m2": 2000.0 }, "geometry": { "type": "Polygon", "coordinates": [ [ [ 85.4977, 28.33528 ], [ 85.4981, 28.33528 ], [ 85.49811, 28.3351 ], [ 85.49831, 28.3351 ], [ 85.49831, 28.33492 ], [ 85.4977, 28.33492 ], [ 85.4977, 28.33528 ] ] ] } },
{ "type": "Feature", "properties": { "area_m2": 34400.0 }, "geometry": { "type": "Polygon", "coordinates": [ [ [ 85.46483, 28.33653 ], [ 85.46544, 28.33654 ], [ 85.46545, 28.33636 ], [ 85.46626, 28.33637 ], [ 85.46627, 28.33619 ], [ 85.46688, 28.3362 ], [ 85.46688, 28.33602 ], [ 85.46851, 28.33603 ], [ 85.46852, 28.33567 ], [ 85.46872, 28.33568 ], [ 85.46872, 28.3355 ], [ 85.46852, 28.33549 ], [ 85.46852, 28.33531 ], [ 85.46913, 28.33532 ], [ 85.46914, 28.33496 ], [ 85.47036, 28.33497 ], [ 85.47037, 28.33479 ], [ 85.47016, 28.33479 ], [ 85.47016, 28.33461 ], [ 85.47037, 28.33461 ], [ 85.47037, 28.33443 ], [ 85.46976, 28.33442 ], [ 85.46976, 28.3346 ], [ 85.46914, 28.3346 ], [ 85.46914, 28.33478 ], [ 85.46833, 28.33477 ], [ 85.46832, 28.33495 ], [ 85.46792, 28.33495 ], [ 85.46791, 28.33513 ], [ 85.4675, 28.33512 ], [ 85.4675, 28.3353 ], [ 85.46709, 28.3353 ], [ 85.46709, 28.33548 ], [ 85.46668, 28.33547 ], [ 85.46668, 28.33565 ], [ 85.46648, 28.33565 ], [ 85.46647, 28.33583 ], [ 85.46586, 28.33582 ], [ 85.46586, 28.336 ], [ 85.46566, 28.336 ], [ 85.46565, 28.33618 ], [ 85.46504, 28.33618 ], [ 85.46504, 28.33636 ], [ 85.46483, 28.33635 ], [ 85.46483, 28.33653 ] ], [ [ 85.46811, 28.33531 ], [ 85.46812, 28.33513 ], [ 85.46832, 28.33513 ], [ 85.46832, 28.33531 ], [ 85.46811, 28.33531 ] ] ] } },
{ "type": "Feature", "properties": { "area_m2": 12400.0 }, "geometry": { "type": "Polygon", "coordinates": [ [ [ 85.50218, 28.33569 ], [ 85.50238, 28.33569 ], [ 85.50239, 28.33479 ], [ 85.5026, 28.33479 ], [ 85.50259, 28.33515 ], [ 85.503, 28.33515 ], [ 85.50301, 28.33479 ], [ 85.50321, 28.3348 ], [ 85.50322, 28.33443 ], [ 85.50179, 28.33442 ], [ 85.50177, 28.3355 ], [ 85.50218, 28.33551 ], [ 85.50218, 28.33569 ] ] ] } },
{ "type": "Feature", "properties": { "area_m2": 6800.0 }, "geometry": { "type": "Polygon", "coordinates": [ [ [ 85.43773, 28.3346 ], [ 85.43793, 28.3346 ], [ 85.43793, 28.33442 ], [ 85.43814, 28.33443 ], [ 85.43814, 28.33407 ], [ 85.43794, 28.33406 ], [ 85.43794, 28.3337 ], [ 85.43672, 28.33369 ], [ 85.43672, 28.33405 ], [ 85.43692, 28.33405 ], [ 85.43692, 28.33387 ], [ 85.43733, 28.33388 ], [ 85.43733, 28.33406 ], [ 85.43753, 28.33406 ], [ 85.43753, 28.33442 ], [ 85.43773, 28.33442 ], [ 85.43773, 28.3346 ] ] ] } },
{ "type": "Feature", "properties": { "area_m2": 13200.0 }, "geometry": { "type": "Polygon", "coordinates": [ [ [ 85.50013, 28.33603 ], [ 85.50054, 28.33603 ], [ 85.50054, 28.33585 ], [ 85.50034, 28.33585 ], [ 85.50034, 28.33567 ], [ 85.50095, 28.33567 ], [ 85.50097, 28.33441 ], [ 85.50036, 28.3344 ], [ 85.50036, 28.33422 ], [ 85.50016, 28.33422 ], [ 85.50014, 28.33548 ], [ 85.49994, 28.33548 ], [ 85.49993, 28.33566 ], [ 85.50014, 28.33566 ], [ 85.50013, 28.33603 ] ] ] } },
{ "type": "Feature", "properties": { "area_m2": 5600.0 }, "geometry": { "type": "Polygon", "coordinates": [ [ [ 85.46915, 28.33406 ], [ 85.46956, 28.33406 ], [ 85.46956, 28.33388 ], [ 85.47017, 28.33389 ], [ 85.47018, 28.33371 ], [ 85.47038, 28.33371 ], [ 85.47038, 28.33353 ], [ 85.46896, 28.33351 ], [ 85.46895, 28.33369 ], [ 85.46916, 28.3337 ], [ 85.46915, 28.33406 ] ] ] } },
{ "type": "Feature", "properties": { "area_m2": 9600.0 }, "geometry": { "type": "Polygon", "coordinates": [ [ [ 85.47915, 28.33399 ], [ 85.47935, 28.33399 ], [ 85.47936, 28.33381 ], [ 85.47956, 28.33381 ], [ 85.47956, 28.33399 ], [ 85.47976, 28.33399 ], [ 85.47976, 28.33381 ], [ 85.48017, 28.33382 ], [ 85.48017, 28.33364 ], [ 85.48058, 28.33364 ], [ 85.48058, 28.33382 ], [ 85.48099, 28.33383 ], [ 85.48099, 28.33347 ], [ 85.48038, 28.33346 ], [ 85.48038, 28.33328 ], [ 85.47916, 28.33327 ], [ 85.47915, 28.33399 ] ] ] } },
{ "type": "Feature", "properties": { "area_m2": 12400.0 }, "geometry": { "type": "Polygon", "coordinates": [ [ [ 85.43611, 28.33386 ], [ 85.43631, 28.33386 ], [ 85.43631, 28.33368 ], [ 85.43652, 28.33369 ], [ 85.43652, 28.33351 ], [ 85.43632, 28.3335 ], [ 85.43632, 28.33314 ], [ 85.43612, 28.33314 ], [ 85.43611, 28.3335 ], [ 85.43591, 28.3335 ], [ 85.43591, 28.33314 ], [ 85.4355, 28.33313 ], [ 85.4355, 28.33331 ], [ 85.43509, 28.33331 ], [ 85.4351, 28.33313 ], [ 85.43489, 28.33313 ], [ 85.4349, 28.33295 ], [ 85.43469, 28.33294 ], [ 85.4347, 28.33258 ], [ 85.4351, 28.33259 ], [ 85.43511, 28.33241 ], [ 85.4349, 28.3324 ], [ 85.43491, 28.33204 ], [ 85.4347, 28.33204 ], [ 85.4347, 28.3324 ], [ 85.4345, 28.3324 ], [ 85.4345, 28.33186 ], [ 85.4343, 28.33186 ], [ 85.43429, 28.3324 ], [ 85.43409, 28.33239 ], [ 85.43409, 28.33258 ], [ 85.43449, 28.33258 ], [ 85.43449, 28.33312 ], [ 85.43469, 28.33312 ], [ 85.43469, 28.3333 ], [ 85.43489, 28.33331 ], [ 85.43489, 28.33349 ], [ 85.4355, 28.33349 ], [ 85.4355, 28.33367 ], [ 85.43611, 28.33368 ], [ 85.43611, 28.33386 ] ] ] } },
{ "type": "Feature", "properties": { "area_m2": 64800.0 }, "geometry": { "type": "Polygon", "coordinates": [ [ [ 85.47139, 28.33462 ], [ 85.47261, 28.33464 ], [ 85.47261, 28.33446 ], [ 85.472, 28.33445 ], [ 85.472, 28.33427 ], [ 85.47221, 28.33427 ], [ 85.47221, 28.33409 ], [ 85.47282, 28.3341 ], [ 85.47283, 28.33392 ], [ 85.47385, 28.33393 ], [ 85.47385, 28.33375 ], [ 85.47466, 28.33376 ], [ 85.47467, 28.33358 ], [ 85.47507, 28.33358 ], [ 85.47508, 28.3334 ], [ 85.47528, 28.3334 ], [ 85.47529, 28.33304 ], [ 85.4759, 28.33305 ], [ 85.4759, 28.33269 ], [ 85.47611, 28.33269 ], [ 85.47611, 28.33251 ], [ 85.47591, 28.33251 ], [ 85.47591, 28.33233 ], [ 85.47468, 28.33231 ], [ 85.47468, 28.33249 ], [ 85.47489, 28.3325 ], [ 85.47488, 28.33268 ], [ 85.47427, 28.33267 ], [ 85.47428, 28.33231 ], [ 85.47407, 28.33231 ], [ 85.47407, 28.33267 ], [ 85.47325, 28.33266 ], [ 85.47326, 28.3323 ], [ 85.47305, 28.3323 ], [ 85.47304, 28.33302 ], [ 85.47243, 28.33301 ], [ 85.47243, 28.33283 ], [ 85.47223, 28.33283 ], [ 85.47222, 28.33319 ], [ 85.4712, 28.33318 ], [ 85.4712, 28.33336 ], [ 85.471, 28.33336 ], [ 85.471, 28.33354 ], [ 85.47059, 28.33353 ], [ 85.47058, 28.33389 ], [ 85.47079, 28.33389 ], [ 85.47079, 28.33371 ], [ 85.47099, 28.33372 ], [ 85.47099, 28.3339 ], [ 85.4714, 28.3339 ], [ 85.4714, 28.33408 ], [ 85.47058, 28.33407 ], [ 85.47058, 28.33425 ], [ 85.47037, 28.33425 ], [ 85.47037, 28.33443 ], [ 85.47139, 28.33444 ], [ 85.47139, 28.33462 ] ], [ [ 85.47159, 28.33444 ], [ 85.4716, 28.33426 ], [ 85.4718, 28.33427 ], [ 85.4718, 28.33445 ], [ 85.47159, 28.33444 ] ], [ [ 85.47139, 28.33426 ], [ 85.4714, 28.33408 ], [ 85.4716, 28.33408 ], [ 85.4716, 28.33426 ], [ 85.47139, 28.33426 ] ] ] } },
{ "type": "Feature", "properties": { "area_m2": 74800.0 }, "geometry": { "type": "Polygon", "coordinates": [ [ [ 85.48241, 28.33402 ], [ 85.48384, 28.33404 ], [ 85.48385, 28.33368 ], [ 85.48425, 28.33368 ], [ 85.48426, 28.3335 ], [ 85.48466, 28.33351 ], [ 85.48467, 28.33315 ], [ 85.48487, 28.33315 ], [ 85.48488, 28.33297 ], [ 85.48549, 28.33298 ], [ 85.48549, 28.33279 ], [ 85.48569, 28.3328 ], [ 85.4857, 28.33262 ], [ 85.4859, 28.33262 ], [ 85.48591, 28.33208 ], [ 85.48632, 28.33208 ], [ 85.48632, 28.3319 ], [ 85.48571, 28.33189 ], [ 85.4857, 28.33208 ], [ 85.48509, 28.33207 ], [ 85.48509, 28.33225 ], [ 85.48489, 28.33225 ], [ 85.48488, 28.33243 ], [ 85.48468, 28.33242 ], [ 85.48468, 28.33261 ], [ 85.48427, 28.3326 ], [ 85.48427, 28.33242 ], [ 85.48366, 28.33241 ], [ 85.48366, 28.33223 ], [ 85.48142, 28.33221 ], [ 85.48142, 28.33239 ], [ 85.48121, 28.33239 ], [ 85.48122, 28.33203 ], [ 85.48081, 28.33202 ], [ 85.4808, 28.33238 ], [ 85.47958, 28.33237 ], [ 85.47958, 28.33255 ], [ 85.48019, 28.33256 ], [ 85.48019, 28.33274 ], [ 85.481, 28.33274 ], [ 85.481, 28.33311 ], [ 85.4812, 28.33311 ], [ 85.4812, 28.33329 ], [ 85.4814, 28.33329 ], [ 85.4814, 28.33347 ], [ 85.4816, 28.33347 ], [ 85.4816, 28.33365 ], [ 85.48181, 28.33366 ], [ 85.4818, 28.33384 ], [ 85.48242, 28.33384 ], [ 85.48241, 28.33402 ] ] ] } },
{ "type": "Feature", "properties": { "area_m2": 2800.0 }, "geometry": { "type": "Polygon", "coordinates": [ [ [ 85.49385, 28.33289 ], [ 85.49426, 28.33289 ], [ 85.49426, 28.33271 ], [ 85.49406, 28.33271 ], [ 85.49406, 28.33253 ], [ 85.49386, 28.33253 ], [ 85.49387, 28.33198 ], [ 85.49366, 28.33198 ], [ 85.49365, 28.3327 ], [ 85.49386, 28.33271 ], [ 85.49385, 28.33289 ] ] ] } },
{ "type": "Feature", "properties": { "area_m2": 2000.0 }, "geometry": { "type": "Polygon", "coordinates": [ [ [ 85.50774, 28.33196 ], [ 85.50835, 28.33196 ], [ 85.50835, 28.33178 ], [ 85.50794, 28.33178 ], [ 85.50795, 28.3316 ], [ 85.50754, 28.33159 ], [ 85.50754, 28.33177 ], [ 85.50774, 28.33178 ], [ 85.50774, 28.33196 ] ] ] } },
{ "type": "Feature", "properties": { "area_m2": 2400.0 }, "geometry": { "type": "Polygon", "coordinates": [ [ [ 85.43085, 28.33055 ], [ 85.43105, 28.33056 ], [ 85.43107, 28.32983 ], [ 85.43086, 28.32983 ], [ 85.43086, 28.33001 ], [ 85.43065, 28.33001 ], [ 85.43065, 28.33037 ], [ 85.43085, 28.33037 ], [ 85.43085, 28.33055 ] ] ] } },
{ "type": "Feature", "properties": { "area_m2": 2400.0 }, "geometry": { "type": "Polygon", "coordinates": [ [ [ 85.43004, 28.33 ], [ 85.43045, 28.33001 ], [ 85.43045, 28.32983 ], [ 85.43066, 28.32983 ], [ 85.43066, 28.32965 ], [ 85.42984, 28.32964 ], [ 85.42984, 28.32982 ], [ 85.43005, 28.32982 ], [ 85.43004, 28.33 ] ] ] } },
{ "type": "Feature", "properties": { "area_m2": 104000.0 }, "geometry": { "type": "Polygon", "coordinates": [ [ [ 85.43385, 28.33438 ], [ 85.43447, 28.33438 ], [ 85.43447, 28.3342 ], [ 85.43508, 28.33421 ], [ 85.43508, 28.33403 ], [ 85.43488, 28.33403 ], [ 85.43489, 28.33349 ], [ 85.43448, 28.33348 ], [ 85.43448, 28.3333 ], [ 85.43428, 28.3333 ], [ 85.43428, 28.33312 ], [ 85.43408, 28.33312 ], [ 85.43408, 28.33294 ], [ 85.43388, 28.33293 ], [ 85.43388, 28.33275 ], [ 85.43367, 28.33275 ], [ 85.43368, 28.33257 ], [ 85.43327, 28.33257 ], [ 85.43327, 28.33239 ], [ 85.43307, 28.33238 ], [ 85.43307, 28.3322 ], [ 85.43287, 28.3322 ], [ 85.43287, 28.33202 ], [ 85.43267, 28.33202 ], [ 85.43267, 28.33184 ], [ 85.43246, 28.33183 ], [ 85.43247, 28.33165 ], [ 85.43226, 28.33165 ], [ 85.43227, 28.33147 ], [ 85.43206, 28.33147 ], [ 85.43206, 28.33129 ], [ 85.43247, 28.33129 ], [ 85.43247, 28.33147 ], [ 85.43267, 28.33148 ], [ 85.43268, 28.3313 ], [ 85.43288, 28.3313 ], [ 85.43287, 28.33166 ], [ 85.43308, 28.33166 ], [ 85.43309, 28.33112 ], [ 85.43247, 28.33111 ], [ 85.43248, 28.33093 ], [ 85.43227, 28.33093 ], [ 85.43228, 28.33075 ], [ 85.43207, 28.33075 ], [ 85.43207, 28.33057 ], [ 85.43228, 28.33057 ], [ 85.43228, 28.33021 ], [ 85.43269, 28.33021 ], [ 85.43269, 28.33003 ], [ 85.43331, 28.33004 ], [ 85.43331, 28.32968 ], [ 85.43311, 28.32968 ], [ 85.43311, 28.3295 ], [ 85.4325, 28.32949 ], [ 85.4325, 28.32967 ], [ 85.43188, 28.32966 ], [ 85.43188, 28.32984 ], [ 85.43168, 28.32984 ], [ 85.43167, 28.33002 ], [ 85.43188, 28.33002 ], [ 85.43187, 28.33056 ], [ 85.43126, 28.33056 ], [ 85.43125, 28.33092 ], [ 85.43166, 28.33092 ], [ 85.43166, 28.3311 ], [ 85.43186, 28.33111 ], [ 85.43186, 28.33147 ], [ 85.43165, 28.33146 ], [ 85.43166, 28.33128 ], [ 85.43145, 28.33128 ], [ 85.43145, 28.3311 ], [ 85.43105, 28.3311 ], [ 85.43105, 28.33092 ], [ 85.43085, 28.33091 ], [ 85.43085, 28.33055 ], [ 85.43044, 28.33055 ], [ 85.43044, 28.33073 ], [ 85.43024, 28.33073 ], [ 85.43024, 28.33055 ], [ 85.42963, 28.33054 ], [ 85.42963, 28.33036 ], [ 85.4282, 28.33034 ], [ 85.4282, 28.33052 ], [ 85.42779, 28.33052 ], [ 85.42779, 28.3307 ], [ 85.42718, 28.33069 ], [ 85.42717, 28.33087 ], [ 85.42758, 28.33088 ], [ 85.42758, 28.33106 ], [ 85.42799, 28.33106 ], [ 85.42798, 28.33124 ], [ 85.42941, 28.33126 ], [ 85.42941, 28.33144 ], [ 85.42982, 28.33144 ], [ 85.42981, 28.3318 ], [ 85.43104, 28.33182 ], [ 85.43103, 28.332 ], [ 85.43144, 28.332 ], [ 85.43144, 28.33218 ], [ 85.43103, 28.33218 ], [ 85.43103, 28.33236 ], [ 85.43144, 28.33236 ], [ 85.43143, 28.33273 ], [ 85.43184, 28.33273 ], [ 85.43184, 28.33255 ], [ 85.43205, 28.33255 ], [ 85.43204, 28.33291 ], [ 85.43265, 28.33292 ], [ 85.43265, 28.33328 ], [ 85.43305, 28.33329 ], [ 85.43305, 28.33347 ], [ 85.43326, 28.33347 ], [ 85.43325, 28.33383 ], [ 85.43366, 28.33383 ], [ 85.43366, 28.33401 ], [ 85.43427, 28.33402 ], [ 85.43427, 28.3342 ], [ 85.43386, 28.3342 ], [ 85.43385, 28.33438 ] ], [ [ 85.43367, 28.33329 ], [ 85.43367, 28.33311 ], [ 85.43387, 28.33311 ], [ 85.43387, 28.33329 ], [ 85.43367, 28.33329 ] ], [ [ 85.42779, 28.33088 ], [ 85.42779, 28.3307 ], [ 85.42799, 28.3307 ], [ 85.42799, 28.33088 ], [ 85.42779, 28.33088 ] ] ] } },
{ "type": "Feature", "properties": { "area_m2": 3600.0 }, "geometry": { "type": "Polygon", "coordinates": [ [ [ 85.48613, 28.33064 ], [ 85.48654, 28.33064 ], [ 85.48655, 28.32992 ], [ 85.48635, 28.32992 ], [ 85.48635, 28.32974 ], [ 85.48615, 28.32973 ], [ 85.48613, 28.33064 ] ] ] } },
{ "type": "Feature", "properties": { "area_m2": 14000.0 }, "geometry": { "type": "Polygon", "coordinates": [ [ [ 85.48899, 28.33085 ], [ 85.48939, 28.33085 ], [ 85.4894, 28.33067 ], [ 85.4896, 28.33067 ], [ 85.4896, 28.33085 ], [ 85.4898, 28.33086 ], [ 85.4898, 28.33068 ], [ 85.49021, 28.33068 ], [ 85.49021, 28.3305 ], [ 85.49062, 28.33051 ], [ 85.49063, 28.33014 ], [ 85.49042, 28.33014 ], [ 85.49043, 28.32978 ], [ 85.49022, 28.32978 ], [ 85.49023, 28.3296 ], [ 85.49002, 28.3296 ], [ 85.49002, 28.32978 ], [ 85.48961, 28.32977 ], [ 85.48962, 28.32959 ], [ 85.48941, 28.32959 ], [ 85.4894, 28.33013 ], [ 85.4892, 28.33013 ], [ 85.48919, 28.33049 ], [ 85.48899, 28.33049 ], [ 85.48899, 28.33085 ] ] ] } },
{ "type": "Feature", "properties": { "area_m2": 2000.0 }, "geometry": { "type": "Polygon", "coordinates": [ [ [ 85.48554, 28.32955 ], [ 85.48574, 28.32955 ], [ 85.48574, 28.32937 ], [ 85.48595, 28.32937 ], [ 85.48595, 28.32901 ], [ 85.48554, 28.329 ], [ 85.48554, 28.32955 ] ] ] } },
{ "type": "Feature", "properties": { "area_m2": 6400.0 }, "geometry": { "type": "Polygon", "coordinates": [ [ [ 85.34257, 28.3277 ], [ 85.34318, 28.32771 ], [ 85.34318, 28.32753 ], [ 85.34298, 28.32753 ], [ 85.34298, 28.32735 ], [ 85.34237, 28.32734 ], [ 85.34237, 28.32716 ], [ 85.34135, 28.32715 ], [ 85.34134, 28.32751 ], [ 85.34257, 28.32752 ], [ 85.34257, 28.3277 ] ] ] } },
{ "type": "Feature", "properties": { "area_m2": 2800.0 }, "geometry": { "type": "Polygon", "coordinates": [ [ [ 85.42027, 28.32863 ], [ 85.42048, 28.32863 ], [ 85.42048, 28.32809 ], [ 85.42069, 28.32809 ], [ 85.42069, 28.32773 ], [ 85.42028, 28.32772 ], [ 85.42027, 28.32863 ] ] ] } },
{ "type": "Feature", "properties": { "area_m2": 4400.0 }, "geometry": { "type": "Polygon", "coordinates": [ [ [ 85.43558, 28.32826 ], [ 85.43578, 28.32826 ], [ 85.43579, 28.3279 ], [ 85.43619, 28.32791 ], [ 85.4362, 28.32737 ], [ 85.43579, 28.32736 ], [ 85.43579, 28.32754 ], [ 85.43559, 28.32754 ], [ 85.43558, 28.32772 ], [ 85.43538, 28.32772 ], [ 85.43538, 28.3279 ], [ 85.43558, 28.3279 ], [ 85.43558, 28.32826 ] ] ] } },
{ "type": "Feature", "properties": { "area_m2": 13600.0 }, "geometry": { "type": "Polygon", "coordinates": [ [ [ 85.33993, 28.32641 ], [ 85.34014, 28.32641 ], [ 85.34015, 28.32587 ], [ 85.34035, 28.32587 ], [ 85.34036, 28.32533 ], [ 85.34056, 28.32533 ], [ 85.34057, 28.32515 ], [ 85.34077, 28.32515 ], [ 85.34077, 28.32497 ], [ 85.34098, 28.32498 ], [ 85.34098, 28.3248 ], [ 85.34139, 28.3248 ], [ 85.34139, 28.32462 ], [ 85.34119, 28.32462 ], [ 85.34119, 28.32444 ], [ 85.34037, 28.32443 ], [ 85.34037, 28.32461 ], [ 85.34017, 28.32461 ], [ 85.34016, 28.32497 ], [ 85.33955, 28.32496 ], [ 85.33954, 28.32532 ], [ 85.33995, 28.32533 ], [ 85.33993, 28.32641 ] ] ] } },
{ "type": "Feature", "properties": { "area_m2": 5200.0 }, "geometry": { "type": "Polygon", "coordinates": [ [ [ 85.33874, 28.32459 ], [ 85.33894, 28.32459 ], [ 85.33895, 28.32441 ], [ 85.33915, 28.32441 ], [ 85.33915, 28.32423 ], [ 85.33895, 28.32423 ], [ 85.33895, 28.32405 ], [ 85.33854, 28.32404 ], [ 85.33855, 28.32386 ], [ 85.33814, 28.32386 ], [ 85.33814, 28.32404 ], [ 85.33793, 28.32404 ], [ 85.33793, 28.32422 ], [ 85.33772, 28.32422 ], [ 85.33772, 28.3244 ], [ 85.33833, 28.3244 ], [ 85.33834, 28.32422 ], [ 85.33874, 28.32423 ], [ 85.33874, 28.32459 ] ] ] } },
{ "type": "Feature", "properties": { "area_m2": 8000.0 }, "geometry": { "type": "Polygon", "coordinates": [ [ [ 85.43643, 28.32592 ], [ 85.43663, 28.32593 ], [ 85.43663, 28.32575 ], [ 85.43684, 28.32575 ], [ 85.43686, 28.3243 ], [ 85.43645, 28.3243 ], [ 85.43644, 28.32484 ], [ 85.43624, 28.32484 ], [ 85.43623, 28.32538 ], [ 85.43643, 28.32538 ], [ 85.43643, 28.32592 ] ] ] } },
{ "type": "Feature", "properties": { "area_m2": 32000.0 }, "geometry": { "type": "Polygon", "coordinates": [ [ [ 85.48579, 28.32576 ], [ 85.4862, 28.32576 ], [ 85.48621, 28.32522 ], [ 85.48641, 28.32522 ], [ 85.48642, 28.32504 ], [ 85.48662, 28.32505 ], [ 85.48663, 28.32432 ], [ 85.48683, 28.32433 ], [ 85.48684, 28.32397 ], [ 85.48745, 28.32397 ], [ 85.48746, 28.32361 ], [ 85.48827, 28.32362 ], [ 85.48828, 28.3229 ], [ 85.48849, 28.3229 ], [ 85.48849, 28.32272 ], [ 85.48869, 28.32272 ], [ 85.4887, 28.322 ], [ 85.48911, 28.322 ], [ 85.48912, 28.32164 ], [ 85.4885, 28.32164 ], [ 85.4885, 28.322 ], [ 85.4883, 28.322 ], [ 85.48829, 28.32254 ], [ 85.48808, 28.32253 ], [ 85.48808, 28.32272 ], [ 85.48767, 28.32271 ], [ 85.48767, 28.32289 ], [ 85.48726, 28.32289 ], [ 85.48726, 28.32307 ], [ 85.48706, 28.32307 ], [ 85.48705, 28.32325 ], [ 85.48685, 28.32324 ], [ 85.48684, 28.3236 ], [ 85.48664, 28.3236 ], [ 85.48663, 28.32414 ], [ 85.48643, 28.32414 ], [ 85.48643, 28.32432 ], [ 85.48622, 28.32432 ], [ 85.48622, 28.3245 ], [ 85.48602, 28.3245 ], [ 85.48601, 28.32468 ], [ 85.48581, 28.32468 ], [ 85.4858, 28.32504 ], [ 85.4856, 28.32503 ], [ 85.48559, 28.32558 ], [ 85.4858, 28.32558 ], [ 85.48579, 28.32576 ] ] ] } },
{ "type": "Feature", "properties": { "area_m2": 3600.0 }, "geometry": { "type": "Polygon", "coordinates": [ [ [ 85.34166, 28.32011 ], [ 85.34228, 28.32012 ], [ 85.34228, 28.31976 ], [ 85.34208, 28.31976 ], [ 85.34208, 28.31958 ], [ 85.34167, 28.31957 ], [ 85.34167, 28.31975 ], [ 85.34147, 28.31975 ], [ 85.34146, 28.31993 ], [ 85.34167, 28.31993 ], [ 85.34166, 28.32011 ] ] ] } },
{ "type": "Feature", "properties": { "area_m2": 128800.0 }, "geometry": { "type": "Polygon", "coordinates": [ [ [ 85.4851, 28.33153 ], [ 85.4853, 28.33153 ], [ 85.48532, 28.33009 ], [ 85.48512, 28.33008 ], [ 85.48516, 28.3272 ], [ 85.48537, 28.3272 ], [ 85.4854, 28.32485 ], [ 85.4856, 28.32485 ], [ 85.48561, 28.32431 ], [ 85.48602, 28.32432 ], [ 85.48602, 28.32414 ], [ 85.48622, 28.32414 ], [ 85.48623, 28.32378 ], [ 85.48643, 28.32378 ], [ 85.48644, 28.32342 ], [ 85.48664, 28.32342 ], [ 85.48665, 28.32306 ], [ 85.48685, 28.32306 ], [ 85.48686, 28.3227 ], [ 85.48727, 28.32271 ], [ 85.48727, 28.32253 ], [ 85.48747, 28.32253 ], [ 85.48748, 28.32217 ], [ 85.48768, 28.32217 ], [ 85.48769, 28.32145 ], [ 85.48789, 28.32145 ], [ 85.4879, 28.32109 ], [ 85.48831, 28.32109 ], [ 85.48831, 28.32091 ], [ 85.48851, 28.32092 ], [ 85.48852, 28.32073 ], [ 85.48872, 28.32074 ], [ 85.48872, 28.32056 ], [ 85.48913, 28.32056 ], [ 85.48914, 28.32002 ], [ 85.48995, 28.32003 ], [ 85.48996, 28.31985 ], [ 85.48975, 28.31985 ], [ 85.48976, 28.31967 ], [ 85.48955, 28.31966 ], [ 85.48956, 28.31912 ], [ 85.48915, 28.31912 ], [ 85.48915, 28.3193 ], [ 85.48895, 28.3193 ], [ 85.48894, 28.31966 ], [ 85.48874, 28.31965 ], [ 85.48873, 28.3202 ], [ 85.48852, 28.32019 ], [ 85.48852, 28.32037 ], [ 85.48832, 28.32037 ], [ 85.48832, 28.32019 ], [ 85.4875, 28.32018 ], [ 85.48749, 28.32126 ], [ 85.48729, 28.32126 ], [ 85.48728, 28.32162 ], [ 85.48667, 28.32162 ], [ 85.48667, 28.3218 ], [ 85.48646, 28.32179 ], [ 85.48646, 28.32216 ], [ 85.48625, 28.32215 ], [ 85.48625, 28.32233 ], [ 85.48584, 28.32233 ], [ 85.48583, 28.32305 ], [ 85.48563, 28.32305 ], [ 85.48562, 28.32341 ], [ 85.48542, 28.32341 ], [ 85.48541, 28.32377 ], [ 85.48501, 28.32376 ], [ 85.485, 28.32449 ], [ 85.4852, 28.32449 ], [ 85.4852, 28.32467 ], [ 85.48479, 28.32466 ], [ 85.48479, 28.3243 ], [ 85.48459, 28.3243 ], [ 85.48458, 28.32484 ], [ 85.48438, 28.32484 ], [ 85.48437, 28.32538 ], [ 85.48396, 28.32538 ], [ 85.48395, 28.3261 ], [ 85.48416, 28.3261 ], [ 85.48413, 28.32827 ], [ 85.48433, 28.32827 ], [ 85.48433, 28.32845 ], [ 85.48412, 28.32845 ], [ 85.48411, 28.32953 ], [ 85.48431, 28.32953 ], [ 85.48432, 28.32935 ], [ 85.48472, 28.32936 ], [ 85.48471, 28.33062 ], [ 85.4845, 28.33062 ], [ 85.4845, 28.33098 ], [ 85.48511, 28.33099 ], [ 85.4851, 28.33153 ] ] ] } },
{ "type": "Feature", "properties": { "area_m2": 2400.0 }, "geometry": { "type": "Polygon", "coordinates": [ [ [ 85.48834, 28.31893 ], [ 85.48854, 28.31893 ], [ 85.48854, 28.31875 ], [ 85.48875, 28.31875 ], [ 85.48875, 28.31839 ], [ 85.48855, 28.31839 ], [ 85.48855, 28.31821 ], [ 85.48835, 28.31821 ], [ 85.48834, 28.31893 ] ] ] } },
{ "type": "Feature", "properties": { "area_m2": 2400.0 }, "geometry": { "type": "Polygon", "coordinates": [ [ [ 85.34316, 28.31562 ], [ 85.34398, 28.31563 ], [ 85.34398, 28.31545 ], [ 85.34357, 28.31544 ], [ 85.34357, 28.31526 ], [ 85.34317, 28.31526 ], [ 85.34316, 28.31562 ] ] ] } },
{ "type": "Feature", "properties": { "area_m2": 15200.0 }, "geometry": { "type": "Polygon", "coordinates": [ [ [ 85.48978, 28.31804 ], [ 85.48998, 28.31804 ], [ 85.49, 28.31714 ], [ 85.4904, 28.31715 ], [ 85.49041, 28.31697 ], [ 85.49081, 28.31697 ], [ 85.49082, 28.31679 ], [ 85.49061, 28.31679 ], [ 85.49062, 28.31661 ], [ 85.49041, 28.3166 ], [ 85.49042, 28.31624 ], [ 85.49021, 28.31624 ], [ 85.49021, 28.31606 ], [ 85.4896, 28.31605 ], [ 85.48959, 28.31678 ], [ 85.48939, 28.31677 ], [ 85.48939, 28.31695 ], [ 85.48959, 28.31696 ], [ 85.48959, 28.31714 ], [ 85.48938, 28.31713 ], [ 85.48938, 28.3175 ], [ 85.48958, 28.3175 ], [ 85.48958, 28.31786 ], [ 85.48978, 28.31786 ], [ 85.48978, 28.31804 ] ] ] } },
{ "type": "Feature", "properties": { "area_m2": 52000.0 }, "geometry": { "type": "Polygon", "coordinates": [ [ [ 85.41244, 28.32023 ], [ 85.41264, 28.32023 ], [ 85.41265, 28.32005 ], [ 85.41285, 28.32006 ], [ 85.41285, 28.31988 ], [ 85.41265, 28.31987 ], [ 85.41265, 28.31969 ], [ 85.41286, 28.3197 ], [ 85.41286, 28.31951 ], [ 85.41327, 28.31952 ], [ 85.41327, 28.31916 ], [ 85.41348, 28.31916 ], [ 85.41349, 28.31808 ], [ 85.4137, 28.31808 ], [ 85.4137, 28.31772 ], [ 85.41391, 28.31772 ], [ 85.41392, 28.31664 ], [ 85.41372, 28.31664 ], [ 85.41372, 28.31628 ], [ 85.41352, 28.31627 ], [ 85.41354, 28.31519 ], [ 85.41333, 28.31519 ], [ 85.41334, 28.31483 ], [ 85.41232, 28.31482 ], [ 85.41231, 28.31518 ], [ 85.41252, 28.31518 ], [ 85.41251, 28.31536 ], [ 85.41272, 28.31536 ], [ 85.41271, 28.31554 ], [ 85.41251, 28.31554 ], [ 85.41251, 28.31572 ], [ 85.41271, 28.31572 ], [ 85.4127, 28.31644 ], [ 85.4129, 28.31645 ], [ 85.4129, 28.31699 ], [ 85.41269, 28.31699 ], [ 85.41268, 28.31771 ], [ 85.41289, 28.31771 ], [ 85.41288, 28.31825 ], [ 85.41308, 28.31825 ], [ 85.41308, 28.31843 ], [ 85.41267, 28.31843 ], [ 85.41267, 28.31825 ], [ 85.41227, 28.31824 ], [ 85.41226, 28.31879 ], [ 85.41246, 28.31879 ], [ 85.41244, 28.32023 ] ] ] } },
{ "type": "Feature", "properties": { "area_m2": 2000.0 }, "geometry": { "type": "Polygon", "coordinates": [ [ [ 85.49022, 28.31552 ], [ 85.49083, 28.31553 ], [ 85.49084, 28.31535 ], [ 85.49063, 28.31534 ], [ 85.49064, 28.31516 ], [ 85.49023, 28.31516 ], [ 85.49022, 28.31552 ] ] ] } },
{ "type": "Feature", "properties": { "area_m2": 2400.0 }, "geometry": { "type": "Polygon", "coordinates": [ [ [ 85.49165, 28.31553 ], [ 85.49226, 28.31554 ], [ 85.49226, 28.31536 ], [ 85.49206, 28.31536 ], [ 85.49206, 28.31518 ], [ 85.49145, 28.31517 ], [ 85.49145, 28.31535 ], [ 85.49165, 28.31535 ], [ 85.49165, 28.31553 ] ] ] } },
{ "type": "Feature", "properties": { "area_m2": 2800.0 }, "geometry": { "type": "Polygon", "coordinates": [ [ [ 85.41417, 28.31375 ], [ 85.41458, 28.31376 ], [ 85.41458, 28.31358 ], [ 85.41519, 28.31359 ], [ 85.4152, 28.31322 ], [ 85.41499, 28.31322 ], [ 85.41499, 28.3134 ], [ 85.41438, 28.3134 ], [ 85.41438, 28.31358 ], [ 85.41417, 28.31357 ], [ 85.41417, 28.31375 ] ] ] } },
{ "type": "Feature", "properties": { "area_m2": 10400.0 }, "geometry": { "type": "Polygon", "coordinates": [ [ [ 85.41294, 28.31374 ], [ 85.41335, 28.31374 ], [ 85.41336, 28.31356 ], [ 85.41315, 28.31356 ], [ 85.41317, 28.31248 ], [ 85.41235, 28.31247 ], [ 85.41235, 28.31229 ], [ 85.41215, 28.31229 ], [ 85.41214, 28.31283 ], [ 85.41235, 28.31283 ], [ 85.41234, 28.31319 ], [ 85.41255, 28.31319 ], [ 85.41254, 28.31337 ], [ 85.41275, 28.31338 ], [ 85.41274, 28.31356 ], [ 85.41295, 28.31356 ], [ 85.41294, 28.31374 ] ] ] } },
{ "type": "Feature", "properties": { "area_m2": 4400.0 }, "geometry": { "type": "Polygon", "coordinates": [ [ [ 85.49597, 28.31324 ], [ 85.49637, 28.31324 ], [ 85.49638, 28.31306 ], [ 85.49658, 28.31306 ], [ 85.49658, 28.31288 ], [ 85.49679, 28.31288 ], [ 85.49679, 28.3127 ], [ 85.4972, 28.31271 ], [ 85.4972, 28.31253 ], [ 85.49659, 28.31252 ], [ 85.49659, 28.3127 ], [ 85.49618, 28.3127 ], [ 85.49617, 28.31288 ], [ 85.49597, 28.31287 ], [ 85.49597, 28.31324 ] ] ] } },
{ "type": "Feature", "properties": { "area_m2": 13200.0 }, "geometry": { "type": "Polygon", "coordinates": [ [ [ 85.41175, 28.31192 ], [ 85.41195, 28.31192 ], [ 85.41195, 28.31174 ], [ 85.41216, 28.31174 ], [ 85.41216, 28.31156 ], [ 85.41257, 28.31157 ], [ 85.41257, 28.31139 ], [ 85.41237, 28.31139 ], [ 85.41237, 28.31103 ], [ 85.41217, 28.31102 ], [ 85.41217, 28.31066 ], [ 85.41197, 28.31066 ], [ 85.41197, 28.31048 ], [ 85.41177, 28.31048 ], [ 85.41177, 28.3103 ], [ 85.41157, 28.31029 ], [ 85.41157, 28.31011 ], [ 85.41116, 28.31011 ], [ 85.41115, 28.31101 ], [ 85.41156, 28.31102 ], [ 85.41155, 28.3112 ], [ 85.41196, 28.3112 ], [ 85.41196, 28.31138 ], [ 85.41155, 28.31138 ], [ 85.41155, 28.31156 ], [ 85.41175, 28.31156 ], [ 85.41175, 28.31192 ] ] ] } },
{ "type": "Feature", "properties": { "area_m2": 5200.0 }, "geometry": { "type": "Polygon", "coordinates": [ [ [ 85.41259, 28.31031 ], [ 85.413, 28.31031 ], [ 85.413, 28.30977 ], [ 85.4128, 28.30977 ], [ 85.4128, 28.30959 ], [ 85.41219, 28.30958 ], [ 85.41218, 28.31012 ], [ 85.41259, 28.31013 ], [ 85.41259, 28.31031 ] ] ] } },
{ "type": "Feature", "properties": { "area_m2": 10400.0 }, "geometry": { "type": "Polygon", "coordinates": [ [ [ 85.49845, 28.31056 ], [ 85.49927, 28.31056 ], [ 85.49928, 28.30966 ], [ 85.49989, 28.30967 ], [ 85.4999, 28.30931 ], [ 85.49928, 28.3093 ], [ 85.49928, 28.30948 ], [ 85.49908, 28.30948 ], [ 85.49908, 28.30966 ], [ 85.49867, 28.30966 ], [ 85.49867, 28.30984 ], [ 85.49846, 28.30983 ], [ 85.49845, 28.31056 ] ] ] } },
{ "type": "Feature", "properties": { "area_m2": 4000.0 }, "geometry": { "type": "Polygon", "coordinates": [ [ [ 85.41301, 28.30905 ], [ 85.41322, 28.30905 ], [ 85.41322, 28.30869 ], [ 85.41384, 28.3087 ], [ 85.41384, 28.30852 ], [ 85.41404, 28.30852 ], [ 85.41404, 28.30834 ], [ 85.41364, 28.30833 ], [ 85.41363, 28.30851 ], [ 85.41282, 28.3085 ], [ 85.41281, 28.30886 ], [ 85.41302, 28.30887 ], [ 85.41301, 28.30905 ] ] ] } },
{ "type": "Feature", "properties": { "area_m2": 2800.0 }, "geometry": { "type": "Polygon", "coordinates": [ [ [ 85.34492, 28.30734 ], [ 85.34533, 28.30734 ], [ 85.34533, 28.30716 ], [ 85.34554, 28.30716 ], [ 85.34554, 28.30698 ], [ 85.34533, 28.30698 ], [ 85.34534, 28.3068 ], [ 85.34513, 28.3068 ], [ 85.34513, 28.30698 ], [ 85.34472, 28.30697 ], [ 85.34472, 28.30715 ], [ 85.34492, 28.30716 ], [ 85.34492, 28.30734 ] ] ] } },
{ "type": "Feature", "properties": { "area_m2": 2000.0 }, "geometry": { "type": "Polygon", "coordinates": [ [ [ 85.34473, 28.30679 ], [ 85.34493, 28.30679 ], [ 85.34493, 28.30661 ], [ 85.34514, 28.30662 ], [ 85.34514, 28.30626 ], [ 85.34473, 28.30625 ], [ 85.34473, 28.30679 ] ] ] } },
{ "type": "Feature", "properties": { "area_m2": 31200.0 }, "geometry": { "type": "Polygon", "coordinates": [ [ [ 85.41117, 28.30975 ], [ 85.41158, 28.30975 ], [ 85.41158, 28.30939 ], [ 85.41138, 28.30939 ], [ 85.41138, 28.30921 ], [ 85.41179, 28.30921 ], [ 85.41179, 28.30903 ], [ 85.41199, 28.30904 ], [ 85.412, 28.30886 ], [ 85.41179, 28.30885 ], [ 85.4118, 28.30849 ], [ 85.4116, 28.30849 ], [ 85.4116, 28.30813 ], [ 85.41119, 28.30812 ], [ 85.4112, 28.30794 ], [ 85.41099, 28.30794 ], [ 85.41099, 28.30776 ], [ 85.41079, 28.30776 ], [ 85.4108, 28.3074 ], [ 85.41059, 28.30739 ], [ 85.41059, 28.30721 ], [ 85.41039, 28.30721 ], [ 85.41039, 28.30757 ], [ 85.40998, 28.30757 ], [ 85.40998, 28.30739 ], [ 85.40937, 28.30738 ], [ 85.40937, 28.3072 ], [ 85.40917, 28.3072 ], [ 85.40917, 28.30702 ], [ 85.40897, 28.30701 ], [ 85.40897, 28.30683 ], [ 85.40876, 28.30683 ], [ 85.40876, 28.30737 ], [ 85.40896, 28.30738 ], [ 85.40896, 28.30756 ], [ 85.40957, 28.30756 ], [ 85.40956, 28.30792 ], [ 85.40977, 28.30793 ], [ 85.40977, 28.30811 ], [ 85.41017, 28.30811 ], [ 85.41017, 28.30847 ], [ 85.41037, 28.30848 ], [ 85.41037, 28.30884 ], [ 85.41077, 28.30884 ], [ 85.41077, 28.30902 ], [ 85.41098, 28.30902 ], [ 85.41097, 28.30938 ], [ 85.41117, 28.30939 ], [ 85.41117, 28.30975 ] ] ] } },
{ "type": "Feature", "properties": { "area_m2": 2000.0 }, "geometry": { "type": "Polygon", "coordinates": [ [ [ 85.34534, 28.3068 ], [ 85.34554, 28.3068 ], [ 85.34556, 28.3059 ], [ 85.34535, 28.3059 ], [ 85.34534, 28.3068 ] ] ] } },
{ "type": "Feature", "properties": { "area_m2": 2000.0 }, "geometry": { "type": "Polygon", "coordinates": [ [ [ 85.40795, 28.30682 ], [ 85.40876, 28.30683 ], [ 85.40877, 28.30665 ], [ 85.40836, 28.30665 ], [ 85.40836, 28.30647 ], [ 85.40816, 28.30646 ], [ 85.40816, 28.30664 ], [ 85.40795, 28.30664 ], [ 85.40795, 28.30682 ] ] ] } },
{ "type": "Feature", "properties": { "area_m2": 7200.0 }, "geometry": { "type": "Polygon", "coordinates": [ [ [ 85.40957, 28.3072 ], [ 85.41039, 28.30721 ], [ 85.41039, 28.30703 ], [ 85.4108, 28.30704 ], [ 85.4108, 28.30686 ], [ 85.41019, 28.30685 ], [ 85.41019, 28.30667 ], [ 85.40999, 28.30667 ], [ 85.40999, 28.30649 ], [ 85.40959, 28.30648 ], [ 85.40959, 28.3063 ], [ 85.40938, 28.3063 ], [ 85.40938, 28.30666 ], [ 85.40958, 28.30666 ], [ 85.40958, 28.30684 ], [ 85.40938, 28.30684 ], [ 85.40937, 28.30702 ], [ 85.40958, 28.30702 ], [ 85.40957, 28.3072 ] ] ] } },
{ "type": "Feature", "properties": { "area_m2": 88800.0 }, "geometry": { "type": "Polygon", "coordinates": [ [ [ 85.4929, 28.31338 ], [ 85.49372, 28.31339 ], [ 85.49372, 28.31321 ], [ 85.49393, 28.31321 ], [ 85.49393, 28.31267 ], [ 85.49414, 28.31267 ], [ 85.49414, 28.31249 ], [ 85.49536, 28.31251 ], [ 85.49537, 28.31233 ], [ 85.49557, 28.31233 ], [ 85.49558, 28.31161 ], [ 85.49578, 28.31161 ], [ 85.49578, 28.31179 ], [ 85.4966, 28.3118 ], [ 85.49661, 28.31126 ], [ 85.49681, 28.31126 ], [ 85.49681, 28.31108 ], [ 85.49722, 28.31108 ], [ 85.49722, 28.31072 ], [ 85.49763, 28.31073 ], [ 85.49764, 28.31055 ], [ 85.49784, 28.31055 ], [ 85.49784, 28.31019 ], [ 85.49805, 28.31019 ], [ 85.49805, 28.31001 ], [ 85.49825, 28.31001 ], [ 85.49826, 28.30965 ], [ 85.49846, 28.30965 ], [ 85.49847, 28.30929 ], [ 85.49867, 28.30929 ], [ 85.49868, 28.30911 ], [ 85.49888, 28.30912 ], [ 85.49888, 28.30894 ], [ 85.49909, 28.30894 ], [ 85.4991, 28.30786 ], [ 85.4993, 28.30786 ], [ 85.49931, 28.3075 ], [ 85.49951, 28.3075 ], [ 85.49953, 28.3066 ], [ 85.49912, 28.30659 ], [ 85.49911, 28.30713 ], [ 85.49891, 28.30713 ], [ 85.4989, 28.30731 ], [ 85.4987, 28.30731 ], [ 85.49869, 28.30785 ], [ 85.49849, 28.30785 ], [ 85.49848, 28.30821 ], [ 85.49828, 28.30821 ], [ 85.49828, 28.30839 ], [ 85.49787, 28.30838 ], [ 85.49786, 28.30874 ], [ 85.49766, 28.30874 ], [ 85.49766, 28.3091 ], [ 85.49745, 28.3091 ], [ 85.49745, 28.30928 ], [ 85.49725, 28.30928 ], [ 85.49724, 28.30964 ], [ 85.49704, 28.30964 ], [ 85.49703, 28.30982 ], [ 85.49683, 28.30982 ], [ 85.49682, 28.31018 ], [ 85.49662, 28.31017 ], [ 85.49662, 28.31035 ], [ 85.49621, 28.31035 ], [ 85.49621, 28.31071 ], [ 85.4958, 28.31071 ], [ 85.49579, 28.31089 ], [ 85.49559, 28.31089 ], [ 85.49559, 28.31125 ], [ 85.49497, 28.31124 ], [ 85.49497, 28.3116 ], [ 85.49436, 28.31159 ], [ 85.49435, 28.31177 ], [ 85.49374, 28.31177 ], [ 85.49374, 28.31213 ], [ 85.49333, 28.31212 ], [ 85.49332, 28.31267 ], [ 85.49291, 28.31266 ], [ 85.49291, 28.31302 ], [ 85.49271, 28.31302 ], [ 85.4927, 28.3132 ], [ 85.49291, 28.3132 ], [ 85.4929, 28.31338 ] ] ] } },
{ "type": "Feature", "properties": { "area_m2": 4400.0 }, "geometry": { "type": "Polygon", "coordinates": [ [ [ 85.34271, 28.30514 ], [ 85.34312, 28.30515 ], [ 85.34312, 28.30497 ], [ 85.34292, 28.30497 ], [ 85.34292, 28.3046 ], [ 85.34272, 28.3046 ], [ 85.34272, 28.30442 ], [ 85.34211, 28.30441 ], [ 85.34211, 28.30478 ], [ 85.34251, 28.30478 ], [ 85.34251, 28.30496 ], [ 85.34271, 28.30496 ], [ 85.34271, 28.30514 ] ] ] } },
{ "type": "Feature", "properties": { "area_m2": 15200.0 }, "geometry": { "type": "Polygon", "coordinates": [ [ [ 85.33559, 28.30379 ], [ 85.3358, 28.3038 ], [ 85.3358, 28.30362 ], [ 85.33601, 28.30362 ], [ 85.33601, 28.30326 ], [ 85.33642, 28.30326 ], [ 85.33642, 28.30344 ], [ 85.33662, 28.30344 ], [ 85.33663, 28.30272 ], [ 85.33602, 28.30272 ], [ 85.33602, 28.3029 ], [ 85.33581, 28.30289 ], [ 85.33582, 28.30253 ], [ 85.33521, 28.30253 ], [ 85.33521, 28.30234 ], [ 85.3346, 28.30234 ], [ 85.33459, 28.30288 ], [ 85.335, 28.30288 ], [ 85.33499, 28.30306 ], [ 85.3352, 28.30307 ], [ 85.3352, 28.30325 ], [ 85.3354, 28.30325 ], [ 85.3354, 28.30307 ], [ 85.33561, 28.30307 ], [ 85.33559, 28.30379 ] ] ] } },
{ "type": "Feature", "properties": { "area_m2": 12800.0 }, "geometry": { "type": "Polygon", "coordinates": [ [ [ 85.33845, 28.30365 ], [ 85.33906, 28.30366 ], [ 85.33907, 28.30347 ], [ 85.33886, 28.30347 ], [ 85.33887, 28.30311 ], [ 85.33907, 28.30311 ], [ 85.33907, 28.30329 ], [ 85.33927, 28.3033 ], [ 85.33927, 28.30348 ], [ 85.33968, 28.30348 ], [ 85.33968, 28.30366 ], [ 85.33988, 28.30367 ], [ 85.33988, 28.30348 ], [ 85.34009, 28.30349 ], [ 85.34009, 28.30331 ], [ 85.33968, 28.3033 ], [ 85.33968, 28.30312 ], [ 85.33928, 28.30312 ], [ 85.33928, 28.30257 ], [ 85.33908, 28.30257 ], [ 85.33908, 28.30239 ], [ 85.33888, 28.30239 ], [ 85.33888, 28.30221 ], [ 85.33868, 28.30221 ], [ 85.33868, 28.30239 ], [ 85.33847, 28.30238 ], [ 85.33847, 28.30256 ], [ 85.33827, 28.30256 ], [ 85.33827, 28.30238 ], [ 85.33806, 28.30238 ], [ 85.33806, 28.30256 ], [ 85.33786, 28.30256 ], [ 85.33785, 28.30274 ], [ 85.33847, 28.30275 ], [ 85.33846, 28.30293 ], [ 85.33867, 28.30293 ], [ 85.33866, 28.30347 ], [ 85.33845, 28.30347 ], [ 85.33845, 28.30365 ] ] ] } },
{ "type": "Feature", "properties": { "area_m2": 4000.0 }, "geometry": { "type": "Polygon", "coordinates": [ [ [ 85.33725, 28.30255 ], [ 85.33786, 28.30256 ], [ 85.33786, 28.3022 ], [ 85.33766, 28.30219 ], [ 85.33766, 28.30201 ], [ 85.33725, 28.30201 ], [ 85.33725, 28.30219 ], [ 85.33684, 28.30218 ], [ 85.33684, 28.30236 ], [ 85.33725, 28.30237 ], [ 85.33725, 28.30255 ] ] ] } },
{ "type": "Feature", "properties": { "area_m2": 2000.0 }, "geometry": { "type": "Polygon", "coordinates": [ [ [ 85.40352, 28.30298 ], [ 85.40393, 28.30299 ], [ 85.40393, 28.3028 ], [ 85.40373, 28.3028 ], [ 85.40373, 28.30262 ], [ 85.40312, 28.30261 ], [ 85.40311, 28.3028 ], [ 85.40352, 28.3028 ], [ 85.40352, 28.30298 ] ] ] } },
{ "type": "Feature", "properties": { "area_m2": 42800.0 }, "geometry": { "type": "Polygon", "coordinates": [ [ [ 85.40754, 28.30682 ], [ 85.40774, 28.30682 ], [ 85.40775, 28.30664 ], [ 85.40795, 28.30664 ], [ 85.40796, 28.3061 ], [ 85.40837, 28.30611 ], [ 85.40838, 28.30538 ], [ 85.40817, 28.30538 ], [ 85.40818, 28.3052 ], [ 85.40797, 28.3052 ], [ 85.40798, 28.30502 ], [ 85.40757, 28.30501 ], [ 85.40757, 28.30483 ], [ 85.40675, 28.30482 ], [ 85.40676, 28.30464 ], [ 85.40635, 28.30464 ], [ 85.40636, 28.30428 ], [ 85.40615, 28.30427 ], [ 85.40615, 28.30409 ], [ 85.40595, 28.30409 ], [ 85.40596, 28.30373 ], [ 85.40534, 28.30372 ], [ 85.40535, 28.30354 ], [ 85.40514, 28.30354 ], [ 85.40515, 28.30336 ], [ 85.40494, 28.30336 ], [ 85.40495, 28.303 ], [ 85.40474, 28.30299 ], [ 85.40475, 28.30281 ], [ 85.40434, 28.30281 ], [ 85.40434, 28.30245 ], [ 85.40394, 28.30244 ], [ 85.40393, 28.3028 ], [ 85.40413, 28.30281 ], [ 85.40413, 28.30299 ], [ 85.40393, 28.30299 ], [ 85.40392, 28.30317 ], [ 85.40454, 28.30317 ], [ 85.40453, 28.30353 ], [ 85.40494, 28.30354 ], [ 85.40493, 28.3039 ], [ 85.40514, 28.3039 ], [ 85.40513, 28.30408 ], [ 85.40534, 28.30408 ], [ 85.40534, 28.30426 ], [ 85.40574, 28.30427 ], [ 85.40574, 28.30463 ], [ 85.40594, 28.30463 ], [ 85.40594, 28.30481 ], [ 85.40635, 28.30482 ], [ 85.40634, 28.30536 ], [ 85.40654, 28.30536 ], [ 85.40654, 28.30572 ], [ 85.40674, 28.30573 ], [ 85.40674, 28.30591 ], [ 85.40715, 28.30591 ], [ 85.40714, 28.30627 ], [ 85.40735, 28.30627 ], [ 85.40734, 28.30645 ], [ 85.40755, 28.30646 ], [ 85.40754, 28.30682 ] ] ] } },
{ "type": "Feature", "properties": { "area_m2": 2000.0 }, "geometry": { "type": "Polygon", "coordinates": [ [ [ 85.4023, 28.30261 ], [ 85.40312, 28.30261 ], [ 85.40312, 28.30243 ], [ 85.40271, 28.30243 ], [ 85.40271, 28.30225 ], [ 85.40251, 28.30225 ], [ 85.40251, 28.30243 ], [ 85.4023, 28.30242 ], [ 85.4023, 28.30261 ] ] ] } },
{ "type": "Feature", "properties": { "area_m2": 6400.0 }, "geometry": { "type": "Polygon", "coordinates": [ [ [ 85.33705, 28.30201 ], [ 85.33725, 28.30201 ], [ 85.33726, 28.30165 ], [ 85.33767, 28.30165 ], [ 85.33767, 28.30147 ], [ 85.33808, 28.30148 ], [ 85.33808, 28.30166 ], [ 85.33828, 28.30166 ], [ 85.33828, 28.3013 ], [ 85.33706, 28.30128 ], [ 85.33706, 28.3011 ], [ 85.33686, 28.3011 ], [ 85.33685, 28.30182 ], [ 85.33705, 28.30183 ], [ 85.33705, 28.30201 ] ] ] } },
{ "type": "Feature", "properties": { "area_m2": 3200.0 }, "geometry": { "type": "Polygon", "coordinates": [ [ [ 85.44554, 28.30256 ], [ 85.44574, 28.30257 ], [ 85.44574, 28.30238 ], [ 85.44595, 28.30239 ], [ 85.44595, 28.30257 ], [ 85.44635, 28.30257 ], [ 85.44636, 28.30239 ], [ 85.44615, 28.30239 ], [ 85.44616, 28.30203 ], [ 85.44575, 28.30202 ], [ 85.44575, 28.3022 ], [ 85.44554, 28.3022 ], [ 85.44554, 28.30256 ] ] ] } },
{ "type": "Feature", "properties": { "area_m2": 2800.0 }, "geometry": { "type": "Polygon", "coordinates": [ [ [ 85.50387, 28.30249 ], [ 85.50407, 28.30249 ], [ 85.50407, 28.30231 ], [ 85.50428, 28.30232 ], [ 85.50428, 28.30178 ], [ 85.50388, 28.30177 ], [ 85.50387, 28.30249 ] ] ] } },
{ "type": "Feature", "properties": { "area_m2": 20400.0 }, "geometry": { "type": "Polygon", "coordinates": [ [ [ 85.33461, 28.30125 ], [ 85.33502, 28.30126 ], [ 85.33503, 28.3009 ], [ 85.33523, 28.3009 ], [ 85.33523, 28.30072 ], [ 85.33544, 28.30072 ], [ 85.33545, 28.30018 ], [ 85.33524, 28.30018 ], [ 85.33524, 28.30036 ], [ 85.33504, 28.30036 ], [ 85.33503, 28.30054 ], [ 85.33483, 28.30054 ], [ 85.33483, 28.30035 ], [ 85.33463, 28.30035 ], [ 85.33463, 28.30017 ], [ 85.33402, 28.30016 ], [ 85.33402, 28.29998 ], [ 85.33382, 28.29998 ], [ 85.33382, 28.2998 ], [ 85.3328, 28.29979 ], [ 85.33279, 28.30033 ], [ 85.33361, 28.30034 ], [ 85.33361, 28.30052 ], [ 85.3332, 28.30052 ], [ 85.3332, 28.3007 ], [ 85.3334, 28.3007 ], [ 85.33339, 28.30106 ], [ 85.3336, 28.30106 ], [ 85.3336, 28.30088 ], [ 85.33421, 28.30089 ], [ 85.33422, 28.30071 ], [ 85.33462, 28.30071 ], [ 85.33462, 28.30089 ], [ 85.33482, 28.3009 ], [ 85.33482, 28.30108 ], [ 85.33462, 28.30107 ], [ 85.33461, 28.30125 ] ] ] } },
{ "type": "Feature", "properties": { "area_m2": 2000.0 }, "geometry": { "type": "Polygon", "coordinates": [ [ [ 85.40212, 28.30098 ], [ 85.40233, 28.30098 ], [ 85.40233, 28.30044 ], [ 85.40193, 28.30043 ], [ 85.40192, 28.3008 ], [ 85.40212, 28.3008 ], [ 85.40212, 28.30098 ] ] ] } },
{ "type": "Feature", "properties": { "area_m2": 4400.0 }, "geometry": { "type": "Polygon", "coordinates": [ [ [ 85.33036, 28.29976 ], [ 85.33056, 28.29976 ], [ 85.33056, 28.29958 ], [ 85.33077, 28.29958 ], [ 85.33076, 28.29976 ], [ 85.33097, 28.29977 ], [ 85.33097, 28.29941 ], [ 85.33077, 28.2994 ], [ 85.33077, 28.29922 ], [ 85.33016, 28.29921 ], [ 85.33016, 28.29903 ], [ 85.32975, 28.29903 ], [ 85.32975, 28.29921 ], [ 85.32996, 28.29921 ], [ 85.32995, 28.29939 ], [ 85.33036, 28.2994 ], [ 85.33036, 28.29976 ] ] ] } },
{ "type": "Feature", "properties": { "area_m2": 7200.0 }, "geometry": { "type": "Polygon", "coordinates": [ [ [ 85.35114, 28.30055 ], [ 85.35155, 28.30056 ], [ 85.35156, 28.3002 ], [ 85.35135, 28.30019 ], [ 85.35136, 28.29983 ], [ 85.35156, 28.29984 ], [ 85.35157, 28.29966 ], [ 85.35177, 28.29966 ], [ 85.35178, 28.2993 ], [ 85.35157, 28.29929 ], [ 85.35157, 28.29911 ], [ 85.35137, 28.29911 ], [ 85.35137, 28.29929 ], [ 85.35096, 28.29929 ], [ 85.35096, 28.29947 ], [ 85.35116, 28.29947 ], [ 85.35116, 28.29983 ], [ 85.35095, 28.29983 ], [ 85.35095, 28.30019 ], [ 85.35115, 28.30019 ], [ 85.35114, 28.30055 ] ] ] } },
{ "type": "Feature", "properties": { "area_m2": 2800.0 }, "geometry": { "type": "Polygon", "coordinates": [ [ [ 85.50674, 28.30126 ], [ 85.50715, 28.30126 ], [ 85.50715, 28.30108 ], [ 85.50735, 28.30109 ], [ 85.50736, 28.30091 ], [ 85.50756, 28.30091 ], [ 85.50756, 28.30073 ], [ 85.50715, 28.30072 ], [ 85.50715, 28.3009 ], [ 85.50674, 28.3009 ], [ 85.50674, 28.30126 ] ] ] } },
{ "type": "Feature", "properties": { "area_m2": 2400.0 }, "geometry": { "type": "Polygon", "coordinates": [ [ [ 85.31181, 28.29881 ], [ 85.31202, 28.29881 ], [ 85.31202, 28.29863 ], [ 85.31222, 28.29863 ], [ 85.31223, 28.29827 ], [ 85.31182, 28.29827 ], [ 85.31182, 28.29845 ], [ 85.31161, 28.29845 ], [ 85.31161, 28.29863 ], [ 85.31182, 28.29863 ], [ 85.31181, 28.29881 ] ] ] } },
{ "type": "Feature", "properties": { "area_m2": 4000.0 }, "geometry": { "type": "Polygon", "coordinates": [ [ [ 85.50798, 28.29983 ], [ 85.50839, 28.29983 ], [ 85.5084, 28.29947 ], [ 85.5088, 28.29948 ], [ 85.50881, 28.29912 ], [ 85.5082, 28.29911 ], [ 85.50819, 28.29947 ], [ 85.50799, 28.29947 ], [ 85.50798, 28.29983 ] ] ] } },
{ "type": "Feature", "properties": { "area_m2": 2800.0 }, "geometry": { "type": "Polygon", "coordinates": [ [ [ 85.25332, 28.29663 ], [ 85.25373, 28.29663 ], [ 85.25373, 28.29627 ], [ 85.25394, 28.29628 ], [ 85.25394, 28.2961 ], [ 85.25333, 28.29609 ], [ 85.25332, 28.29663 ] ] ] } },
{ "type": "Feature", "properties": { "area_m2": 26800.0 }, "geometry": { "type": "Polygon", "coordinates": [ [ [ 85.34953, 28.29945 ], [ 85.35055, 28.29946 ], [ 85.35055, 28.2991 ], [ 85.35035, 28.2991 ], [ 85.35035, 28.29892 ], [ 85.35056, 28.29892 ], [ 85.35056, 28.29874 ], [ 85.35076, 28.29874 ], [ 85.35077, 28.29856 ], [ 85.35117, 28.29857 ], [ 85.35119, 28.29748 ], [ 85.3514, 28.29749 ], [ 85.3514, 28.29713 ], [ 85.35099, 28.29712 ], [ 85.35099, 28.2973 ], [ 85.35079, 28.2973 ], [ 85.35078, 28.29748 ], [ 85.35099, 28.29748 ], [ 85.35098, 28.29766 ], [ 85.35037, 28.29766 ], [ 85.35037, 28.29784 ], [ 85.34996, 28.29783 ], [ 85.34997, 28.29765 ], [ 85.34976, 28.29765 ], [ 85.34976, 28.29747 ], [ 85.34936, 28.29746 ], [ 85.34935, 28.29764 ], [ 85.34956, 28.29765 ], [ 85.34955, 28.29783 ], [ 85.34976, 28.29783 ], [ 85.34975, 28.29819 ], [ 85.34935, 28.29818 ], [ 85.34933, 28.29927 ], [ 85.34953, 28.29927 ], [ 85.34953, 28.29945 ] ], [ [ 85.34974, 28.29891 ], [ 85.34975, 28.29837 ], [ 85.35016, 28.29837 ], [ 85.35016, 28.29856 ], [ 85.35036, 28.29856 ], [ 85.35035, 28.29892 ], [ 85.34974, 28.29891 ] ] ] } },
{ "type": "Feature", "properties": { "area_m2": 2800.0 }, "geometry": { "type": "Polygon", "coordinates": [ [ [ 85.32366, 28.29751 ], [ 85.32386, 28.29751 ], [ 85.32387, 28.29715 ], [ 85.32407, 28.29715 ], [ 85.32408, 28.29679 ], [ 85.32347, 28.29679 ], [ 85.32347, 28.29697 ], [ 85.32367, 28.29697 ], [ 85.32366, 28.29751 ] ] ] } },
{ "type": "Feature", "properties": { "area_m2": 4400.0 }, "geometry": { "type": "Polygon", "coordinates": [ [ [ 85.39728, 28.29767 ], [ 85.39748, 28.29768 ], [ 85.39749, 28.29731 ], [ 85.39769, 28.29732 ], [ 85.3977, 28.29678 ], [ 85.39729, 28.29677 ], [ 85.39729, 28.29695 ], [ 85.39708, 28.29695 ], [ 85.39708, 28.29749 ], [ 85.39728, 28.29749 ], [ 85.39728, 28.29767 ] ] ] } },
{ "type": "Feature", "properties": { "area_m2": 9200.0 }, "geometry": { "type": "Polygon", "coordinates": [ [ [ 85.39565, 28.29747 ], [ 85.39606, 28.29748 ], [ 85.39606, 28.2973 ], [ 85.39626, 28.2973 ], [ 85.39628, 28.2964 ], [ 85.39607, 28.29639 ], [ 85.39608, 28.29621 ], [ 85.39567, 28.29621 ], [ 85.39566, 28.29657 ], [ 85.39546, 28.29657 ], [ 85.39545, 28.29729 ], [ 85.39565, 28.29729 ], [ 85.39565, 28.29747 ] ] ] } },
{ "type": "Feature", "properties": { "area_m2": 25200.0 }, "geometry": { "type": "Polygon", "coordinates": [ [ [ 85.34895, 28.29746 ], [ 85.34915, 28.29746 ], [ 85.34916, 28.29728 ], [ 85.34956, 28.29728 ], [ 85.34957, 28.29692 ], [ 85.34977, 28.29693 ], [ 85.34978, 28.29675 ], [ 85.34998, 28.29675 ], [ 85.34998, 28.29693 ], [ 85.35018, 28.29693 ], [ 85.35018, 28.29675 ], [ 85.35039, 28.29675 ], [ 85.35039, 28.29657 ], [ 85.35059, 28.29658 ], [ 85.35059, 28.29676 ], [ 85.35079, 28.29676 ], [ 85.3508, 28.29658 ], [ 85.35141, 28.29658 ], [ 85.35141, 28.29677 ], [ 85.35181, 28.29677 ], [ 85.35182, 28.29659 ], [ 85.35161, 28.29659 ], [ 85.35162, 28.29605 ], [ 85.35183, 28.29605 ], [ 85.35183, 28.29587 ], [ 85.35122, 28.29586 ], [ 85.35122, 28.29568 ], [ 85.35142, 28.29568 ], [ 85.35143, 28.2955 ], [ 85.35102, 28.2955 ], [ 85.35102, 28.29568 ], [ 85.35081, 28.29568 ], [ 85.35081, 28.29586 ], [ 85.3504, 28.29585 ], [ 85.3504, 28.29603 ], [ 85.34999, 28.29603 ], [ 85.34999, 28.29621 ], [ 85.34978, 28.2962 ], [ 85.34978, 28.29638 ], [ 85.34937, 28.29638 ], [ 85.34938, 28.2962 ], [ 85.34917, 28.2962 ], [ 85.34917, 28.29656 ], [ 85.34896, 28.29656 ], [ 85.34895, 28.29746 ] ] ] } },
{ "type": "Feature", "properties": { "area_m2": 2000.0 }, "geometry": { "type": "Polygon", "coordinates": [ [ [ 85.39649, 28.29604 ], [ 85.3975, 28.29605 ], [ 85.39751, 28.29587 ], [ 85.39649, 28.29586 ], [ 85.39649, 28.29604 ] ] ] } },
{ "type": "Feature", "properties": { "area_m2": 2000.0 }, "geometry": { "type": "Polygon", "coordinates": [ [ [ 85.2538, 28.29212 ], [ 85.25401, 28.29213 ], [ 85.25401, 28.29194 ], [ 85.25421, 28.29195 ], [ 85.25422, 28.29141 ], [ 85.25402, 28.2914 ], [ 85.25401, 28.29176 ], [ 85.25381, 28.29176 ], [ 85.2538, 28.29212 ] ] ] } },
{ "type": "Feature", "properties": { "area_m2": 6000.0 }, "geometry": { "type": "Polygon", "coordinates": [ [ [ 85.34821, 28.29258 ], [ 85.34841, 28.29258 ], [ 85.34842, 28.29222 ], [ 85.34862, 28.29222 ], [ 85.34862, 28.2924 ], [ 85.34882, 28.2924 ], [ 85.34883, 28.29186 ], [ 85.34863, 28.29186 ], [ 85.34863, 28.29168 ], [ 85.34843, 28.29168 ], [ 85.34843, 28.2915 ], [ 85.34802, 28.29149 ], [ 85.34801, 28.29203 ], [ 85.34822, 28.29203 ], [ 85.34821, 28.29258 ] ] ] } },
{ "type": "Feature", "properties": { "area_m2": 2400.0 }, "geometry": { "type": "Polygon", "coordinates": [ [ [ 85.39858, 28.29227 ], [ 85.39899, 28.29228 ], [ 85.39899, 28.2921 ], [ 85.39879, 28.29209 ], [ 85.39879, 28.29173 ], [ 85.39839, 28.29173 ], [ 85.39838, 28.29209 ], [ 85.39858, 28.29209 ], [ 85.39858, 28.29227 ] ] ] } },
{ "type": "Feature", "properties": { "area_m2": 5600.0 }, "geometry": { "type": "Polygon", "coordinates": [ [ [ 85.34944, 28.29205 ], [ 85.34985, 28.29205 ], [ 85.34985, 28.29187 ], [ 85.35005, 28.29188 ], [ 85.35006, 28.2917 ], [ 85.34985, 28.29169 ], [ 85.34986, 28.29151 ], [ 85.35006, 28.29151 ], [ 85.35006, 28.29133 ], [ 85.34986, 28.29133 ], [ 85.34987, 28.29061 ], [ 85.34967, 28.29061 ], [ 85.34965, 28.29151 ], [ 85.34945, 28.29151 ], [ 85.34945, 28.29169 ], [ 85.34924, 28.29169 ], [ 85.34924, 28.29187 ], [ 85.34944, 28.29187 ], [ 85.34944, 28.29205 ] ] ] } },
{ "type": "Feature", "properties": { "area_m2": 3200.0 }, "geometry": { "type": "Polygon", "coordinates": [ [ [ 85.34621, 28.2902 ], [ 85.34641, 28.29021 ], [ 85.34641, 28.29003 ], [ 85.34662, 28.29003 ], [ 85.34661, 28.29021 ], [ 85.34682, 28.29021 ], [ 85.34683, 28.28967 ], [ 85.34662, 28.28967 ], [ 85.34662, 28.28949 ], [ 85.34642, 28.28949 ], [ 85.34642, 28.28985 ], [ 85.34621, 28.28984 ], [ 85.34621, 28.2902 ] ] ] } },
{ "type": "Feature", "properties": { "area_m2": 2400.0 }, "geometry": { "type": "Polygon", "coordinates": [ [ [ 85.34784, 28.29004 ], [ 85.34804, 28.29005 ], [ 85.34805, 28.28987 ], [ 85.34825, 28.28987 ], [ 85.34825, 28.28969 ], [ 85.34846, 28.28969 ], [ 85.34846, 28.28933 ], [ 85.34826, 28.28933 ], [ 85.34826, 28.28951 ], [ 85.34805, 28.2895 ], [ 85.34805, 28.28969 ], [ 85.34785, 28.28968 ], [ 85.34784, 28.29004 ] ] ] } },
{ "type": "Feature", "properties": { "area_m2": 2000.0 }, "geometry": { "type": "Polygon", "coordinates": [ [ [ 85.34642, 28.2893 ], [ 85.34704, 28.28931 ], [ 85.34704, 28.28895 ], [ 85.34663, 28.28895 ], [ 85.34663, 28.28913 ], [ 85.34643, 28.28912 ], [ 85.34642, 28.2893 ] ] ] } },
{ "type": "Feature", "properties": { "area_m2": 163200.0 }, "geometry": { "type": "Polygon", "coordinates": [ [ [ 85.50469, 28.30178 ], [ 85.5049, 28.30178 ], [ 85.5049, 28.30142 ], [ 85.50511, 28.30142 ], [ 85.50511, 28.30124 ], [ 85.50572, 28.30125 ], [ 85.50572, 28.30107 ], [ 85.50593, 28.30107 ], [ 85.50593, 28.30089 ], [ 85.50572, 28.30089 ], [ 85.50573, 28.30035 ], [ 85.50532, 28.30034 ], [ 85.50533, 28.30016 ], [ 85.50553, 28.30016 ], [ 85.50553, 28.29998 ], [ 85.50574, 28.29999 ], [ 85.50573, 28.30017 ], [ 85.50635, 28.30017 ], [ 85.50635, 28.29963 ], [ 85.50656, 28.29963 ], [ 85.50656, 28.29927 ], [ 85.50677, 28.29928 ], [ 85.50677, 28.29891 ], [ 85.50698, 28.29892 ], [ 85.50698, 28.29856 ], [ 85.50718, 28.29856 ], [ 85.50719, 28.29838 ], [ 85.50678, 28.29837 ], [ 85.50679, 28.29765 ], [ 85.5074, 28.29766 ], [ 85.5074, 28.29748 ], [ 85.50761, 28.29748 ], [ 85.50761, 28.29712 ], [ 85.50782, 28.29712 ], [ 85.50781, 28.29748 ], [ 85.50802, 28.29748 ], [ 85.50801, 28.29766 ], [ 85.50822, 28.29767 ], [ 85.50822, 28.29731 ], [ 85.50863, 28.29731 ], [ 85.50863, 28.29713 ], [ 85.50884, 28.29713 ], [ 85.50884, 28.29677 ], [ 85.50905, 28.29677 ], [ 85.50906, 28.29569 ], [ 85.50926, 28.29569 ], [ 85.50927, 28.29497 ], [ 85.50948, 28.29497 ], [ 85.50948, 28.29515 ], [ 85.50968, 28.29516 ], [ 85.50968, 28.29534 ], [ 85.51008, 28.29534 ], [ 85.51009, 28.29516 ], [ 85.5105, 28.29516 ], [ 85.51049, 28.29534 ], [ 85.5107, 28.29535 ], [ 85.5107, 28.29499 ], [ 85.51091, 28.29499 ], [ 85.51091, 28.29481 ], [ 85.51132, 28.29481 ], [ 85.51132, 28.29463 ], [ 85.51152, 28.29463 ], [ 85.51152, 28.29445 ], [ 85.51173, 28.29446 ], [ 85.51173, 28.29409 ], [ 85.51194, 28.2941 ], [ 85.51194, 28.29392 ], [ 85.51255, 28.29392 ], [ 85.51256, 28.29356 ], [ 85.51276, 28.29356 ], [ 85.51277, 28.2932 ], [ 85.51297, 28.29321 ], [ 85.51298, 28.29212 ], [ 85.51278, 28.29212 ], [ 85.51279, 28.29176 ], [ 85.51258, 28.29176 ], [ 85.51258, 28.29158 ], [ 85.51197, 28.29157 ], [ 85.51198, 28.29103 ], [ 85.51178, 28.29103 ], [ 85.51178, 28.29067 ], [ 85.51137, 28.29066 ], [ 85.51136, 28.29192 ], [ 85.51095, 28.29192 ], [ 85.51095, 28.2921 ], [ 85.51115, 28.2921 ], [ 85.51114, 28.29301 ], [ 85.50991, 28.29299 ], [ 85.50991, 28.29335 ], [ 85.51011, 28.29336 ], [ 85.5101, 28.2939 ], [ 85.5097, 28.29389 ], [ 85.50969, 28.29443 ], [ 85.50887, 28.29442 ], [ 85.50886, 28.29533 ], [ 85.50866, 28.29532 ], [ 85.50865, 28.29605 ], [ 85.50722, 28.29603 ], [ 85.50722, 28.29639 ], [ 85.50701, 28.29639 ], [ 85.507, 28.29693 ], [ 85.5068, 28.29693 ], [ 85.50679, 28.29729 ], [ 85.50659, 28.29729 ], [ 85.50657, 28.29855 ], [ 85.50678, 28.29855 ], [ 85.50677, 28.29873 ], [ 85.50657, 28.29873 ], [ 85.50657, 28.29909 ], [ 85.50595, 28.29909 ], [ 85.50596, 28.29872 ], [ 85.50576, 28.29872 ], [ 85.50576, 28.29854 ], [ 85.50555, 28.29854 ], [ 85.50554, 28.29926 ], [ 85.50514, 28.29926 ], [ 85.50514, 28.29908 ], [ 85.50473, 28.29907 ], [ 85.50471, 28.30088 ], [ 85.50491, 28.30088 ], [ 85.5049, 28.30124 ], [ 85.5047, 28.30124 ], [ 85.50469, 28.30178 ] ] ] } },
{ "type": "Feature", "properties": { "area_m2": 8800.0 }, "geometry": { "type": "Polygon", "coordinates": [ [ [ 85.34724, 28.28913 ], [ 85.34867, 28.28915 ], [ 85.34867, 28.28879 ], [ 85.34847, 28.28879 ], [ 85.34847, 28.28861 ], [ 85.34827, 28.28861 ], [ 85.34827, 28.28879 ], [ 85.34806, 28.28878 ], [ 85.34807, 28.2886 ], [ 85.34684, 28.28859 ], [ 85.34684, 28.28877 ], [ 85.34704, 28.28877 ], [ 85.34704, 28.28895 ], [ 85.34724, 28.28895 ], [ 85.34724, 28.28913 ] ] ] } },
{ "type": "Feature", "properties": { "area_m2": 2000.0 }, "geometry": { "type": "Polygon", "coordinates": [ [ [ 85.35499, 28.28887 ], [ 85.3552, 28.28887 ], [ 85.3552, 28.28869 ], [ 85.35561, 28.28869 ], [ 85.35561, 28.28851 ], [ 85.35541, 28.28851 ], [ 85.35541, 28.28833 ], [ 85.35521, 28.28833 ], [ 85.3552, 28.28851 ], [ 85.355, 28.28851 ], [ 85.35499, 28.28887 ] ] ] } },
{ "type": "Feature", "properties": { "area_m2": 5200.0 }, "geometry": { "type": "Polygon", "coordinates": [ [ [ 85.35419, 28.28814 ], [ 85.3546, 28.28814 ], [ 85.3546, 28.28796 ], [ 85.3548, 28.28796 ], [ 85.35481, 28.28778 ], [ 85.35501, 28.28778 ], [ 85.35501, 28.28796 ], [ 85.35542, 28.28797 ], [ 85.35542, 28.28779 ], [ 85.35562, 28.28779 ], [ 85.35563, 28.28761 ], [ 85.35461, 28.2876 ], [ 85.3546, 28.28778 ], [ 85.35399, 28.28777 ], [ 85.35399, 28.28795 ], [ 85.35419, 28.28795 ], [ 85.35419, 28.28814 ] ] ] } },
{ "type": "Feature", "properties": { "area_m2": 11600.0 }, "geometry": { "type": "Polygon", "coordinates": [ [ [ 85.38986, 28.2891 ], [ 85.39047, 28.28911 ], [ 85.39048, 28.28857 ], [ 85.39068, 28.28857 ], [ 85.39069, 28.28839 ], [ 85.39028, 28.28838 ], [ 85.39028, 28.2882 ], [ 85.39008, 28.2882 ], [ 85.39008, 28.28802 ], [ 85.38947, 28.28801 ], [ 85.38947, 28.28783 ], [ 85.38906, 28.28783 ], [ 85.38906, 28.28819 ], [ 85.38926, 28.28819 ], [ 85.38926, 28.28855 ], [ 85.38966, 28.28856 ], [ 85.38966, 28.28874 ], [ 85.38987, 28.28874 ], [ 85.38986, 28.2891 ] ] ] } },
{ "type": "Feature", "properties": { "area_m2": 2000.0 }, "geometry": { "type": "Polygon", "coordinates": [ [ [ 85.39252, 28.28823 ], [ 85.39293, 28.28824 ], [ 85.39294, 28.28787 ], [ 85.39233, 28.28787 ], [ 85.39232, 28.28805 ], [ 85.39253, 28.28805 ], [ 85.39252, 28.28823 ] ] ] } },
{ "type": "Feature", "properties": { "area_m2": 2400.0 }, "geometry": { "type": "Polygon", "coordinates": [ [ [ 85.35379, 28.28741 ], [ 85.3542, 28.28741 ], [ 85.3542, 28.28723 ], [ 85.35441, 28.28724 ], [ 85.35441, 28.28705 ], [ 85.3536, 28.28704 ], [ 85.35359, 28.28723 ], [ 85.3538, 28.28723 ], [ 85.35379, 28.28741 ] ] ] } },
{ "type": "Feature", "properties": { "area_m2": 2800.0 }, "geometry": { "type": "Polygon", "coordinates": [ [ [ 85.38845, 28.288 ], [ 85.38886, 28.28801 ], [ 85.38886, 28.28783 ], [ 85.38906, 28.28783 ], [ 85.38907, 28.28765 ], [ 85.38866, 28.28764 ], [ 85.38866, 28.28746 ], [ 85.38825, 28.28746 ], [ 85.38825, 28.28764 ], [ 85.38845, 28.28764 ], [ 85.38845, 28.288 ] ] ] } },
{ "type": "Feature", "properties": { "area_m2": 7600.0 }, "geometry": { "type": "Polygon", "coordinates": [ [ [ 85.39396, 28.28771 ], [ 85.39416, 28.28771 ], [ 85.39417, 28.28753 ], [ 85.39437, 28.28753 ], [ 85.39437, 28.28735 ], [ 85.39478, 28.28735 ], [ 85.39478, 28.28717 ], [ 85.39499, 28.28718 ], [ 85.39499, 28.287 ], [ 85.3954, 28.287 ], [ 85.3954, 28.28682 ], [ 85.39581, 28.28683 ], [ 85.39581, 28.28646 ], [ 85.39561, 28.28646 ], [ 85.39561, 28.28664 ], [ 85.395, 28.28664 ], [ 85.39499, 28.28682 ], [ 85.39479, 28.28681 ], [ 85.39479, 28.28699 ], [ 85.39438, 28.28699 ], [ 85.39438, 28.28717 ], [ 85.39397, 28.28716 ], [ 85.39396, 28.28735 ], [ 85.39376, 28.28734 ], [ 85.39376, 28.28752 ], [ 85.39396, 28.28753 ], [ 85.39396, 28.28771 ] ] ] } },
{ "type": "Feature", "properties": { "area_m2": 3600.0 }, "geometry": { "type": "Polygon", "coordinates": [ [ [ 85.35646, 28.28636 ], [ 85.35707, 28.28636 ], [ 85.35708, 28.28618 ], [ 85.35728, 28.28619 ], [ 85.35728, 28.28601 ], [ 85.35769, 28.28601 ], [ 85.35769, 28.28583 ], [ 85.35708, 28.28582 ], [ 85.35708, 28.286 ], [ 85.35667, 28.286 ], [ 85.35667, 28.28618 ], [ 85.35646, 28.28618 ], [ 85.35646, 28.28636 ] ] ] } },
{ "type": "Feature", "properties": { "area_m2": 3200.0 }, "geometry": { "type": "Polygon", "coordinates": [ [ [ 85.35789, 28.28637 ], [ 85.3583, 28.28638 ], [ 85.3583, 28.2862 ], [ 85.3585, 28.2862 ], [ 85.3585, 28.28602 ], [ 85.35891, 28.28603 ], [ 85.35892, 28.28585 ], [ 85.3583, 28.28584 ], [ 85.3583, 28.28602 ], [ 85.35789, 28.28601 ], [ 85.35789, 28.28637 ] ] ] } },
{ "type": "Feature", "properties": { "area_m2": 4800.0 }, "geometry": { "type": "Polygon", "coordinates": [ [ [ 85.35972, 28.2864 ], [ 85.36013, 28.2864 ], [ 85.36013, 28.28622 ], [ 85.36034, 28.28622 ], [ 85.36034, 28.28586 ], [ 85.35912, 28.28585 ], [ 85.35912, 28.28603 ], [ 85.35952, 28.28603 ], [ 85.35952, 28.28621 ], [ 85.35973, 28.28622 ], [ 85.35972, 28.2864 ] ] ] } },
{ "type": "Feature", "properties": { "area_m2": 22800.0 }, "geometry": { "type": "Polygon", "coordinates": [ [ [ 85.36665, 28.28666 ], [ 85.36951, 28.28669 ], [ 85.36951, 28.28651 ], [ 85.37032, 28.28652 ], [ 85.37033, 28.28634 ], [ 85.37073, 28.28635 ], [ 85.37074, 28.28617 ], [ 85.37114, 28.28617 ], [ 85.37115, 28.28599 ], [ 85.37074, 28.28599 ], [ 85.37074, 28.28581 ], [ 85.37033, 28.2858 ], [ 85.37033, 28.28598 ], [ 85.36952, 28.28597 ], [ 85.36951, 28.28615 ], [ 85.36788, 28.28613 ], [ 85.36788, 28.28631 ], [ 85.36727, 28.28631 ], [ 85.36727, 28.28613 ], [ 85.36686, 28.28612 ], [ 85.36686, 28.28648 ], [ 85.36665, 28.28648 ], [ 85.36665, 28.28666 ] ] ] } },
{ "type": "Feature", "properties": { "area_m2": 4800.0 }, "geometry": { "type": "Polygon", "coordinates": [ [ [ 85.36319, 28.28608 ], [ 85.36381, 28.28608 ], [ 85.36381, 28.2859 ], [ 85.36401, 28.28591 ], [ 85.36401, 28.28573 ], [ 85.36218, 28.2857 ], [ 85.36218, 28.28588 ], [ 85.3632, 28.2859 ], [ 85.36319, 28.28608 ] ] ] } },
{ "type": "Feature", "properties": { "area_m2": 2000.0 }, "geometry": { "type": "Polygon", "coordinates": [ [ [ 85.35871, 28.28566 ], [ 85.35953, 28.28567 ], [ 85.35954, 28.28531 ], [ 85.35933, 28.28531 ], [ 85.35933, 28.28549 ], [ 85.35872, 28.28548 ], [ 85.35871, 28.28566 ] ] ] } },
{ "type": "Feature", "properties": { "area_m2": 7600.0 }, "geometry": { "type": "Polygon", "coordinates": [ [ [ 85.35973, 28.28567 ], [ 85.36157, 28.2857 ], [ 85.36157, 28.28552 ], [ 85.36198, 28.28552 ], [ 85.36198, 28.28534 ], [ 85.36239, 28.28535 ], [ 85.36239, 28.28517 ], [ 85.36137, 28.28515 ], [ 85.36137, 28.28533 ], [ 85.36117, 28.28533 ], [ 85.36116, 28.28551 ], [ 85.36055, 28.2855 ], [ 85.36055, 28.28532 ], [ 85.36035, 28.28532 ], [ 85.36035, 28.2855 ], [ 85.35974, 28.28549 ], [ 85.35973, 28.28567 ] ] ] } },
{ "type": "Feature", "properties": { "area_m2": 24800.0 }, "geometry": { "type": "Polygon", "coordinates": [ [ [ 85.38927, 28.28765 ], [ 85.38968, 28.28766 ], [ 85.38968, 28.28748 ], [ 85.39009, 28.28748 ], [ 85.3901, 28.28694 ], [ 85.38989, 28.28694 ], [ 85.3899, 28.28676 ], [ 85.38969, 28.28675 ], [ 85.3897, 28.28639 ], [ 85.39072, 28.2864 ], [ 85.39072, 28.28622 ], [ 85.39052, 28.28622 ], [ 85.39052, 28.28604 ], [ 85.39011, 28.28604 ], [ 85.39012, 28.28568 ], [ 85.38991, 28.28567 ], [ 85.38991, 28.28549 ], [ 85.38951, 28.28549 ], [ 85.3895, 28.28567 ], [ 85.3891, 28.28566 ], [ 85.38909, 28.28584 ], [ 85.38869, 28.28584 ], [ 85.38869, 28.28566 ], [ 85.38828, 28.28565 ], [ 85.38828, 28.28601 ], [ 85.38848, 28.28602 ], [ 85.38848, 28.2862 ], [ 85.38868, 28.2862 ], [ 85.38868, 28.28638 ], [ 85.38888, 28.28638 ], [ 85.38888, 28.28656 ], [ 85.38908, 28.28657 ], [ 85.38908, 28.28675 ], [ 85.38928, 28.28675 ], [ 85.38928, 28.28711 ], [ 85.38907, 28.28711 ], [ 85.38907, 28.28729 ], [ 85.38948, 28.28729 ], [ 85.38948, 28.28747 ], [ 85.38927, 28.28747 ], [ 85.38927, 28.28765 ] ] ] } },
{ "type": "Feature", "properties": { "area_m2": 2400.0 }, "geometry": { "type": "Polygon", "coordinates": [ [ [ 85.35199, 28.2854 ], [ 85.3526, 28.28541 ], [ 85.35261, 28.28505 ], [ 85.35199, 28.28504 ], [ 85.35199, 28.2854 ] ] ] } },
{ "type": "Feature", "properties": { "area_m2": 13600.0 }, "geometry": { "type": "Polygon", "coordinates": [ [ [ 85.36503, 28.28592 ], [ 85.36564, 28.28593 ], [ 85.36565, 28.28575 ], [ 85.36585, 28.28575 ], [ 85.36586, 28.28539 ], [ 85.36484, 28.28538 ], [ 85.36484, 28.28519 ], [ 85.36463, 28.28519 ], [ 85.36463, 28.28537 ], [ 85.36443, 28.28537 ], [ 85.36443, 28.28501 ], [ 85.36423, 28.28501 ], [ 85.36423, 28.28519 ], [ 85.36382, 28.28518 ], [ 85.36382, 28.28536 ], [ 85.36361, 28.28536 ], [ 85.36362, 28.285 ], [ 85.36341, 28.285 ], [ 85.36341, 28.28518 ], [ 85.3626, 28.28517 ], [ 85.36259, 28.28535 ], [ 85.363, 28.28535 ], [ 85.363, 28.28553 ], [ 85.36463, 28.28555 ], [ 85.36463, 28.28573 ], [ 85.36503, 28.28574 ], [ 85.36503, 28.28592 ] ] ] } },
{ "type": "Feature", "properties": { "area_m2": 20800.0 }, "geometry": { "type": "Polygon", "coordinates": [ [ [ 85.36687, 28.28576 ], [ 85.36809, 28.28578 ], [ 85.3681, 28.28559 ], [ 85.3683, 28.2856 ], [ 85.3683, 28.28578 ], [ 85.3685, 28.28578 ], [ 85.3685, 28.2856 ], [ 85.36952, 28.28561 ], [ 85.36952, 28.28543 ], [ 85.37034, 28.28544 ], [ 85.37035, 28.2849 ], [ 85.37076, 28.2849 ], [ 85.37076, 28.28454 ], [ 85.37056, 28.28454 ], [ 85.37056, 28.28472 ], [ 85.36994, 28.28471 ], [ 85.36994, 28.28489 ], [ 85.36953, 28.28489 ], [ 85.36953, 28.28507 ], [ 85.36871, 28.28506 ], [ 85.36871, 28.28524 ], [ 85.36749, 28.28523 ], [ 85.36749, 28.28541 ], [ 85.36728, 28.2854 ], [ 85.36729, 28.28522 ], [ 85.36708, 28.28522 ], [ 85.36708, 28.2854 ], [ 85.36687, 28.2854 ], [ 85.36687, 28.28576 ] ] ] } },
{ "type": "Feature", "properties": { "area_m2": 5200.0 }, "geometry": { "type": "Polygon", "coordinates": [ [ [ 85.3473, 28.28552 ], [ 85.3475, 28.28553 ], [ 85.34751, 28.28499 ], [ 85.34771, 28.28499 ], [ 85.34772, 28.28481 ], [ 85.34792, 28.28481 ], [ 85.34792, 28.28463 ], [ 85.34772, 28.28463 ], [ 85.34772, 28.28427 ], [ 85.34752, 28.28426 ], [ 85.34752, 28.28463 ], [ 85.34731, 28.28462 ], [ 85.34731, 28.28444 ], [ 85.34711, 28.28444 ], [ 85.3471, 28.28498 ], [ 85.34731, 28.28498 ], [ 85.3473, 28.28552 ] ] ] } },
{ "type": "Feature", "properties": { "area_m2": 2000.0 }, "geometry": { "type": "Polygon", "coordinates": [ [ [ 85.34813, 28.28445 ], [ 85.34915, 28.28446 ], [ 85.34915, 28.28428 ], [ 85.34813, 28.28427 ], [ 85.34813, 28.28445 ] ] ] } },
{ "type": "Feature", "properties": { "area_m2": 7200.0 }, "geometry": { "type": "Polygon", "coordinates": [ [ [ 85.35363, 28.28488 ], [ 85.35444, 28.28489 ], [ 85.35445, 28.28453 ], [ 85.35425, 28.28453 ], [ 85.35425, 28.28435 ], [ 85.35384, 28.28434 ], [ 85.35384, 28.28416 ], [ 85.35344, 28.28416 ], [ 85.35343, 28.28434 ], [ 85.35323, 28.28433 ], [ 85.35323, 28.28451 ], [ 85.35302, 28.28451 ], [ 85.35302, 28.28469 ], [ 85.35363, 28.2847 ], [ 85.35363, 28.28488 ] ] ] } },
{ "type": "Feature", "properties": { "area_m2": 16400.0 }, "geometry": { "type": "Polygon", "coordinates": [ [ [ 85.35138, 28.28557 ], [ 85.35158, 28.28558 ], [ 85.35158, 28.2854 ], [ 85.35179, 28.2854 ], [ 85.35179, 28.28504 ], [ 85.35159, 28.28504 ], [ 85.35159, 28.28467 ], [ 85.3518, 28.28468 ], [ 85.3518, 28.2845 ], [ 85.3516, 28.28449 ], [ 85.3516, 28.28431 ], [ 85.35139, 28.28431 ], [ 85.3514, 28.28413 ], [ 85.35058, 28.28412 ], [ 85.35058, 28.28394 ], [ 85.3512, 28.28395 ], [ 85.3512, 28.28359 ], [ 85.351, 28.28358 ], [ 85.351, 28.28376 ], [ 85.35038, 28.28376 ], [ 85.35038, 28.28394 ], [ 85.34997, 28.28393 ], [ 85.34998, 28.28375 ], [ 85.34977, 28.28375 ], [ 85.34977, 28.28411 ], [ 85.35017, 28.28412 ], [ 85.35017, 28.2843 ], [ 85.35038, 28.2843 ], [ 85.35037, 28.28448 ], [ 85.35058, 28.28448 ], [ 85.35057, 28.28484 ], [ 85.35037, 28.28484 ], [ 85.35036, 28.28502 ], [ 85.35077, 28.28503 ], [ 85.35077, 28.28521 ], [ 85.35097, 28.28521 ], [ 85.35098, 28.28467 ], [ 85.35139, 28.28467 ], [ 85.35138, 28.28557 ] ] ] } },
{ "type": "Feature", "properties": { "area_m2": 41200.0 }, "geometry": { "type": "Polygon", "coordinates": [ [ [ 85.38643, 28.28671 ], [ 85.38745, 28.28673 ], [ 85.38745, 28.28655 ], [ 85.38704, 28.28654 ], [ 85.38705, 28.28636 ], [ 85.38684, 28.28636 ], [ 85.38685, 28.286 ], [ 85.38664, 28.286 ], [ 85.38665, 28.28582 ], [ 85.38644, 28.28581 ], [ 85.38645, 28.28563 ], [ 85.38624, 28.28563 ], [ 85.38624, 28.28545 ], [ 85.38604, 28.28545 ], [ 85.38604, 28.28527 ], [ 85.38584, 28.28526 ], [ 85.38584, 28.28508 ], [ 85.38605, 28.28509 ], [ 85.38605, 28.28491 ], [ 85.38625, 28.28491 ], [ 85.38626, 28.28473 ], [ 85.38483, 28.28471 ], [ 85.38483, 28.28453 ], [ 85.38524, 28.28453 ], [ 85.38524, 28.28435 ], [ 85.38504, 28.28435 ], [ 85.38504, 28.28417 ], [ 85.38463, 28.28417 ], [ 85.38464, 28.28399 ], [ 85.38443, 28.28398 ], [ 85.38443, 28.2838 ], [ 85.38423, 28.2838 ], [ 85.38423, 28.28362 ], [ 85.38403, 28.28362 ], [ 85.38403, 28.2838 ], [ 85.38382, 28.2838 ], [ 85.38382, 28.28398 ], [ 85.38341, 28.28397 ], [ 85.38341, 28.28433 ], [ 85.38361, 28.28434 ], [ 85.38361, 28.28452 ], [ 85.38381, 28.28452 ], [ 85.38381, 28.2847 ], [ 85.38401, 28.2847 ], [ 85.38401, 28.28488 ], [ 85.38421, 28.28488 ], [ 85.38421, 28.28506 ], [ 85.38442, 28.28507 ], [ 85.38441, 28.28525 ], [ 85.38462, 28.28525 ], [ 85.38461, 28.28543 ], [ 85.38482, 28.28543 ], [ 85.38482, 28.28561 ], [ 85.38522, 28.28562 ], [ 85.38522, 28.2858 ], [ 85.38542, 28.2858 ], [ 85.38542, 28.28598 ], [ 85.38563, 28.28598 ], [ 85.38562, 28.28616 ], [ 85.38603, 28.28617 ], [ 85.38603, 28.28635 ], [ 85.38623, 28.28635 ], [ 85.38623, 28.28653 ], [ 85.38643, 28.28653 ], [ 85.38643, 28.28671 ] ] ] } },
{ "type": "Feature", "properties": { "area_m2": 4800.0 }, "geometry": { "type": "Polygon", "coordinates": [ [ [ 85.3722, 28.28366 ], [ 85.37322, 28.28367 ], [ 85.37322, 28.28349 ], [ 85.37384, 28.2835 ], [ 85.37384, 28.28332 ], [ 85.37262, 28.2833 ], [ 85.37261, 28.28348 ], [ 85.37241, 28.28348 ], [ 85.37241, 28.2833 ], [ 85.37221, 28.2833 ], [ 85.3722, 28.28366 ] ] ] } },
{ "type": "Feature", "properties": { "area_m2": 2000.0 }, "geometry": { "type": "Polygon", "coordinates": [ [ [ 85.38321, 28.28397 ], [ 85.38341, 28.28397 ], [ 85.38342, 28.28343 ], [ 85.38301, 28.28343 ], [ 85.38301, 28.28379 ], [ 85.38321, 28.28379 ], [ 85.38321, 28.28397 ] ] ] } },
{ "type": "Feature", "properties": { "area_m2": 2400.0 }, "geometry": { "type": "Polygon", "coordinates": [ [ [ 85.37568, 28.28316 ], [ 85.37629, 28.28317 ], [ 85.3763, 28.28262 ], [ 85.37609, 28.28262 ], [ 85.37609, 28.2828 ], [ 85.37589, 28.2828 ], [ 85.37588, 28.28298 ], [ 85.37568, 28.28298 ], [ 85.37568, 28.28316 ] ] ] } },
{ "type": "Feature", "properties": { "area_m2": 4400.0 }, "geometry": { "type": "Polygon", "coordinates": [ [ [ 85.41483, 28.28308 ], [ 85.41564, 28.28309 ], [ 85.41565, 28.28291 ], [ 85.41544, 28.2829 ], [ 85.41544, 28.28272 ], [ 85.41524, 28.28272 ], [ 85.41524, 28.28254 ], [ 85.41484, 28.28254 ], [ 85.41484, 28.28235 ], [ 85.41443, 28.28235 ], [ 85.41443, 28.28253 ], [ 85.41463, 28.28253 ], [ 85.41463, 28.28271 ], [ 85.41483, 28.28272 ], [ 85.41483, 28.28308 ] ], [ [ 85.41503, 28.2829 ], [ 85.41504, 28.28272 ], [ 85.41524, 28.28272 ], [ 85.41524, 28.2829 ], [ 85.41503, 28.2829 ] ] ] } },
{ "type": "Feature", "properties": { "area_m2": 3200.0 }, "geometry": { "type": "Polygon", "coordinates": [ [ [ 85.3763, 28.28262 ], [ 85.3765, 28.28263 ], [ 85.3765, 28.28245 ], [ 85.37671, 28.28245 ], [ 85.37671, 28.28209 ], [ 85.37692, 28.28209 ], [ 85.37692, 28.28173 ], [ 85.37672, 28.28173 ], [ 85.37672, 28.28191 ], [ 85.37651, 28.2819 ], [ 85.37651, 28.28208 ], [ 85.3763, 28.28208 ], [ 85.3763, 28.28262 ] ] ] } },
{ "type": "Feature", "properties": { "area_m2": 3200.0 }, "geometry": { "type": "Polygon", "coordinates": [ [ [ 85.41034, 28.28302 ], [ 85.41075, 28.28303 ], [ 85.41075, 28.28285 ], [ 85.41096, 28.28285 ], [ 85.41096, 28.28267 ], [ 85.41076, 28.28267 ], [ 85.41076, 28.28213 ], [ 85.41056, 28.28212 ], [ 85.41055, 28.28249 ], [ 85.41035, 28.28248 ], [ 85.41035, 28.28266 ], [ 85.41055, 28.28267 ], [ 85.41055, 28.28285 ], [ 85.41034, 28.28284 ], [ 85.41034, 28.28302 ] ] ] } },
{ "type": "Feature", "properties": { "area_m2": 14400.0 }, "geometry": { "type": "Polygon", "coordinates": [ [ [ 85.42176, 28.28298 ], [ 85.42197, 28.28298 ], [ 85.42197, 28.2828 ], [ 85.42217, 28.2828 ], [ 85.42217, 28.28262 ], [ 85.42197, 28.28262 ], [ 85.42198, 28.28226 ], [ 85.41953, 28.28223 ], [ 85.41952, 28.28277 ], [ 85.42013, 28.28278 ], [ 85.42014, 28.2826 ], [ 85.42054, 28.2826 ], [ 85.42054, 28.28278 ], [ 85.42176, 28.2828 ], [ 85.42176, 28.28298 ] ] ] } },
{ "type": "Feature", "properties": { "area_m2": 3200.0 }, "geometry": { "type": "Polygon", "coordinates": [ [ [ 85.41891, 28.28276 ], [ 85.41932, 28.28277 ], [ 85.41932, 28.28259 ], [ 85.41912, 28.28258 ], [ 85.41912, 28.28222 ], [ 85.41851, 28.28222 ], [ 85.4185, 28.28258 ], [ 85.41891, 28.28258 ], [ 85.41891, 28.28276 ] ] ] } },
{ "type": "Feature", "properties": { "area_m2": 2800.0 }, "geometry": { "type": "Polygon", "coordinates": [ [ [ 85.37719, 28.27776 ], [ 85.37759, 28.27777 ], [ 85.3776, 28.27759 ], [ 85.37739, 28.27758 ], [ 85.37741, 28.27668 ], [ 85.3772, 28.27668 ], [ 85.37719, 28.27776 ] ] ] } },
{ "type": "Feature", "properties": { "area_m2": 138000.0 }, "geometry": { "type": "Polygon", "coordinates": [ [ [ 85.37384, 28.28332 ], [ 85.37404, 28.28332 ], [ 85.37405, 28.28314 ], [ 85.37425, 28.28314 ], [ 85.37425, 28.28296 ], [ 85.37446, 28.28296 ], [ 85.37446, 28.28278 ], [ 85.37507, 28.28279 ], [ 85.37507, 28.28261 ], [ 85.37528, 28.28261 ], [ 85.37528, 28.28243 ], [ 85.37508, 28.28243 ], [ 85.37508, 28.28225 ], [ 85.37549, 28.28225 ], [ 85.3755, 28.28153 ], [ 85.3757, 28.28153 ], [ 85.37571, 28.28099 ], [ 85.37591, 28.28099 ], [ 85.37592, 28.28063 ], [ 85.37612, 28.28064 ], [ 85.37613, 28.28046 ], [ 85.37653, 28.28046 ], [ 85.37653, 28.28082 ], [ 85.37755, 28.28083 ], [ 85.37754, 28.28101 ], [ 85.37734, 28.28101 ], [ 85.37733, 28.28137 ], [ 85.37693, 28.28137 ], [ 85.37692, 28.28173 ], [ 85.37733, 28.28173 ], [ 85.37733, 28.28155 ], [ 85.37754, 28.28156 ], [ 85.37754, 28.28119 ], [ 85.37795, 28.2812 ], [ 85.37795, 28.28102 ], [ 85.37816, 28.28102 ], [ 85.37816, 28.28084 ], [ 85.37877, 28.28085 ], [ 85.37877, 28.28067 ], [ 85.37938, 28.28068 ], [ 85.37938, 28.28086 ], [ 85.37897, 28.28085 ], [ 85.37897, 28.28103 ], [ 85.37958, 28.28104 ], [ 85.37958, 28.28122 ], [ 85.38019, 28.28123 ], [ 85.38019, 28.28141 ], [ 85.37978, 28.2814 ], [ 85.37978, 28.28158 ], [ 85.38039, 28.28159 ], [ 85.38039, 28.28177 ], [ 85.3808, 28.28177 ], [ 85.38079, 28.28214 ], [ 85.3812, 28.28214 ], [ 85.38119, 28.28232 ], [ 85.38181, 28.28233 ], [ 85.38181, 28.28215 ], [ 85.3814, 28.28214 ], [ 85.38141, 28.28178 ], [ 85.3812, 28.28178 ], [ 85.38121, 28.2816 ], [ 85.381, 28.2816 ], [ 85.38101, 28.28124 ], [ 85.3808, 28.28123 ], [ 85.38081, 28.28105 ], [ 85.3804, 28.28105 ], [ 85.3804, 28.28087 ], [ 85.37979, 28.28086 ], [ 85.37979, 28.28068 ], [ 85.37959, 28.28068 ], [ 85.3796, 28.27996 ], [ 85.37899, 28.27995 ], [ 85.37899, 28.27977 ], [ 85.37879, 28.27977 ], [ 85.37879, 28.27959 ], [ 85.37859, 28.27958 ], [ 85.37859, 28.2794 ], [ 85.37879, 28.2794 ], [ 85.3788, 28.27868 ], [ 85.3784, 28.27868 ], [ 85.3784, 28.2785 ], [ 85.37819, 28.27849 ], [ 85.37819, 28.27868 ], [ 85.37799, 28.27867 ], [ 85.37798, 28.27885 ], [ 85.37737, 28.27885 ], [ 85.37738, 28.27849 ], [ 85.37717, 28.27848 ], [ 85.37717, 28.27902 ], [ 85.37737, 28.27903 ], [ 85.37737, 28.27921 ], [ 85.37696, 28.2792 ], [ 85.37697, 28.27884 ], [ 85.37676, 28.27884 ], [ 85.37678, 28.27794 ], [ 85.37657, 28.27793 ], [ 85.37658, 28.27721 ], [ 85.37638, 28.27721 ], [ 85.37639, 28.27649 ], [ 85.37659, 28.27649 ], [ 85.3766, 28.27631 ], [ 85.37639, 28.27631 ], [ 85.3764, 28.27595 ], [ 85.3766, 28.27595 ], [ 85.37661, 28.27541 ], [ 85.37681, 28.27541 ], [ 85.37682, 28.27487 ], [ 85.37662, 28.27487 ], [ 85.37662, 28.27469 ], [ 85.37642, 28.27468 ], [ 85.37641, 28.27504 ], [ 85.37621, 28.27504 ], [ 85.37619, 28.27631 ], [ 85.37598, 28.2763 ], [ 85.37598, 28.27684 ], [ 85.37577, 28.27684 ], [ 85.37577, 28.27702 ], [ 85.37597, 28.27702 ], [ 85.37596, 28.27811 ], [ 85.37575, 28.2781 ], [ 85.37574, 28.27901 ], [ 85.37594, 28.27901 ], [ 85.37593, 28.28009 ], [ 85.37572, 28.28009 ], [ 85.37571, 28.28063 ], [ 85.37551, 28.28063 ], [ 85.37551, 28.28099 ], [ 85.3751, 28.28099 ], [ 85.3751, 28.28117 ], [ 85.37489, 28.28116 ], [ 85.37489, 28.28152 ], [ 85.37468, 28.28152 ], [ 85.37468, 28.2817 ], [ 85.37448, 28.2817 ], [ 85.37447, 28.28206 ], [ 85.37427, 28.28206 ], [ 85.37426, 28.28224 ], [ 85.37406, 28.28224 ], [ 85.37405, 28.2826 ], [ 85.37385, 28.28259 ], [ 85.37385, 28.28278 ], [ 85.37364, 28.28277 ], [ 85.37364, 28.28295 ], [ 85.37344, 28.28295 ], [ 85.37343, 28.28313 ], [ 85.37384, 28.28314 ], [ 85.37384, 28.28332 ] ], [ [ 85.37654, 28.28028 ], [ 85.37654, 28.27992 ], [ 85.37675, 28.27992 ], [ 85.37674, 28.28028 ], [ 85.37654, 28.28028 ] ], [ [ 85.37675, 28.27992 ], [ 85.37675, 28.27974 ], [ 85.37695, 28.27974 ], [ 85.37695, 28.27992 ], [ 85.37675, 28.27992 ] ], [ [ 85.37757, 28.27921 ], [ 85.37757, 28.27903 ], [ 85.37778, 28.27903 ], [ 85.37778, 28.27921 ], [ 85.37757, 28.27921 ] ] ] } },
{ "type": "Feature", "properties": { "area_m2": 15200.0 }, "geometry": { "type": "Polygon", "coordinates": [ [ [ 85.37742, 28.2756 ], [ 85.37824, 28.27561 ], [ 85.37825, 28.27507 ], [ 85.37845, 28.27507 ], [ 85.37846, 28.27435 ], [ 85.37724, 28.27433 ], [ 85.37722, 28.27541 ], [ 85.37743, 28.27542 ], [ 85.37742, 28.2756 ] ] ] } },
{ "type": "Feature", "properties": { "area_m2": 22000.0 }, "geometry": { "type": "Polygon", "coordinates": [ [ [ 85.37868, 28.27327 ], [ 85.37909, 28.27327 ], [ 85.37912, 28.27129 ], [ 85.37932, 28.27129 ], [ 85.37933, 28.27111 ], [ 85.37912, 28.27111 ], [ 85.37912, 28.27093 ], [ 85.37933, 28.27093 ], [ 85.37933, 28.27075 ], [ 85.37892, 28.27074 ], [ 85.37893, 28.27056 ], [ 85.37872, 28.27056 ], [ 85.37872, 28.27038 ], [ 85.37811, 28.27037 ], [ 85.37812, 28.27019 ], [ 85.37791, 28.27019 ], [ 85.37791, 28.27055 ], [ 85.37831, 28.27055 ], [ 85.37831, 28.27073 ], [ 85.3779, 28.27073 ], [ 85.3779, 28.27109 ], [ 85.37831, 28.2711 ], [ 85.3783, 28.27146 ], [ 85.3785, 28.27146 ], [ 85.37849, 28.27236 ], [ 85.37869, 28.27236 ], [ 85.37868, 28.27327 ] ] ] } },
{ "type": "Feature", "properties": { "area_m2": 49200.0 }, "geometry": { "type": "Polygon", "coordinates": [ [ [ 85.37601, 28.27432 ], [ 85.37622, 28.27432 ], [ 85.37622, 28.27414 ], [ 85.37643, 28.27414 ], [ 85.37643, 28.27378 ], [ 85.37663, 28.27378 ], [ 85.37665, 28.27288 ], [ 85.37685, 28.27288 ], [ 85.37686, 28.27234 ], [ 85.37666, 28.27234 ], [ 85.37666, 28.27216 ], [ 85.37686, 28.27216 ], [ 85.37687, 28.27198 ], [ 85.37666, 28.27198 ], [ 85.37666, 28.2718 ], [ 85.37728, 28.27181 ], [ 85.37727, 28.27235 ], [ 85.37747, 28.27235 ], [ 85.37748, 28.27163 ], [ 85.37728, 28.27163 ], [ 85.37728, 28.27144 ], [ 85.37708, 28.27144 ], [ 85.37708, 28.27126 ], [ 85.37667, 28.27126 ], [ 85.37668, 28.27108 ], [ 85.37729, 28.27108 ], [ 85.37729, 28.2709 ], [ 85.37709, 28.2709 ], [ 85.37709, 28.27072 ], [ 85.37729, 28.27072 ], [ 85.3773, 28.27036 ], [ 85.37709, 28.27036 ], [ 85.3771, 28.27018 ], [ 85.3773, 28.27018 ], [ 85.37731, 28.26982 ], [ 85.3771, 28.26982 ], [ 85.3771, 28.26964 ], [ 85.3769, 28.26964 ], [ 85.3769, 28.26945 ], [ 85.3767, 28.26945 ], [ 85.37669, 28.27017 ], [ 85.37689, 28.27018 ], [ 85.37689, 28.27036 ], [ 85.37669, 28.27035 ], [ 85.37668, 28.27054 ], [ 85.37648, 28.27053 ], [ 85.3765, 28.26945 ], [ 85.37629, 28.26945 ], [ 85.3763, 28.26909 ], [ 85.37609, 28.26908 ], [ 85.3761, 28.26872 ], [ 85.3759, 28.26872 ], [ 85.3759, 28.26854 ], [ 85.37569, 28.26854 ], [ 85.37566, 28.27052 ], [ 85.37587, 28.27053 ], [ 85.37586, 28.27089 ], [ 85.37607, 28.27089 ], [ 85.37606, 28.27161 ], [ 85.37626, 28.27161 ], [ 85.37623, 28.27342 ], [ 85.37603, 28.27342 ], [ 85.37601, 28.27432 ] ] ] } },
{ "type": "Feature", "properties": { "area_m2": 2000.0 }, "geometry": { "type": "Polygon", "coordinates": [ [ [ 85.37712, 28.26855 ], [ 85.37773, 28.26856 ], [ 85.37774, 28.2682 ], [ 85.37733, 28.2682 ], [ 85.37733, 28.26838 ], [ 85.37712, 28.26837 ], [ 85.37712, 28.26855 ] ] ] } },
{ "type": "Feature", "properties": { "area_m2": 4800.0 }, "geometry": { "type": "Polygon", "coordinates": [ [ [ 85.37651, 28.26837 ], [ 85.37712, 28.26837 ], [ 85.37713, 28.26819 ], [ 85.37733, 28.2682 ], [ 85.37733, 28.26802 ], [ 85.37713, 28.26801 ], [ 85.37713, 28.26783 ], [ 85.37652, 28.26783 ], [ 85.37652, 28.26765 ], [ 85.37632, 28.26764 ], [ 85.37631, 28.268 ], [ 85.37652, 28.26801 ], [ 85.37651, 28.26837 ] ] ] } },
{ "type": "Feature", "properties": { "area_m2": 34000.0 }, "geometry": { "type": "Polygon", "coordinates": [ [ [ 85.37695, 28.26639 ], [ 85.37715, 28.26639 ], [ 85.37716, 28.26603 ], [ 85.37736, 28.26603 ], [ 85.37737, 28.26567 ], [ 85.37798, 28.26568 ], [ 85.37798, 28.2655 ], [ 85.37839, 28.2655 ], [ 85.37839, 28.26532 ], [ 85.3786, 28.26532 ], [ 85.3786, 28.26514 ], [ 85.3788, 28.26515 ], [ 85.37881, 28.26496 ], [ 85.3782, 28.26496 ], [ 85.3782, 28.26478 ], [ 85.37779, 28.26477 ], [ 85.37779, 28.26459 ], [ 85.37739, 28.26459 ], [ 85.37739, 28.26441 ], [ 85.37698, 28.2644 ], [ 85.37697, 28.26476 ], [ 85.37636, 28.26476 ], [ 85.37636, 28.26512 ], [ 85.37615, 28.26511 ], [ 85.37616, 28.26493 ], [ 85.37534, 28.26492 ], [ 85.37534, 28.26528 ], [ 85.37554, 28.26529 ], [ 85.37554, 28.26547 ], [ 85.37574, 28.26547 ], [ 85.37574, 28.26565 ], [ 85.37615, 28.26566 ], [ 85.37614, 28.26584 ], [ 85.37635, 28.26584 ], [ 85.37634, 28.26602 ], [ 85.37696, 28.26603 ], [ 85.37695, 28.26639 ] ] ] } },
{ "type": "Feature", "properties": { "area_m2": 28000.0 }, "geometry": { "type": "Polygon", "coordinates": [ [ [ 85.3755, 28.26799 ], [ 85.3757, 28.268 ], [ 85.37572, 28.26709 ], [ 85.37551, 28.26709 ], [ 85.37552, 28.26691 ], [ 85.37511, 28.26691 ], [ 85.37511, 28.26655 ], [ 85.37491, 28.26654 ], [ 85.37491, 28.26636 ], [ 85.3743, 28.26636 ], [ 85.37431, 28.26599 ], [ 85.3741, 28.26599 ], [ 85.3741, 28.26581 ], [ 85.3739, 28.26581 ], [ 85.3739, 28.26563 ], [ 85.3735, 28.26562 ], [ 85.3735, 28.26544 ], [ 85.3733, 28.26544 ], [ 85.3733, 28.26526 ], [ 85.37309, 28.26526 ], [ 85.3731, 28.26508 ], [ 85.37269, 28.26507 ], [ 85.3727, 28.26453 ], [ 85.37249, 28.26453 ], [ 85.3725, 28.26417 ], [ 85.37209, 28.26416 ], [ 85.37208, 28.26507 ], [ 85.37228, 28.26507 ], [ 85.37228, 28.26525 ], [ 85.37248, 28.26525 ], [ 85.37248, 28.26543 ], [ 85.37268, 28.26543 ], [ 85.37268, 28.26561 ], [ 85.37288, 28.26562 ], [ 85.37288, 28.26616 ], [ 85.37369, 28.26617 ], [ 85.37369, 28.26653 ], [ 85.3743, 28.26654 ], [ 85.3743, 28.26672 ], [ 85.3745, 28.26672 ], [ 85.3745, 28.2669 ], [ 85.3747, 28.2669 ], [ 85.3747, 28.26708 ], [ 85.3751, 28.26709 ], [ 85.3751, 28.26745 ], [ 85.3753, 28.26745 ], [ 85.37531, 28.26727 ], [ 85.37551, 28.26727 ], [ 85.3755, 28.26799 ] ], [ [ 85.3745, 28.26672 ], [ 85.3745, 28.26654 ], [ 85.37471, 28.26654 ], [ 85.3747, 28.26672 ], [ 85.3745, 28.26672 ] ] ] } },
{ "type": "Feature", "properties": { "area_m2": 11600.0 }, "geometry": { "type": "Polygon", "coordinates": [ [ [ 85.3731, 28.26454 ], [ 85.37331, 28.26454 ], [ 85.37331, 28.26418 ], [ 85.37352, 28.26418 ], [ 85.37352, 28.264 ], [ 85.37393, 28.264 ], [ 85.37393, 28.26418 ], [ 85.37413, 28.26419 ], [ 85.37413, 28.26437 ], [ 85.37433, 28.26437 ], [ 85.37433, 28.26455 ], [ 85.37453, 28.26455 ], [ 85.37454, 28.26401 ], [ 85.37434, 28.26401 ], [ 85.37434, 28.26383 ], [ 85.37414, 28.26383 ], [ 85.37414, 28.26347 ], [ 85.37394, 28.26346 ], [ 85.37393, 28.26382 ], [ 85.37373, 28.26382 ], [ 85.37373, 28.26364 ], [ 85.37312, 28.26363 ], [ 85.37312, 28.26327 ], [ 85.37292, 28.26327 ], [ 85.37291, 28.26381 ], [ 85.37271, 28.26381 ], [ 85.3727, 28.26417 ], [ 85.37291, 28.26417 ], [ 85.3729, 28.26435 ], [ 85.37311, 28.26436 ], [ 85.3731, 28.26454 ] ] ] } },
{ "type": "Feature", "properties": { "area_m2": 14000.0 }, "geometry": { "type": "Polygon", "coordinates": [ [ [ 85.37189, 28.2638 ], [ 85.3723, 28.2638 ], [ 85.37231, 28.26344 ], [ 85.37251, 28.26345 ], [ 85.37251, 28.26327 ], [ 85.37231, 28.26326 ], [ 85.37232, 28.26236 ], [ 85.37212, 28.26236 ], [ 85.37212, 28.26218 ], [ 85.37192, 28.26218 ], [ 85.37192, 28.26181 ], [ 85.37131, 28.26181 ], [ 85.3713, 28.26271 ], [ 85.3715, 28.26271 ], [ 85.3715, 28.26289 ], [ 85.37191, 28.2629 ], [ 85.37189, 28.2638 ] ] ] } },
{ "type": "Feature", "properties": { "area_m2": 4400.0 }, "geometry": { "type": "Polygon", "coordinates": [ [ [ 85.3703, 28.26125 ], [ 85.3705, 28.26126 ], [ 85.37051, 28.2609 ], [ 85.37031, 28.26089 ], [ 85.37031, 28.26071 ], [ 85.3699, 28.26071 ], [ 85.3699, 28.26053 ], [ 85.3697, 28.26052 ], [ 85.3697, 28.26034 ], [ 85.3695, 28.26034 ], [ 85.3695, 28.26052 ], [ 85.36929, 28.26052 ], [ 85.36929, 28.2607 ], [ 85.36949, 28.2607 ], [ 85.36949, 28.26088 ], [ 85.3701, 28.26089 ], [ 85.3701, 28.26107 ], [ 85.3703, 28.26107 ], [ 85.3703, 28.26125 ] ] ] } },
{ "type": "Feature", "properties": { "area_m2": 2400.0 }, "geometry": { "type": "Polygon", "coordinates": [ [ [ 85.36909, 28.26034 ], [ 85.3693, 28.26034 ], [ 85.3693, 28.25998 ], [ 85.3691, 28.25998 ], [ 85.3691, 28.2598 ], [ 85.36869, 28.25979 ], [ 85.36869, 28.26015 ], [ 85.36909, 28.26016 ], [ 85.36909, 28.26034 ] ] ] } },
{ "type": "Feature", "properties": { "area_m2": 2400.0 }, "geometry": { "type": "Polygon", "coordinates": [ [ [ 85.37031, 28.26035 ], [ 85.37052, 28.26035 ], [ 85.37052, 28.26017 ], [ 85.37072, 28.26018 ], [ 85.37073, 28.26 ], [ 85.37052, 28.25999 ], [ 85.37053, 28.25963 ], [ 85.37033, 28.25963 ], [ 85.37032, 28.25981 ], [ 85.37012, 28.25981 ], [ 85.37012, 28.25999 ], [ 85.37032, 28.25999 ], [ 85.37031, 28.26035 ] ] ] } },
{ "type": "Feature", "properties": { "area_m2": 7200.0 }, "geometry": { "type": "Polygon", "coordinates": [ [ [ 85.36787, 28.26014 ], [ 85.36828, 28.26015 ], [ 85.36828, 28.25979 ], [ 85.36869, 28.25979 ], [ 85.36869, 28.25961 ], [ 85.36768, 28.2596 ], [ 85.36768, 28.25942 ], [ 85.36727, 28.25941 ], [ 85.36728, 28.25905 ], [ 85.36707, 28.25905 ], [ 85.36707, 28.25923 ], [ 85.36687, 28.25923 ], [ 85.36686, 28.25959 ], [ 85.36727, 28.25959 ], [ 85.36727, 28.25977 ], [ 85.36788, 28.25978 ], [ 85.36787, 28.26014 ] ] ] } },
{ "type": "Feature", "properties": { "area_m2": 2000.0 }, "geometry": { "type": "Polygon", "coordinates": [ [ [ 85.36646, 28.25922 ], [ 85.36687, 28.25923 ], [ 85.36687, 28.25905 ], [ 85.36666, 28.25904 ], [ 85.36667, 28.25886 ], [ 85.36646, 28.25886 ], [ 85.36647, 28.25868 ], [ 85.36626, 28.25868 ], [ 85.36626, 28.25904 ], [ 85.36646, 28.25904 ], [ 85.36646, 28.25922 ] ] ] } },
{ "type": "Feature", "properties": { "area_m2": 6400.0 }, "geometry": { "type": "Polygon", "coordinates": [ [ [ 85.34854, 28.25774 ], [ 85.34875, 28.25775 ], [ 85.34875, 28.25757 ], [ 85.34936, 28.25757 ], [ 85.34936, 28.25739 ], [ 85.34957, 28.25739 ], [ 85.34957, 28.25703 ], [ 85.34978, 28.25704 ], [ 85.34978, 28.25686 ], [ 85.34917, 28.25685 ], [ 85.34916, 28.25703 ], [ 85.34896, 28.25703 ], [ 85.34896, 28.25721 ], [ 85.34875, 28.2572 ], [ 85.34875, 28.25738 ], [ 85.34834, 28.25738 ], [ 85.34834, 28.25756 ], [ 85.34854, 28.25756 ], [ 85.34854, 28.25774 ] ] ] } },
{ "type": "Feature", "properties": { "area_m2": 4800.0 }, "geometry": { "type": "Polygon", "coordinates": [ [ [ 85.40174, 28.25838 ], [ 85.40215, 28.25838 ], [ 85.40215, 28.2582 ], [ 85.40194, 28.2582 ], [ 85.40195, 28.25766 ], [ 85.40175, 28.25765 ], [ 85.40175, 28.25747 ], [ 85.40134, 28.25747 ], [ 85.40134, 28.25801 ], [ 85.40154, 28.25801 ], [ 85.40154, 28.25819 ], [ 85.40174, 28.2582 ], [ 85.40174, 28.25838 ] ] ] } },
{ "type": "Feature", "properties": { "area_m2": 4000.0 }, "geometry": { "type": "Polygon", "coordinates": [ [ [ 85.36526, 28.25758 ], [ 85.36567, 28.25759 ], [ 85.36568, 28.25669 ], [ 85.36527, 28.25668 ], [ 85.36526, 28.25758 ] ] ] } },
{ "type": "Feature", "properties": { "area_m2": 11200.0 }, "geometry": { "type": "Polygon", "coordinates": [ [ [ 85.40337, 28.25803 ], [ 85.40399, 28.25804 ], [ 85.40399, 28.25786 ], [ 85.40419, 28.25786 ], [ 85.4042, 28.2575 ], [ 85.40399, 28.2575 ], [ 85.404, 28.25732 ], [ 85.40379, 28.25732 ], [ 85.4038, 28.25714 ], [ 85.40359, 28.25713 ], [ 85.40359, 28.25695 ], [ 85.40339, 28.25695 ], [ 85.40339, 28.25677 ], [ 85.40299, 28.25677 ], [ 85.40298, 28.25695 ], [ 85.40278, 28.25694 ], [ 85.40277, 28.25731 ], [ 85.40298, 28.25731 ], [ 85.40297, 28.25749 ], [ 85.40318, 28.25749 ], [ 85.40318, 28.25767 ], [ 85.40338, 28.25767 ], [ 85.40337, 28.25803 ] ] ] } },
{ "type": "Feature", "properties": { "area_m2": 2800.0 }, "geometry": { "type": "Polygon", "coordinates": [ [ [ 85.35162, 28.25634 ], [ 85.35183, 28.25634 ], [ 85.35183, 28.25598 ], [ 85.35265, 28.25599 ], [ 85.35265, 28.25581 ], [ 85.35163, 28.2558 ], [ 85.35162, 28.25634 ] ] ] } },
{ "type": "Feature", "properties": { "area_m2": 2800.0 }, "geometry": { "type": "Polygon", "coordinates": [ [ [ 85.40564, 28.2568 ], [ 85.40604, 28.2568 ], [ 85.40605, 28.25662 ], [ 85.40625, 28.25662 ], [ 85.40625, 28.25644 ], [ 85.40605, 28.25644 ], [ 85.40605, 28.25626 ], [ 85.40564, 28.25626 ], [ 85.40564, 28.2568 ] ] ] } },
{ "type": "Feature", "properties": { "area_m2": 4400.0 }, "geometry": { "type": "Polygon", "coordinates": [ [ [ 85.34897, 28.25612 ], [ 85.34918, 28.25613 ], [ 85.34918, 28.25595 ], [ 85.34979, 28.25595 ], [ 85.3498, 28.25577 ], [ 85.34959, 28.25577 ], [ 85.34959, 28.25559 ], [ 85.3498, 28.25559 ], [ 85.3498, 28.25541 ], [ 85.34939, 28.25541 ], [ 85.34939, 28.25559 ], [ 85.34898, 28.25558 ], [ 85.34898, 28.25576 ], [ 85.34878, 28.25576 ], [ 85.34877, 28.25594 ], [ 85.34898, 28.25594 ], [ 85.34897, 28.25612 ] ] ] } },
{ "type": "Feature", "properties": { "area_m2": 4000.0 }, "geometry": { "type": "Polygon", "coordinates": [ [ [ 85.35265, 28.25563 ], [ 85.35347, 28.25564 ], [ 85.35347, 28.25528 ], [ 85.35327, 28.25527 ], [ 85.35327, 28.25509 ], [ 85.35286, 28.25509 ], [ 85.35286, 28.25527 ], [ 85.35266, 28.25527 ], [ 85.35265, 28.25563 ] ] ] } },
{ "type": "Feature", "properties": { "area_m2": 25600.0 }, "geometry": { "type": "Polygon", "coordinates": [ [ [ 85.3677, 28.25779 ], [ 85.36791, 28.2578 ], [ 85.36792, 28.25725 ], [ 85.36771, 28.25725 ], [ 85.36772, 28.25671 ], [ 85.36752, 28.25671 ], [ 85.36751, 28.25689 ], [ 85.36711, 28.25688 ], [ 85.36711, 28.25634 ], [ 85.36691, 28.25634 ], [ 85.36691, 28.25616 ], [ 85.36671, 28.25616 ], [ 85.36671, 28.25598 ], [ 85.36651, 28.25597 ], [ 85.36651, 28.25579 ], [ 85.36671, 28.2558 ], [ 85.36672, 28.25562 ], [ 85.36651, 28.25561 ], [ 85.36652, 28.25525 ], [ 85.36672, 28.25525 ], [ 85.36673, 28.25507 ], [ 85.36652, 28.25507 ], [ 85.36653, 28.25435 ], [ 85.36592, 28.25434 ], [ 85.36591, 28.25488 ], [ 85.36612, 28.25489 ], [ 85.36609, 28.25633 ], [ 85.3663, 28.25633 ], [ 85.3663, 28.25651 ], [ 85.3665, 28.25652 ], [ 85.3665, 28.2567 ], [ 85.3667, 28.2567 ], [ 85.3667, 28.25706 ], [ 85.36629, 28.25705 ], [ 85.36628, 28.25742 ], [ 85.36649, 28.25742 ], [ 85.36648, 28.2576 ], [ 85.36669, 28.2576 ], [ 85.36669, 28.25742 ], [ 85.36689, 28.25742 ], [ 85.36689, 28.2576 ], [ 85.36709, 28.25761 ], [ 85.3671, 28.25742 ], [ 85.36771, 28.25743 ], [ 85.3677, 28.25779 ] ] ] } },
{ "type": "Feature", "properties": { "area_m2": 12800.0 }, "geometry": { "type": "Polygon", "coordinates": [ [ [ 85.35041, 28.25578 ], [ 85.35061, 28.25578 ], [ 85.35062, 28.25506 ], [ 85.35103, 28.25507 ], [ 85.35104, 28.25452 ], [ 85.35083, 28.25452 ], [ 85.35084, 28.25434 ], [ 85.35124, 28.25435 ], [ 85.35124, 28.25453 ], [ 85.35145, 28.25453 ], [ 85.35145, 28.25435 ], [ 85.35186, 28.25435 ], [ 85.35186, 28.25381 ], [ 85.35146, 28.25381 ], [ 85.35145, 28.25417 ], [ 85.35125, 28.25417 ], [ 85.35125, 28.25381 ], [ 85.35105, 28.2538 ], [ 85.35104, 28.25416 ], [ 85.35064, 28.25416 ], [ 85.35063, 28.2547 ], [ 85.35042, 28.2547 ], [ 85.35042, 28.25524 ], [ 85.35001, 28.25523 ], [ 85.35001, 28.25505 ], [ 85.34981, 28.25505 ], [ 85.3498, 28.25541 ], [ 85.35, 28.25541 ], [ 85.35, 28.2556 ], [ 85.35041, 28.2556 ], [ 85.35041, 28.25578 ] ] ] } },
{ "type": "Feature", "properties": { "area_m2": 2800.0 }, "geometry": { "type": "Polygon", "coordinates": [ [ [ 85.36694, 28.25435 ], [ 85.36714, 28.25436 ], [ 85.36716, 28.25345 ], [ 85.36675, 28.25345 ], [ 85.36674, 28.25381 ], [ 85.36695, 28.25381 ], [ 85.36694, 28.25435 ] ] ] } },
{ "type": "Feature", "properties": { "area_m2": 6000.0 }, "geometry": { "type": "Polygon", "coordinates": [ [ [ 85.35369, 28.2542 ], [ 85.3541, 28.2542 ], [ 85.3541, 28.25402 ], [ 85.35471, 28.25403 ], [ 85.35472, 28.25367 ], [ 85.35492, 28.25367 ], [ 85.35493, 28.25349 ], [ 85.35472, 28.25349 ], [ 85.35473, 28.25313 ], [ 85.35452, 28.25312 ], [ 85.35452, 28.25366 ], [ 85.35431, 28.25366 ], [ 85.35432, 28.25348 ], [ 85.35411, 28.25348 ], [ 85.35411, 28.25384 ], [ 85.3537, 28.25383 ], [ 85.35369, 28.2542 ] ] ] } },
{ "type": "Feature", "properties": { "area_m2": 4000.0 }, "geometry": { "type": "Polygon", "coordinates": [ [ [ 85.36613, 28.25416 ], [ 85.36633, 28.25417 ], [ 85.36633, 28.25399 ], [ 85.36654, 28.25399 ], [ 85.36654, 28.25381 ], [ 85.36634, 28.25381 ], [ 85.36634, 28.25363 ], [ 85.36654, 28.25363 ], [ 85.36655, 28.25345 ], [ 85.36675, 28.25345 ], [ 85.36675, 28.25327 ], [ 85.36614, 28.25326 ], [ 85.36614, 28.25362 ], [ 85.36593, 28.25362 ], [ 85.36593, 28.2538 ], [ 85.36613, 28.2538 ], [ 85.36613, 28.25416 ] ] ] } },
{ "type": "Feature", "properties": { "area_m2": 8400.0 }, "geometry": { "type": "Polygon", "coordinates": [ [ [ 85.35553, 28.25404 ], [ 85.35573, 28.25404 ], [ 85.35574, 28.25386 ], [ 85.35594, 28.25386 ], [ 85.35594, 28.25368 ], [ 85.35615, 28.25368 ], [ 85.35615, 28.25332 ], [ 85.35636, 28.25333 ], [ 85.35637, 28.2526 ], [ 85.35576, 28.2526 ], [ 85.35574, 28.25332 ], [ 85.35595, 28.25332 ], [ 85.35595, 28.2535 ], [ 85.35574, 28.2535 ], [ 85.35574, 28.25368 ], [ 85.35492, 28.25367 ], [ 85.35492, 28.25385 ], [ 85.35553, 28.25386 ], [ 85.35553, 28.25404 ] ] ] } },
{ "type": "Feature", "properties": { "area_m2": 4800.0 }, "geometry": { "type": "Polygon", "coordinates": [ [ [ 85.36228, 28.25267 ], [ 85.3633, 28.25269 ], [ 85.3633, 28.25215 ], [ 85.3629, 28.25214 ], [ 85.36289, 28.25232 ], [ 85.36269, 28.25232 ], [ 85.36269, 28.25214 ], [ 85.36249, 28.25214 ], [ 85.36248, 28.2525 ], [ 85.36228, 28.25249 ], [ 85.36228, 28.25267 ] ] ] } },
{ "type": "Feature", "properties": { "area_m2": 45600.0 }, "geometry": { "type": "Polygon", "coordinates": [ [ [ 85.36675, 28.25327 ], [ 85.36696, 28.25327 ], [ 85.36697, 28.25273 ], [ 85.36717, 28.25273 ], [ 85.36717, 28.25237 ], [ 85.36697, 28.25237 ], [ 85.36697, 28.25219 ], [ 85.36718, 28.25219 ], [ 85.36719, 28.25165 ], [ 85.36657, 28.25164 ], [ 85.36659, 28.25056 ], [ 85.36639, 28.25056 ], [ 85.36639, 28.25038 ], [ 85.36619, 28.25037 ], [ 85.36619, 28.25019 ], [ 85.36578, 28.25019 ], [ 85.36579, 28.24947 ], [ 85.36518, 28.24946 ], [ 85.36518, 28.24964 ], [ 85.36538, 28.24964 ], [ 85.36537, 28.25036 ], [ 85.36517, 28.25036 ], [ 85.36517, 28.25 ], [ 85.36497, 28.25 ], [ 85.36495, 28.25126 ], [ 85.36515, 28.25126 ], [ 85.36514, 28.25199 ], [ 85.36535, 28.25199 ], [ 85.36534, 28.25235 ], [ 85.36575, 28.25235 ], [ 85.36574, 28.25254 ], [ 85.36595, 28.25254 ], [ 85.36595, 28.25272 ], [ 85.36615, 28.25272 ], [ 85.36615, 28.25254 ], [ 85.36656, 28.25255 ], [ 85.36655, 28.25309 ], [ 85.36676, 28.25309 ], [ 85.36675, 28.25327 ] ], [ [ 85.36595, 28.25236 ], [ 85.36596, 28.25164 ], [ 85.36617, 28.25164 ], [ 85.36616, 28.25236 ], [ 85.36595, 28.25236 ] ], [ [ 85.36617, 28.25164 ], [ 85.36617, 28.25128 ], [ 85.36638, 28.25128 ], [ 85.36637, 28.25164 ], [ 85.36617, 28.25164 ] ], [ [ 85.36536, 28.25073 ], [ 85.36537, 28.25055 ], [ 85.36557, 28.25055 ], [ 85.36557, 28.25073 ], [ 85.36536, 28.25073 ] ] ] } },
{ "type": "Feature", "properties": { "area_m2": 3200.0 }, "geometry": { "type": "Polygon", "coordinates": [ [ [ 85.36579, 28.24947 ], [ 85.36661, 28.24948 ], [ 85.36661, 28.2493 ], [ 85.3662, 28.24929 ], [ 85.36621, 28.24893 ], [ 85.3658, 28.24893 ], [ 85.36579, 28.24947 ] ] ] } },
{ "type": "Feature", "properties": { "area_m2": 124000.0 }, "geometry": { "type": "Polygon", "coordinates": [ [ [ 85.36425, 28.25685 ], [ 85.36486, 28.25686 ], [ 85.36487, 28.25668 ], [ 85.36507, 28.25668 ], [ 85.3651, 28.25487 ], [ 85.36489, 28.25487 ], [ 85.3649, 28.25415 ], [ 85.3647, 28.25415 ], [ 85.36471, 28.25343 ], [ 85.36512, 28.25343 ], [ 85.36512, 28.25325 ], [ 85.36533, 28.25325 ], [ 85.36532, 28.25343 ], [ 85.36553, 28.25344 ], [ 85.36553, 28.25307 ], [ 85.36533, 28.25307 ], [ 85.36534, 28.25253 ], [ 85.36513, 28.25253 ], [ 85.36514, 28.25235 ], [ 85.36452, 28.25234 ], [ 85.36452, 28.25252 ], [ 85.36432, 28.25252 ], [ 85.36432, 28.25216 ], [ 85.36453, 28.25216 ], [ 85.36456, 28.24981 ], [ 85.36477, 28.24982 ], [ 85.36478, 28.24927 ], [ 85.36437, 28.24927 ], [ 85.36437, 28.24909 ], [ 85.36417, 28.24909 ], [ 85.36417, 28.24891 ], [ 85.36397, 28.2489 ], [ 85.36397, 28.24854 ], [ 85.36377, 28.24854 ], [ 85.36377, 28.24818 ], [ 85.36357, 28.24818 ], [ 85.36357, 28.248 ], [ 85.36337, 28.24799 ], [ 85.36338, 28.24727 ], [ 85.36318, 28.24727 ], [ 85.36318, 28.24709 ], [ 85.36297, 28.24709 ], [ 85.36298, 28.24673 ], [ 85.36278, 28.24672 ], [ 85.36278, 28.24654 ], [ 85.36237, 28.24654 ], [ 85.36237, 28.24636 ], [ 85.36217, 28.24636 ], [ 85.36218, 28.24581 ], [ 85.36177, 28.24581 ], [ 85.36177, 28.24563 ], [ 85.36137, 28.24562 ], [ 85.36137, 28.24544 ], [ 85.36198, 28.24545 ], [ 85.36198, 28.24527 ], [ 85.36219, 28.24527 ], [ 85.3622, 28.24455 ], [ 85.36159, 28.24454 ], [ 85.36159, 28.24436 ], [ 85.36139, 28.24436 ], [ 85.36138, 28.24454 ], [ 85.36118, 28.24454 ], [ 85.36118, 28.24472 ], [ 85.36056, 28.24471 ], [ 85.36056, 28.24489 ], [ 85.36117, 28.2449 ], [ 85.36117, 28.24526 ], [ 85.36035, 28.24525 ], [ 85.36036, 28.24507 ], [ 85.36015, 28.24507 ], [ 85.36016, 28.24471 ], [ 85.35995, 28.2447 ], [ 85.35996, 28.24452 ], [ 85.35955, 28.24452 ], [ 85.35955, 28.24434 ], [ 85.35935, 28.24434 ], [ 85.35935, 28.24416 ], [ 85.35894, 28.24415 ], [ 85.35894, 28.24433 ], [ 85.35874, 28.24433 ], [ 85.35873, 28.24451 ], [ 85.35934, 28.24452 ], [ 85.35934, 28.24488 ], [ 85.35954, 28.24488 ], [ 85.35954, 28.24506 ], [ 85.35995, 28.24507 ], [ 85.35995, 28.24525 ], [ 85.36015, 28.24525 ], [ 85.36014, 28.24561 ], [ 85.36035, 28.24561 ], [ 85.36034, 28.24579 ], [ 85.36055, 28.24579 ], [ 85.36055, 28.24598 ], [ 85.36075, 28.24598 ], [ 85.36075, 28.24616 ], [ 85.36095, 28.24616 ], [ 85.36095, 28.24634 ], [ 85.36136, 28.24635 ], [ 85.36135, 28.24653 ], [ 85.36156, 28.24653 ], [ 85.36155, 28.24671 ], [ 85.36176, 28.24671 ], [ 85.36175, 28.24689 ], [ 85.36216, 28.2469 ], [ 85.36216, 28.24708 ], [ 85.36236, 28.24708 ], [ 85.36236, 28.24726 ], [ 85.36256, 28.24726 ], [ 85.36256, 28.24744 ], [ 85.36297, 28.24745 ], [ 85.36296, 28.24817 ], [ 85.36316, 28.24817 ], [ 85.36315, 28.24871 ], [ 85.36356, 28.24872 ], [ 85.36355, 28.24926 ], [ 85.36396, 28.24926 ], [ 85.36392, 28.25161 ], [ 85.36413, 28.25161 ], [ 85.36411, 28.2527 ], [ 85.36391, 28.25269 ], [ 85.36391, 28.25233 ], [ 85.36351, 28.25233 ], [ 85.3635, 28.25269 ], [ 85.3637, 28.25269 ], [ 85.3637, 28.25287 ], [ 85.36411, 28.25288 ], [ 85.3641, 28.25342 ], [ 85.3639, 28.25342 ], [ 85.36388, 28.25432 ], [ 85.36409, 28.25432 ], [ 85.36407, 28.2554 ], [ 85.36427, 28.25541 ], [ 85.36425, 28.25685 ] ], [ [ 85.36035, 28.24561 ], [ 85.36035, 28.24543 ], [ 85.36055, 28.24543 ], [ 85.36055, 28.24561 ], [ 85.36035, 28.24561 ] ] ] } },
{ "type": "Feature", "properties": { "area_m2": 4800.0 }, "geometry": { "type": "Polygon", "coordinates": [ [ [ 85.36017, 28.24417 ], [ 85.36037, 28.24417 ], [ 85.36037, 28.24399 ], [ 85.36058, 28.24399 ], [ 85.36058, 28.24381 ], [ 85.36078, 28.24381 ], [ 85.36079, 28.24327 ], [ 85.36038, 28.24327 ], [ 85.36038, 28.24345 ], [ 85.36058, 28.24345 ], [ 85.36058, 28.24363 ], [ 85.35977, 28.24362 ], [ 85.35976, 28.2438 ], [ 85.35997, 28.2438 ], [ 85.35996, 28.24398 ], [ 85.36017, 28.24399 ], [ 85.36017, 28.24417 ] ] ] } },
{ "type": "Feature", "properties": { "area_m2": 7600.0 }, "geometry": { "type": "Polygon", "coordinates": [ [ [ 85.35812, 28.24432 ], [ 85.35874, 28.24433 ], [ 85.35874, 28.24415 ], [ 85.35894, 28.24415 ], [ 85.35895, 28.24397 ], [ 85.35874, 28.24397 ], [ 85.35874, 28.24379 ], [ 85.35854, 28.24379 ], [ 85.35854, 28.2436 ], [ 85.35834, 28.2436 ], [ 85.35834, 28.24342 ], [ 85.35814, 28.24342 ], [ 85.35814, 28.24324 ], [ 85.35794, 28.24324 ], [ 85.35794, 28.24306 ], [ 85.35774, 28.24305 ], [ 85.35773, 28.24359 ], [ 85.35793, 28.2436 ], [ 85.35793, 28.24378 ], [ 85.35813, 28.24378 ], [ 85.35812, 28.24432 ] ] ] } },
{ "type": "Feature", "properties": { "area_m2": 4400.0 }, "geometry": { "type": "Polygon", "coordinates": [ [ [ 85.35998, 28.24308 ], [ 85.36039, 28.24309 ], [ 85.36039, 28.2429 ], [ 85.36018, 28.2429 ], [ 85.36019, 28.24254 ], [ 85.35978, 28.24254 ], [ 85.35979, 28.24218 ], [ 85.35938, 28.24217 ], [ 85.35938, 28.24253 ], [ 85.35958, 28.24253 ], [ 85.35958, 28.24271 ], [ 85.35978, 28.24272 ], [ 85.35978, 28.2429 ], [ 85.35998, 28.2429 ], [ 85.35998, 28.24308 ] ] ] } },
{ "type": "Feature", "properties": { "area_m2": 4000.0 }, "geometry": { "type": "Polygon", "coordinates": [ [ [ 85.35721, 28.23727 ], [ 85.35762, 28.23728 ], [ 85.35764, 28.23637 ], [ 85.35743, 28.23637 ], [ 85.35743, 28.23655 ], [ 85.35702, 28.23655 ], [ 85.35702, 28.23673 ], [ 85.35722, 28.23673 ], [ 85.35721, 28.23727 ] ] ] } },
{ "type": "Feature", "properties": { "area_m2": 6400.0 }, "geometry": { "type": "Polygon", "coordinates": [ [ [ 85.36036, 28.23171 ], [ 85.36056, 28.23172 ], [ 85.36056, 28.23154 ], [ 85.36077, 28.23154 ], [ 85.36076, 28.23172 ], [ 85.36117, 28.23172 ], [ 85.36118, 28.23118 ], [ 85.36098, 28.23118 ], [ 85.36097, 28.23136 ], [ 85.36057, 28.23135 ], [ 85.36057, 28.23099 ], [ 85.36037, 28.23099 ], [ 85.36038, 28.23045 ], [ 85.36017, 28.23045 ], [ 85.36015, 28.23153 ], [ 85.36036, 28.23153 ], [ 85.36036, 28.23171 ] ] ] } },
{ "type": "Feature", "properties": { "area_m2": 2000.0 }, "geometry": { "type": "Polygon", "coordinates": [ [ [ 85.38036, 28.22961 ], [ 85.38056, 28.22961 ], [ 85.38057, 28.22943 ], [ 85.38077, 28.22943 ], [ 85.38077, 28.22925 ], [ 85.37996, 28.22924 ], [ 85.37996, 28.22942 ], [ 85.38036, 28.22942 ], [ 85.38036, 28.22961 ] ] ] } },
{ "type": "Feature", "properties": { "area_m2": 5200.0 }, "geometry": { "type": "Polygon", "coordinates": [ [ [ 85.28564, 28.22665 ], [ 85.28605, 28.22665 ], [ 85.28606, 28.22611 ], [ 85.28585, 28.22611 ], [ 85.28586, 28.22593 ], [ 85.28525, 28.22592 ], [ 85.28524, 28.22646 ], [ 85.28564, 28.22647 ], [ 85.28564, 28.22665 ] ] ] } },
{ "type": "Feature", "properties": { "area_m2": 2400.0 }, "geometry": { "type": "Polygon", "coordinates": [ [ [ 85.36186, 28.22686 ], [ 85.36206, 28.22686 ], [ 85.36206, 28.22668 ], [ 85.36267, 28.22669 ], [ 85.36268, 28.22651 ], [ 85.36166, 28.22649 ], [ 85.36166, 28.22668 ], [ 85.36186, 28.22668 ], [ 85.36186, 28.22686 ] ] ] } },
{ "type": "Feature", "properties": { "area_m2": 4000.0 }, "geometry": { "type": "Polygon", "coordinates": [ [ [ 85.36044, 28.2263 ], [ 85.36064, 28.2263 ], [ 85.36066, 28.22522 ], [ 85.36046, 28.22522 ], [ 85.36045, 28.2254 ], [ 85.36025, 28.22539 ], [ 85.36024, 28.22612 ], [ 85.36044, 28.22612 ], [ 85.36044, 28.2263 ] ] ] } },
{ "type": "Feature", "properties": { "area_m2": 2400.0 }, "geometry": { "type": "Polygon", "coordinates": [ [ [ 85.36576, 28.2251 ], [ 85.36616, 28.2251 ], [ 85.36617, 28.22456 ], [ 85.36576, 28.22456 ], [ 85.36576, 28.2251 ] ] ] } },
{ "type": "Feature", "properties": { "area_m2": 3600.0 }, "geometry": { "type": "Polygon", "coordinates": [ [ [ 85.35984, 28.22539 ], [ 85.36004, 28.22539 ], [ 85.36005, 28.22503 ], [ 85.36025, 28.22503 ], [ 85.36026, 28.22467 ], [ 85.36006, 28.22467 ], [ 85.36006, 28.22431 ], [ 85.35986, 28.22431 ], [ 85.35985, 28.22467 ], [ 85.35965, 28.22467 ], [ 85.35965, 28.22485 ], [ 85.35985, 28.22485 ], [ 85.35984, 28.22539 ] ] ] } },
{ "type": "Feature", "properties": { "area_m2": 25200.0 }, "geometry": { "type": "Polygon", "coordinates": [ [ [ 85.28404, 28.225 ], [ 85.28506, 28.22501 ], [ 85.28506, 28.22483 ], [ 85.28526, 28.22484 ], [ 85.28527, 28.22466 ], [ 85.28547, 28.22466 ], [ 85.28547, 28.22484 ], [ 85.28567, 28.22484 ], [ 85.28568, 28.2243 ], [ 85.28527, 28.22429 ], [ 85.28528, 28.22375 ], [ 85.28467, 28.22375 ], [ 85.28468, 28.22302 ], [ 85.28448, 28.22302 ], [ 85.28448, 28.22284 ], [ 85.28407, 28.22284 ], [ 85.28406, 28.22374 ], [ 85.28426, 28.22374 ], [ 85.28426, 28.22392 ], [ 85.28385, 28.22392 ], [ 85.28385, 28.2241 ], [ 85.28405, 28.2241 ], [ 85.28405, 28.22446 ], [ 85.28344, 28.22445 ], [ 85.28343, 28.22463 ], [ 85.28404, 28.22464 ], [ 85.28404, 28.225 ] ] ] } },
{ "type": "Feature", "properties": { "area_m2": 6000.0 }, "geometry": { "type": "Polygon", "coordinates": [ [ [ 85.3603, 28.22197 ], [ 85.36071, 28.22197 ], [ 85.36071, 28.22179 ], [ 85.36112, 28.2218 ], [ 85.36112, 28.22161 ], [ 85.36092, 28.22161 ], [ 85.36092, 28.22125 ], [ 85.36052, 28.22125 ], [ 85.36051, 28.22143 ], [ 85.3599, 28.22142 ], [ 85.3599, 28.22178 ], [ 85.3603, 28.22179 ], [ 85.3603, 28.22197 ] ] ] } },
{ "type": "Feature", "properties": { "area_m2": 2000.0 }, "geometry": { "type": "Polygon", "coordinates": [ [ [ 85.35868, 28.22122 ], [ 85.35909, 28.22123 ], [ 85.35909, 28.22105 ], [ 85.3593, 28.22105 ], [ 85.3593, 28.22087 ], [ 85.35869, 28.22086 ], [ 85.35868, 28.22122 ] ] ] } },
{ "type": "Feature", "properties": { "area_m2": 2000.0 }, "geometry": { "type": "Polygon", "coordinates": [ [ [ 85.35869, 28.2205 ], [ 85.3591, 28.22051 ], [ 85.3591, 28.22033 ], [ 85.3589, 28.22032 ], [ 85.3589, 28.22014 ], [ 85.35911, 28.22015 ], [ 85.35911, 28.21997 ], [ 85.3587, 28.21996 ], [ 85.35869, 28.2205 ] ] ] } },
{ "type": "Feature", "properties": { "area_m2": 6400.0 }, "geometry": { "type": "Polygon", "coordinates": [ [ [ 85.28047, 28.219 ], [ 85.28067, 28.219 ], [ 85.28067, 28.21882 ], [ 85.28128, 28.21883 ], [ 85.28129, 28.21865 ], [ 85.28149, 28.21865 ], [ 85.28149, 28.21847 ], [ 85.28109, 28.21847 ], [ 85.28109, 28.21829 ], [ 85.28068, 28.21828 ], [ 85.28068, 28.2181 ], [ 85.28048, 28.2181 ], [ 85.28048, 28.21828 ], [ 85.28027, 28.21828 ], [ 85.28027, 28.21864 ], [ 85.28047, 28.21864 ], [ 85.28047, 28.219 ] ] ] } },
{ "type": "Feature", "properties": { "area_m2": 55200.0 }, "geometry": { "type": "Polygon", "coordinates": [ [ [ 85.28449, 28.22212 ], [ 85.2849, 28.22212 ], [ 85.28492, 28.22068 ], [ 85.28513, 28.22068 ], [ 85.28513, 28.2205 ], [ 85.28533, 28.2205 ], [ 85.28533, 28.22087 ], [ 85.28553, 28.22087 ], [ 85.28553, 28.22069 ], [ 85.28594, 28.22069 ], [ 85.28594, 28.22087 ], [ 85.28614, 28.22088 ], [ 85.28614, 28.22106 ], [ 85.28634, 28.22106 ], [ 85.28634, 28.22124 ], [ 85.28654, 28.22124 ], [ 85.28656, 28.21998 ], [ 85.28616, 28.21997 ], [ 85.28616, 28.21979 ], [ 85.28657, 28.2198 ], [ 85.28657, 28.21944 ], [ 85.28616, 28.21943 ], [ 85.28616, 28.21961 ], [ 85.28575, 28.21961 ], [ 85.28576, 28.21907 ], [ 85.28597, 28.21907 ], [ 85.28599, 28.21781 ], [ 85.28517, 28.2178 ], [ 85.28517, 28.21798 ], [ 85.28497, 28.21797 ], [ 85.28496, 28.21833 ], [ 85.28516, 28.21834 ], [ 85.28516, 28.2187 ], [ 85.28495, 28.2187 ], [ 85.28494, 28.21942 ], [ 85.28474, 28.21941 ], [ 85.28474, 28.21959 ], [ 85.28453, 28.21959 ], [ 85.28453, 28.21941 ], [ 85.28433, 28.21941 ], [ 85.28431, 28.22049 ], [ 85.28411, 28.22049 ], [ 85.2841, 28.22103 ], [ 85.28431, 28.22103 ], [ 85.2843, 28.22157 ], [ 85.2845, 28.22158 ], [ 85.28449, 28.22212 ] ], [ [ 85.28513, 28.22032 ], [ 85.28513, 28.22014 ], [ 85.28493, 28.22014 ], [ 85.28494, 28.21978 ], [ 85.28514, 28.21978 ], [ 85.28514, 28.21996 ], [ 85.28534, 28.21996 ], [ 85.28534, 28.22032 ], [ 85.28513, 28.22032 ] ] ] } },
{ "type": "Feature", "properties": { "area_m2": 12000.0 }, "geometry": { "type": "Polygon", "coordinates": [ [ [ 85.3547, 28.21504 ], [ 85.35531, 28.21505 ], [ 85.35532, 28.21487 ], [ 85.35552, 28.21487 ], [ 85.35552, 28.21505 ], [ 85.35572, 28.21505 ], [ 85.35572, 28.21487 ], [ 85.35593, 28.21487 ], [ 85.35593, 28.21469 ], [ 85.35573, 28.21469 ], [ 85.35573, 28.21415 ], [ 85.35492, 28.21414 ], [ 85.35492, 28.21396 ], [ 85.35472, 28.21396 ], [ 85.35472, 28.21414 ], [ 85.35451, 28.21413 ], [ 85.3545, 28.21486 ], [ 85.3547, 28.21486 ], [ 85.3547, 28.21504 ] ] ] } },
{ "type": "Feature", "properties": { "area_m2": 4000.0 }, "geometry": { "type": "Polygon", "coordinates": [ [ [ 85.28544, 28.21383 ], [ 85.28605, 28.21384 ], [ 85.28605, 28.21366 ], [ 85.28585, 28.21365 ], [ 85.28586, 28.21293 ], [ 85.28566, 28.21293 ], [ 85.28565, 28.21311 ], [ 85.28545, 28.21311 ], [ 85.28544, 28.21383 ] ] ] } },
{ "type": "Feature", "properties": { "area_m2": 6000.0 }, "geometry": { "type": "Polygon", "coordinates": [ [ [ 85.28626, 28.21366 ], [ 85.28666, 28.21366 ], [ 85.28667, 28.21348 ], [ 85.28687, 28.21348 ], [ 85.28688, 28.21312 ], [ 85.28708, 28.21313 ], [ 85.28709, 28.21277 ], [ 85.28729, 28.21277 ], [ 85.2873, 28.21241 ], [ 85.28689, 28.2124 ], [ 85.28688, 28.21294 ], [ 85.28668, 28.21294 ], [ 85.28667, 28.21312 ], [ 85.28627, 28.21312 ], [ 85.28626, 28.21366 ] ] ] } },
{ "type": "Feature", "properties": { "area_m2": 7200.0 }, "geometry": { "type": "Polygon", "coordinates": [ [ [ 85.35391, 28.21377 ], [ 85.35411, 28.21377 ], [ 85.35411, 28.21359 ], [ 85.35452, 28.21359 ], [ 85.35453, 28.21305 ], [ 85.35473, 28.21305 ], [ 85.35474, 28.21269 ], [ 85.35494, 28.2127 ], [ 85.35495, 28.21234 ], [ 85.35454, 28.21233 ], [ 85.35454, 28.21251 ], [ 85.35433, 28.21251 ], [ 85.35433, 28.21287 ], [ 85.35412, 28.21287 ], [ 85.35412, 28.21341 ], [ 85.35391, 28.21341 ], [ 85.35391, 28.21377 ] ] ] } },
{ "type": "Feature", "properties": { "area_m2": 4400.0 }, "geometry": { "type": "Polygon", "coordinates": [ [ [ 85.2875, 28.21241 ], [ 85.28791, 28.21241 ], [ 85.28791, 28.21205 ], [ 85.28812, 28.21206 ], [ 85.28812, 28.21188 ], [ 85.28832, 28.21188 ], [ 85.28833, 28.2117 ], [ 85.28812, 28.2117 ], [ 85.28813, 28.21133 ], [ 85.28792, 28.21133 ], [ 85.28792, 28.21151 ], [ 85.28772, 28.21151 ], [ 85.28771, 28.21223 ], [ 85.2875, 28.21223 ], [ 85.2875, 28.21241 ] ] ] } },
{ "type": "Feature", "properties": { "area_m2": 3200.0 }, "geometry": { "type": "Polygon", "coordinates": [ [ [ 85.35476, 28.21143 ], [ 85.35537, 28.21144 ], [ 85.35537, 28.21108 ], [ 85.35497, 28.21107 ], [ 85.35497, 28.21071 ], [ 85.35477, 28.21071 ], [ 85.35476, 28.21143 ] ] ] } },
{ "type": "Feature", "properties": { "area_m2": 8000.0 }, "geometry": { "type": "Polygon", "coordinates": [ [ [ 85.35498, 28.21035 ], [ 85.35538, 28.21035 ], [ 85.3554, 28.20963 ], [ 85.35417, 28.20962 ], [ 85.35416, 28.21016 ], [ 85.35498, 28.21017 ], [ 85.35498, 28.21035 ] ] ] } },
{ "type": "Feature", "properties": { "area_m2": 3200.0 }, "geometry": { "type": "Polygon", "coordinates": [ [ [ 85.29081, 28.2092 ], [ 85.29101, 28.2092 ], [ 85.29102, 28.20902 ], [ 85.29122, 28.20903 ], [ 85.29122, 28.20885 ], [ 85.29102, 28.20884 ], [ 85.29103, 28.20848 ], [ 85.29062, 28.20848 ], [ 85.29061, 28.20902 ], [ 85.29081, 28.20902 ], [ 85.29081, 28.2092 ] ] ] } },
{ "type": "Feature", "properties": { "area_m2": 16000.0 }, "geometry": { "type": "Polygon", "coordinates": [ [ [ 85.35336, 28.20943 ], [ 85.35377, 28.20943 ], [ 85.35377, 28.20925 ], [ 85.35397, 28.20925 ], [ 85.35398, 28.20871 ], [ 85.35419, 28.20872 ], [ 85.3542, 28.20799 ], [ 85.3544, 28.208 ], [ 85.35441, 28.20727 ], [ 85.35462, 28.20728 ], [ 85.35462, 28.2071 ], [ 85.35442, 28.20709 ], [ 85.35442, 28.20691 ], [ 85.35421, 28.20691 ], [ 85.35421, 28.20709 ], [ 85.35401, 28.20709 ], [ 85.354, 28.20781 ], [ 85.35379, 28.20781 ], [ 85.35379, 28.20799 ], [ 85.35338, 28.20798 ], [ 85.35337, 28.20907 ], [ 85.35316, 28.20906 ], [ 85.35316, 28.20925 ], [ 85.35336, 28.20925 ], [ 85.35336, 28.20943 ] ], [ [ 85.35358, 28.20835 ], [ 85.35358, 28.20817 ], [ 85.35379, 28.20817 ], [ 85.35379, 28.20835 ], [ 85.35358, 28.20835 ] ] ] } },
{ "type": "Feature", "properties": { "area_m2": 3600.0 }, "geometry": { "type": "Polygon", "coordinates": [ [ [ 85.29086, 28.20613 ], [ 85.29147, 28.20614 ], [ 85.29148, 28.2056 ], [ 85.29107, 28.2056 ], [ 85.29107, 28.20578 ], [ 85.29066, 28.20577 ], [ 85.29066, 28.20595 ], [ 85.29086, 28.20595 ], [ 85.29086, 28.20613 ] ] ] } },
{ "type": "Feature", "properties": { "area_m2": 9600.0 }, "geometry": { "type": "Polygon", "coordinates": [ [ [ 85.35422, 28.20673 ], [ 85.35462, 28.20674 ], [ 85.35463, 28.20656 ], [ 85.35483, 28.20656 ], [ 85.35483, 28.20638 ], [ 85.35463, 28.20637 ], [ 85.35464, 28.20565 ], [ 85.35444, 28.20565 ], [ 85.35444, 28.20547 ], [ 85.35424, 28.20547 ], [ 85.35424, 28.20529 ], [ 85.35404, 28.20528 ], [ 85.35404, 28.2051 ], [ 85.35383, 28.2051 ], [ 85.35382, 28.20582 ], [ 85.35403, 28.20583 ], [ 85.35402, 28.20655 ], [ 85.35422, 28.20655 ], [ 85.35422, 28.20673 ] ], [ [ 85.35422, 28.20655 ], [ 85.35422, 28.20637 ], [ 85.35443, 28.20637 ], [ 85.35442, 28.20655 ], [ 85.35422, 28.20655 ] ] ] } },
{ "type": "Feature", "properties": { "area_m2": 3600.0 }, "geometry": { "type": "Polygon", "coordinates": [ [ [ 85.47423, 28.20704 ], [ 85.47484, 28.20705 ], [ 85.47484, 28.20687 ], [ 85.47464, 28.20686 ], [ 85.47464, 28.20668 ], [ 85.47444, 28.20668 ], [ 85.47444, 28.20632 ], [ 85.47424, 28.20632 ], [ 85.47423, 28.2065 ], [ 85.47403, 28.2065 ], [ 85.47403, 28.20686 ], [ 85.47423, 28.20686 ], [ 85.47423, 28.20704 ] ] ] } },
{ "type": "Feature", "properties": { "area_m2": 8800.0 }, "geometry": { "type": "Polygon", "coordinates": [ [ [ 85.36586, 28.2047 ], [ 85.36647, 28.20471 ], [ 85.36648, 28.20453 ], [ 85.36709, 28.20454 ], [ 85.36709, 28.20436 ], [ 85.36729, 28.20436 ], [ 85.3673, 28.20418 ], [ 85.3675, 28.20418 ], [ 85.3675, 28.204 ], [ 85.3671, 28.204 ], [ 85.36709, 28.20418 ], [ 85.36648, 28.20417 ], [ 85.36648, 28.20435 ], [ 85.36607, 28.20435 ], [ 85.36608, 28.20399 ], [ 85.36567, 28.20398 ], [ 85.36567, 28.20416 ], [ 85.36526, 28.20416 ], [ 85.36525, 28.20452 ], [ 85.36546, 28.20452 ], [ 85.36546, 28.20434 ], [ 85.36587, 28.20434 ], [ 85.36586, 28.2047 ] ] ] } },
{ "type": "Feature", "properties": { "area_m2": 2400.0 }, "geometry": { "type": "Polygon", "coordinates": [ [ [ 85.3675, 28.204 ], [ 85.36811, 28.20401 ], [ 85.36812, 28.20383 ], [ 85.36791, 28.20383 ], [ 85.36792, 28.20365 ], [ 85.3673, 28.20364 ], [ 85.3673, 28.20382 ], [ 85.36751, 28.20382 ], [ 85.3675, 28.204 ] ] ] } },
{ "type": "Feature", "properties": { "area_m2": 8800.0 }, "geometry": { "type": "Polygon", "coordinates": [ [ [ 85.36283, 28.2034 ], [ 85.36323, 28.20341 ], [ 85.36324, 28.20323 ], [ 85.36303, 28.20323 ], [ 85.36304, 28.20287 ], [ 85.36324, 28.20287 ], [ 85.36324, 28.20269 ], [ 85.36284, 28.20268 ], [ 85.36284, 28.20232 ], [ 85.36264, 28.20232 ], [ 85.36264, 28.20214 ], [ 85.36244, 28.20214 ], [ 85.36243, 28.20232 ], [ 85.36223, 28.20231 ], [ 85.36223, 28.2025 ], [ 85.36162, 28.20249 ], [ 85.36161, 28.20267 ], [ 85.36202, 28.20267 ], [ 85.36202, 28.20285 ], [ 85.36222, 28.20286 ], [ 85.36223, 28.20268 ], [ 85.36243, 28.20268 ], [ 85.36243, 28.20286 ], [ 85.36263, 28.20286 ], [ 85.36263, 28.20304 ], [ 85.36242, 28.20304 ], [ 85.36242, 28.20322 ], [ 85.36283, 28.20322 ], [ 85.36283, 28.2034 ] ] ] } },
{ "type": "Feature", "properties": { "area_m2": 2000.0 }, "geometry": { "type": "Polygon", "coordinates": [ [ [ 85.35612, 28.20224 ], [ 85.35632, 28.20224 ], [ 85.35633, 28.20206 ], [ 85.35653, 28.20207 ], [ 85.35654, 28.2017 ], [ 85.35613, 28.2017 ], [ 85.35612, 28.20224 ] ] ] } },
{ "type": "Feature", "properties": { "area_m2": 4800.0 }, "geometry": { "type": "Polygon", "coordinates": [ [ [ 85.36915, 28.20276 ], [ 85.36936, 28.20276 ], [ 85.36936, 28.2024 ], [ 85.36977, 28.2024 ], [ 85.36977, 28.20222 ], [ 85.36957, 28.20222 ], [ 85.36957, 28.20186 ], [ 85.36937, 28.20186 ], [ 85.36937, 28.20168 ], [ 85.36917, 28.20168 ], [ 85.36916, 28.2024 ], [ 85.36875, 28.20239 ], [ 85.36875, 28.20257 ], [ 85.36915, 28.20258 ], [ 85.36915, 28.20276 ] ] ] } },
{ "type": "Feature", "properties": { "area_m2": 10800.0 }, "geometry": { "type": "Polygon", "coordinates": [ [ [ 85.35347, 28.20221 ], [ 85.35408, 28.20222 ], [ 85.3541, 28.20131 ], [ 85.35287, 28.2013 ], [ 85.35286, 28.20202 ], [ 85.35347, 28.20203 ], [ 85.35347, 28.20221 ] ] ] } },
{ "type": "Feature", "properties": { "area_m2": 8000.0 }, "geometry": { "type": "Polygon", "coordinates": [ [ [ 85.37058, 28.20241 ], [ 85.37079, 28.20242 ], [ 85.37079, 28.20224 ], [ 85.37201, 28.20225 ], [ 85.37201, 28.20207 ], [ 85.37181, 28.20207 ], [ 85.37181, 28.20189 ], [ 85.37202, 28.20189 ], [ 85.37202, 28.20153 ], [ 85.37223, 28.20153 ], [ 85.37223, 28.20135 ], [ 85.37182, 28.20135 ], [ 85.37182, 28.20153 ], [ 85.37162, 28.20152 ], [ 85.37161, 28.2017 ], [ 85.37121, 28.2017 ], [ 85.3712, 28.20188 ], [ 85.371, 28.20188 ], [ 85.371, 28.20206 ], [ 85.37059, 28.20205 ], [ 85.37058, 28.20241 ] ] ] } },
{ "type": "Feature", "properties": { "area_m2": 4800.0 }, "geometry": { "type": "Polygon", "coordinates": [ [ [ 85.29114, 28.20126 ], [ 85.29134, 28.20127 ], [ 85.29135, 28.20073 ], [ 85.29115, 28.20072 ], [ 85.29115, 28.20054 ], [ 85.29074, 28.20054 ], [ 85.29075, 28.20018 ], [ 85.29055, 28.20017 ], [ 85.29054, 28.2009 ], [ 85.29094, 28.2009 ], [ 85.29094, 28.20108 ], [ 85.29114, 28.20108 ], [ 85.29114, 28.20126 ] ] ] } },
{ "type": "Feature", "properties": { "area_m2": 10400.0 }, "geometry": { "type": "Polygon", "coordinates": [ [ [ 85.35051, 28.19604 ], [ 85.35071, 28.19604 ], [ 85.35073, 28.19514 ], [ 85.35114, 28.19514 ], [ 85.35114, 28.19478 ], [ 85.35134, 28.19478 ], [ 85.35135, 28.1946 ], [ 85.35074, 28.1946 ], [ 85.35074, 28.19423 ], [ 85.35033, 28.19423 ], [ 85.35034, 28.19405 ], [ 85.35013, 28.19405 ], [ 85.35012, 28.19477 ], [ 85.35033, 28.19477 ], [ 85.35032, 28.19513 ], [ 85.35052, 28.19513 ], [ 85.35051, 28.19604 ] ] ] } },
{ "type": "Feature", "properties": { "area_m2": 16000.0 }, "geometry": { "type": "Polygon", "coordinates": [ [ [ 85.34973, 28.19404 ], [ 85.35013, 28.19405 ], [ 85.35014, 28.19387 ], [ 85.34993, 28.19386 ], [ 85.34994, 28.19332 ], [ 85.35035, 28.19333 ], [ 85.35035, 28.19315 ], [ 85.35055, 28.19315 ], [ 85.35056, 28.19297 ], [ 85.35076, 28.19297 ], [ 85.35077, 28.19261 ], [ 85.35036, 28.19261 ], [ 85.35036, 28.19243 ], [ 85.35016, 28.19242 ], [ 85.35016, 28.19224 ], [ 85.34996, 28.19224 ], [ 85.34995, 28.19242 ], [ 85.34934, 28.19241 ], [ 85.34934, 28.19259 ], [ 85.34914, 28.19259 ], [ 85.34913, 28.19277 ], [ 85.34934, 28.19277 ], [ 85.34933, 28.1935 ], [ 85.34953, 28.1935 ], [ 85.34953, 28.19368 ], [ 85.34973, 28.19368 ], [ 85.34973, 28.19404 ] ] ] } },
{ "type": "Feature", "properties": { "area_m2": 2800.0 }, "geometry": { "type": "Polygon", "coordinates": [ [ [ 85.34735, 28.18932 ], [ 85.34756, 28.18932 ], [ 85.34757, 28.18878 ], [ 85.34716, 28.18878 ], [ 85.34716, 28.1886 ], [ 85.34696, 28.18859 ], [ 85.34695, 28.18895 ], [ 85.34716, 28.18896 ], [ 85.34715, 28.18914 ], [ 85.34736, 28.18914 ], [ 85.34735, 28.18932 ] ] ] } },
{ "type": "Feature", "properties": { "area_m2": 138400.0 }, "geometry": { "type": "Polygon", "coordinates": [ [ [ 85.35343, 28.2051 ], [ 85.35383, 28.2051 ], [ 85.35384, 28.20492 ], [ 85.35363, 28.20492 ], [ 85.35364, 28.20438 ], [ 85.35344, 28.20438 ], [ 85.35344, 28.20419 ], [ 85.35324, 28.20419 ], [ 85.35324, 28.20383 ], [ 85.35304, 28.20383 ], [ 85.35305, 28.20329 ], [ 85.35284, 28.20328 ], [ 85.35286, 28.2022 ], [ 85.35266, 28.2022 ], [ 85.35267, 28.20112 ], [ 85.35247, 28.20111 ], [ 85.35247, 28.20093 ], [ 85.35268, 28.20094 ], [ 85.35268, 28.20076 ], [ 85.35248, 28.20075 ], [ 85.35248, 28.20039 ], [ 85.35309, 28.2004 ], [ 85.35309, 28.20022 ], [ 85.35371, 28.20023 ], [ 85.35371, 28.20005 ], [ 85.35228, 28.20003 ], [ 85.35229, 28.19931 ], [ 85.35209, 28.1993 ], [ 85.3521, 28.19876 ], [ 85.35189, 28.19876 ], [ 85.3519, 28.19822 ], [ 85.3517, 28.19822 ], [ 85.3517, 28.19786 ], [ 85.3515, 28.19785 ], [ 85.3515, 28.19767 ], [ 85.3513, 28.19767 ], [ 85.3513, 28.19749 ], [ 85.3511, 28.19749 ], [ 85.3511, 28.19731 ], [ 85.3509, 28.1973 ], [ 85.3509, 28.19694 ], [ 85.3507, 28.19694 ], [ 85.3507, 28.19676 ], [ 85.3505, 28.19676 ], [ 85.3505, 28.19658 ], [ 85.3503, 28.19658 ], [ 85.35031, 28.19549 ], [ 85.35011, 28.19549 ], [ 85.35012, 28.19513 ], [ 85.34991, 28.19513 ], [ 85.34992, 28.19477 ], [ 85.34971, 28.19476 ], [ 85.34972, 28.1944 ], [ 85.34952, 28.1944 ], [ 85.34952, 28.19404 ], [ 85.34932, 28.19404 ], [ 85.34932, 28.19368 ], [ 85.34912, 28.19367 ], [ 85.34913, 28.19331 ], [ 85.34892, 28.19331 ], [ 85.34893, 28.19259 ], [ 85.34873, 28.19259 ], [ 85.34874, 28.19186 ], [ 85.34854, 28.19186 ], [ 85.34854, 28.1915 ], [ 85.34834, 28.1915 ], [ 85.34834, 28.19132 ], [ 85.34814, 28.19132 ], [ 85.34814, 28.19095 ], [ 85.34794, 28.19095 ], [ 85.34794, 28.19077 ], [ 85.34774, 28.19077 ], [ 85.34774, 28.19059 ], [ 85.34754, 28.19059 ], [ 85.34755, 28.18986 ], [ 85.34735, 28.18986 ], [ 85.34735, 28.18968 ], [ 85.34714, 28.18968 ], [ 85.34715, 28.1895 ], [ 85.34694, 28.1895 ], [ 85.34695, 28.18932 ], [ 85.34674, 28.18931 ], [ 85.34675, 28.18895 ], [ 85.34634, 28.18895 ], [ 85.34635, 28.18859 ], [ 85.34614, 28.18858 ], [ 85.34615, 28.1884 ], [ 85.34594, 28.1884 ], [ 85.34593, 28.1893 ], [ 85.34634, 28.18931 ], [ 85.34633, 28.18985 ], [ 85.34653, 28.18985 ], [ 85.34653, 28.19003 ], [ 85.34673, 28.19003 ], [ 85.34673, 28.19022 ], [ 85.34693, 28.19022 ], [ 85.34693, 28.19058 ], [ 85.34713, 28.19058 ], [ 85.34713, 28.19094 ], [ 85.34733, 28.19094 ], [ 85.34733, 28.19112 ], [ 85.34753, 28.19113 ], [ 85.34753, 28.19131 ], [ 85.34773, 28.19131 ], [ 85.34772, 28.19185 ], [ 85.34793, 28.19185 ], [ 85.34792, 28.19258 ], [ 85.34812, 28.19258 ], [ 85.34811, 28.1933 ], [ 85.34831, 28.1933 ], [ 85.34831, 28.19348 ], [ 85.34851, 28.19349 ], [ 85.34851, 28.19385 ], [ 85.34871, 28.19385 ], [ 85.3487, 28.19475 ], [ 85.3489, 28.19475 ], [ 85.3489, 28.19493 ], [ 85.3491, 28.19494 ], [ 85.34909, 28.19584 ], [ 85.34929, 28.19584 ], [ 85.34928, 28.19656 ], [ 85.34948, 28.19657 ], [ 85.34948, 28.19711 ], [ 85.34927, 28.1971 ], [ 85.34927, 28.19729 ], [ 85.35008, 28.1973 ], [ 85.35008, 28.19748 ], [ 85.35049, 28.19748 ], [ 85.35049, 28.19766 ], [ 85.35069, 28.19766 ], [ 85.35069, 28.19784 ], [ 85.35089, 28.19785 ], [ 85.35088, 28.19821 ], [ 85.35109, 28.19821 ], [ 85.35109, 28.19839 ], [ 85.35129, 28.19839 ], [ 85.35128, 28.19875 ], [ 85.35149, 28.19876 ], [ 85.35148, 28.1993 ], [ 85.35168, 28.1993 ], [ 85.35167, 28.19984 ], [ 85.35188, 28.19984 ], [ 85.35186, 28.20093 ], [ 85.35207, 28.20093 ], [ 85.35206, 28.20111 ], [ 85.35186, 28.20111 ], [ 85.35185, 28.20147 ], [ 85.35206, 28.20147 ], [ 85.35205, 28.20165 ], [ 85.35185, 28.20165 ], [ 85.35184, 28.20201 ], [ 85.35205, 28.20201 ], [ 85.35204, 28.20255 ], [ 85.35245, 28.20256 ], [ 85.35244, 28.20328 ], [ 85.35264, 28.20328 ], [ 85.35263, 28.20364 ], [ 85.35243, 28.20364 ], [ 85.35243, 28.204 ], [ 85.35263, 28.204 ], [ 85.35263, 28.20418 ], [ 85.35283, 28.20419 ], [ 85.35283, 28.20437 ], [ 85.35323, 28.20437 ], [ 85.35323, 28.20473 ], [ 85.35343, 28.20474 ], [ 85.35343, 28.2051 ] ] ] } },
{ "type": "Feature", "properties": { "area_m2": 3600.0 }, "geometry": { "type": "Polygon", "coordinates": [ [ [ 85.34635, 28.18823 ], [ 85.34656, 28.18823 ], [ 85.34657, 28.18714 ], [ 85.34637, 28.18714 ], [ 85.34637, 28.18732 ], [ 85.34616, 28.18732 ], [ 85.34615, 28.18786 ], [ 85.34636, 28.18786 ], [ 85.34635, 28.18823 ] ] ] } },
{ "type": "Feature", "properties": { "area_m2": 22800.0 }, "geometry": { "type": "Polygon", "coordinates": [ [ [ 85.34574, 28.1884 ], [ 85.34594, 28.1884 ], [ 85.34595, 28.18786 ], [ 85.34575, 28.18786 ], [ 85.34575, 28.1875 ], [ 85.34555, 28.18749 ], [ 85.34556, 28.18677 ], [ 85.34576, 28.18677 ], [ 85.34577, 28.18623 ], [ 85.34557, 28.18623 ], [ 85.34557, 28.18605 ], [ 85.34537, 28.18605 ], [ 85.34537, 28.18587 ], [ 85.34517, 28.18586 ], [ 85.34517, 28.18568 ], [ 85.34476, 28.18568 ], [ 85.34476, 28.1855 ], [ 85.34415, 28.18549 ], [ 85.34414, 28.18621 ], [ 85.34435, 28.18622 ], [ 85.34434, 28.1864 ], [ 85.34475, 28.1864 ], [ 85.34474, 28.18676 ], [ 85.34495, 28.18676 ], [ 85.34495, 28.18694 ], [ 85.34515, 28.18695 ], [ 85.34514, 28.18731 ], [ 85.34535, 28.18731 ], [ 85.34533, 28.18821 ], [ 85.34574, 28.18822 ], [ 85.34574, 28.1884 ] ] ] } },
{ "type": "Feature", "properties": { "area_m2": 4800.0 }, "geometry": { "type": "Polygon", "coordinates": [ [ [ 85.34457, 28.18459 ], [ 85.34478, 28.1846 ], [ 85.34478, 28.18424 ], [ 85.34458, 28.18423 ], [ 85.34458, 28.18405 ], [ 85.34499, 28.18406 ], [ 85.345, 28.1837 ], [ 85.34479, 28.18369 ], [ 85.34479, 28.18387 ], [ 85.34459, 28.18387 ], [ 85.34459, 28.18369 ], [ 85.34438, 28.18369 ], [ 85.34439, 28.18351 ], [ 85.34418, 28.18351 ], [ 85.34418, 28.18405 ], [ 85.34438, 28.18405 ], [ 85.34437, 28.18441 ], [ 85.34458, 28.18441 ], [ 85.34457, 28.18459 ] ] ] } },
{ "type": "Feature", "properties": { "area_m2": 3600.0 }, "geometry": { "type": "Polygon", "coordinates": [ [ [ 85.33808, 28.18271 ], [ 85.3389, 28.18272 ], [ 85.3389, 28.18254 ], [ 85.33931, 28.18254 ], [ 85.33931, 28.18236 ], [ 85.33829, 28.18235 ], [ 85.33829, 28.18253 ], [ 85.33809, 28.18253 ], [ 85.33808, 28.18271 ] ] ] } },
{ "type": "Feature", "properties": { "area_m2": 20400.0 }, "geometry": { "type": "Polygon", "coordinates": [ [ [ 85.30365, 28.18319 ], [ 85.30447, 28.1832 ], [ 85.30447, 28.18284 ], [ 85.30467, 28.18284 ], [ 85.30468, 28.1823 ], [ 85.30448, 28.1823 ], [ 85.30448, 28.18212 ], [ 85.30509, 28.18212 ], [ 85.3051, 28.18176 ], [ 85.30449, 28.18176 ], [ 85.30449, 28.18194 ], [ 85.30428, 28.18193 ], [ 85.30428, 28.18175 ], [ 85.30388, 28.18175 ], [ 85.30388, 28.18157 ], [ 85.30368, 28.18157 ], [ 85.30367, 28.18175 ], [ 85.30327, 28.18174 ], [ 85.30325, 28.18246 ], [ 85.30346, 28.18247 ], [ 85.30345, 28.18283 ], [ 85.30366, 28.18283 ], [ 85.30365, 28.18319 ] ] ] } },
{ "type": "Feature", "properties": { "area_m2": 8400.0 }, "geometry": { "type": "Polygon", "coordinates": [ [ [ 85.34281, 28.18042 ], [ 85.34301, 28.18042 ], [ 85.34301, 28.18006 ], [ 85.34342, 28.18007 ], [ 85.34342, 28.17989 ], [ 85.34383, 28.17989 ], [ 85.34384, 28.17935 ], [ 85.34323, 28.17934 ], [ 85.34323, 28.17916 ], [ 85.34303, 28.17916 ], [ 85.34303, 28.17934 ], [ 85.34282, 28.17934 ], [ 85.34281, 28.18042 ] ] ] } },
{ "type": "Feature", "properties": { "area_m2": 2000.0 }, "geometry": { "type": "Polygon", "coordinates": [ [ [ 85.44221, 28.18069 ], [ 85.44282, 28.18069 ], [ 85.44283, 28.18033 ], [ 85.44242, 28.18033 ], [ 85.44242, 28.18051 ], [ 85.44221, 28.18051 ], [ 85.44221, 28.18069 ] ] ] } },
{ "type": "Feature", "properties": { "area_m2": 2000.0 }, "geometry": { "type": "Polygon", "coordinates": [ [ [ 85.32287, 28.17873 ], [ 85.32307, 28.17874 ], [ 85.32308, 28.17856 ], [ 85.32328, 28.17856 ], [ 85.32328, 28.17838 ], [ 85.32308, 28.17838 ], [ 85.32308, 28.1782 ], [ 85.32288, 28.17819 ], [ 85.32287, 28.17837 ], [ 85.32267, 28.17837 ], [ 85.32267, 28.17855 ], [ 85.32287, 28.17855 ], [ 85.32287, 28.17873 ] ] ] } },
{ "type": "Feature", "properties": { "area_m2": 2000.0 }, "geometry": { "type": "Polygon", "coordinates": [ [ [ 85.44141, 28.17959 ], [ 85.44182, 28.1796 ], [ 85.44182, 28.17942 ], [ 85.44162, 28.17942 ], [ 85.44162, 28.17905 ], [ 85.44122, 28.17905 ], [ 85.44121, 28.17923 ], [ 85.44142, 28.17923 ], [ 85.44141, 28.17959 ] ] ] } },
{ "type": "Feature", "properties": { "area_m2": 3200.0 }, "geometry": { "type": "Polygon", "coordinates": [ [ [ 85.44101, 28.17905 ], [ 85.44122, 28.17905 ], [ 85.44122, 28.17887 ], [ 85.44163, 28.17887 ], [ 85.44163, 28.17869 ], [ 85.44143, 28.17869 ], [ 85.44143, 28.17833 ], [ 85.44123, 28.17833 ], [ 85.44122, 28.17869 ], [ 85.44102, 28.17869 ], [ 85.44102, 28.17851 ], [ 85.44082, 28.1785 ], [ 85.44081, 28.17886 ], [ 85.44102, 28.17887 ], [ 85.44101, 28.17905 ] ] ] } },
{ "type": "Feature", "properties": { "area_m2": 12800.0 }, "geometry": { "type": "Polygon", "coordinates": [ [ [ 85.4398, 28.17813 ], [ 85.44001, 28.17813 ], [ 85.44001, 28.17777 ], [ 85.43981, 28.17777 ], [ 85.43981, 28.17741 ], [ 85.43941, 28.1774 ], [ 85.43941, 28.17722 ], [ 85.43921, 28.17722 ], [ 85.43921, 28.17704 ], [ 85.439, 28.17704 ], [ 85.43901, 28.17686 ], [ 85.4388, 28.17686 ], [ 85.43881, 28.1765 ], [ 85.43861, 28.17649 ], [ 85.43861, 28.17631 ], [ 85.4384, 28.17631 ], [ 85.4384, 28.17649 ], [ 85.4382, 28.17649 ], [ 85.4382, 28.17667 ], [ 85.43799, 28.17667 ], [ 85.43799, 28.17685 ], [ 85.4386, 28.17685 ], [ 85.43859, 28.1774 ], [ 85.4388, 28.1774 ], [ 85.43879, 28.17758 ], [ 85.439, 28.17758 ], [ 85.43899, 28.17794 ], [ 85.43981, 28.17795 ], [ 85.4398, 28.17813 ] ] ] } },
{ "type": "Feature", "properties": { "area_m2": 2400.0 }, "geometry": { "type": "Polygon", "coordinates": [ [ [ 85.3433, 28.17483 ], [ 85.34371, 28.17484 ], [ 85.34372, 28.17411 ], [ 85.34351, 28.17411 ], [ 85.34351, 28.17447 ], [ 85.3433, 28.17447 ], [ 85.3433, 28.17483 ] ] ] } },
{ "type": "Feature", "properties": { "area_m2": 2400.0 }, "geometry": { "type": "Polygon", "coordinates": [ [ [ 85.43699, 28.17575 ], [ 85.43739, 28.17576 ], [ 85.4374, 28.17504 ], [ 85.4372, 28.17503 ], [ 85.4372, 28.17521 ], [ 85.43699, 28.17521 ], [ 85.43699, 28.17539 ], [ 85.4372, 28.17539 ], [ 85.43719, 28.17557 ], [ 85.43699, 28.17557 ], [ 85.43699, 28.17575 ] ] ] } },
{ "type": "Feature", "properties": { "area_m2": 2000.0 }, "geometry": { "type": "Polygon", "coordinates": [ [ [ 85.43803, 28.17396 ], [ 85.43844, 28.17396 ], [ 85.43844, 28.17378 ], [ 85.43824, 28.17378 ], [ 85.43825, 28.17324 ], [ 85.43804, 28.17324 ], [ 85.43803, 28.17396 ] ] ] } },
{ "type": "Feature", "properties": { "area_m2": 4800.0 }, "geometry": { "type": "Polygon", "coordinates": [ [ [ 85.4368, 28.17467 ], [ 85.43721, 28.17467 ], [ 85.43722, 28.17359 ], [ 85.43743, 28.17359 ], [ 85.43743, 28.17341 ], [ 85.43722, 28.17341 ], [ 85.43723, 28.17323 ], [ 85.43682, 28.17322 ], [ 85.43682, 28.1734 ], [ 85.43702, 28.17341 ], [ 85.43701, 28.17431 ], [ 85.4368, 28.17431 ], [ 85.4368, 28.17467 ] ] ] } },
{ "type": "Feature", "properties": { "area_m2": 7200.0 }, "geometry": { "type": "Polygon", "coordinates": [ [ [ 85.25498, 28.16976 ], [ 85.25539, 28.16977 ], [ 85.25539, 28.16959 ], [ 85.25559, 28.16959 ], [ 85.2556, 28.16941 ], [ 85.25539, 28.16941 ], [ 85.2554, 28.16905 ], [ 85.25397, 28.16903 ], [ 85.25397, 28.16921 ], [ 85.25417, 28.16921 ], [ 85.25417, 28.16957 ], [ 85.25457, 28.16958 ], [ 85.25458, 28.1694 ], [ 85.25478, 28.1694 ], [ 85.25478, 28.16922 ], [ 85.25499, 28.16922 ], [ 85.25498, 28.1694 ], [ 85.25519, 28.1694 ], [ 85.25519, 28.16959 ], [ 85.25498, 28.16958 ], [ 85.25498, 28.16976 ] ] ] } },
{ "type": "Feature", "properties": { "area_m2": 2400.0 }, "geometry": { "type": "Polygon", "coordinates": [ [ [ 85.2554, 28.16905 ], [ 85.25581, 28.16905 ], [ 85.25581, 28.16887 ], [ 85.25601, 28.16887 ], [ 85.25601, 28.16869 ], [ 85.25581, 28.16869 ], [ 85.25581, 28.16851 ], [ 85.25561, 28.16851 ], [ 85.25561, 28.16869 ], [ 85.2554, 28.16869 ], [ 85.2554, 28.16905 ] ] ] } },
{ "type": "Feature", "properties": { "area_m2": 2400.0 }, "geometry": { "type": "Polygon", "coordinates": [ [ [ 85.25865, 28.16927 ], [ 85.25886, 28.16927 ], [ 85.25886, 28.16909 ], [ 85.25906, 28.16909 ], [ 85.25907, 28.16855 ], [ 85.25867, 28.16855 ], [ 85.25866, 28.16873 ], [ 85.25887, 28.16873 ], [ 85.25886, 28.16891 ], [ 85.25866, 28.16891 ], [ 85.25865, 28.16927 ] ] ] } },
{ "type": "Feature", "properties": { "area_m2": 10800.0 }, "geometry": { "type": "Polygon", "coordinates": [ [ [ 85.34319, 28.16851 ], [ 85.3434, 28.16851 ], [ 85.3434, 28.16815 ], [ 85.34361, 28.16816 ], [ 85.34361, 28.16762 ], [ 85.34341, 28.16761 ], [ 85.34342, 28.16689 ], [ 85.34301, 28.16689 ], [ 85.34301, 28.16725 ], [ 85.34281, 28.16724 ], [ 85.3428, 28.16779 ], [ 85.34259, 28.16778 ], [ 85.34258, 28.16832 ], [ 85.3432, 28.16833 ], [ 85.34319, 28.16851 ] ], [ [ 85.3432, 28.16797 ], [ 85.34321, 28.16761 ], [ 85.34341, 28.16761 ], [ 85.3434, 28.16797 ], [ 85.3432, 28.16797 ] ] ] } },
{ "type": "Feature", "properties": { "area_m2": 2000.0 }, "geometry": { "type": "Polygon", "coordinates": [ [ [ 85.35027, 28.15867 ], [ 85.35068, 28.15868 ], [ 85.35068, 28.15849 ], [ 85.35088, 28.1585 ], [ 85.35089, 28.15832 ], [ 85.35068, 28.15831 ], [ 85.35068, 28.15813 ], [ 85.35048, 28.15813 ], [ 85.35048, 28.15849 ], [ 85.35027, 28.15849 ], [ 85.35027, 28.15867 ] ] ] } },
{ "type": "Feature", "properties": { "area_m2": 411200.0 }, "geometry": { "type": "Polygon", "coordinates": [ [ [ 85.34395, 28.18531 ], [ 85.34436, 28.18531 ], [ 85.34437, 28.18495 ], [ 85.34416, 28.18495 ], [ 85.34416, 28.18477 ], [ 85.34396, 28.18477 ], [ 85.34397, 28.18423 ], [ 85.34377, 28.18422 ], [ 85.34378, 28.1835 ], [ 85.34357, 28.1835 ], [ 85.34358, 28.18296 ], [ 85.34338, 28.18295 ], [ 85.34338, 28.18259 ], [ 85.34318, 28.18259 ], [ 85.34318, 28.18277 ], [ 85.34297, 28.18277 ], [ 85.34298, 28.18241 ], [ 85.34277, 28.18241 ], [ 85.34278, 28.18223 ], [ 85.34237, 28.18222 ], [ 85.34238, 28.18186 ], [ 85.34258, 28.18186 ], [ 85.34258, 28.18168 ], [ 85.34238, 28.18168 ], [ 85.34238, 28.18132 ], [ 85.34259, 28.18132 ], [ 85.34259, 28.1815 ], [ 85.34279, 28.1815 ], [ 85.34279, 28.18132 ], [ 85.3434, 28.18133 ], [ 85.34341, 28.18079 ], [ 85.343, 28.18078 ], [ 85.34301, 28.1806 ], [ 85.3428, 28.1806 ], [ 85.34281, 28.18042 ], [ 85.3426, 28.18042 ], [ 85.3426, 28.18024 ], [ 85.3424, 28.18024 ], [ 85.34242, 28.17897 ], [ 85.34262, 28.17897 ], [ 85.34264, 28.17789 ], [ 85.34284, 28.17789 ], [ 85.34285, 28.17753 ], [ 85.34265, 28.17753 ], [ 85.34266, 28.17681 ], [ 85.34245, 28.17681 ], [ 85.34246, 28.17627 ], [ 85.34267, 28.17627 ], [ 85.34268, 28.17555 ], [ 85.34247, 28.17554 ], [ 85.34248, 28.17536 ], [ 85.34268, 28.17537 ], [ 85.34268, 28.17518 ], [ 85.34248, 28.17518 ], [ 85.34248, 28.175 ], [ 85.34269, 28.175 ], [ 85.34271, 28.17356 ], [ 85.3425, 28.17356 ], [ 85.34252, 28.17229 ], [ 85.34273, 28.1723 ], [ 85.34273, 28.17212 ], [ 85.34354, 28.17213 ], [ 85.34355, 28.17195 ], [ 85.34314, 28.17194 ], [ 85.34314, 28.17176 ], [ 85.34274, 28.17176 ], [ 85.34274, 28.17158 ], [ 85.34253, 28.17157 ], [ 85.34255, 28.17049 ], [ 85.34235, 28.17049 ], [ 85.34235, 28.17013 ], [ 85.34256, 28.17013 ], [ 85.34256, 28.16995 ], [ 85.34215, 28.16994 ], [ 85.34217, 28.16904 ], [ 85.34196, 28.16904 ], [ 85.34197, 28.1685 ], [ 85.34217, 28.1685 ], [ 85.34219, 28.16742 ], [ 85.34239, 28.16742 ], [ 85.3424, 28.16724 ], [ 85.3426, 28.16724 ], [ 85.34261, 28.1667 ], [ 85.34281, 28.1667 ], [ 85.34282, 28.16634 ], [ 85.34262, 28.16634 ], [ 85.34262, 28.1658 ], [ 85.34242, 28.1658 ], [ 85.34243, 28.16543 ], [ 85.34222, 28.16543 ], [ 85.34223, 28.16507 ], [ 85.34243, 28.16507 ], [ 85.34243, 28.16525 ], [ 85.34284, 28.16526 ], [ 85.34284, 28.16508 ], [ 85.34325, 28.16508 ], [ 85.34324, 28.16526 ], [ 85.34345, 28.16527 ], [ 85.34345, 28.16491 ], [ 85.34366, 28.16491 ], [ 85.34366, 28.16455 ], [ 85.34407, 28.16455 ], [ 85.34407, 28.16419 ], [ 85.34448, 28.1642 ], [ 85.34448, 28.16402 ], [ 85.34469, 28.16402 ], [ 85.34469, 28.16384 ], [ 85.34489, 28.16384 ], [ 85.3449, 28.16366 ], [ 85.3451, 28.16366 ], [ 85.3451, 28.16348 ], [ 85.34551, 28.16349 ], [ 85.34551, 28.16331 ], [ 85.34572, 28.16331 ], [ 85.34572, 28.16313 ], [ 85.34613, 28.16313 ], [ 85.34613, 28.16295 ], [ 85.34633, 28.16296 ], [ 85.34634, 28.16277 ], [ 85.34654, 28.16278 ], [ 85.34654, 28.1626 ], [ 85.34634, 28.16259 ], [ 85.34635, 28.16205 ], [ 85.34574, 28.16205 ], [ 85.34573, 28.16223 ], [ 85.34594, 28.16223 ], [ 85.34593, 28.16259 ], [ 85.34573, 28.16259 ], [ 85.34573, 28.16277 ], [ 85.34552, 28.16276 ], [ 85.34552, 28.16295 ], [ 85.34532, 28.16294 ], [ 85.34532, 28.16276 ], [ 85.34491, 28.16276 ], [ 85.34491, 28.16258 ], [ 85.34471, 28.16257 ], [ 85.34471, 28.16239 ], [ 85.34451, 28.16239 ], [ 85.3445, 28.16275 ], [ 85.3443, 28.16275 ], [ 85.3443, 28.16257 ], [ 85.3441, 28.16257 ], [ 85.3441, 28.16275 ], [ 85.34369, 28.16274 ], [ 85.34369, 28.16292 ], [ 85.34328, 28.16292 ], [ 85.34328, 28.1631 ], [ 85.34348, 28.1631 ], [ 85.34348, 28.16328 ], [ 85.34327, 28.16328 ], [ 85.34327, 28.16364 ], [ 85.34306, 28.16364 ], [ 85.34306, 28.16382 ], [ 85.34286, 28.16382 ], [ 85.34286, 28.164 ], [ 85.34245, 28.16399 ], [ 85.34245, 28.16417 ], [ 85.34183, 28.16416 ], [ 85.34184, 28.16398 ], [ 85.34123, 28.16398 ], [ 85.34124, 28.16325 ], [ 85.34022, 28.16324 ], [ 85.34022, 28.16342 ], [ 85.34001, 28.16342 ], [ 85.34001, 28.1636 ], [ 85.33981, 28.1636 ], [ 85.3398, 28.16414 ], [ 85.33959, 28.16414 ], [ 85.3396, 28.16396 ], [ 85.33939, 28.16395 ], [ 85.3394, 28.16377 ], [ 85.33919, 28.16377 ], [ 85.3392, 28.16359 ], [ 85.33899, 28.16359 ], [ 85.339, 28.16323 ], [ 85.33859, 28.16322 ], [ 85.33859, 28.16304 ], [ 85.33819, 28.16304 ], [ 85.33819, 28.16286 ], [ 85.33778, 28.16285 ], [ 85.33779, 28.16249 ], [ 85.33758, 28.16249 ], [ 85.33759, 28.16231 ], [ 85.33738, 28.16231 ], [ 85.3374, 28.16122 ], [ 85.3376, 28.16122 ], [ 85.33761, 28.16104 ], [ 85.3374, 28.16104 ], [ 85.33741, 28.1605 ], [ 85.33721, 28.1605 ], [ 85.33721, 28.16032 ], [ 85.33701, 28.16032 ], [ 85.33701, 28.16013 ], [ 85.3366, 28.16013 ], [ 85.3366, 28.15995 ], [ 85.33599, 28.15994 ], [ 85.336, 28.15976 ], [ 85.33559, 28.15976 ], [ 85.33559, 28.15958 ], [ 85.33539, 28.15957 ], [ 85.33539, 28.15939 ], [ 85.33519, 28.15939 ], [ 85.33519, 28.15921 ], [ 85.33499, 28.15921 ], [ 85.33499, 28.15903 ], [ 85.33479, 28.15902 ], [ 85.33479, 28.15884 ], [ 85.33397, 28.15883 ], [ 85.33398, 28.15865 ], [ 85.33357, 28.15865 ], [ 85.33357, 28.15847 ], [ 85.33316, 28.15846 ], [ 85.33317, 28.15828 ], [ 85.33296, 28.15828 ], [ 85.33297, 28.1581 ], [ 85.33276, 28.1581 ], [ 85.33277, 28.15792 ], [ 85.33236, 28.15791 ], [ 85.33236, 28.15755 ], [ 85.33216, 28.15755 ], [ 85.33217, 28.15719 ], [ 85.33176, 28.15718 ], [ 85.33176, 28.157 ], [ 85.33156, 28.157 ], [ 85.33155, 28.15754 ], [ 85.33175, 28.15754 ], [ 85.33174, 28.15827 ], [ 85.33256, 28.15828 ], [ 85.33255, 28.15846 ], [ 85.33296, 28.15846 ], [ 85.33296, 28.15882 ], [ 85.33316, 28.15882 ], [ 85.33316, 28.159 ], [ 85.33438, 28.15902 ], [ 85.33438, 28.1592 ], [ 85.33397, 28.1592 ], [ 85.33396, 28.15938 ], [ 85.33458, 28.15938 ], [ 85.33457, 28.15974 ], [ 85.33477, 28.15975 ], [ 85.33477, 28.15993 ], [ 85.33497, 28.15993 ], [ 85.33496, 28.16065 ], [ 85.33537, 28.16066 ], [ 85.33537, 28.16084 ], [ 85.33516, 28.16083 ], [ 85.33516, 28.16101 ], [ 85.33537, 28.16102 ], [ 85.33536, 28.1612 ], [ 85.33597, 28.16121 ], [ 85.33596, 28.16193 ], [ 85.33617, 28.16193 ], [ 85.33616, 28.16229 ], [ 85.33657, 28.1623 ], [ 85.33656, 28.16266 ], [ 85.33697, 28.16266 ], [ 85.33697, 28.16284 ], [ 85.33676, 28.16284 ], [ 85.33676, 28.1632 ], [ 85.33716, 28.1632 ], [ 85.33715, 28.16411 ], [ 85.33735, 28.16411 ], [ 85.33735, 28.16429 ], [ 85.33796, 28.1643 ], [ 85.33796, 28.16466 ], [ 85.33857, 28.16467 ], [ 85.33856, 28.16485 ], [ 85.33979, 28.16486 ], [ 85.33978, 28.16504 ], [ 85.3406, 28.16505 ], [ 85.34059, 28.16541 ], [ 85.3408, 28.16542 ], [ 85.34079, 28.1656 ], [ 85.3412, 28.1656 ], [ 85.34119, 28.1665 ], [ 85.34159, 28.16651 ], [ 85.34159, 28.16669 ], [ 85.34118, 28.16668 ], [ 85.34118, 28.16686 ], [ 85.34139, 28.16687 ], [ 85.34138, 28.16741 ], [ 85.34178, 28.16741 ], [ 85.34178, 28.16759 ], [ 85.34158, 28.16759 ], [ 85.34155, 28.16921 ], [ 85.34176, 28.16922 ], [ 85.34174, 28.17048 ], [ 85.34194, 28.17048 ], [ 85.3419, 28.17301 ], [ 85.34211, 28.17301 ], [ 85.3421, 28.17337 ], [ 85.3419, 28.17337 ], [ 85.34189, 28.17355 ], [ 85.3421, 28.17355 ], [ 85.34209, 28.17391 ], [ 85.34189, 28.17391 ], [ 85.34187, 28.17481 ], [ 85.34208, 28.17482 ], [ 85.34207, 28.175 ], [ 85.34187, 28.17499 ], [ 85.34185, 28.17644 ], [ 85.34205, 28.17644 ], [ 85.34201, 28.17897 ], [ 85.34181, 28.17896 ], [ 85.3418, 28.17969 ], [ 85.34159, 28.17968 ], [ 85.34159, 28.18023 ], [ 85.34138, 28.18022 ], [ 85.34138, 28.1804 ], [ 85.34118, 28.1804 ], [ 85.34116, 28.1813 ], [ 85.34096, 28.1813 ], [ 85.34096, 28.18094 ], [ 85.34076, 28.18094 ], [ 85.34075, 28.1813 ], [ 85.34055, 28.1813 ], [ 85.34055, 28.18148 ], [ 85.34034, 28.18147 ], [ 85.34034, 28.18165 ], [ 85.34014, 28.18165 ], [ 85.34014, 28.18147 ], [ 85.33973, 28.18147 ], [ 85.33973, 28.18165 ], [ 85.33993, 28.18165 ], [ 85.33993, 28.18183 ], [ 85.34014, 28.18183 ], [ 85.34013, 28.18201 ], [ 85.34034, 28.18202 ], [ 85.34033, 28.1822 ], [ 85.33972, 28.18219 ], [ 85.33972, 28.18237 ], [ 85.33952, 28.18237 ], [ 85.33951, 28.18291 ], [ 85.33992, 28.18291 ], [ 85.33992, 28.18273 ], [ 85.34012, 28.18273 ], [ 85.34012, 28.18292 ], [ 85.34093, 28.18293 ], [ 85.34094, 28.18274 ], [ 85.34134, 28.18275 ], [ 85.34135, 28.18257 ], [ 85.34236, 28.18258 ], [ 85.34236, 28.18312 ], [ 85.34256, 28.18313 ], [ 85.34255, 28.18349 ], [ 85.34296, 28.18349 ], [ 85.34296, 28.18385 ], [ 85.34316, 28.18385 ], [ 85.34316, 28.18404 ], [ 85.34336, 28.18404 ], [ 85.34335, 28.18476 ], [ 85.34376, 28.18476 ], [ 85.34375, 28.18513 ], [ 85.34396, 28.18513 ], [ 85.34395, 28.18531 ] ], [ [ 85.34012, 28.18273 ], [ 85.34012, 28.18255 ], [ 85.34053, 28.18256 ], [ 85.34053, 28.18274 ], [ 85.34012, 28.18273 ] ], [ [ 85.34053, 28.18238 ], [ 85.34054, 28.1822 ], [ 85.34074, 28.1822 ], [ 85.34074, 28.18238 ], [ 85.34053, 28.18238 ] ], [ [ 85.34115, 28.18221 ], [ 85.34115, 28.18203 ], [ 85.34176, 28.18203 ], [ 85.34176, 28.18221 ], [ 85.34115, 28.18221 ] ], [ [ 85.34176, 28.18203 ], [ 85.34176, 28.18185 ], [ 85.34197, 28.18185 ], [ 85.34197, 28.18204 ], [ 85.34176, 28.18203 ] ], [ [ 85.34239, 28.18114 ], [ 85.34239, 28.18096 ], [ 85.34259, 28.18096 ], [ 85.34259, 28.18114 ], [ 85.34239, 28.18114 ] ], [ [ 85.34158, 28.18077 ], [ 85.34158, 28.18059 ], [ 85.34178, 28.18059 ], [ 85.34178, 28.18077 ], [ 85.34158, 28.18077 ] ], [ [ 85.34101, 28.16506 ], [ 85.34101, 28.16488 ], [ 85.34121, 28.16488 ], [ 85.34121, 28.16506 ], [ 85.34101, 28.16506 ] ], [ [ 85.34202, 28.16507 ], [ 85.34203, 28.16489 ], [ 85.34223, 28.16489 ], [ 85.34223, 28.16507 ], [ 85.34202, 28.16507 ] ], [ [ 85.34182, 28.16489 ], [ 85.34183, 28.16471 ], [ 85.34203, 28.16471 ], [ 85.34203, 28.16489 ], [ 85.34182, 28.16489 ] ], [ [ 85.34142, 28.1647 ], [ 85.34142, 28.16452 ], [ 85.34183, 28.16453 ], [ 85.34183, 28.16471 ], [ 85.34142, 28.1647 ] ], [ [ 85.34, 28.1645 ], [ 85.34, 28.16432 ], [ 85.33979, 28.16432 ], [ 85.3398, 28.16414 ], [ 85.34061, 28.16415 ], [ 85.34061, 28.16433 ], [ 85.34081, 28.16433 ], [ 85.34082, 28.16415 ], [ 85.34102, 28.16415 ], [ 85.34102, 28.16433 ], [ 85.34122, 28.16434 ], [ 85.34122, 28.16452 ], [ 85.34, 28.1645 ] ], [ [ 85.34326, 28.16436 ], [ 85.34326, 28.16418 ], [ 85.34346, 28.16418 ], [ 85.34346, 28.16436 ], [ 85.34326, 28.16436 ] ], [ [ 85.33797, 28.16376 ], [ 85.33797, 28.16358 ], [ 85.33818, 28.16358 ], [ 85.33817, 28.16376 ], [ 85.33797, 28.16376 ] ], [ [ 85.33777, 28.16357 ], [ 85.33777, 28.16339 ], [ 85.33798, 28.1634 ], [ 85.33797, 28.16358 ], [ 85.33777, 28.16357 ] ], [ [ 85.34388, 28.16347 ], [ 85.34388, 28.16329 ], [ 85.34429, 28.16329 ], [ 85.34429, 28.16347 ], [ 85.34388, 28.16347 ] ], [ [ 85.3447, 28.16312 ], [ 85.3447, 28.16294 ], [ 85.34511, 28.16294 ], [ 85.34511, 28.16312 ], [ 85.3447, 28.16312 ] ], [ [ 85.34593, 28.16277 ], [ 85.34593, 28.16259 ], [ 85.34614, 28.16259 ], [ 85.34613, 28.16277 ], [ 85.34593, 28.16277 ] ], [ [ 85.33677, 28.16212 ], [ 85.33678, 28.16194 ], [ 85.33698, 28.16194 ], [ 85.33698, 28.16212 ], [ 85.33677, 28.16212 ] ], [ [ 85.33657, 28.16193 ], [ 85.33658, 28.16157 ], [ 85.33678, 28.16158 ], [ 85.33678, 28.16194 ], [ 85.33657, 28.16193 ] ], [ [ 85.33579, 28.16012 ], [ 85.33579, 28.15994 ], [ 85.33599, 28.15994 ], [ 85.33599, 28.16012 ], [ 85.33579, 28.16012 ] ] ] } },
{ "type": "Feature", "properties": { "area_m2": 5600.0 }, "geometry": { "type": "Polygon", "coordinates": [ [ [ 85.35849, 28.15408 ], [ 85.35889, 28.15408 ], [ 85.3589, 28.1539 ], [ 85.3591, 28.1539 ], [ 85.35912, 28.15282 ], [ 85.35891, 28.15282 ], [ 85.35891, 28.153 ], [ 85.35871, 28.153 ], [ 85.3587, 28.15354 ], [ 85.35849, 28.15353 ], [ 85.35849, 28.15408 ] ], [ [ 85.35869, 28.1539 ], [ 85.35869, 28.15372 ], [ 85.3589, 28.15372 ], [ 85.3589, 28.1539 ], [ 85.35869, 28.1539 ] ] ] } },
{ "type": "Feature", "properties": { "area_m2": 44800.0 }, "geometry": { "type": "Polygon", "coordinates": [ [ [ 85.32994, 28.15644 ], [ 85.33034, 28.15644 ], [ 85.33035, 28.15626 ], [ 85.33014, 28.15626 ], [ 85.33015, 28.15608 ], [ 85.32994, 28.15608 ], [ 85.32995, 28.1559 ], [ 85.32974, 28.15589 ], [ 85.32974, 28.15571 ], [ 85.32954, 28.15571 ], [ 85.32954, 28.15553 ], [ 85.32934, 28.15553 ], [ 85.32934, 28.15535 ], [ 85.32914, 28.15535 ], [ 85.32914, 28.15517 ], [ 85.32894, 28.15516 ], [ 85.32894, 28.15498 ], [ 85.32874, 28.15498 ], [ 85.32874, 28.15462 ], [ 85.32854, 28.15462 ], [ 85.32854, 28.15444 ], [ 85.32834, 28.15443 ], [ 85.32834, 28.15425 ], [ 85.32814, 28.15425 ], [ 85.32814, 28.15407 ], [ 85.32794, 28.15407 ], [ 85.32794, 28.15371 ], [ 85.32754, 28.1537 ], [ 85.32754, 28.15352 ], [ 85.32713, 28.15352 ], [ 85.32713, 28.15334 ], [ 85.32693, 28.15333 ], [ 85.32693, 28.15315 ], [ 85.32673, 28.15315 ], [ 85.32673, 28.15297 ], [ 85.32653, 28.15297 ], [ 85.32653, 28.15261 ], [ 85.32633, 28.1526 ], [ 85.32634, 28.15224 ], [ 85.32613, 28.15224 ], [ 85.32614, 28.15206 ], [ 85.32593, 28.15206 ], [ 85.32594, 28.15188 ], [ 85.32573, 28.15187 ], [ 85.32573, 28.15169 ], [ 85.32533, 28.15169 ], [ 85.32533, 28.15133 ], [ 85.32513, 28.15133 ], [ 85.32513, 28.15151 ], [ 85.32492, 28.1515 ], [ 85.32493, 28.15132 ], [ 85.32452, 28.15132 ], [ 85.32451, 28.15168 ], [ 85.32472, 28.15168 ], [ 85.32471, 28.15204 ], [ 85.32512, 28.15205 ], [ 85.32511, 28.15259 ], [ 85.32552, 28.15259 ], [ 85.32551, 28.15277 ], [ 85.32572, 28.15278 ], [ 85.32571, 28.15296 ], [ 85.32592, 28.15296 ], [ 85.32592, 28.15314 ], [ 85.32632, 28.15315 ], [ 85.32632, 28.15333 ], [ 85.32652, 28.15333 ], [ 85.32652, 28.15351 ], [ 85.32672, 28.15351 ], [ 85.32672, 28.15369 ], [ 85.32713, 28.1537 ], [ 85.32712, 28.15406 ], [ 85.32733, 28.15406 ], [ 85.32732, 28.15424 ], [ 85.32753, 28.15424 ], [ 85.32752, 28.15442 ], [ 85.32773, 28.15443 ], [ 85.32773, 28.15461 ], [ 85.32793, 28.15461 ], [ 85.32792, 28.15497 ], [ 85.32813, 28.15497 ], [ 85.32812, 28.15533 ], [ 85.32853, 28.15534 ], [ 85.32853, 28.15552 ], [ 85.32873, 28.15552 ], [ 85.32873, 28.1557 ], [ 85.32934, 28.15571 ], [ 85.32933, 28.15589 ], [ 85.32954, 28.15589 ], [ 85.32953, 28.15625 ], [ 85.32994, 28.15626 ], [ 85.32994, 28.15644 ] ] ] } },
{ "type": "Feature", "properties": { "area_m2": 3600.0 }, "geometry": { "type": "Polygon", "coordinates": [ [ [ 85.3229, 28.15058 ], [ 85.32372, 28.15059 ], [ 85.32372, 28.15041 ], [ 85.32351, 28.1504 ], [ 85.32352, 28.15022 ], [ 85.3225, 28.15021 ], [ 85.3225, 28.15039 ], [ 85.3229, 28.1504 ], [ 85.3229, 28.15058 ] ] ] } },
{ "type": "Feature", "properties": { "area_m2": 2000.0 }, "geometry": { "type": "Polygon", "coordinates": [ [ [ 85.4009, 28.15043 ], [ 85.4011, 28.15043 ], [ 85.40111, 28.15025 ], [ 85.40131, 28.15025 ], [ 85.40132, 28.14989 ], [ 85.40091, 28.14988 ], [ 85.4009, 28.15043 ] ] ] } },
{ "type": "Feature", "properties": { "area_m2": 11200.0 }, "geometry": { "type": "Polygon", "coordinates": [ [ [ 85.44102, 28.15053 ], [ 85.44204, 28.15054 ], [ 85.44204, 28.15036 ], [ 85.44224, 28.15036 ], [ 85.44225, 28.15018 ], [ 85.44184, 28.15018 ], [ 85.44184, 28.14982 ], [ 85.44144, 28.14981 ], [ 85.44143, 28.14999 ], [ 85.44103, 28.14999 ], [ 85.44103, 28.14981 ], [ 85.44021, 28.1498 ], [ 85.44021, 28.14998 ], [ 85.44001, 28.14997 ], [ 85.44001, 28.15016 ], [ 85.44062, 28.15016 ], [ 85.44061, 28.15034 ], [ 85.44102, 28.15035 ], [ 85.44102, 28.15053 ] ] ] } },
{ "type": "Feature", "properties": { "area_m2": 45600.0 }, "geometry": { "type": "Polygon", "coordinates": [ [ [ 85.32167, 28.15092 ], [ 85.32289, 28.15094 ], [ 85.3229, 28.15076 ], [ 85.32249, 28.15075 ], [ 85.32249, 28.15057 ], [ 85.32209, 28.15057 ], [ 85.32209, 28.15039 ], [ 85.32189, 28.15038 ], [ 85.32189, 28.1502 ], [ 85.32148, 28.1502 ], [ 85.32149, 28.14984 ], [ 85.3225, 28.14985 ], [ 85.32251, 28.14967 ], [ 85.32271, 28.14967 ], [ 85.32272, 28.14931 ], [ 85.32231, 28.14931 ], [ 85.32232, 28.14876 ], [ 85.32211, 28.14876 ], [ 85.32212, 28.14858 ], [ 85.32151, 28.14857 ], [ 85.3215, 28.14912 ], [ 85.32109, 28.14911 ], [ 85.32109, 28.14929 ], [ 85.32129, 28.14929 ], [ 85.32129, 28.14965 ], [ 85.32108, 28.14965 ], [ 85.32109, 28.14947 ], [ 85.32088, 28.14947 ], [ 85.32088, 28.14929 ], [ 85.32048, 28.14928 ], [ 85.32048, 28.1491 ], [ 85.32028, 28.1491 ], [ 85.32028, 28.14892 ], [ 85.32008, 28.14892 ], [ 85.32008, 28.14874 ], [ 85.31987, 28.14873 ], [ 85.31988, 28.14855 ], [ 85.31967, 28.14855 ], [ 85.31968, 28.14837 ], [ 85.31947, 28.14837 ], [ 85.31948, 28.14819 ], [ 85.31805, 28.14817 ], [ 85.31805, 28.14835 ], [ 85.31825, 28.14835 ], [ 85.31825, 28.14853 ], [ 85.31866, 28.14854 ], [ 85.31865, 28.14872 ], [ 85.31886, 28.14872 ], [ 85.31885, 28.1489 ], [ 85.31906, 28.14891 ], [ 85.31906, 28.14872 ], [ 85.31926, 28.14873 ], [ 85.31926, 28.14909 ], [ 85.31885, 28.14908 ], [ 85.31885, 28.14926 ], [ 85.32007, 28.14928 ], [ 85.32007, 28.14946 ], [ 85.32027, 28.14946 ], [ 85.32027, 28.14964 ], [ 85.32047, 28.14964 ], [ 85.32047, 28.14982 ], [ 85.32067, 28.14983 ], [ 85.32067, 28.15001 ], [ 85.32087, 28.15001 ], [ 85.32087, 28.15019 ], [ 85.32107, 28.15019 ], [ 85.32107, 28.15037 ], [ 85.32127, 28.15038 ], [ 85.32127, 28.15074 ], [ 85.32168, 28.15074 ], [ 85.32167, 28.15092 ] ] ] } },
{ "type": "Feature", "properties": { "area_m2": 2000.0 }, "geometry": { "type": "Polygon", "coordinates": [ [ [ 85.31806, 28.14763 ], [ 85.31847, 28.14763 ], [ 85.31847, 28.14745 ], [ 85.31827, 28.14745 ], [ 85.31827, 28.14727 ], [ 85.31806, 28.14727 ], [ 85.31807, 28.14709 ], [ 85.31786, 28.14709 ], [ 85.31786, 28.14745 ], [ 85.31806, 28.14745 ], [ 85.31806, 28.14763 ] ] ] } },
{ "type": "Feature", "properties": { "area_m2": 4000.0 }, "geometry": { "type": "Polygon", "coordinates": [ [ [ 85.31888, 28.1471 ], [ 85.31949, 28.14711 ], [ 85.3195, 28.14692 ], [ 85.31929, 28.14692 ], [ 85.31929, 28.14674 ], [ 85.31909, 28.14674 ], [ 85.31909, 28.14656 ], [ 85.31889, 28.14656 ], [ 85.31889, 28.14638 ], [ 85.31849, 28.14637 ], [ 85.31848, 28.14655 ], [ 85.31869, 28.14655 ], [ 85.31868, 28.14691 ], [ 85.31888, 28.14692 ], [ 85.31888, 28.1471 ] ] ] } },
{ "type": "Feature", "properties": { "area_m2": 25200.0 }, "geometry": { "type": "Polygon", "coordinates": [ [ [ 85.31683, 28.14798 ], [ 85.31765, 28.14799 ], [ 85.31765, 28.14744 ], [ 85.31745, 28.14744 ], [ 85.31745, 28.14726 ], [ 85.31725, 28.14726 ], [ 85.31725, 28.14708 ], [ 85.31705, 28.14708 ], [ 85.31705, 28.14689 ], [ 85.31685, 28.14689 ], [ 85.31685, 28.14671 ], [ 85.31665, 28.14671 ], [ 85.31665, 28.14653 ], [ 85.31624, 28.14652 ], [ 85.31625, 28.14634 ], [ 85.31564, 28.14634 ], [ 85.31564, 28.14616 ], [ 85.31503, 28.14615 ], [ 85.31503, 28.14597 ], [ 85.31422, 28.14596 ], [ 85.31422, 28.14578 ], [ 85.31381, 28.14577 ], [ 85.31381, 28.14595 ], [ 85.31401, 28.14596 ], [ 85.31401, 28.14614 ], [ 85.31442, 28.14614 ], [ 85.31441, 28.14632 ], [ 85.31482, 28.14633 ], [ 85.31482, 28.14651 ], [ 85.31502, 28.14651 ], [ 85.31502, 28.14669 ], [ 85.31522, 28.14669 ], [ 85.31523, 28.14651 ], [ 85.31543, 28.14651 ], [ 85.31542, 28.14687 ], [ 85.31563, 28.14688 ], [ 85.31562, 28.14706 ], [ 85.31603, 28.14706 ], [ 85.31603, 28.14724 ], [ 85.31684, 28.14725 ], [ 85.31684, 28.14743 ], [ 85.31664, 28.14743 ], [ 85.31663, 28.14761 ], [ 85.31684, 28.14761 ], [ 85.31683, 28.14798 ] ] ] } },
{ "type": "Feature", "properties": { "area_m2": 14400.0 }, "geometry": { "type": "Polygon", "coordinates": [ [ [ 85.31646, 28.14599 ], [ 85.31686, 28.14599 ], [ 85.31687, 28.14581 ], [ 85.31666, 28.14581 ], [ 85.31667, 28.14545 ], [ 85.31626, 28.14544 ], [ 85.31626, 28.14526 ], [ 85.31586, 28.14526 ], [ 85.31586, 28.14508 ], [ 85.31566, 28.14507 ], [ 85.31566, 28.14489 ], [ 85.31403, 28.14487 ], [ 85.31403, 28.14505 ], [ 85.31423, 28.14506 ], [ 85.31423, 28.14524 ], [ 85.31463, 28.14524 ], [ 85.31463, 28.14542 ], [ 85.31545, 28.14543 ], [ 85.31544, 28.14561 ], [ 85.31585, 28.14562 ], [ 85.31585, 28.1458 ], [ 85.31646, 28.1458 ], [ 85.31646, 28.14599 ] ] ] } },
{ "type": "Feature", "properties": { "area_m2": 4000.0 }, "geometry": { "type": "Polygon", "coordinates": [ [ [ 85.31342, 28.14505 ], [ 85.31382, 28.14505 ], [ 85.31383, 28.14487 ], [ 85.31403, 28.14487 ], [ 85.31403, 28.14469 ], [ 85.31383, 28.14469 ], [ 85.31383, 28.14433 ], [ 85.31363, 28.14433 ], [ 85.31363, 28.14415 ], [ 85.31323, 28.14414 ], [ 85.31322, 28.14432 ], [ 85.31343, 28.14432 ], [ 85.31342, 28.14468 ], [ 85.31363, 28.14469 ], [ 85.31362, 28.14487 ], [ 85.31342, 28.14486 ], [ 85.31342, 28.14505 ] ] ] } },
{ "type": "Feature", "properties": { "area_m2": 36400.0 }, "geometry": { "type": "Polygon", "coordinates": [ [ [ 85.312, 28.14431 ], [ 85.31241, 28.14431 ], [ 85.31241, 28.14413 ], [ 85.31262, 28.14413 ], [ 85.31262, 28.14377 ], [ 85.31282, 28.14377 ], [ 85.31283, 28.14341 ], [ 85.31263, 28.14341 ], [ 85.31263, 28.14323 ], [ 85.31243, 28.14323 ], [ 85.31243, 28.14269 ], [ 85.31223, 28.14268 ], [ 85.31224, 28.14232 ], [ 85.31203, 28.14232 ], [ 85.31204, 28.14214 ], [ 85.31143, 28.14213 ], [ 85.31143, 28.14195 ], [ 85.31102, 28.14195 ], [ 85.31102, 28.14231 ], [ 85.31081, 28.14231 ], [ 85.31081, 28.14249 ], [ 85.31061, 28.14248 ], [ 85.3106, 28.14266 ], [ 85.30979, 28.14265 ], [ 85.30979, 28.14247 ], [ 85.30918, 28.14247 ], [ 85.30917, 28.14283 ], [ 85.30938, 28.14283 ], [ 85.30938, 28.14301 ], [ 85.30958, 28.14301 ], [ 85.30958, 28.14319 ], [ 85.30978, 28.1432 ], [ 85.30978, 28.14301 ], [ 85.30999, 28.14302 ], [ 85.30998, 28.14338 ], [ 85.31018, 28.14338 ], [ 85.31019, 28.1432 ], [ 85.311, 28.14321 ], [ 85.311, 28.14339 ], [ 85.3112, 28.14339 ], [ 85.31121, 28.14285 ], [ 85.31141, 28.14285 ], [ 85.31142, 28.14267 ], [ 85.31162, 28.14268 ], [ 85.31161, 28.14358 ], [ 85.31181, 28.14358 ], [ 85.3118, 28.14394 ], [ 85.31201, 28.14394 ], [ 85.312, 28.14431 ] ] ] } },
{ "type": "Feature", "properties": { "area_m2": 18400.0 }, "geometry": { "type": "Polygon", "coordinates": [ [ [ 85.3098, 28.14211 ], [ 85.31, 28.14212 ], [ 85.31, 28.14193 ], [ 85.31041, 28.14194 ], [ 85.31041, 28.14176 ], [ 85.31102, 28.14177 ], [ 85.31103, 28.14159 ], [ 85.31123, 28.14159 ], [ 85.31124, 28.14123 ], [ 85.31103, 28.14123 ], [ 85.31104, 28.14104 ], [ 85.31083, 28.14104 ], [ 85.31083, 28.14086 ], [ 85.31043, 28.14086 ], [ 85.31043, 28.14068 ], [ 85.30982, 28.14067 ], [ 85.30981, 28.14121 ], [ 85.30961, 28.14121 ], [ 85.3096, 28.14139 ], [ 85.3092, 28.14138 ], [ 85.3092, 28.1412 ], [ 85.309, 28.1412 ], [ 85.30899, 28.14156 ], [ 85.3096, 28.14157 ], [ 85.3096, 28.14193 ], [ 85.3098, 28.14193 ], [ 85.3098, 28.14211 ] ] ] } },
{ "type": "Feature", "properties": { "area_m2": 2800.0 }, "geometry": { "type": "Polygon", "coordinates": [ [ [ 85.46558, 28.14178 ], [ 85.4664, 28.14179 ], [ 85.4664, 28.14143 ], [ 85.46579, 28.14142 ], [ 85.46579, 28.1416 ], [ 85.46558, 28.1416 ], [ 85.46558, 28.14178 ] ] ] } },
{ "type": "Feature", "properties": { "area_m2": 5600.0 }, "geometry": { "type": "Polygon", "coordinates": [ [ [ 85.30498, 28.13772 ], [ 85.30579, 28.13773 ], [ 85.3058, 28.13755 ], [ 85.306, 28.13755 ], [ 85.306, 28.13737 ], [ 85.30621, 28.13738 ], [ 85.30621, 28.13719 ], [ 85.30519, 28.13718 ], [ 85.30519, 28.13736 ], [ 85.30498, 28.13736 ], [ 85.30498, 28.13772 ] ] ] } },
{ "type": "Feature", "properties": { "area_m2": 3200.0 }, "geometry": { "type": "Polygon", "coordinates": [ [ [ 85.46948, 28.13948 ], [ 85.47009, 28.13948 ], [ 85.4701, 28.13912 ], [ 85.4699, 28.13912 ], [ 85.4699, 28.13894 ], [ 85.46949, 28.13894 ], [ 85.46948, 28.13948 ] ] ] } },
{ "type": "Feature", "properties": { "area_m2": 6000.0 }, "geometry": { "type": "Polygon", "coordinates": [ [ [ 85.30378, 28.13626 ], [ 85.30419, 28.13627 ], [ 85.30419, 28.13609 ], [ 85.3046, 28.13609 ], [ 85.3046, 28.13591 ], [ 85.3044, 28.13591 ], [ 85.3044, 28.13573 ], [ 85.3046, 28.13573 ], [ 85.30461, 28.13555 ], [ 85.30359, 28.13554 ], [ 85.30358, 28.1359 ], [ 85.30379, 28.1359 ], [ 85.30378, 28.13626 ] ] ] } },
{ "type": "Feature", "properties": { "area_m2": 6400.0 }, "geometry": { "type": "Polygon", "coordinates": [ [ [ 85.36873, 28.13669 ], [ 85.36954, 28.1367 ], [ 85.36955, 28.13652 ], [ 85.36975, 28.13652 ], [ 85.36976, 28.13598 ], [ 85.36935, 28.13598 ], [ 85.36935, 28.13616 ], [ 85.36894, 28.13615 ], [ 85.36894, 28.13633 ], [ 85.36853, 28.13633 ], [ 85.36853, 28.13651 ], [ 85.36873, 28.13651 ], [ 85.36873, 28.13669 ] ] ] } },
{ "type": "Feature", "properties": { "area_m2": 3200.0 }, "geometry": { "type": "Polygon", "coordinates": [ [ [ 85.30258, 28.13516 ], [ 85.30278, 28.13517 ], [ 85.30278, 28.13499 ], [ 85.30299, 28.13499 ], [ 85.30299, 28.13481 ], [ 85.30278, 28.13481 ], [ 85.30279, 28.13463 ], [ 85.30238, 28.13462 ], [ 85.30238, 28.13444 ], [ 85.30218, 28.13444 ], [ 85.30217, 28.1348 ], [ 85.30238, 28.1348 ], [ 85.30237, 28.13498 ], [ 85.30258, 28.13498 ], [ 85.30258, 28.13516 ] ] ] } },
{ "type": "Feature", "properties": { "area_m2": 2800.0 }, "geometry": { "type": "Polygon", "coordinates": [ [ [ 85.30138, 28.13371 ], [ 85.30178, 28.13371 ], [ 85.30179, 28.13353 ], [ 85.30158, 28.13353 ], [ 85.30159, 28.13335 ], [ 85.30118, 28.13334 ], [ 85.30118, 28.13316 ], [ 85.30077, 28.13316 ], [ 85.30077, 28.13334 ], [ 85.30098, 28.13334 ], [ 85.30097, 28.13352 ], [ 85.30138, 28.13353 ], [ 85.30138, 28.13371 ] ] ] } },
{ "type": "Feature", "properties": { "area_m2": 3200.0 }, "geometry": { "type": "Polygon", "coordinates": [ [ [ 85.37365, 28.1344 ], [ 85.37446, 28.13441 ], [ 85.37447, 28.13423 ], [ 85.37426, 28.13423 ], [ 85.37427, 28.13387 ], [ 85.37386, 28.13386 ], [ 85.37386, 28.13404 ], [ 85.37366, 28.13404 ], [ 85.37365, 28.1344 ] ], [ [ 85.37386, 28.13422 ], [ 85.37386, 28.13404 ], [ 85.37406, 28.13405 ], [ 85.37406, 28.13423 ], [ 85.37386, 28.13422 ] ] ] } },
{ "type": "Feature", "properties": { "area_m2": 3600.0 }, "geometry": { "type": "Polygon", "coordinates": [ [ [ 85.29801, 28.12753 ], [ 85.29883, 28.12754 ], [ 85.29883, 28.12736 ], [ 85.29842, 28.12735 ], [ 85.29843, 28.12717 ], [ 85.29741, 28.12716 ], [ 85.29741, 28.12734 ], [ 85.29802, 28.12735 ], [ 85.29801, 28.12753 ] ] ] } },
{ "type": "Feature", "properties": { "area_m2": 6800.0 }, "geometry": { "type": "Polygon", "coordinates": [ [ [ 85.2962, 28.12642 ], [ 85.2964, 28.12642 ], [ 85.2964, 28.12624 ], [ 85.29681, 28.12625 ], [ 85.29682, 28.12553 ], [ 85.29601, 28.12552 ], [ 85.296, 28.12624 ], [ 85.2962, 28.12624 ], [ 85.2962, 28.12642 ] ] ] } },
{ "type": "Feature", "properties": { "area_m2": 3600.0 }, "geometry": { "type": "Polygon", "coordinates": [ [ [ 85.37579, 28.12739 ], [ 85.376, 28.12739 ], [ 85.376, 28.12721 ], [ 85.3762, 28.12721 ], [ 85.37621, 28.12649 ], [ 85.37601, 28.12649 ], [ 85.376, 28.12703 ], [ 85.3758, 28.12703 ], [ 85.3758, 28.12667 ], [ 85.3756, 28.12666 ], [ 85.37559, 28.1272 ], [ 85.37579, 28.12721 ], [ 85.37579, 28.12739 ] ] ] } },
{ "type": "Feature", "properties": { "area_m2": 11600.0 }, "geometry": { "type": "Polygon", "coordinates": [ [ [ 85.29499, 28.1255 ], [ 85.2954, 28.12551 ], [ 85.2954, 28.12533 ], [ 85.2956, 28.12533 ], [ 85.29561, 28.12515 ], [ 85.29601, 28.12516 ], [ 85.29603, 28.12425 ], [ 85.29521, 28.12424 ], [ 85.29521, 28.12442 ], [ 85.29501, 28.12442 ], [ 85.295, 28.12478 ], [ 85.2948, 28.12478 ], [ 85.2948, 28.12496 ], [ 85.295, 28.12496 ], [ 85.295, 28.12514 ], [ 85.2952, 28.12515 ], [ 85.2952, 28.12533 ], [ 85.29499, 28.12532 ], [ 85.29499, 28.1255 ] ] ] } },
{ "type": "Feature", "properties": { "area_m2": 4000.0 }, "geometry": { "type": "Polygon", "coordinates": [ [ [ 85.37724, 28.12578 ], [ 85.37744, 28.12578 ], [ 85.37745, 28.1256 ], [ 85.37785, 28.12561 ], [ 85.37786, 28.12525 ], [ 85.37766, 28.12524 ], [ 85.37766, 28.12506 ], [ 85.37786, 28.12507 ], [ 85.37787, 28.12489 ], [ 85.37746, 28.12488 ], [ 85.37746, 28.12506 ], [ 85.37725, 28.12506 ], [ 85.37725, 28.12524 ], [ 85.37745, 28.12524 ], [ 85.37745, 28.12542 ], [ 85.37725, 28.12542 ], [ 85.37724, 28.12578 ] ] ] } },
{ "type": "Feature", "properties": { "area_m2": 2400.0 }, "geometry": { "type": "Polygon", "coordinates": [ [ [ 85.28754, 28.12018 ], [ 85.28775, 28.12018 ], [ 85.28776, 28.1191 ], [ 85.28756, 28.11909 ], [ 85.28754, 28.12018 ] ] ] } },
{ "type": "Feature", "properties": { "area_m2": 3200.0 }, "geometry": { "type": "Polygon", "coordinates": [ [ [ 85.28594, 28.11871 ], [ 85.28634, 28.11872 ], [ 85.28635, 28.11854 ], [ 85.28614, 28.11853 ], [ 85.28615, 28.11835 ], [ 85.28594, 28.11835 ], [ 85.28595, 28.11817 ], [ 85.28534, 28.11816 ], [ 85.28533, 28.11834 ], [ 85.28554, 28.11835 ], [ 85.28553, 28.11853 ], [ 85.28594, 28.11853 ], [ 85.28594, 28.11871 ] ] ] } },
{ "type": "Feature", "properties": { "area_m2": 3200.0 }, "geometry": { "type": "Polygon", "coordinates": [ [ [ 85.28494, 28.11762 ], [ 85.28575, 28.11763 ], [ 85.28575, 28.11745 ], [ 85.28555, 28.11744 ], [ 85.28555, 28.11726 ], [ 85.28474, 28.11725 ], [ 85.28474, 28.11743 ], [ 85.28494, 28.11744 ], [ 85.28494, 28.11762 ] ] ] } },
{ "type": "Feature", "properties": { "area_m2": 3600.0 }, "geometry": { "type": "Polygon", "coordinates": [ [ [ 85.30571, 28.11733 ], [ 85.30591, 28.11734 ], [ 85.30591, 28.11716 ], [ 85.30612, 28.11716 ], [ 85.30612, 28.11698 ], [ 85.30632, 28.11698 ], [ 85.30633, 28.11662 ], [ 85.30572, 28.11661 ], [ 85.30571, 28.11733 ] ] ] } },
{ "type": "Feature", "properties": { "area_m2": 2400.0 }, "geometry": { "type": "Polygon", "coordinates": [ [ [ 85.30573, 28.11571 ], [ 85.30614, 28.11571 ], [ 85.30615, 28.11517 ], [ 85.30574, 28.11517 ], [ 85.30573, 28.11571 ] ] ] } },
{ "type": "Feature", "properties": { "area_m2": 9200.0 }, "geometry": { "type": "Polygon", "coordinates": [ [ [ 85.30431, 28.11551 ], [ 85.30472, 28.11552 ], [ 85.30472, 28.11534 ], [ 85.30513, 28.11534 ], [ 85.30512, 28.11552 ], [ 85.30533, 28.11552 ], [ 85.30533, 28.11516 ], [ 85.30513, 28.11516 ], [ 85.30514, 28.11462 ], [ 85.30534, 28.11462 ], [ 85.30534, 28.11444 ], [ 85.30555, 28.11444 ], [ 85.30555, 28.11462 ], [ 85.30575, 28.11463 ], [ 85.30575, 28.11481 ], [ 85.30615, 28.11481 ], [ 85.30616, 28.11463 ], [ 85.30595, 28.11463 ], [ 85.30596, 28.11427 ], [ 85.30494, 28.11426 ], [ 85.30493, 28.1148 ], [ 85.30473, 28.11479 ], [ 85.30473, 28.11498 ], [ 85.30493, 28.11498 ], [ 85.30493, 28.11516 ], [ 85.30432, 28.11515 ], [ 85.30431, 28.11551 ] ] ] } },
{ "type": "Feature", "properties": { "area_m2": 50800.0 }, "geometry": { "type": "Polygon", "coordinates": [ [ [ 85.28412, 28.11779 ], [ 85.28453, 28.11779 ], [ 85.28453, 28.11743 ], [ 85.28433, 28.11743 ], [ 85.28433, 28.11707 ], [ 85.28413, 28.11707 ], [ 85.28413, 28.11689 ], [ 85.28454, 28.11689 ], [ 85.28454, 28.11671 ], [ 85.28434, 28.11671 ], [ 85.28434, 28.11653 ], [ 85.28414, 28.11652 ], [ 85.28415, 28.11598 ], [ 85.28435, 28.11599 ], [ 85.28436, 28.11562 ], [ 85.28415, 28.11562 ], [ 85.28416, 28.11544 ], [ 85.28395, 28.11544 ], [ 85.28396, 28.11526 ], [ 85.28355, 28.11525 ], [ 85.28355, 28.11507 ], [ 85.28335, 28.11507 ], [ 85.28335, 28.11489 ], [ 85.28274, 28.11488 ], [ 85.28273, 28.11578 ], [ 85.28293, 28.11579 ], [ 85.28293, 28.11597 ], [ 85.28313, 28.11597 ], [ 85.28313, 28.11615 ], [ 85.28333, 28.11615 ], [ 85.28333, 28.11633 ], [ 85.28374, 28.11634 ], [ 85.28373, 28.11652 ], [ 85.28312, 28.11651 ], [ 85.28312, 28.11633 ], [ 85.28272, 28.11633 ], [ 85.28272, 28.11615 ], [ 85.28252, 28.11614 ], [ 85.28252, 28.11578 ], [ 85.28232, 28.11578 ], [ 85.28233, 28.11506 ], [ 85.28213, 28.11505 ], [ 85.28214, 28.11433 ], [ 85.28194, 28.11433 ], [ 85.28194, 28.11415 ], [ 85.28153, 28.11414 ], [ 85.28153, 28.11396 ], [ 85.28133, 28.11396 ], [ 85.28132, 28.1145 ], [ 85.28153, 28.11451 ], [ 85.28152, 28.11505 ], [ 85.28192, 28.11505 ], [ 85.28191, 28.11577 ], [ 85.28171, 28.11577 ], [ 85.2817, 28.11613 ], [ 85.28191, 28.11614 ], [ 85.2819, 28.11632 ], [ 85.28211, 28.11632 ], [ 85.2821, 28.1165 ], [ 85.28231, 28.1165 ], [ 85.2823, 28.11668 ], [ 85.28271, 28.11669 ], [ 85.28271, 28.11687 ], [ 85.28291, 28.11687 ], [ 85.28291, 28.11705 ], [ 85.28352, 28.11706 ], [ 85.28352, 28.11724 ], [ 85.28331, 28.11724 ], [ 85.28331, 28.11742 ], [ 85.28372, 28.11742 ], [ 85.28372, 28.1176 ], [ 85.28412, 28.11761 ], [ 85.28412, 28.11779 ] ], [ [ 85.28373, 28.1167 ], [ 85.28373, 28.11652 ], [ 85.28394, 28.11652 ], [ 85.28393, 28.1167 ], [ 85.28373, 28.1167 ] ] ] } },
{ "type": "Feature", "properties": { "area_m2": 2800.0 }, "geometry": { "type": "Polygon", "coordinates": [ [ [ 85.30779, 28.11447 ], [ 85.30799, 28.11447 ], [ 85.308, 28.11375 ], [ 85.3078, 28.11375 ], [ 85.3078, 28.11393 ], [ 85.30759, 28.11393 ], [ 85.30759, 28.11411 ], [ 85.30739, 28.11411 ], [ 85.30738, 28.11429 ], [ 85.30779, 28.11429 ], [ 85.30779, 28.11447 ] ] ] } },
{ "type": "Feature", "properties": { "area_m2": 10800.0 }, "geometry": { "type": "Polygon", "coordinates": [ [ [ 85.28092, 28.11396 ], [ 85.28133, 28.11396 ], [ 85.28133, 28.11378 ], [ 85.28154, 28.11378 ], [ 85.28154, 28.11342 ], [ 85.28114, 28.11342 ], [ 85.28114, 28.11324 ], [ 85.28093, 28.11323 ], [ 85.28094, 28.11305 ], [ 85.28073, 28.11305 ], [ 85.28074, 28.11287 ], [ 85.28033, 28.11287 ], [ 85.28033, 28.11269 ], [ 85.27993, 28.11268 ], [ 85.27992, 28.11286 ], [ 85.27952, 28.11286 ], [ 85.27951, 28.11304 ], [ 85.27972, 28.11304 ], [ 85.27971, 28.11322 ], [ 85.28053, 28.11323 ], [ 85.28052, 28.11341 ], [ 85.28073, 28.11341 ], [ 85.28072, 28.11377 ], [ 85.28093, 28.11378 ], [ 85.28092, 28.11396 ] ] ] } },
{ "type": "Feature", "properties": { "area_m2": 3200.0 }, "geometry": { "type": "Polygon", "coordinates": [ [ [ 85.27731, 28.11048 ], [ 85.27813, 28.11049 ], [ 85.27813, 28.11013 ], [ 85.27732, 28.11012 ], [ 85.27731, 28.11048 ] ] ] } },
{ "type": "Feature", "properties": { "area_m2": 6000.0 }, "geometry": { "type": "Polygon", "coordinates": [ [ [ 85.27649, 28.11083 ], [ 85.2767, 28.11084 ], [ 85.27672, 28.10957 ], [ 85.27651, 28.10957 ], [ 85.27652, 28.10921 ], [ 85.27632, 28.10921 ], [ 85.27629, 28.11065 ], [ 85.2765, 28.11065 ], [ 85.27649, 28.11083 ] ] ] } },
{ "type": "Feature", "properties": { "area_m2": 3200.0 }, "geometry": { "type": "Polygon", "coordinates": [ [ [ 85.31014, 28.10746 ], [ 85.31054, 28.10747 ], [ 85.31055, 28.10729 ], [ 85.31075, 28.10729 ], [ 85.31076, 28.10693 ], [ 85.31055, 28.10692 ], [ 85.31055, 28.10674 ], [ 85.31035, 28.10674 ], [ 85.31035, 28.1071 ], [ 85.31014, 28.1071 ], [ 85.31014, 28.10746 ] ] ] } },
{ "type": "Feature", "properties": { "area_m2": 6400.0 }, "geometry": { "type": "Polygon", "coordinates": [ [ [ 85.27207, 28.10717 ], [ 85.27228, 28.10717 ], [ 85.27229, 28.10627 ], [ 85.27168, 28.10626 ], [ 85.27169, 28.10608 ], [ 85.27107, 28.10607 ], [ 85.27107, 28.10625 ], [ 85.27148, 28.10626 ], [ 85.27147, 28.10662 ], [ 85.27168, 28.10662 ], [ 85.27167, 28.1068 ], [ 85.27208, 28.10681 ], [ 85.27207, 28.10717 ] ] ] } },
{ "type": "Feature", "properties": { "area_m2": 4400.0 }, "geometry": { "type": "Polygon", "coordinates": [ [ [ 85.27087, 28.10589 ], [ 85.27128, 28.10589 ], [ 85.27128, 28.10571 ], [ 85.27149, 28.10572 ], [ 85.27149, 28.10554 ], [ 85.27129, 28.10553 ], [ 85.27129, 28.10535 ], [ 85.27109, 28.10535 ], [ 85.27109, 28.10517 ], [ 85.27089, 28.10517 ], [ 85.27089, 28.10499 ], [ 85.27068, 28.10498 ], [ 85.27068, 28.10534 ], [ 85.27088, 28.10535 ], [ 85.27088, 28.10553 ], [ 85.27068, 28.10553 ], [ 85.27067, 28.10571 ], [ 85.27088, 28.10571 ], [ 85.27087, 28.10589 ] ] ] } },
{ "type": "Feature", "properties": { "area_m2": 2400.0 }, "geometry": { "type": "Polygon", "coordinates": [ [ [ 85.26969, 28.10371 ], [ 85.26989, 28.10371 ], [ 85.2699, 28.10335 ], [ 85.26969, 28.10335 ], [ 85.2697, 28.10317 ], [ 85.26929, 28.10316 ], [ 85.26928, 28.10352 ], [ 85.26969, 28.10353 ], [ 85.26969, 28.10371 ] ] ] } },
{ "type": "Feature", "properties": { "area_m2": 24000.0 }, "geometry": { "type": "Polygon", "coordinates": [ [ [ 85.27028, 28.10498 ], [ 85.27068, 28.10498 ], [ 85.27069, 28.10462 ], [ 85.27049, 28.10462 ], [ 85.27049, 28.10426 ], [ 85.27009, 28.10425 ], [ 85.27009, 28.10407 ], [ 85.26968, 28.10407 ], [ 85.26968, 28.10389 ], [ 85.26948, 28.10389 ], [ 85.26948, 28.10371 ], [ 85.26928, 28.1037 ], [ 85.26928, 28.10352 ], [ 85.26908, 28.10352 ], [ 85.26908, 28.10334 ], [ 85.26888, 28.10334 ], [ 85.26889, 28.10298 ], [ 85.26868, 28.10297 ], [ 85.26868, 28.10279 ], [ 85.26848, 28.10279 ], [ 85.26848, 28.10261 ], [ 85.26726, 28.10259 ], [ 85.26726, 28.10277 ], [ 85.26706, 28.10277 ], [ 85.26705, 28.10295 ], [ 85.26746, 28.10296 ], [ 85.26746, 28.10314 ], [ 85.26766, 28.10314 ], [ 85.26766, 28.10332 ], [ 85.26807, 28.10333 ], [ 85.26806, 28.10351 ], [ 85.26847, 28.10351 ], [ 85.26847, 28.10369 ], [ 85.26867, 28.10369 ], [ 85.26866, 28.10406 ], [ 85.26927, 28.10406 ], [ 85.26927, 28.10424 ], [ 85.26968, 28.10425 ], [ 85.26968, 28.10443 ], [ 85.27008, 28.10443 ], [ 85.27008, 28.1048 ], [ 85.27028, 28.1048 ], [ 85.27028, 28.10498 ] ] ] } },
{ "type": "Feature", "properties": { "area_m2": 2000.0 }, "geometry": { "type": "Polygon", "coordinates": [ [ [ 85.26645, 28.10258 ], [ 85.26706, 28.10259 ], [ 85.26706, 28.10241 ], [ 85.26686, 28.10241 ], [ 85.26686, 28.10223 ], [ 85.26645, 28.10222 ], [ 85.26645, 28.10258 ] ] ] } },
{ "type": "Feature", "properties": { "area_m2": 4800.0 }, "geometry": { "type": "Polygon", "coordinates": [ [ [ 85.26605, 28.10222 ], [ 85.26645, 28.10222 ], [ 85.26646, 28.10186 ], [ 85.26626, 28.10186 ], [ 85.26626, 28.10168 ], [ 85.26606, 28.10168 ], [ 85.26606, 28.1015 ], [ 85.26565, 28.10149 ], [ 85.26566, 28.10131 ], [ 85.26545, 28.10131 ], [ 85.26545, 28.10167 ], [ 85.26565, 28.10167 ], [ 85.26565, 28.10185 ], [ 85.26585, 28.10185 ], [ 85.26585, 28.10203 ], [ 85.26605, 28.10204 ], [ 85.26605, 28.10222 ] ] ] } },
{ "type": "Feature", "properties": { "area_m2": 3200.0 }, "geometry": { "type": "Polygon", "coordinates": [ [ [ 85.26587, 28.10059 ], [ 85.26628, 28.1006 ], [ 85.26629, 28.10005 ], [ 85.26568, 28.10005 ], [ 85.26567, 28.10041 ], [ 85.26587, 28.10041 ], [ 85.26587, 28.10059 ] ] ] } },
{ "type": "Feature", "properties": { "area_m2": 14400.0 }, "geometry": { "type": "Polygon", "coordinates": [ [ [ 85.26525, 28.10131 ], [ 85.26545, 28.10131 ], [ 85.26546, 28.10095 ], [ 85.26525, 28.10094 ], [ 85.26526, 28.10076 ], [ 85.26485, 28.10076 ], [ 85.26485, 28.10058 ], [ 85.26465, 28.10058 ], [ 85.26465, 28.1004 ], [ 85.26445, 28.10039 ], [ 85.26446, 28.09985 ], [ 85.26425, 28.09985 ], [ 85.26426, 28.09967 ], [ 85.26405, 28.09967 ], [ 85.26406, 28.09949 ], [ 85.26385, 28.09948 ], [ 85.26386, 28.09894 ], [ 85.26366, 28.09894 ], [ 85.26367, 28.0984 ], [ 85.26346, 28.09839 ], [ 85.26347, 28.09821 ], [ 85.26306, 28.09821 ], [ 85.26306, 28.09839 ], [ 85.26326, 28.09839 ], [ 85.26325, 28.09875 ], [ 85.26346, 28.09876 ], [ 85.26344, 28.09966 ], [ 85.26385, 28.09966 ], [ 85.26385, 28.09984 ], [ 85.26405, 28.09985 ], [ 85.26405, 28.10003 ], [ 85.26384, 28.10002 ], [ 85.26384, 28.10038 ], [ 85.26425, 28.10039 ], [ 85.26424, 28.10057 ], [ 85.26445, 28.10057 ], [ 85.26444, 28.10075 ], [ 85.26465, 28.10076 ], [ 85.26464, 28.10094 ], [ 85.26505, 28.10094 ], [ 85.26505, 28.10112 ], [ 85.26525, 28.10112 ], [ 85.26525, 28.10131 ] ] ] } },
{ "type": "Feature", "properties": { "area_m2": 2000.0 }, "geometry": { "type": "Polygon", "coordinates": [ [ [ 85.26224, 28.0982 ], [ 85.26306, 28.09821 ], [ 85.26306, 28.09803 ], [ 85.26265, 28.09802 ], [ 85.26266, 28.09784 ], [ 85.26245, 28.09784 ], [ 85.26245, 28.09802 ], [ 85.26225, 28.09802 ], [ 85.26224, 28.0982 ] ] ] } },
{ "type": "Feature", "properties": { "area_m2": 2400.0 }, "geometry": { "type": "Polygon", "coordinates": [ [ [ 85.26429, 28.09786 ], [ 85.26449, 28.09787 ], [ 85.2645, 28.09732 ], [ 85.26389, 28.09732 ], [ 85.26388, 28.0975 ], [ 85.26409, 28.0975 ], [ 85.26409, 28.09768 ], [ 85.26429, 28.09768 ], [ 85.26429, 28.09786 ] ] ] } },
{ "type": "Feature", "properties": { "area_m2": 2400.0 }, "geometry": { "type": "Polygon", "coordinates": [ [ [ 85.26246, 28.09748 ], [ 85.26266, 28.09748 ], [ 85.26267, 28.0973 ], [ 85.26287, 28.0973 ], [ 85.26287, 28.09712 ], [ 85.26247, 28.09712 ], [ 85.26247, 28.09694 ], [ 85.26227, 28.09694 ], [ 85.26226, 28.09712 ], [ 85.26206, 28.09711 ], [ 85.26206, 28.09729 ], [ 85.26246, 28.0973 ], [ 85.26246, 28.09748 ] ] ] } },
{ "type": "Feature", "properties": { "area_m2": 3200.0 }, "geometry": { "type": "Polygon", "coordinates": [ [ [ 85.26145, 28.09729 ], [ 85.26165, 28.09729 ], [ 85.26165, 28.09711 ], [ 85.26206, 28.09711 ], [ 85.26206, 28.09693 ], [ 85.26145, 28.09693 ], [ 85.26145, 28.09674 ], [ 85.26105, 28.09674 ], [ 85.26104, 28.0971 ], [ 85.26145, 28.09711 ], [ 85.26145, 28.09729 ] ] ] } },
{ "type": "Feature", "properties": { "area_m2": 2400.0 }, "geometry": { "type": "Polygon", "coordinates": [ [ [ 85.26064, 28.09673 ], [ 85.26105, 28.09674 ], [ 85.26105, 28.09638 ], [ 85.26085, 28.09638 ], [ 85.26085, 28.0962 ], [ 85.26045, 28.09619 ], [ 85.26044, 28.09637 ], [ 85.26065, 28.09637 ], [ 85.26064, 28.09673 ] ] ] } },
{ "type": "Feature", "properties": { "area_m2": 2000.0 }, "geometry": { "type": "Polygon", "coordinates": [ [ [ 85.26126, 28.09602 ], [ 85.26228, 28.09603 ], [ 85.26228, 28.09585 ], [ 85.26127, 28.09584 ], [ 85.26126, 28.09602 ] ] ] } },
{ "type": "Feature", "properties": { "area_m2": 2400.0 }, "geometry": { "type": "Polygon", "coordinates": [ [ [ 85.25457, 28.09431 ], [ 85.25539, 28.09432 ], [ 85.25539, 28.09396 ], [ 85.25499, 28.09396 ], [ 85.25498, 28.09414 ], [ 85.25458, 28.09413 ], [ 85.25457, 28.09431 ] ] ] } },
{ "type": "Feature", "properties": { "area_m2": 7200.0 }, "geometry": { "type": "Polygon", "coordinates": [ [ [ 85.33699, 28.0957 ], [ 85.33719, 28.0957 ], [ 85.33719, 28.09552 ], [ 85.3378, 28.09553 ], [ 85.33781, 28.0948 ], [ 85.33741, 28.0948 ], [ 85.3374, 28.09498 ], [ 85.3372, 28.09498 ], [ 85.3372, 28.0948 ], [ 85.337, 28.09479 ], [ 85.33699, 28.09515 ], [ 85.33679, 28.09515 ], [ 85.33678, 28.09551 ], [ 85.33699, 28.09552 ], [ 85.33699, 28.0957 ] ] ] } },
{ "type": "Feature", "properties": { "area_m2": 2000.0 }, "geometry": { "type": "Polygon", "coordinates": [ [ [ 85.33231, 28.0951 ], [ 85.33272, 28.0951 ], [ 85.33273, 28.09474 ], [ 85.33252, 28.09474 ], [ 85.33252, 28.09456 ], [ 85.33232, 28.09456 ], [ 85.33231, 28.0951 ] ] ] } },
{ "type": "Feature", "properties": { "area_m2": 10800.0 }, "geometry": { "type": "Polygon", "coordinates": [ [ [ 85.33312, 28.09529 ], [ 85.33414, 28.0953 ], [ 85.33414, 28.09512 ], [ 85.33435, 28.09512 ], [ 85.33435, 28.0953 ], [ 85.33455, 28.09531 ], [ 85.33455, 28.09512 ], [ 85.33475, 28.09513 ], [ 85.33476, 28.09459 ], [ 85.33415, 28.09458 ], [ 85.33415, 28.09476 ], [ 85.33293, 28.09474 ], [ 85.33292, 28.0951 ], [ 85.33313, 28.09511 ], [ 85.33312, 28.09529 ] ] ] } },
{ "type": "Feature", "properties": { "area_m2": 4000.0 }, "geometry": { "type": "Polygon", "coordinates": [ [ [ 85.33517, 28.09477 ], [ 85.33659, 28.09479 ], [ 85.33659, 28.09461 ], [ 85.33639, 28.09461 ], [ 85.33639, 28.09443 ], [ 85.33578, 28.09442 ], [ 85.33578, 28.0946 ], [ 85.33517, 28.09459 ], [ 85.33517, 28.09477 ] ] ] } },
{ "type": "Feature", "properties": { "area_m2": 2000.0 }, "geometry": { "type": "Polygon", "coordinates": [ [ [ 85.33436, 28.0944 ], [ 85.33477, 28.09441 ], [ 85.33477, 28.09422 ], [ 85.33497, 28.09423 ], [ 85.33498, 28.09405 ], [ 85.33436, 28.09404 ], [ 85.33436, 28.0944 ] ] ] } },
{ "type": "Feature", "properties": { "area_m2": 52400.0 }, "geometry": { "type": "Polygon", "coordinates": [ [ [ 85.2574, 28.09597 ], [ 85.25821, 28.09598 ], [ 85.25822, 28.09562 ], [ 85.25842, 28.09562 ], [ 85.25842, 28.09526 ], [ 85.25822, 28.09526 ], [ 85.25822, 28.09508 ], [ 85.25782, 28.09507 ], [ 85.25782, 28.09489 ], [ 85.25741, 28.09489 ], [ 85.25742, 28.09471 ], [ 85.25721, 28.09471 ], [ 85.25722, 28.09452 ], [ 85.25701, 28.09452 ], [ 85.25701, 28.0947 ], [ 85.2562, 28.09469 ], [ 85.25619, 28.09487 ], [ 85.2566, 28.09488 ], [ 85.2566, 28.09506 ], [ 85.25599, 28.09505 ], [ 85.25599, 28.09487 ], [ 85.25538, 28.09486 ], [ 85.25538, 28.09468 ], [ 85.25497, 28.09468 ], [ 85.25498, 28.0945 ], [ 85.25457, 28.09449 ], [ 85.25457, 28.09431 ], [ 85.25417, 28.09431 ], [ 85.25417, 28.09413 ], [ 85.25397, 28.09412 ], [ 85.25397, 28.09394 ], [ 85.25376, 28.09394 ], [ 85.25377, 28.09376 ], [ 85.25356, 28.09376 ], [ 85.25357, 28.09358 ], [ 85.25296, 28.09357 ], [ 85.25296, 28.09339 ], [ 85.25235, 28.09338 ], [ 85.25235, 28.0932 ], [ 85.25215, 28.0932 ], [ 85.25215, 28.09302 ], [ 85.25093, 28.093 ], [ 85.25093, 28.09282 ], [ 85.25032, 28.09281 ], [ 85.25033, 28.09263 ], [ 85.24992, 28.09263 ], [ 85.24991, 28.09317 ], [ 85.25154, 28.09319 ], [ 85.25154, 28.09337 ], [ 85.25194, 28.09337 ], [ 85.25194, 28.09356 ], [ 85.25214, 28.09356 ], [ 85.25214, 28.09374 ], [ 85.25295, 28.09375 ], [ 85.25295, 28.09411 ], [ 85.25336, 28.09411 ], [ 85.25335, 28.0943 ], [ 85.25376, 28.0943 ], [ 85.25376, 28.09448 ], [ 85.25396, 28.09448 ], [ 85.25396, 28.09466 ], [ 85.25436, 28.09467 ], [ 85.25436, 28.09485 ], [ 85.25456, 28.09485 ], [ 85.25456, 28.09503 ], [ 85.25476, 28.09504 ], [ 85.25476, 28.09522 ], [ 85.25517, 28.09522 ], [ 85.25517, 28.0954 ], [ 85.25679, 28.09542 ], [ 85.25679, 28.09578 ], [ 85.25699, 28.09579 ], [ 85.25699, 28.09561 ], [ 85.2574, 28.09561 ], [ 85.2574, 28.09597 ] ] ] } },
{ "type": "Feature", "properties": { "area_m2": 2400.0 }, "geometry": { "type": "Polygon", "coordinates": [ [ [ 85.36352, 28.09078 ], [ 85.36372, 28.09078 ], [ 85.36373, 28.0906 ], [ 85.36434, 28.09061 ], [ 85.36434, 28.09043 ], [ 85.36414, 28.09043 ], [ 85.36414, 28.09025 ], [ 85.36394, 28.09024 ], [ 85.36393, 28.09042 ], [ 85.36353, 28.09042 ], [ 85.36352, 28.09078 ] ] ] } },
{ "type": "Feature", "properties": { "area_m2": 6400.0 }, "geometry": { "type": "Polygon", "coordinates": [ [ [ 85.54359, 28.08017 ], [ 85.54461, 28.08019 ], [ 85.54462, 28.07928 ], [ 85.54442, 28.07928 ], [ 85.54442, 28.07946 ], [ 85.54381, 28.07945 ], [ 85.54381, 28.07964 ], [ 85.54421, 28.07964 ], [ 85.54421, 28.07982 ], [ 85.5438, 28.07982 ], [ 85.5438, 28.08 ], [ 85.5436, 28.07999 ], [ 85.54359, 28.08017 ] ] ] } },
{ "type": "Feature", "properties": { "area_m2": 2000.0 }, "geometry": { "type": "Polygon", "coordinates": [ [ [ 85.48795, 28.07181 ], [ 85.48815, 28.07181 ], [ 85.48815, 28.07145 ], [ 85.48836, 28.07145 ], [ 85.48836, 28.07127 ], [ 85.48795, 28.07127 ], [ 85.48795, 28.07145 ], [ 85.48775, 28.07145 ], [ 85.48774, 28.07163 ], [ 85.48795, 28.07163 ], [ 85.48795, 28.07181 ] ] ] } },
{ "type": "Feature", "properties": { "area_m2": 2800.0 }, "geometry": { "type": "Polygon", "coordinates": [ [ [ 85.53949, 28.06786 ], [ 85.53969, 28.06786 ], [ 85.5397, 28.06732 ], [ 85.5399, 28.06732 ], [ 85.53991, 28.06696 ], [ 85.5395, 28.06695 ], [ 85.53949, 28.06786 ] ] ] } },
{ "type": "Feature", "properties": { "area_m2": 2400.0 }, "geometry": { "type": "Polygon", "coordinates": [ [ [ 85.53914, 28.06334 ], [ 85.53934, 28.06334 ], [ 85.53935, 28.06316 ], [ 85.53955, 28.06316 ], [ 85.53956, 28.06244 ], [ 85.53936, 28.06244 ], [ 85.53935, 28.06298 ], [ 85.53915, 28.06298 ], [ 85.53914, 28.06334 ] ] ] } },
{ "type": "Feature", "properties": { "area_m2": 2800.0 }, "geometry": { "type": "Polygon", "coordinates": [ [ [ 85.53584, 28.05157 ], [ 85.53604, 28.05157 ], [ 85.53605, 28.05103 ], [ 85.53626, 28.05103 ], [ 85.53626, 28.05085 ], [ 85.53585, 28.05085 ], [ 85.53585, 28.05103 ], [ 85.53564, 28.05103 ], [ 85.53564, 28.05139 ], [ 85.53584, 28.05139 ], [ 85.53584, 28.05157 ] ] ] } },
{ "type": "Feature", "properties": { "area_m2": 3200.0 }, "geometry": { "type": "Polygon", "coordinates": [ [ [ 85.53381, 28.05155 ], [ 85.53401, 28.05155 ], [ 85.53402, 28.05119 ], [ 85.53422, 28.05119 ], [ 85.53422, 28.05101 ], [ 85.53381, 28.05101 ], [ 85.53382, 28.05083 ], [ 85.53341, 28.05082 ], [ 85.5334, 28.05118 ], [ 85.53381, 28.05119 ], [ 85.53381, 28.05155 ] ] ] } },
{ "type": "Feature", "properties": { "area_m2": 2000.0 }, "geometry": { "type": "Polygon", "coordinates": [ [ [ 85.53524, 28.05066 ], [ 85.53545, 28.05066 ], [ 85.53545, 28.05048 ], [ 85.53586, 28.05049 ], [ 85.53586, 28.05031 ], [ 85.53565, 28.05031 ], [ 85.53566, 28.05013 ], [ 85.53545, 28.05012 ], [ 85.53545, 28.0503 ], [ 85.53525, 28.0503 ], [ 85.53524, 28.05066 ] ] ] } },
{ "type": "Feature", "properties": { "area_m2": 5200.0 }, "geometry": { "type": "Polygon", "coordinates": [ [ [ 85.53422, 28.05083 ], [ 85.53443, 28.05083 ], [ 85.53443, 28.05047 ], [ 85.53423, 28.05047 ], [ 85.53423, 28.05029 ], [ 85.53443, 28.05029 ], [ 85.53444, 28.04993 ], [ 85.53403, 28.04993 ], [ 85.53403, 28.05011 ], [ 85.53383, 28.05011 ], [ 85.53382, 28.05047 ], [ 85.53341, 28.05046 ], [ 85.53341, 28.05064 ], [ 85.53423, 28.05065 ], [ 85.53422, 28.05083 ] ] ] } }
]
}
