{
"type": "FeatureCollection",
"name": "roads_damaged",
"crs": { "type": "name", "properties": { "name": "urn:ogc:def:crs:OGC:1.3:CRS84" } },
"xy_coordinate_resolution": 1e-06,
"features": [
{ "type": "Feature", "properties": { "name": null, "status": "Destroyed", "highway": "path", "surface": null }, "geometry": { "type": "LineString", "coordinates": [ [ 85.366446, 28.256243 ], [ 85.366508, 28.256362 ], [ 85.366613, 28.256483 ] ] } },
{ "type": "Feature", "properties": { "name": null, "status": "Destroyed", "highway": "residential", "surface": null }, "geometry": { "type": "LineString", "coordinates": [ [ 85.109937, 27.861075 ], [ 85.110014, 27.860952 ], [ 85.109742, 27.86062 ], [ 85.109589, 27.860439 ], [ 85.109553, 27.86037 ], [ 85.109664, 27.860306 ] ] } },
{ "type": "Feature", "properties": { "name": null, "status": "Destroyed", "highway": "track", "surface": null }, "geometry": { "type": "LineString", "coordinates": [ [ 85.158586, 27.938678 ], [ 85.158548, 27.938722 ], [ 85.158489, 27.938729 ], [ 85.158402, 27.938695 ], [ 85.158319, 27.938625 ], [ 85.158232, 27.938519 ], [ 85.158053, 27.938273 ], [ 85.157917, 27.938048 ], [ 85.157742, 27.93781 ], [ 85.157654, 27.937672 ], [ 85.157587, 27.937534 ], [ 85.157487, 27.937286 ], [ 85.157432, 27.937111 ], [ 85.157404, 27.93691 ], [ 85.157363, 27.936696 ], [ 85.15727, 27.936371 ], [ 85.15725, 27.93618 ], [ 85.157203, 27.936054 ], [ 85.157128, 27.935913 ], [ 85.156857, 27.935402 ] ] } },
{ "type": "Feature", "properties": { "name": null, "status": "Destroyed", "highway": "service", "surface": null }, "geometry": { "type": "LineString", "coordinates": [ [ 85.379343, 28.280552 ], [ 85.379413, 28.28042 ] ] } },
{ "type": "Feature", "properties": { "name": null, "status": "Destroyed", "highway": "path", "surface": null }, "geometry": { "type": "LineString", "coordinates": [ [ 85.359107, 28.237511 ], [ 85.359116, 28.2374 ], [ 85.359161, 28.237307 ], [ 85.359193, 28.237248 ] ] } },
{ "type": "Feature", "properties": { "name": "devighat-Tadi bridge", "status": "Destroyed", "highway": "primary", "surface": null }, "geometry": { "type": "LineString", "coordinates": [ [ 85.10889, 27.858344 ], [ 85.109239, 27.858868 ] ] } },
{ "type": "Feature", "properties": { "name": null, "status": "Destroyed", "highway": "path", "surface": "ground" }, "geometry": { "type": "LineString", "coordinates": [ [ 85.151234, 27.92826 ], [ 85.151199, 27.928178 ], [ 85.151216, 27.928012 ], [ 85.150774, 27.927772 ], [ 85.150493, 27.927682 ], [ 85.150399, 27.927829 ], [ 85.150362, 27.927993 ], [ 85.150382, 27.928016 ], [ 85.150286, 27.92822 ], [ 85.150669, 27.928858 ] ] } },
{ "type": "Feature", "properties": { "name": null, "status": "Destroyed", "highway": "service", "surface": "unpaved" }, "geometry": { "type": "LineString", "coordinates": [ [ 85.148896, 27.926853 ], [ 85.148948, 27.92715 ], [ 85.148942, 27.927667 ] ] } },
{ "type": "Feature", "properties": { "name": null, "status": "Destroyed", "highway": "path", "surface": null }, "geometry": { "type": "LineString", "coordinates": [ [ 85.108556, 27.859117 ], [ 85.108317, 27.859114 ], [ 85.107979, 27.859301 ] ] } },
{ "type": "Feature", "properties": { "name": null, "status": "Destroyed", "highway": "unclassified", "surface": null }, "geometry": { "type": "LineString", "coordinates": [ [ 85.16386, 27.948803 ], [ 85.163905, 27.949022 ], [ 85.163853, 27.949288 ], [ 85.163841, 27.949443 ], [ 85.163859, 27.94956 ], [ 85.163864, 27.949591 ], [ 85.163921, 27.9499 ], [ 85.163842, 27.95015 ], [ 85.163727, 27.950404 ], [ 85.163612, 27.950663 ], [ 85.163607, 27.950843 ], [ 85.16367, 27.951716 ], [ 85.16369, 27.952056 ], [ 85.163619, 27.952304 ], [ 85.163467, 27.952617 ], [ 85.163408, 27.952859 ], [ 85.163416, 27.95315 ], [ 85.163564, 27.953575 ], [ 85.163756, 27.954169 ], [ 85.163908, 27.954686 ], [ 85.163982, 27.95499 ], [ 85.164015, 27.955123 ], [ 85.164055, 27.955163 ] ] } },
{ "type": "Feature", "properties": { "name": null, "status": "Destroyed", "highway": "path", "surface": null }, "geometry": { "type": "LineString", "coordinates": [ [ 85.163859, 27.94956 ], [ 85.163791, 27.949576 ], [ 85.163707, 27.949596 ], [ 85.163635, 27.949573 ], [ 85.163615, 27.949509 ], [ 85.163637, 27.949401 ], [ 85.163648, 27.94925 ], [ 85.163685, 27.949112 ], [ 85.163708, 27.949029 ], [ 85.163676, 27.94895 ], [ 85.163619, 27.9489 ], [ 85.163512, 27.948873 ], [ 85.163393, 27.948882 ] ] } },
{ "type": "Feature", "properties": { "name": null, "status": "Destroyed", "highway": "path", "surface": "concrete" }, "geometry": { "type": "LineString", "coordinates": [ [ 85.149403, 27.927523 ], [ 85.149436, 27.927477 ] ] } },
{ "type": "Feature", "properties": { "name": null, "status": "Destroyed", "highway": "path", "surface": null }, "geometry": { "type": "LineString", "coordinates": [ [ 85.358614, 28.242025 ], [ 85.358783, 28.242027 ], [ 85.358823, 28.241989 ], [ 85.358844, 28.241934 ], [ 85.35888, 28.241864 ] ] } },
{ "type": "Feature", "properties": { "name": null, "status": "Destroyed", "highway": "path", "surface": null }, "geometry": { "type": "LineString", "coordinates": [ [ 85.366405, 28.256036 ], [ 85.366378, 28.256067 ], [ 85.366295, 28.256092 ], [ 85.366305, 28.256176 ] ] } },
{ "type": "Feature", "properties": { "name": null, "status": "Destroyed", "highway": "unclassified", "surface": null }, "geometry": { "type": "LineString", "coordinates": [ [ 85.357949, 28.236759 ], [ 85.357866, 28.236769 ], [ 85.357839, 28.236742 ], [ 85.357834, 28.236711 ], [ 85.357855, 28.23667 ], [ 85.357885, 28.236623 ], [ 85.357919, 28.236566 ], [ 85.357944, 28.236481 ], [ 85.357963, 28.236387 ], [ 85.357976, 28.236319 ], [ 85.357985, 28.236249 ], [ 85.358004, 28.23613 ], [ 85.358037, 28.235998 ], [ 85.358065, 28.235864 ], [ 85.358111, 28.235739 ], [ 85.358141, 28.235672 ], [ 85.358164, 28.235587 ], [ 85.358207, 28.23544 ], [ 85.358217, 28.235346 ], [ 85.358217, 28.235264 ], [ 85.358238, 28.235188 ], [ 85.358279, 28.235081 ], [ 85.358319, 28.23499 ], [ 85.35834, 28.234914 ], [ 85.358363, 28.234788 ], [ 85.358367, 28.234698 ], [ 85.358418, 28.234613 ], [ 85.358467, 28.234538 ], [ 85.358497, 28.234459 ], [ 85.358532, 28.234409 ], [ 85.358587, 28.234345 ], [ 85.358664, 28.23426 ], [ 85.358714, 28.23421 ], [ 85.358737, 28.234182 ], [ 85.358748, 28.234153 ], [ 85.35875, 28.234103 ], [ 85.358744, 28.234056 ], [ 85.358742, 28.234011 ], [ 85.358763, 28.233943 ], [ 85.358826, 28.233859 ], [ 85.358869, 28.233779 ], [ 85.358913, 28.233701 ], [ 85.358945, 28.233622 ], [ 85.358989, 28.233533 ], [ 85.358983, 28.23346 ], [ 85.358979, 28.233391 ], [ 85.358994, 28.233313 ], [ 85.35904, 28.233243 ], [ 85.359076, 28.233159 ], [ 85.359106, 28.233082 ], [ 85.359163, 28.233005 ], [ 85.35922, 28.232934 ], [ 85.359266, 28.232882 ], [ 85.359302, 28.232828 ], [ 85.359304, 28.232791 ], [ 85.359292, 28.232761 ], [ 85.359254, 28.232751 ], [ 85.359201, 28.23279 ], [ 85.359167, 28.23284 ], [ 85.35912, 28.232895 ], [ 85.359076, 28.232945 ], [ 85.359019, 28.233004 ] ] } },
{ "type": "Feature", "properties": { "name": null, "status": "Destroyed", "highway": "service", "surface": null }, "geometry": { "type": "LineString", "coordinates": [ [ 85.378736, 28.271801 ], [ 85.378844, 28.271863 ], [ 85.378916, 28.271995 ] ] } },
{ "type": "Feature", "properties": { "name": null, "status": "Destroyed", "highway": "path", "surface": null }, "geometry": { "type": "LineString", "coordinates": [ [ 85.377795, 28.26838 ], [ 85.37794, 28.26845 ], [ 85.378077, 28.268459 ], [ 85.378199, 28.268434 ], [ 85.37837, 28.268398 ], [ 85.378444, 28.268429 ], [ 85.378485, 28.268554 ], [ 85.378437, 28.268657 ], [ 85.378258, 28.26881 ], [ 85.378167, 28.268941 ], [ 85.378053, 28.269096 ] ] } },
{ "type": "Feature", "properties": { "name": null, "status": "Destroyed", "highway": "unclassified", "surface": null }, "geometry": { "type": "LineString", "coordinates": [ [ 85.109314, 27.858802 ], [ 85.109317, 27.858881 ] ] } },
{ "type": "Feature", "properties": { "name": null, "status": "Destroyed", "highway": "track", "surface": "ground" }, "geometry": { "type": "LineString", "coordinates": [ [ 85.169603, 27.959491 ], [ 85.169417, 27.959648 ], [ 85.169136, 27.959771 ], [ 85.169055, 27.959813 ], [ 85.168966, 27.959854 ], [ 85.168934, 27.959887 ], [ 85.168918, 27.959932 ], [ 85.168912, 27.959995 ], [ 85.168988, 27.960552 ], [ 85.169099, 27.960784 ], [ 85.169334, 27.960985 ], [ 85.169634, 27.961208 ], [ 85.169777, 27.961284 ], [ 85.169867, 27.96142 ], [ 85.16998, 27.961483 ] ] } },
{ "type": "Feature", "properties": { "name": null, "status": "Destroyed", "highway": "unclassified", "surface": null }, "geometry": { "type": "LineString", "coordinates": [ [ 85.161422, 27.948402 ], [ 85.161431, 27.948238 ] ] } },
{ "type": "Feature", "properties": { "name": "Langtang Trek Trail", "status": "Destroyed", "highway": "path", "surface": null }, "geometry": { "type": "LineString", "coordinates": [ [ 85.343177, 28.165955 ], [ 85.343407, 28.166053 ], [ 85.343508, 28.166152 ], [ 85.343549, 28.166248 ], [ 85.343578, 28.16648 ], [ 85.343672, 28.166638 ] ] } },
{ "type": "Feature", "properties": { "name": null, "status": "Destroyed", "highway": "service", "surface": "unpaved" }, "geometry": { "type": "LineString", "coordinates": [ [ 85.153014, 27.935809 ], [ 85.152668, 27.935575 ], [ 85.152338, 27.935568 ], [ 85.152271, 27.935547 ], [ 85.152224, 27.935568 ], [ 85.152147, 27.935669 ], [ 85.152143, 27.935769 ], [ 85.152175, 27.935882 ], [ 85.152175, 27.935946 ], [ 85.152065, 27.936089 ] ] } },
{ "type": "Feature", "properties": { "name": null, "status": "Destroyed", "highway": "primary", "surface": null }, "geometry": { "type": "LineString", "coordinates": [ [ 85.343197, 28.182665 ], [ 85.343835, 28.182505 ] ] } },
{ "type": "Feature", "properties": { "name": null, "status": "Destroyed", "highway": "path", "surface": null }, "geometry": { "type": "LineString", "coordinates": [ [ 85.342431, 28.164525 ], [ 85.342612, 28.164684 ], [ 85.342769, 28.164619 ], [ 85.342863, 28.164542 ] ] } },
{ "type": "Feature", "properties": { "name": null, "status": "Destroyed", "highway": "unclassified", "surface": null }, "geometry": { "type": "LineString", "coordinates": [ [ 85.340518, 28.182578 ], [ 85.340225, 28.182778 ], [ 85.339922, 28.182806 ], [ 85.339504, 28.183005 ], [ 85.339215, 28.183091 ], [ 85.338936, 28.183093 ], [ 85.338783, 28.183004 ], [ 85.338672, 28.182882 ], [ 85.33853, 28.182832 ] ] } },
{ "type": "Feature", "properties": { "name": null, "status": "Destroyed", "highway": "path", "surface": null }, "geometry": { "type": "LineString", "coordinates": [ [ 85.343841, 28.182211 ], [ 85.343927, 28.182184 ] ] } },
{ "type": "Feature", "properties": { "name": null, "status": "Destroyed", "highway": "unclassified", "surface": null }, "geometry": { "type": "LineString", "coordinates": [ [ 85.364227, 28.251933 ], [ 85.364325, 28.252084 ] ] } },
{ "type": "Feature", "properties": { "name": null, "status": "Destroyed", "highway": "track", "surface": "unpaved" }, "geometry": { "type": "LineString", "coordinates": [ [ 85.150546, 27.935527 ], [ 85.150581, 27.9354 ], [ 85.150585, 27.93535 ], [ 85.150619, 27.93531 ], [ 85.150732, 27.935331 ], [ 85.150824, 27.935354 ], [ 85.150876, 27.935346 ], [ 85.150929, 27.935288 ], [ 85.150989, 27.935227 ], [ 85.151027, 27.935173 ], [ 85.151057, 27.935142 ], [ 85.151118, 27.935091 ], [ 85.15115, 27.935019 ], [ 85.151176, 27.934959 ], [ 85.151209, 27.93489 ], [ 85.151242, 27.934839 ], [ 85.151276, 27.934795 ], [ 85.151343, 27.934747 ], [ 85.151385, 27.934697 ], [ 85.151417, 27.934646 ], [ 85.151484, 27.934607 ], [ 85.151624, 27.934522 ], [ 85.151661, 27.934511 ], [ 85.151725, 27.934525 ], [ 85.15176, 27.934558 ], [ 85.151835, 27.934643 ], [ 85.151923, 27.934704 ], [ 85.151985, 27.934741 ], [ 85.15207, 27.934759 ], [ 85.152128, 27.934756 ], [ 85.152171, 27.934738 ], [ 85.152203, 27.934693 ], [ 85.152247, 27.934622 ], [ 85.152289, 27.934555 ], [ 85.152315, 27.934488 ], [ 85.152404, 27.934393 ], [ 85.1525, 27.934327 ], [ 85.152578, 27.934249 ], [ 85.152648, 27.934184 ], [ 85.152733, 27.93409 ], [ 85.152784, 27.934061 ], [ 85.152877, 27.934057 ], [ 85.153026, 27.93404 ], [ 85.153061, 27.93403 ], [ 85.153115, 27.933978 ], [ 85.153129, 27.933869 ], [ 85.153158, 27.933821 ], [ 85.15336, 27.933679 ], [ 85.15377, 27.933529 ], [ 85.1539, 27.9335 ], [ 85.153979, 27.933421 ], [ 85.154125, 27.933389 ], [ 85.154238, 27.933292 ], [ 85.154471, 27.933287 ], [ 85.154549, 27.933221 ], [ 85.154581, 27.93309 ], [ 85.154662, 27.932982 ], [ 85.154616, 27.93282 ], [ 85.154568, 27.932711 ], [ 85.1544, 27.932448 ], [ 85.154281, 27.932382 ], [ 85.154152, 27.932396 ], [ 85.153873, 27.93251 ], [ 85.153661, 27.932557 ] ] } },
{ "type": "Feature", "properties": { "name": null, "status": "Destroyed", "highway": "path", "surface": null }, "geometry": { "type": "LineString", "coordinates": [ [ 85.341827, 28.165729 ], [ 85.341911, 28.165736 ], [ 85.34217, 28.165896 ], [ 85.342297, 28.165922 ], [ 85.342318, 28.166008 ], [ 85.342367, 28.166043 ] ] } },
{ "type": "Feature", "properties": { "name": null, "status": "Destroyed", "highway": "service", "surface": null }, "geometry": { "type": "LineString", "coordinates": [ [ 85.365654, 28.255699 ], [ 85.365694, 28.255738 ], [ 85.365722, 28.255774 ], [ 85.365734, 28.255905 ], [ 85.365726, 28.25607 ], [ 85.365742, 28.256254 ], [ 85.365785, 28.256436 ], [ 85.365785, 28.256622 ], [ 85.365777, 28.256767 ], [ 85.365847, 28.256941 ], [ 85.366054, 28.25707 ], [ 85.366131, 28.257171 ], [ 85.366185, 28.257223 ], [ 85.366279, 28.257355 ], [ 85.366346, 28.257419 ], [ 85.366392, 28.257428 ], [ 85.366437, 28.257424 ], [ 85.366469, 28.257421 ], [ 85.366536, 28.257397 ], [ 85.36657, 28.257352 ], [ 85.366595, 28.257319 ], [ 85.366602, 28.257259 ] ] } },
{ "type": "Feature", "properties": { "name": null, "status": "Destroyed", "highway": "track", "surface": null }, "geometry": { "type": "LineString", "coordinates": [ [ 85.162547, 27.945825 ], [ 85.16258, 27.94598 ], [ 85.162615, 27.946103 ], [ 85.162706, 27.946236 ], [ 85.16277, 27.946303 ], [ 85.16276, 27.946374 ], [ 85.162668, 27.946461 ], [ 85.162636, 27.946509 ], [ 85.162633, 27.946566 ] ] } },
{ "type": "Feature", "properties": { "name": null, "status": "Destroyed", "highway": "tertiary", "surface": "unpaved" }, "geometry": { "type": "LineString", "coordinates": [ [ 85.33699, 28.163517 ], [ 85.336988, 28.163721 ], [ 85.33699, 28.16379 ], [ 85.336998, 28.163836 ], [ 85.337028, 28.163902 ], [ 85.33709, 28.164032 ], [ 85.337122, 28.164079 ], [ 85.337142, 28.164126 ], [ 85.337168, 28.164252 ], [ 85.337195, 28.164327 ], [ 85.337265, 28.164399 ], [ 85.337365, 28.164529 ], [ 85.337378, 28.164559 ] ] } },
{ "type": "Feature", "properties": { "name": null, "status": "Destroyed", "highway": "trunk", "surface": "concrete" }, "geometry": { "type": "LineString", "coordinates": [ [ 85.377682, 28.279535 ], [ 85.377661, 28.279589 ], [ 85.377655, 28.279603 ] ] } },
{ "type": "Feature", "properties": { "name": null, "status": "Destroyed", "highway": "service", "surface": null }, "geometry": { "type": "LineString", "coordinates": [ [ 85.376787, 28.272759 ], [ 85.376804, 28.272744 ], [ 85.37693, 28.272708 ], [ 85.377119, 28.272586 ] ] } },
{ "type": "Feature", "properties": { "name": null, "status": "Destroyed", "highway": "unclassified", "surface": null }, "geometry": { "type": "LineString", "coordinates": [ [ 85.163628, 27.956341 ], [ 85.163492, 27.956287 ] ] } },
{ "type": "Feature", "properties": { "name": null, "status": "Destroyed", "highway": "unclassified", "surface": null }, "geometry": { "type": "LineString", "coordinates": [ [ 85.364227, 28.251933 ], [ 85.364242, 28.251802 ], [ 85.364294, 28.251678 ], [ 85.364332, 28.251573 ], [ 85.364352, 28.251486 ], [ 85.364371, 28.251356 ], [ 85.364387, 28.251168 ], [ 85.364424, 28.251059 ], [ 85.364451, 28.250982 ], [ 85.364481, 28.250903 ], [ 85.364504, 28.25084 ], [ 85.364519, 28.250773 ], [ 85.364531, 28.250688 ], [ 85.364527, 28.250604 ], [ 85.36454, 28.250519 ], [ 85.364557, 28.250422 ], [ 85.364576, 28.250325 ], [ 85.364591, 28.250248 ], [ 85.36461, 28.250116 ], [ 85.364616, 28.250039 ], [ 85.36461, 28.249979 ], [ 85.364589, 28.249933 ], [ 85.364546, 28.249864 ], [ 85.364508, 28.249804 ], [ 85.364481, 28.24971 ], [ 85.364472, 28.249629 ], [ 85.364468, 28.24954 ], [ 85.36447, 28.249473 ], [ 85.364424, 28.249344 ], [ 85.364314, 28.249209 ], [ 85.36424, 28.249132 ], [ 85.364148, 28.249082 ], [ 85.364047, 28.249025 ], [ 85.363958, 28.248967 ], [ 85.363909, 28.248915 ], [ 85.363859, 28.248847 ], [ 85.363835, 28.248785 ], [ 85.363772, 28.24868 ], [ 85.363719, 28.248551 ], [ 85.363668, 28.248454 ], [ 85.363615, 28.248362 ], [ 85.363569, 28.24822 ], [ 85.363577, 28.24807 ], [ 85.363584, 28.247973 ], [ 85.363569, 28.247869 ], [ 85.363546, 28.247812 ], [ 85.363523, 28.247774 ], [ 85.36348, 28.247721 ], [ 85.363415, 28.247699 ], [ 85.363357, 28.247674 ], [ 85.363313, 28.247647 ], [ 85.363275, 28.247562 ], [ 85.363243, 28.247455 ], [ 85.363226, 28.247365 ], [ 85.363198, 28.247327 ], [ 85.363152, 28.247241 ], [ 85.363061, 28.247089 ], [ 85.362981, 28.246965 ], [ 85.362882, 28.24687 ], [ 85.362759, 28.246783 ], [ 85.362674, 28.246711 ], [ 85.362609, 28.246641 ], [ 85.362509, 28.246556 ], [ 85.362441, 28.246512 ], [ 85.362353, 28.246471 ], [ 85.362275, 28.246437 ], [ 85.362186, 28.246376 ], [ 85.362021, 28.246182 ], [ 85.3619, 28.246031 ], [ 85.36183, 28.24599 ], [ 85.361672, 28.245868 ], [ 85.361587, 28.245774 ], [ 85.361485, 28.245674 ], [ 85.361377, 28.245572 ], [ 85.361278, 28.245483 ], [ 85.361141, 28.245382 ], [ 85.361028, 28.245318 ], [ 85.360944, 28.24528 ], [ 85.360861, 28.245255 ], [ 85.360703, 28.245186 ], [ 85.360536, 28.245114 ], [ 85.360309, 28.245006 ], [ 85.360121, 28.244934 ], [ 85.359947, 28.244872 ], [ 85.359867, 28.244842 ], [ 85.359791, 28.244797 ], [ 85.359664, 28.244705 ], [ 85.359491, 28.244543 ], [ 85.359369, 28.244483 ], [ 85.359224, 28.244351 ], [ 85.359029, 28.244194 ], [ 85.358944, 28.244134 ], [ 85.358775, 28.243969 ], [ 85.358616, 28.243798 ], [ 85.358494, 28.24362 ], [ 85.358379, 28.243504 ], [ 85.35822, 28.243327 ], [ 85.358118, 28.243228 ], [ 85.358063, 28.243161 ], [ 85.358012, 28.243101 ], [ 85.35798, 28.243032 ], [ 85.357938, 28.242952 ], [ 85.357873, 28.242768 ], [ 85.35783, 28.242652 ], [ 85.357799, 28.242542 ], [ 85.357772, 28.242391 ], [ 85.357739, 28.24225 ], [ 85.357712, 28.242027 ], [ 85.357697, 28.241888 ], [ 85.357724, 28.241759 ], [ 85.357756, 28.241657 ], [ 85.357754, 28.241552 ], [ 85.357754, 28.241453 ], [ 85.357754, 28.241335 ], [ 85.3578, 28.241196 ], [ 85.357824, 28.241073 ], [ 85.357881, 28.240922 ], [ 85.357904, 28.240787 ], [ 85.357934, 28.240665 ], [ 85.357963, 28.240499 ], [ 85.357964, 28.240385 ], [ 85.357938, 28.240194 ], [ 85.357913, 28.240125 ], [ 85.357879, 28.240076 ] ] } },
{ "type": "Feature", "properties": { "name": null, "status": "Destroyed", "highway": "service", "surface": null }, "geometry": { "type": "LineString", "coordinates": [ [ 85.377057, 28.27279 ], [ 85.377108, 28.272992 ], [ 85.37711, 28.273159 ], [ 85.377037, 28.273417 ] ] } },
{ "type": "Feature", "properties": { "name": null, "status": "Destroyed", "highway": "service", "surface": null }, "geometry": { "type": "LineString", "coordinates": [ [ 85.375298, 28.265324 ], [ 85.375351, 28.265229 ], [ 85.375384, 28.265168 ], [ 85.375435, 28.265134 ] ] } },
{ "type": "Feature", "properties": { "name": null, "status": "Destroyed", "highway": "path", "surface": null }, "geometry": { "type": "LineString", "coordinates": [ [ 85.370977, 28.260385 ], [ 85.370965, 28.260485 ], [ 85.371064, 28.260634 ], [ 85.371131, 28.260782 ], [ 85.37113, 28.26091 ] ] } },
{ "type": "Feature", "properties": { "name": null, "status": "Destroyed", "highway": "primary", "surface": null }, "geometry": { "type": "LineString", "coordinates": [ [ 85.378017, 28.279153 ], [ 85.377977, 28.279256 ] ] } },
{ "type": "Feature", "properties": { "name": null, "status": "Destroyed", "highway": "path", "surface": null }, "geometry": { "type": "LineString", "coordinates": [ [ 85.358116, 28.239843 ], [ 85.358575, 28.239853 ] ] } },
{ "type": "Feature", "properties": { "name": null, "status": "Destroyed", "highway": "service", "surface": null }, "geometry": { "type": "LineString", "coordinates": [ [ 85.378273, 28.270366 ], [ 85.378253, 28.270422 ], [ 85.378211, 28.270469 ], [ 85.378165, 28.270507 ], [ 85.378137, 28.270557 ], [ 85.378144, 28.270705 ], [ 85.378159, 28.270938 ], [ 85.378146, 28.271115 ], [ 85.378113, 28.271235 ], [ 85.378217, 28.271342 ], [ 85.378296, 28.271488 ], [ 85.378321, 28.271712 ], [ 85.378347, 28.271875 ], [ 85.378349, 28.27206 ], [ 85.378366, 28.272205 ], [ 85.378373, 28.27234 ], [ 85.378391, 28.272428 ], [ 85.378406, 28.272515 ], [ 85.378401, 28.272628 ], [ 85.378292, 28.272778 ], [ 85.378205, 28.272796 ], [ 85.378109, 28.27285 ], [ 85.378064, 28.272847 ], [ 85.378031, 28.27275 ], [ 85.378053, 28.272645 ], [ 85.378047, 28.272531 ] ] } },
{ "type": "Feature", "properties": { "name": null, "status": "Destroyed", "highway": "path", "surface": "unpaved" }, "geometry": { "type": "LineString", "coordinates": [ [ 85.172761, 27.962583 ], [ 85.172638, 27.962655 ], [ 85.172511, 27.962578 ], [ 85.172368, 27.962498 ], [ 85.172232, 27.962449 ], [ 85.172141, 27.962422 ], [ 85.172019, 27.962378 ], [ 85.171725, 27.962266 ], [ 85.171598, 27.962267 ], [ 85.171496, 27.962214 ] ] } },
{ "type": "Feature", "properties": { "name": "Langtang Trek Trail", "status": "Destroyed", "highway": "path", "surface": null }, "geometry": { "type": "LineString", "coordinates": [ [ 85.354427, 28.154509 ], [ 85.354034, 28.15496 ], [ 85.353587, 28.15542 ], [ 85.353347, 28.155445 ], [ 85.353203, 28.155537 ], [ 85.352771, 28.155718 ], [ 85.352247, 28.156281 ], [ 85.351868, 28.156538 ], [ 85.351706, 28.15691 ], [ 85.351374, 28.157257 ], [ 85.351162, 28.157597 ], [ 85.350797, 28.157984 ], [ 85.350471, 28.158122 ], [ 85.350159, 28.158265 ], [ 85.349829, 28.158556 ], [ 85.349295, 28.158977 ], [ 85.349295, 28.159177 ], [ 85.349249, 28.159301 ], [ 85.349097, 28.159461 ], [ 85.348737, 28.159857 ], [ 85.348597, 28.160262 ], [ 85.348427, 28.160493 ], [ 85.348123, 28.160809 ], [ 85.347942, 28.161061 ], [ 85.347694, 28.161225 ], [ 85.34738, 28.16139 ], [ 85.347226, 28.16157 ], [ 85.346924, 28.161819 ], [ 85.346483, 28.162192 ], [ 85.346218, 28.162535 ], [ 85.346079, 28.162672 ], [ 85.345973, 28.162873 ], [ 85.345776, 28.162983 ], [ 85.345668, 28.163023 ], [ 85.345357, 28.163229 ], [ 85.345217, 28.163358 ], [ 85.345125, 28.163338 ], [ 85.344579, 28.163538 ], [ 85.344411, 28.163678 ], [ 85.344117, 28.163711 ], [ 85.343901, 28.163761 ] ] } },
{ "type": "Feature", "properties": { "name": null, "status": "Destroyed", "highway": "path", "surface": null }, "geometry": { "type": "LineString", "coordinates": [ [ 85.339974, 28.182018 ], [ 85.339854, 28.182057 ], [ 85.339797, 28.182177 ] ] } },
{ "type": "Feature", "properties": { "name": null, "status": "Destroyed", "highway": "residential", "surface": null }, "geometry": { "type": "LineString", "coordinates": [ [ 85.17275, 27.963995 ], [ 85.172891, 27.963546 ] ] } },
{ "type": "Feature", "properties": { "name": null, "status": "Destroyed", "highway": "track", "surface": null }, "geometry": { "type": "LineString", "coordinates": [ [ 85.36525, 28.249122 ], [ 85.365365, 28.249224 ], [ 85.365437, 28.249319 ], [ 85.365501, 28.249423 ], [ 85.365543, 28.24957 ], [ 85.365582, 28.249683 ], [ 85.365616, 28.249822 ], [ 85.365631, 28.249959 ], [ 85.365625, 28.250269 ], [ 85.365604, 28.25046 ], [ 85.365586, 28.250619 ], [ 85.365559, 28.250742 ], [ 85.365557, 28.250857 ], [ 85.365556, 28.251002 ], [ 85.365571, 28.251356 ], [ 85.365624, 28.251725 ] ] } },
{ "type": "Feature", "properties": { "name": null, "status": "Destroyed", "highway": "trunk", "surface": "concrete" }, "geometry": { "type": "LineString", "coordinates": [ [ 85.37776, 28.279336 ], [ 85.377745, 28.279376 ] ] } },
{ "type": "Feature", "properties": { "name": "Pasang Lhamu Highway", "status": "Destroyed", "highway": "primary", "surface": "concrete" }, "geometry": { "type": "LineString", "coordinates": [ [ 85.332471, 28.157648 ], [ 85.332578, 28.157098 ] ] } },
{ "type": "Feature", "properties": { "name": null, "status": "Destroyed", "highway": "trunk", "surface": "concrete" }, "geometry": { "type": "LineString", "coordinates": [ [ 85.377812, 28.279206 ], [ 85.377777, 28.279294 ] ] } },
{ "type": "Feature", "properties": { "name": null, "status": "Destroyed", "highway": "primary", "surface": null }, "geometry": { "type": "LineString", "coordinates": [ [ 85.375853, 28.265815 ], [ 85.376277, 28.266298 ] ] } },
{ "type": "Feature", "properties": { "name": null, "status": "Destroyed", "highway": "path", "surface": null }, "geometry": { "type": "LineString", "coordinates": [ [ 85.375967, 28.264988 ], [ 85.375955, 28.264887 ], [ 85.375965, 28.264825 ], [ 85.375929, 28.264774 ], [ 85.375968, 28.264678 ], [ 85.375961, 28.264596 ], [ 85.375988, 28.264577 ], [ 85.376057, 28.264549 ], [ 85.375933, 28.264502 ], [ 85.375816, 28.264423 ], [ 85.375791, 28.264407 ], [ 85.375816, 28.264351 ], [ 85.375861, 28.264385 ], [ 85.375908, 28.264386 ], [ 85.375931, 28.264353 ], [ 85.37597, 28.264334 ] ] } },
{ "type": "Feature", "properties": { "name": null, "status": "Destroyed", "highway": "path", "surface": null }, "geometry": { "type": "LineString", "coordinates": [ [ 85.36603, 28.253858 ], [ 85.366171, 28.253809 ], [ 85.366315, 28.253753 ], [ 85.366467, 28.25373 ], [ 85.366557, 28.253691 ] ] } },
{ "type": "Feature", "properties": { "name": null, "status": "Destroyed", "highway": "service", "surface": null }, "geometry": { "type": "LineString", "coordinates": [ [ 85.377091, 28.272704 ], [ 85.377057, 28.27279 ] ] } },
{ "type": "Feature", "properties": { "name": null, "status": "Destroyed", "highway": "service", "surface": null }, "geometry": { "type": "LineString", "coordinates": [ [ 85.376696, 28.272841 ], [ 85.376787, 28.272759 ] ] } },
{ "type": "Feature", "properties": { "name": null, "status": "Destroyed", "highway": "service", "surface": null }, "geometry": { "type": "LineString", "coordinates": [ [ 85.37677, 28.269599 ], [ 85.376863, 28.269683 ], [ 85.376909, 28.269807 ], [ 85.377027, 28.269997 ], [ 85.377071, 28.270097 ], [ 85.377073, 28.270238 ], [ 85.376994, 28.270266 ], [ 85.376937, 28.270318 ], [ 85.376813, 28.270372 ], [ 85.376722, 28.270364 ], [ 85.376622, 28.270296 ], [ 85.376591, 28.270153 ] ] } },
{ "type": "Feature", "properties": { "name": null, "status": "Destroyed", "highway": "service", "surface": null }, "geometry": { "type": "LineString", "coordinates": [ [ 85.373645, 28.263984 ], [ 85.373861, 28.263879 ], [ 85.374248, 28.263618 ] ] } },
{ "type": "Feature", "properties": { "name": null, "status": "Destroyed", "highway": "residential", "surface": null }, "geometry": { "type": "LineString", "coordinates": [ [ 85.375509, 28.265223 ], [ 85.375624, 28.265282 ], [ 85.375698, 28.265339 ], [ 85.375787, 28.26536 ], [ 85.375844, 28.265353 ], [ 85.375883, 28.265333 ], [ 85.375933, 28.265248 ], [ 85.375945, 28.265151 ], [ 85.375969, 28.265068 ] ] } },
{ "type": "Feature", "properties": { "name": null, "status": "Destroyed", "highway": "unclassified", "surface": null }, "geometry": { "type": "LineString", "coordinates": [ [ 85.109012, 27.858293 ], [ 85.10905, 27.858333 ] ] } },
{ "type": "Feature", "properties": { "name": null, "status": "Destroyed", "highway": "service", "surface": "concrete" }, "geometry": { "type": "LineString", "coordinates": [ [ 85.170631, 27.963638 ], [ 85.17025, 27.963347 ], [ 85.170068, 27.963355 ] ] } },
{ "type": "Feature", "properties": { "name": null, "status": "Destroyed", "highway": "unclassified", "surface": null }, "geometry": { "type": "LineString", "coordinates": [ [ 85.164688, 27.956778 ], [ 85.164763, 27.956714 ], [ 85.164882, 27.956617 ], [ 85.165062, 27.956582 ], [ 85.16566, 27.956641 ] ] } },
{ "type": "Feature", "properties": { "name": null, "status": "Destroyed", "highway": "unclassified", "surface": null }, "geometry": { "type": "LineString", "coordinates": [ [ 85.150083, 27.926998 ], [ 85.150145, 27.92678 ], [ 85.150207, 27.926521 ], [ 85.150217, 27.926389 ], [ 85.150073, 27.926344 ], [ 85.149673, 27.926292 ], [ 85.149335, 27.926285 ], [ 85.149298, 27.926286 ] ] } },
{ "type": "Feature", "properties": { "name": null, "status": "Destroyed", "highway": "path", "surface": null }, "geometry": { "type": "LineString", "coordinates": [ [ 85.3175, 28.147519 ], [ 85.317883, 28.147311 ] ] } },
{ "type": "Feature", "properties": { "name": null, "status": "Destroyed", "highway": "path", "surface": null }, "geometry": { "type": "LineString", "coordinates": [ [ 85.371189, 28.260074 ], [ 85.371055, 28.260014 ], [ 85.370854, 28.259985 ], [ 85.370686, 28.259871 ] ] } },
{ "type": "Feature", "properties": { "name": null, "status": "Destroyed", "highway": "service", "surface": null }, "geometry": { "type": "LineString", "coordinates": [ [ 85.366437, 28.257424 ], [ 85.366369, 28.257573 ], [ 85.366422, 28.257773 ], [ 85.366234, 28.257985 ], [ 85.366041, 28.257995 ], [ 85.365938, 28.25785 ], [ 85.365896, 28.257736 ] ] } },
{ "type": "Feature", "properties": { "name": null, "status": "Destroyed", "highway": "path", "surface": null }, "geometry": { "type": "LineString", "coordinates": [ [ 85.358872, 28.238244 ], [ 85.358749, 28.238213 ], [ 85.358699, 28.23804 ], [ 85.35873, 28.23778 ], [ 85.358719, 28.237647 ], [ 85.358733, 28.237545 ], [ 85.358846, 28.237397 ], [ 85.358919, 28.237316 ], [ 85.358929, 28.237239 ], [ 85.359288, 28.236667 ], [ 85.35937, 28.236286 ], [ 85.359296, 28.235531 ], [ 85.359295, 28.235199 ], [ 85.359415, 28.2349 ], [ 85.359624, 28.234514 ] ] } },
{ "type": "Feature", "properties": { "name": null, "status": "Destroyed", "highway": "residential", "surface": null }, "geometry": { "type": "LineString", "coordinates": [ [ 85.171323, 27.961975 ], [ 85.171436, 27.961897 ], [ 85.171624, 27.96172 ], [ 85.171746, 27.9616 ] ] } },
{ "type": "Feature", "properties": { "name": null, "status": "Destroyed", "highway": "service", "surface": null }, "geometry": { "type": "LineString", "coordinates": [ [ 85.378327, 28.270938 ], [ 85.378432, 28.271077 ], [ 85.378482, 28.271183 ], [ 85.378508, 28.271186 ], [ 85.378533, 28.271159 ], [ 85.378503, 28.271058 ], [ 85.378451, 28.270972 ] ] } },
{ "type": "Feature", "properties": { "name": null, "status": "Destroyed", "highway": "unclassified", "surface": null }, "geometry": { "type": "LineString", "coordinates": [ [ 85.339814, 28.164463 ], [ 85.339871, 28.164548 ], [ 85.339998, 28.164607 ], [ 85.340261, 28.16473 ], [ 85.340418, 28.164839 ], [ 85.340614, 28.164893 ], [ 85.340711, 28.164947 ], [ 85.340718, 28.165016 ], [ 85.340658, 28.1651 ] ] } },
{ "type": "Feature", "properties": { "name": null, "status": "Destroyed", "highway": "unclassified", "surface": null }, "geometry": { "type": "LineString", "coordinates": [ [ 85.170825, 27.964387 ], [ 85.17073, 27.964138 ], [ 85.17068, 27.964062 ], [ 85.170604, 27.963986 ], [ 85.170538, 27.963942 ], [ 85.170489, 27.963924 ], [ 85.17044, 27.963927 ], [ 85.17012, 27.963908 ], [ 85.169984, 27.963923 ], [ 85.169937, 27.963904 ], [ 85.16992, 27.963874 ], [ 85.170026, 27.963567 ], [ 85.170031, 27.963522 ], [ 85.170026, 27.963477 ], [ 85.170011, 27.963442 ], [ 85.169984, 27.96341 ], [ 85.169891, 27.963378 ], [ 85.169807, 27.963344 ], [ 85.169725, 27.963287 ], [ 85.169562, 27.963084 ], [ 85.169264, 27.962669 ], [ 85.168938, 27.962164 ], [ 85.168734, 27.961883 ], [ 85.168509, 27.961594 ], [ 85.168459, 27.961463 ], [ 85.16849, 27.961313 ], [ 85.168492, 27.961118 ], [ 85.168275, 27.960718 ], [ 85.168164, 27.960501 ], [ 85.168091, 27.960308 ], [ 85.167945, 27.959908 ], [ 85.167756, 27.959542 ], [ 85.167456, 27.959114 ], [ 85.167363, 27.958986 ], [ 85.167139, 27.958675 ], [ 85.166706, 27.958194 ], [ 85.166509, 27.957912 ], [ 85.166286, 27.957631 ], [ 85.166014, 27.957369 ], [ 85.16578, 27.957206 ], [ 85.165451, 27.957085 ], [ 85.164688, 27.956778 ], [ 85.164409, 27.956705 ], [ 85.164079, 27.956584 ], [ 85.163734, 27.956439 ], [ 85.163659, 27.956386 ], [ 85.163628, 27.956341 ] ] } },
{ "type": "Feature", "properties": { "name": null, "status": "Destroyed", "highway": "residential", "surface": null }, "geometry": { "type": "LineString", "coordinates": [ [ 85.172367, 27.964099 ], [ 85.172438, 27.964099 ], [ 85.172639, 27.964132 ], [ 85.172702, 27.964118 ], [ 85.17275, 27.963995 ] ] } },
{ "type": "Feature", "properties": { "name": null, "status": "Destroyed", "highway": "unclassified", "surface": null }, "geometry": { "type": "LineString", "coordinates": [ [ 85.177012, 27.969287 ], [ 85.176755, 27.96899 ], [ 85.176538, 27.968774 ], [ 85.1762, 27.968395 ], [ 85.175635, 27.967606 ], [ 85.175612, 27.96756 ], [ 85.175608, 27.967503 ], [ 85.175614, 27.967378 ], [ 85.175601, 27.967328 ], [ 85.175567, 27.967293 ], [ 85.175206, 27.967128 ], [ 85.175095, 27.96705 ], [ 85.174661, 27.966706 ], [ 85.174462, 27.966587 ], [ 85.174168, 27.966403 ], [ 85.174038, 27.966323 ], [ 85.173912, 27.9663 ], [ 85.173699, 27.966273 ], [ 85.173507, 27.966212 ], [ 85.173421, 27.966151 ], [ 85.173414, 27.966052 ], [ 85.173456, 27.965905 ], [ 85.173362, 27.96577 ], [ 85.173235, 27.965705 ], [ 85.173116, 27.965668 ], [ 85.172846, 27.965631 ], [ 85.172624, 27.965473 ], [ 85.172501, 27.965401 ], [ 85.172234, 27.965369 ], [ 85.171974, 27.965323 ], [ 85.171281, 27.96507 ], [ 85.171103, 27.964991 ], [ 85.170931, 27.96488 ], [ 85.170805, 27.964716 ], [ 85.170851, 27.964537 ], [ 85.170825, 27.964387 ] ] } },
{ "type": "Feature", "properties": { "name": null, "status": "Destroyed", "highway": "service", "surface": "asphalt" }, "geometry": { "type": "LineString", "coordinates": [ [ 85.149775, 27.923536 ], [ 85.149719, 27.923697 ], [ 85.149762, 27.923804 ], [ 85.149789, 27.924107 ], [ 85.149772, 27.924209 ], [ 85.149775, 27.924285 ] ] } },
{ "type": "Feature", "properties": { "name": null, "status": "Destroyed", "highway": "unclassified", "surface": null }, "geometry": { "type": "LineString", "coordinates": [ [ 85.163881, 27.948622 ], [ 85.16386, 27.948803 ] ] } },
{ "type": "Feature", "properties": { "name": null, "status": "Destroyed", "highway": "footway", "surface": null }, "geometry": { "type": "LineString", "coordinates": [ [ 85.150399, 27.927829 ], [ 85.149917, 27.92759 ] ] } },
{ "type": "Feature", "properties": { "name": null, "status": "Destroyed", "highway": "service", "surface": null }, "geometry": { "type": "LineString", "coordinates": [ [ 85.378113, 28.271235 ], [ 85.3779, 28.271216 ], [ 85.377858, 28.271218 ] ] } },
{ "type": "Feature", "properties": { "name": null, "status": "Destroyed", "highway": "trunk", "surface": "concrete" }, "geometry": { "type": "LineString", "coordinates": [ [ 85.377655, 28.279603 ], [ 85.377638, 28.279647 ] ] } },
{ "type": "Feature", "properties": { "name": null, "status": "Destroyed", "highway": "trunk", "surface": "concrete" }, "geometry": { "type": "LineString", "coordinates": [ [ 85.377638, 28.279647 ], [ 85.377626, 28.27968 ], [ 85.377622, 28.279807 ] ] } },
{ "type": "Feature", "properties": { "name": null, "status": "Destroyed", "highway": "service", "surface": null }, "geometry": { "type": "LineString", "coordinates": [ [ 85.375853, 28.265815 ], [ 85.375947, 28.265756 ] ] } },
{ "type": "Feature", "properties": { "name": null, "status": "Destroyed", "highway": "path", "surface": null }, "geometry": { "type": "LineString", "coordinates": [ [ 85.375763, 28.264903 ], [ 85.375837, 28.26478 ], [ 85.375886, 28.264667 ], [ 85.37588, 28.264618 ] ] } },
{ "type": "Feature", "properties": { "name": null, "status": "Destroyed", "highway": "service", "surface": null }, "geometry": { "type": "LineString", "coordinates": [ [ 85.369953, 28.25939 ], [ 85.370073, 28.259503 ], [ 85.3701, 28.259543 ], [ 85.370159, 28.259631 ] ] } },
{ "type": "Feature", "properties": { "name": null, "status": "Destroyed", "highway": "service", "surface": null }, "geometry": { "type": "LineString", "coordinates": [ [ 85.367069, 28.257992 ], [ 85.366834, 28.258078 ] ] } },
{ "type": "Feature", "properties": { "name": null, "status": "Destroyed", "highway": "service", "surface": null }, "geometry": { "type": "LineString", "coordinates": [ [ 85.3673, 28.258289 ], [ 85.367069, 28.257992 ], [ 85.36657, 28.257352 ], [ 85.366491, 28.257225 ], [ 85.36629, 28.256897 ], [ 85.366141, 28.25672 ], [ 85.365984, 28.256467 ] ] } },
{ "type": "Feature", "properties": { "name": null, "status": "Destroyed", "highway": "path", "surface": null }, "geometry": { "type": "LineString", "coordinates": [ [ 85.366378, 28.256067 ], [ 85.366441, 28.25613 ], [ 85.36644, 28.256187 ], [ 85.366446, 28.256243 ], [ 85.366418, 28.256248 ], [ 85.366399, 28.256321 ], [ 85.366436, 28.256434 ], [ 85.366508, 28.256537 ] ] } },
{ "type": "Feature", "properties": { "name": null, "status": "Destroyed", "highway": "path", "surface": "asphalt" }, "geometry": { "type": "LineString", "coordinates": [ [ 85.366538, 28.254986 ], [ 85.366634, 28.254919 ], [ 85.366752, 28.25491 ], [ 85.366878, 28.254902 ], [ 85.366832, 28.254796 ], [ 85.366786, 28.254486 ], [ 85.366788, 28.254345 ], [ 85.366704, 28.254291 ], [ 85.366681, 28.254216 ], [ 85.366644, 28.254173 ], [ 85.366649, 28.254117 ], [ 85.366638, 28.254052 ], [ 85.366653, 28.253965 ], [ 85.366647, 28.253891 ], [ 85.366619, 28.253802 ], [ 85.366557, 28.253691 ], [ 85.366485, 28.253666 ], [ 85.366476, 28.253453 ], [ 85.366415, 28.253196 ], [ 85.36643, 28.253106 ], [ 85.366393, 28.252979 ], [ 85.366291, 28.252772 ], [ 85.366252, 28.25253 ], [ 85.366234, 28.252428 ], [ 85.366176, 28.252339 ], [ 85.366072, 28.252327 ], [ 85.366037, 28.252319 ], [ 85.366041, 28.252268 ], [ 85.366112, 28.2521 ], [ 85.366133, 28.252007 ], [ 85.366152, 28.251888 ], [ 85.36618, 28.251802 ], [ 85.366192, 28.25175 ], [ 85.366186, 28.251666 ], [ 85.366199, 28.251633 ], [ 85.366201, 28.251564 ], [ 85.366182, 28.251537 ], [ 85.366076, 28.251497 ] ] } },
{ "type": "Feature", "properties": { "name": null, "status": "Destroyed", "highway": "path", "surface": null }, "geometry": { "type": "LineString", "coordinates": [ [ 85.358345, 28.238045 ], [ 85.358364, 28.237965 ], [ 85.358335, 28.237894 ], [ 85.358351, 28.237838 ], [ 85.358347, 28.237779 ], [ 85.358355, 28.237682 ], [ 85.358465, 28.237531 ], [ 85.35853, 28.237408 ], [ 85.358553, 28.237303 ], [ 85.358662, 28.237234 ], [ 85.358682, 28.237182 ], [ 85.358715, 28.237139 ], [ 85.358715, 28.237099 ], [ 85.358722, 28.237023 ] ] } },
{ "type": "Feature", "properties": { "name": null, "status": "Destroyed", "highway": "path", "surface": null }, "geometry": { "type": "LineString", "coordinates": [ [ 85.359371, 28.234261 ], [ 85.359624, 28.234514 ] ] } },
{ "type": "Feature", "properties": { "name": null, "status": "Destroyed", "highway": "primary", "surface": "compacted" }, "geometry": { "type": "LineString", "coordinates": [ [ 85.33699, 28.163517 ], [ 85.336964, 28.163355 ], [ 85.336881, 28.162994 ], [ 85.336832, 28.162732 ], [ 85.336732, 28.162546 ], [ 85.336672, 28.162399 ], [ 85.336616, 28.161883 ], [ 85.336548, 28.16171 ], [ 85.336447, 28.161224 ], [ 85.336368, 28.161059 ], [ 85.336352, 28.160878 ], [ 85.336322, 28.160762 ], [ 85.336221, 28.160565 ], [ 85.336148, 28.160429 ], [ 85.33603, 28.160311 ], [ 85.335748, 28.16012 ], [ 85.334928, 28.159475 ], [ 85.334226, 28.159114 ], [ 85.334085, 28.159069 ], [ 85.333891, 28.159049 ], [ 85.333722, 28.158989 ], [ 85.333556, 28.158912 ], [ 85.333374, 28.158815 ], [ 85.333132, 28.158558 ], [ 85.332868, 28.158369 ], [ 85.332532, 28.157987 ], [ 85.332465, 28.157901 ], [ 85.332448, 28.157837 ], [ 85.332471, 28.157648 ] ] } },
{ "type": "Feature", "properties": { "name": null, "status": "Destroyed", "highway": "unclassified", "surface": null }, "geometry": { "type": "LineString", "coordinates": [ [ 85.364325, 28.252084 ], [ 85.364364, 28.252178 ], [ 85.364271, 28.252575 ], [ 85.364319, 28.252795 ], [ 85.364456, 28.253166 ], [ 85.364529, 28.253603 ], [ 85.364625, 28.253747 ], [ 85.364692, 28.254151 ], [ 85.3648, 28.254607 ], [ 85.364931, 28.254935 ], [ 85.365062, 28.255287 ], [ 85.365113, 28.25571 ], [ 85.365062, 28.25576 ], [ 85.364966, 28.25563 ], [ 85.364845, 28.255337 ], [ 85.364807, 28.255127 ], [ 85.364708, 28.254952 ], [ 85.364665, 28.254782 ], [ 85.364553, 28.254616 ], [ 85.364411, 28.254501 ], [ 85.364161, 28.254184 ], [ 85.364122, 28.254073 ], [ 85.364092, 28.254043 ], [ 85.364033, 28.254051 ], [ 85.364016, 28.254106 ], [ 85.364091, 28.254416 ], [ 85.364199, 28.254692 ], [ 85.36429, 28.2549 ], [ 85.364267, 28.255163 ], [ 85.364296, 28.255384 ], [ 85.364293, 28.255637 ], [ 85.364207, 28.255916 ], [ 85.364209, 28.256162 ], [ 85.36418, 28.25649 ], [ 85.364234, 28.256788 ], [ 85.364204, 28.257109 ], [ 85.36423, 28.257286 ], [ 85.364358, 28.257387 ], [ 85.364748, 28.25748 ], [ 85.364852, 28.257508 ], [ 85.364901, 28.257844 ], [ 85.364478, 28.257867 ], [ 85.364424, 28.257948 ], [ 85.36474, 28.257934 ], [ 85.365114, 28.257966 ], [ 85.365379, 28.258108 ], [ 85.365518, 28.258307 ], [ 85.365722, 28.258534 ], [ 85.365862, 28.258666 ], [ 85.366473, 28.258874 ], [ 85.366499, 28.25889 ], [ 85.366645, 28.258982 ], [ 85.366881, 28.259124 ], [ 85.367187, 28.259233 ], [ 85.367498, 28.259398 ], [ 85.367689, 28.259471 ], [ 85.367771, 28.259502 ], [ 85.368184, 28.259635 ], [ 85.368286, 28.259677 ], [ 85.368431, 28.259739 ], [ 85.368702, 28.259801 ], [ 85.368938, 28.259829 ] ] } },
{ "type": "Feature", "properties": { "name": null, "status": "Destroyed", "highway": "service", "surface": null }, "geometry": { "type": "LineString", "coordinates": [ [ 85.376813, 28.270372 ], [ 85.376815, 28.270457 ], [ 85.376737, 28.27053 ], [ 85.376635, 28.27058 ], [ 85.376531, 28.270617 ] ] } },
{ "type": "Feature", "properties": { "name": null, "status": "Destroyed", "highway": "service", "surface": null }, "geometry": { "type": "LineString", "coordinates": [ [ 85.37676, 28.28104 ], [ 85.37701, 28.281145 ], [ 85.377095, 28.281216 ] ] } },
{ "type": "Feature", "properties": { "name": "Pasang Lhamu Highway", "status": "Destroyed", "highway": "primary", "surface": "paved" }, "geometry": { "type": "LineString", "coordinates": [ [ 85.332578, 28.157098 ], [ 85.33259, 28.156874 ], [ 85.332578, 28.156759 ], [ 85.332546, 28.156651 ], [ 85.332489, 28.156557 ], [ 85.332447, 28.156517 ], [ 85.332412, 28.156501 ], [ 85.33237, 28.1565 ], [ 85.332329, 28.156513 ], [ 85.3322, 28.156555 ], [ 85.332144, 28.15656 ], [ 85.332071, 28.156558 ], [ 85.331992, 28.156547 ], [ 85.331899, 28.156515 ], [ 85.331823, 28.156465 ], [ 85.330565, 28.155573 ], [ 85.330428, 28.155447 ], [ 85.330322, 28.155342 ], [ 85.330172, 28.155174 ], [ 85.329936, 28.154785 ] ] } },
{ "type": "Feature", "properties": { "name": null, "status": "Destroyed", "highway": "trunk", "surface": "concrete" }, "geometry": { "type": "LineString", "coordinates": [ [ 85.377769, 28.279562 ], [ 85.3778, 28.279482 ], [ 85.377831, 28.279402 ] ] } },
{ "type": "Feature", "properties": { "name": null, "status": "Destroyed", "highway": "service", "surface": "unpaved" }, "geometry": { "type": "LineString", "coordinates": [ [ 85.152175, 27.935882 ], [ 85.152338, 27.935997 ], [ 85.152387, 27.9361 ] ] } },
{ "type": "Feature", "properties": { "name": null, "status": "Destroyed", "highway": "unclassified", "surface": "asphalt" }, "geometry": { "type": "LineString", "coordinates": [ [ 85.148896, 27.926853 ], [ 85.149101, 27.926821 ], [ 85.149299, 27.926619 ], [ 85.149328, 27.926501 ], [ 85.149298, 27.926286 ], [ 85.149253, 27.925971 ], [ 85.149223, 27.92585 ] ] } },
{ "type": "Feature", "properties": { "name": null, "status": "Destroyed", "highway": "service", "surface": null }, "geometry": { "type": "LineString", "coordinates": [ [ 85.379207, 28.280228 ], [ 85.379072, 28.280254 ], [ 85.378941, 28.280228 ], [ 85.378609, 28.280104 ], [ 85.378651, 28.280034 ], [ 85.378292, 28.279861 ], [ 85.377883, 28.280003 ] ] } },
{ "type": "Feature", "properties": { "name": null, "status": "Destroyed", "highway": "residential", "surface": null }, "geometry": { "type": "LineString", "coordinates": [ [ 85.337401, 28.16329 ], [ 85.337865, 28.163601 ], [ 85.33823, 28.163849 ], [ 85.338316, 28.163896 ], [ 85.338385, 28.163941 ], [ 85.338491, 28.16398 ], [ 85.33862, 28.164046 ], [ 85.338749, 28.164092 ], [ 85.338856, 28.16414 ], [ 85.339026, 28.164242 ], [ 85.339215, 28.164387 ], [ 85.339239, 28.164415 ], [ 85.339257, 28.164436 ], [ 85.339372, 28.164585 ], [ 85.339414, 28.164672 ] ] } },
{ "type": "Feature", "properties": { "name": null, "status": "Destroyed", "highway": "unclassified", "surface": "dirt" }, "geometry": { "type": "LineString", "coordinates": [ [ 85.343087, 28.163009 ], [ 85.342849, 28.163043 ], [ 85.342559, 28.163075 ], [ 85.342399, 28.163128 ], [ 85.342246, 28.163121 ], [ 85.341992, 28.163164 ], [ 85.341836, 28.163231 ], [ 85.341747, 28.163337 ], [ 85.341779, 28.16339 ], [ 85.34186, 28.163433 ], [ 85.342005, 28.163408 ], [ 85.342161, 28.163362 ], [ 85.34229, 28.163352 ], [ 85.342411, 28.163348 ], [ 85.342491, 28.163369 ], [ 85.342523, 28.16344 ], [ 85.342499, 28.163493 ], [ 85.342414, 28.163554 ], [ 85.342227, 28.163617 ], [ 85.341978, 28.16367 ], [ 85.341815, 28.163706 ], [ 85.341723, 28.163713 ], [ 85.341651, 28.163688 ], [ 85.341522, 28.163628 ], [ 85.34143, 28.163635 ], [ 85.341393, 28.163674 ], [ 85.341389, 28.16372 ], [ 85.341438, 28.163752 ], [ 85.341502, 28.163773 ], [ 85.341542, 28.163819 ], [ 85.341546, 28.163901 ], [ 85.34149, 28.163972 ], [ 85.341369, 28.164046 ], [ 85.341217, 28.164075 ], [ 85.340832, 28.164054 ], [ 85.340541, 28.164039 ], [ 85.340415, 28.163999 ], [ 85.340313, 28.163964 ], [ 85.340235, 28.163977 ], [ 85.340155, 28.164004 ] ] } },
{ "type": "Feature", "properties": { "name": null, "status": "Destroyed", "highway": "steps", "surface": null }, "geometry": { "type": "LineString", "coordinates": [ [ 85.337401, 28.16329 ], [ 85.337304, 28.163283 ], [ 85.337195, 28.163175 ], [ 85.337227, 28.163103 ], [ 85.33714, 28.162979 ], [ 85.336881, 28.162994 ] ] } },
{ "type": "Feature", "properties": { "name": "热索桥 रसुवागढी मितेरी पुल", "status": "Destroyed", "highway": "primary", "surface": null }, "geometry": { "type": "LineString", "coordinates": [ [ 85.378227, 28.278256 ], [ 85.377908, 28.279074 ] ] } },
{ "type": "Feature", "properties": { "name": null, "status": "Destroyed", "highway": "primary", "surface": null }, "geometry": { "type": "LineString", "coordinates": [ [ 85.378239, 28.278147 ], [ 85.378303, 28.278272 ], [ 85.378319, 28.278346 ], [ 85.378314, 28.278394 ] ] } },
{ "type": "Feature", "properties": { "name": null, "status": "Destroyed", "highway": "service", "surface": null }, "geometry": { "type": "LineString", "coordinates": [ [ 85.376277, 28.266298 ], [ 85.376444, 28.26615 ], [ 85.376569, 28.266043 ], [ 85.376731, 28.265972 ], [ 85.376816, 28.265904 ] ] } },
{ "type": "Feature", "properties": { "name": null, "status": "Destroyed", "highway": "service", "surface": null }, "geometry": { "type": "LineString", "coordinates": [ [ 85.376783, 28.265788 ], [ 85.376759, 28.265706 ] ] } },
{ "type": "Feature", "properties": { "name": null, "status": "Destroyed", "highway": "service", "surface": null }, "geometry": { "type": "LineString", "coordinates": [ [ 85.377222, 28.271055 ], [ 85.377122, 28.270993 ], [ 85.377033, 28.270957 ], [ 85.376807, 28.270999 ], [ 85.376711, 28.27106 ], [ 85.376635, 28.271234 ], [ 85.376583, 28.271374 ], [ 85.376466, 28.271607 ], [ 85.376485, 28.271697 ], [ 85.376566, 28.271744 ], [ 85.376861, 28.271891 ], [ 85.377123, 28.272056 ], [ 85.37715, 28.272232 ] ] } },
{ "type": "Feature", "properties": { "name": null, "status": "Destroyed", "highway": "service", "surface": null }, "geometry": { "type": "LineString", "coordinates": [ [ 85.366775, 28.256328 ], [ 85.366676, 28.256196 ], [ 85.366563, 28.256107 ], [ 85.366405, 28.256036 ], [ 85.366302, 28.255844 ], [ 85.366324, 28.255641 ], [ 85.366419, 28.255442 ], [ 85.366468, 28.255389 ], [ 85.366449, 28.255308 ], [ 85.366467, 28.255109 ], [ 85.366522, 28.254946 ] ] } },
{ "type": "Feature", "properties": { "name": null, "status": "Destroyed", "highway": "residential", "surface": null }, "geometry": { "type": "LineString", "coordinates": [ [ 85.37625, 28.264995 ], [ 85.376206, 28.264949 ], [ 85.376155, 28.264878 ], [ 85.376138, 28.264846 ], [ 85.376057, 28.264818 ] ] } },
{ "type": "Feature", "properties": { "name": null, "status": "Destroyed", "highway": "residential", "surface": null }, "geometry": { "type": "LineString", "coordinates": [ [ 85.373652, 28.263172 ], [ 85.374062, 28.263285 ], [ 85.374192, 28.263527 ], [ 85.374248, 28.263618 ], [ 85.374442, 28.263864 ], [ 85.374603, 28.264001 ], [ 85.374672, 28.264092 ], [ 85.374707, 28.264167 ], [ 85.374794, 28.264324 ], [ 85.374826, 28.264383 ], [ 85.374898, 28.264529 ], [ 85.375011, 28.264607 ], [ 85.375068, 28.264681 ], [ 85.375057, 28.264747 ], [ 85.375145, 28.264803 ], [ 85.375294, 28.264898 ], [ 85.375356, 28.264928 ], [ 85.375585, 28.264916 ], [ 85.375753, 28.264897 ], [ 85.375763, 28.264903 ], [ 85.375831, 28.264938 ], [ 85.375906, 28.264952 ], [ 85.375967, 28.264988 ] ] } },
{ "type": "Feature", "properties": { "name": null, "status": "Destroyed", "highway": "residential", "surface": null }, "geometry": { "type": "LineString", "coordinates": [ [ 85.172891, 27.963546 ], [ 85.172909, 27.963492 ], [ 85.173007, 27.963175 ], [ 85.173166, 27.962947 ] ] } },
{ "type": "Feature", "properties": { "name": null, "status": "Destroyed", "highway": "path", "surface": "rock" }, "geometry": { "type": "LineString", "coordinates": [ [ 85.149846, 27.922831 ], [ 85.150031, 27.922963 ], [ 85.150083, 27.922985 ], [ 85.150121, 27.923008 ], [ 85.150195, 27.923047 ], [ 85.150281, 27.92313 ], [ 85.150348, 27.923172 ], [ 85.150406, 27.923199 ], [ 85.150461, 27.923223 ] ] } },
{ "type": "Feature", "properties": { "name": null, "status": "Destroyed", "highway": "unclassified", "surface": null }, "geometry": { "type": "LineString", "coordinates": [ [ 85.163492, 27.956287 ], [ 85.163404, 27.956323 ], [ 85.163358, 27.956409 ], [ 85.163366, 27.956494 ], [ 85.163441, 27.956608 ], [ 85.163995, 27.956872 ], [ 85.164503, 27.957117 ], [ 85.164791, 27.957246 ], [ 85.165073, 27.95739 ], [ 85.165193, 27.957486 ], [ 85.16525, 27.957598 ], [ 85.165242, 27.957842 ], [ 85.165171, 27.958 ], [ 85.165008, 27.958093 ] ] } },
{ "type": "Feature", "properties": { "name": null, "status": "Destroyed", "highway": "path", "surface": null }, "geometry": { "type": "LineString", "coordinates": [ [ 85.375356, 28.264928 ], [ 85.375523, 28.26485 ], [ 85.375581, 28.264822 ], [ 85.375617, 28.264689 ], [ 85.375615, 28.264611 ], [ 85.375529, 28.264539 ], [ 85.375472, 28.264424 ] ] } },
{ "type": "Feature", "properties": { "name": null, "status": "Destroyed", "highway": "trunk", "surface": "concrete" }, "geometry": { "type": "LineString", "coordinates": [ [ 85.377726, 28.279673 ], [ 85.377743, 28.279629 ] ] } },
{ "type": "Feature", "properties": { "name": null, "status": "Destroyed", "highway": "trunk", "surface": "concrete" }, "geometry": { "type": "LineString", "coordinates": [ [ 85.377622, 28.279807 ], [ 85.377714, 28.279706 ], [ 85.377726, 28.279673 ] ] } },
{ "type": "Feature", "properties": { "name": null, "status": "Destroyed", "highway": "unclassified", "surface": null }, "geometry": { "type": "LineString", "coordinates": [ [ 85.379903, 28.280853 ], [ 85.380122, 28.280632 ], [ 85.380155, 28.280599 ], [ 85.379941, 28.280396 ], [ 85.379941, 28.280256 ], [ 85.38009, 28.280109 ] ] } },
{ "type": "Feature", "properties": { "name": null, "status": "Destroyed", "highway": "residential", "surface": null }, "geometry": { "type": "LineString", "coordinates": [ [ 85.108666, 27.860161 ], [ 85.109124, 27.86047 ], [ 85.109763, 27.860957 ], [ 85.109937, 27.861075 ], [ 85.110012, 27.861127 ], [ 85.110264, 27.861309 ], [ 85.110537, 27.861506 ], [ 85.110663, 27.861613 ], [ 85.110756, 27.861743 ], [ 85.110903, 27.861888 ], [ 85.111096, 27.861937 ], [ 85.111308, 27.861998 ] ] } },
{ "type": "Feature", "properties": { "name": null, "status": "Destroyed", "highway": "unclassified", "surface": null }, "geometry": { "type": "LineString", "coordinates": [ [ 85.164055, 27.955163 ], [ 85.164221, 27.955199 ] ] } },
{ "type": "Feature", "properties": { "name": null, "status": "Destroyed", "highway": "path", "surface": null }, "geometry": { "type": "LineString", "coordinates": [ [ 85.1078, 27.860779 ], [ 85.107645, 27.860984 ] ] } },
{ "type": "Feature", "properties": { "name": null, "status": "Destroyed", "highway": "path", "surface": null }, "geometry": { "type": "LineString", "coordinates": [ [ 85.113081, 27.86438 ], [ 85.112932, 27.864397 ], [ 85.112837, 27.864548 ], [ 85.112804, 27.864718 ], [ 85.112935, 27.865171 ], [ 85.112997, 27.865379 ], [ 85.11303, 27.865664 ], [ 85.113082, 27.865877 ], [ 85.113137, 27.866055 ], [ 85.113195, 27.86634 ], [ 85.113316, 27.86659 ], [ 85.11336, 27.866813 ], [ 85.113521, 27.86715 ], [ 85.113704, 27.867425 ] ] } },
{ "type": "Feature", "properties": { "name": null, "status": "Destroyed", "highway": "path", "surface": null }, "geometry": { "type": "LineString", "coordinates": [ [ 85.111581, 27.866539 ], [ 85.111767, 27.866633 ], [ 85.111951, 27.866829 ], [ 85.112176, 27.867008 ], [ 85.112318, 27.867106 ] ] } },
{ "type": "Feature", "properties": { "name": null, "status": "Destroyed", "highway": "unclassified", "surface": null }, "geometry": { "type": "LineString", "coordinates": [ [ 85.148479, 27.92524 ], [ 85.149046, 27.925054 ], [ 85.149385, 27.925019 ], [ 85.149546, 27.924999 ], [ 85.149625, 27.924898 ], [ 85.149664, 27.924675 ] ] } },
{ "type": "Feature", "properties": { "name": null, "status": "Destroyed", "highway": "track", "surface": null }, "geometry": { "type": "LineString", "coordinates": [ [ 85.365113, 28.25571 ], [ 85.365132, 28.255925 ], [ 85.365132, 28.25622 ], [ 85.365184, 28.256566 ], [ 85.365206, 28.256849 ], [ 85.365213, 28.257295 ], [ 85.365199, 28.257617 ], [ 85.365153, 28.257851 ], [ 85.365114, 28.257966 ], [ 85.365096, 28.258071 ], [ 85.365055, 28.258321 ], [ 85.365132, 28.258398 ], [ 85.365284, 28.258453 ], [ 85.365437, 28.258565 ], [ 85.365521, 28.25871 ], [ 85.365721, 28.258862 ], [ 85.365957, 28.258876 ], [ 85.366499, 28.25889 ] ] } },
{ "type": "Feature", "properties": { "name": null, "status": "Destroyed", "highway": "service", "surface": null }, "geometry": { "type": "LineString", "coordinates": [ [ 85.376816, 28.265904 ], [ 85.376783, 28.265788 ] ] } },
{ "type": "Feature", "properties": { "name": null, "status": "Destroyed", "highway": "path", "surface": null }, "geometry": { "type": "LineString", "coordinates": [ [ 85.342957, 28.165756 ], [ 85.342511, 28.165976 ] ] } },
{ "type": "Feature", "properties": { "name": null, "status": "Destroyed", "highway": "service", "surface": null }, "geometry": { "type": "LineString", "coordinates": [ [ 85.377434, 28.271245 ], [ 85.377255, 28.271258 ] ] } },
{ "type": "Feature", "properties": { "name": null, "status": "Destroyed", "highway": "residential", "surface": null }, "geometry": { "type": "LineString", "coordinates": [ [ 85.375351, 28.265229 ], [ 85.375443, 28.265222 ], [ 85.375509, 28.265223 ], [ 85.375633, 28.265226 ], [ 85.375765, 28.265214 ], [ 85.375804, 28.265177 ], [ 85.375819, 28.265142 ], [ 85.375902, 28.26509 ], [ 85.375969, 28.265068 ], [ 85.376039, 28.265043 ], [ 85.376109, 28.265005 ], [ 85.37625, 28.264995 ], [ 85.376325, 28.264994 ], [ 85.376422, 28.264945 ], [ 85.376503, 28.264917 ], [ 85.376505, 28.264942 ], [ 85.376479, 28.264986 ], [ 85.376445, 28.265045 ], [ 85.376482, 28.265073 ] ] } },
{ "type": "Feature", "properties": { "name": null, "status": "Destroyed", "highway": "primary", "surface": null }, "geometry": { "type": "LineString", "coordinates": [ [ 85.361818, 28.226301 ], [ 85.361816, 28.226675 ] ] } },
{ "type": "Feature", "properties": { "name": null, "status": "Destroyed", "highway": "unclassified", "surface": null }, "geometry": { "type": "LineString", "coordinates": [ [ 85.163916, 27.955382 ], [ 85.163812, 27.9556 ], [ 85.16357, 27.956121 ] ] } },
{ "type": "Feature", "properties": { "name": null, "status": "Destroyed", "highway": "track", "surface": null }, "geometry": { "type": "LineString", "coordinates": [ [ 85.160712, 27.947376 ], [ 85.160626, 27.947256 ], [ 85.160484, 27.947115 ], [ 85.160331, 27.94694 ], [ 85.160241, 27.946782 ] ] } },
{ "type": "Feature", "properties": { "name": null, "status": "Destroyed", "highway": "path", "surface": null }, "geometry": { "type": "LineString", "coordinates": [ [ 85.157183, 27.940247 ], [ 85.157284, 27.940191 ], [ 85.157366, 27.9401 ], [ 85.157442, 27.939992 ], [ 85.15754, 27.939908 ], [ 85.15764, 27.939804 ], [ 85.157712, 27.939682 ] ] } },
{ "type": "Feature", "properties": { "name": null, "status": "Destroyed", "highway": "unclassified", "surface": null }, "geometry": { "type": "LineString", "coordinates": [ [ 85.164221, 27.955199 ], [ 85.164276, 27.955166 ], [ 85.164266, 27.954845 ], [ 85.164205, 27.95457 ], [ 85.164665, 27.954776 ], [ 85.164819, 27.954764 ], [ 85.164972, 27.954753 ] ] } },
{ "type": "Feature", "properties": { "name": null, "status": "Destroyed", "highway": "service", "surface": "unpaved" }, "geometry": { "type": "LineString", "coordinates": [ [ 85.171996, 27.963955 ], [ 85.171906, 27.963988 ], [ 85.171848, 27.963991 ], [ 85.171791, 27.963993 ], [ 85.17169, 27.963989 ], [ 85.171586, 27.963984 ], [ 85.171481, 27.963976 ], [ 85.171394, 27.96396 ], [ 85.171146, 27.963909 ], [ 85.171045, 27.963883 ], [ 85.170973, 27.963858 ], [ 85.170766, 27.963754 ], [ 85.170698, 27.9637 ], [ 85.170631, 27.963638 ] ] } },
{ "type": "Feature", "properties": { "name": null, "status": "Destroyed", "highway": "path", "surface": null }, "geometry": { "type": "LineString", "coordinates": [ [ 85.339239, 28.164415 ], [ 85.339288, 28.164353 ], [ 85.33941, 28.164393 ], [ 85.339547, 28.164452 ], [ 85.339634, 28.164394 ], [ 85.339671, 28.164394 ], [ 85.339758, 28.164438 ], [ 85.339814, 28.164463 ] ] } },
{ "type": "Feature", "properties": { "name": null, "status": "Destroyed", "highway": "path", "surface": null }, "geometry": { "type": "LineString", "coordinates": [ [ 85.34259, 28.182128 ], [ 85.342815, 28.182319 ], [ 85.34303, 28.18243 ], [ 85.343128, 28.182436 ], [ 85.343239, 28.182402 ] ] } },
{ "type": "Feature", "properties": { "name": null, "status": "Destroyed", "highway": "unclassified", "surface": "unpaved" }, "geometry": { "type": "LineString", "coordinates": [ [ 85.182299, 27.973309 ], [ 85.182308, 27.973233 ], [ 85.182349, 27.973198 ], [ 85.182424, 27.973132 ], [ 85.182533, 27.973087 ], [ 85.1827, 27.973178 ], [ 85.182844, 27.973112 ], [ 85.182935, 27.973046 ], [ 85.183068, 27.973021 ], [ 85.18316, 27.973005 ], [ 85.183297, 27.973077 ], [ 85.183407, 27.973117 ], [ 85.183493, 27.973117 ], [ 85.183774, 27.972742 ], [ 85.183763, 27.972579 ], [ 85.183826, 27.972549 ], [ 85.183959, 27.972526 ] ] } },
{ "type": "Feature", "properties": { "name": null, "status": "Destroyed", "highway": "residential", "surface": "unpaved" }, "geometry": { "type": "LineString", "coordinates": [ [ 85.17073, 27.964138 ], [ 85.170816, 27.964139 ], [ 85.170952, 27.964223 ], [ 85.171046, 27.964261 ], [ 85.171123, 27.964288 ], [ 85.171172, 27.964305 ], [ 85.171294, 27.964325 ], [ 85.171473, 27.96434 ], [ 85.171582, 27.964342 ], [ 85.171663, 27.964357 ], [ 85.171862, 27.964402 ], [ 85.172006, 27.964386 ], [ 85.172064, 27.964376 ], [ 85.172092, 27.964352 ], [ 85.172102, 27.964319 ], [ 85.172139, 27.964269 ], [ 85.172165, 27.964243 ], [ 85.172202, 27.964201 ], [ 85.17223, 27.964176 ], [ 85.172258, 27.964149 ], [ 85.172367, 27.964099 ] ] } },
{ "type": "Feature", "properties": { "name": null, "status": "Destroyed", "highway": "track", "surface": null }, "geometry": { "type": "LineString", "coordinates": [ [ 85.172773, 27.962594 ], [ 85.172659, 27.962667 ], [ 85.172606, 27.962673 ], [ 85.17255, 27.962707 ], [ 85.172468, 27.962746 ], [ 85.172467, 27.962781 ], [ 85.17258, 27.962884 ] ] } },
{ "type": "Feature", "properties": { "name": null, "status": "Destroyed", "highway": "unclassified", "surface": null }, "geometry": { "type": "LineString", "coordinates": [ [ 85.164179, 27.948633 ], [ 85.164036, 27.948599 ], [ 85.163881, 27.948622 ] ] } },
{ "type": "Feature", "properties": { "name": null, "status": "Destroyed", "highway": "path", "surface": null }, "geometry": { "type": "LineString", "coordinates": [ [ 85.342511, 28.165976 ], [ 85.342367, 28.166043 ] ] } },
{ "type": "Feature", "properties": { "name": null, "status": "Destroyed", "highway": "residential", "surface": null }, "geometry": { "type": "LineString", "coordinates": [ [ 85.170851, 27.964537 ], [ 85.170942, 27.964504 ], [ 85.171053, 27.964411 ], [ 85.171103, 27.964317 ], [ 85.171123, 27.964288 ] ] } },
{ "type": "Feature", "properties": { "name": "热索临时便桥 रसुवागढीमा अस्थायी मितेरी पुल", "status": "Destroyed", "highway": "primary", "surface": null }, "geometry": { "type": "LineString", "coordinates": [ [ 85.378314, 28.278394 ], [ 85.378017, 28.279153 ] ] } },
{ "type": "Feature", "properties": { "name": null, "status": "Destroyed", "highway": "service", "surface": null }, "geometry": { "type": "LineString", "coordinates": [ [ 85.374076, 28.264565 ], [ 85.374185, 28.264415 ], [ 85.374226, 28.264221 ], [ 85.374267, 28.264123 ], [ 85.374336, 28.264105 ], [ 85.374409, 28.264116 ] ] } },
{ "type": "Feature", "properties": { "name": null, "status": "Destroyed", "highway": "service", "surface": null }, "geometry": { "type": "LineString", "coordinates": [ [ 85.375023, 28.265131 ], [ 85.375181, 28.264958 ] ] } },
{ "type": "Feature", "properties": { "name": null, "status": "Destroyed", "highway": "path", "surface": null }, "geometry": { "type": "LineString", "coordinates": [ [ 85.376652, 28.265434 ], [ 85.376841, 28.265293 ] ] } },
{ "type": "Feature", "properties": { "name": null, "status": "Destroyed", "highway": "primary", "surface": null }, "geometry": { "type": "LineString", "coordinates": [ [ 85.343835, 28.182505 ], [ 85.343944, 28.182515 ], [ 85.343966, 28.182522 ], [ 85.343984, 28.18253 ], [ 85.344001, 28.182544 ], [ 85.344017, 28.182565 ], [ 85.344032, 28.182596 ], [ 85.344057, 28.182672 ], [ 85.344495, 28.183969 ], [ 85.344667, 28.184333 ], [ 85.344901, 28.184682 ], [ 85.345141, 28.184992 ], [ 85.345386, 28.185267 ], [ 85.345856, 28.185862 ], [ 85.346099, 28.186293 ], [ 85.346169, 28.186429 ], [ 85.34622, 28.186565 ], [ 85.346394, 28.187487 ], [ 85.346454, 28.187756 ], [ 85.346502, 28.18792 ], [ 85.346605, 28.188122 ], [ 85.346777, 28.188332 ], [ 85.347167, 28.18879 ], [ 85.348269, 28.190153 ], [ 85.34836, 28.190303 ], [ 85.348412, 28.190391 ], [ 85.348463, 28.190482 ], [ 85.348583, 28.190802 ], [ 85.348626, 28.190941 ], [ 85.34865, 28.191029 ], [ 85.348687, 28.191114 ], [ 85.348724, 28.191159 ], [ 85.348836, 28.191247 ], [ 85.348879, 28.191297 ], [ 85.348918, 28.191347 ], [ 85.349279, 28.191982 ], [ 85.349391, 28.192174 ], [ 85.349473, 28.192355 ], [ 85.349528, 28.192517 ], [ 85.349693, 28.193233 ], [ 85.349849, 28.193586 ], [ 85.350333, 28.194507 ], [ 85.350539, 28.194915 ], [ 85.35062, 28.195087 ], [ 85.350658, 28.195202 ], [ 85.35071, 28.195368 ], [ 85.35072, 28.195586 ], [ 85.350752, 28.195769 ], [ 85.350778, 28.195974 ], [ 85.3508, 28.196087 ], [ 85.350894, 28.196299 ], [ 85.350965, 28.196417 ], [ 85.351087, 28.196541 ], [ 85.351218, 28.196639 ], [ 85.351495, 28.196837 ], [ 85.351785, 28.197146 ], [ 85.351992, 28.197321 ], [ 85.352228, 28.197749 ], [ 85.352309, 28.197889 ], [ 85.352351, 28.19802 ], [ 85.352386, 28.198095 ], [ 85.352517, 28.198368 ], [ 85.35262, 28.198584 ], [ 85.352743, 28.198813 ], [ 85.352845, 28.199061 ], [ 85.352942, 28.199421 ], [ 85.353005, 28.199745 ], [ 85.353084, 28.200162 ] ] } },
{ "type": "Feature", "properties": { "name": null, "status": "Destroyed", "highway": "path", "surface": null }, "geometry": { "type": "LineString", "coordinates": [ [ 85.113081, 27.86438 ], [ 85.11293, 27.864003 ], [ 85.112792, 27.863814 ], [ 85.112806, 27.863722 ] ] } },
{ "type": "Feature", "properties": { "name": null, "status": "Destroyed", "highway": "unclassified", "surface": null }, "geometry": { "type": "LineString", "coordinates": [ [ 85.164055, 27.955163 ], [ 85.163916, 27.955382 ] ] } },
{ "type": "Feature", "properties": { "name": null, "status": "Destroyed", "highway": "footway", "surface": null }, "geometry": { "type": "LineString", "coordinates": [ [ 85.185424, 27.974888 ], [ 85.185419, 27.974858 ], [ 85.185364, 27.974794 ], [ 85.185281, 27.974744 ], [ 85.185136, 27.974564 ], [ 85.185085, 27.974448 ], [ 85.184945, 27.974373 ], [ 85.184846, 27.974233 ], [ 85.18479, 27.974169 ], [ 85.184682, 27.974138 ], [ 85.184395, 27.97397 ], [ 85.18429, 27.973859 ], [ 85.184185, 27.973678 ], [ 85.184123, 27.973624 ] ] } },
{ "type": "Feature", "properties": { "name": null, "status": "Destroyed", "highway": "residential", "surface": "unpaved" }, "geometry": { "type": "LineString", "coordinates": [ [ 85.171496, 27.962214 ], [ 85.171463, 27.962193 ], [ 85.171405, 27.962156 ], [ 85.17135, 27.962071 ], [ 85.171323, 27.961975 ] ] } },
{ "type": "Feature", "properties": { "name": null, "status": "Destroyed", "highway": "service", "surface": null }, "geometry": { "type": "LineString", "coordinates": [ [ 85.15259, 27.936138 ], [ 85.152794, 27.936053 ], [ 85.152928, 27.936144 ], [ 85.153132, 27.936261 ], [ 85.153366, 27.936401 ], [ 85.153481, 27.936484 ], [ 85.153566, 27.936537 ] ] } },
{ "type": "Feature", "properties": { "name": null, "status": "Destroyed", "highway": "service", "surface": "unpaved" }, "geometry": { "type": "LineString", "coordinates": [ [ 85.152794, 27.936053 ], [ 85.153014, 27.935809 ], [ 85.153179, 27.935626 ], [ 85.153303, 27.935618 ], [ 85.154101, 27.936158 ], [ 85.154304, 27.936202 ] ] } },
{ "type": "Feature", "properties": { "name": null, "status": "Destroyed", "highway": "service", "surface": "unpaved" }, "geometry": { "type": "LineString", "coordinates": [ [ 85.149328, 27.926501 ], [ 85.149501, 27.926602 ], [ 85.149622, 27.926614 ] ] } },
{ "type": "Feature", "properties": { "name": null, "status": "Destroyed", "highway": "service", "surface": null }, "geometry": { "type": "LineString", "coordinates": [ [ 85.110507, 27.860059 ], [ 85.110324, 27.86019 ], [ 85.109949, 27.860406 ], [ 85.109791, 27.860418 ] ] } },
{ "type": "Feature", "properties": { "name": null, "status": "Destroyed", "highway": "service", "surface": null }, "geometry": { "type": "LineString", "coordinates": [ [ 85.376557, 28.281797 ], [ 85.37643, 28.281647 ], [ 85.376479, 28.281528 ], [ 85.376722, 28.281115 ], [ 85.37676, 28.28104 ], [ 85.377142, 28.279786 ] ] } },
{ "type": "Feature", "properties": { "name": null, "status": "Destroyed", "highway": "path", "surface": null }, "geometry": { "type": "LineString", "coordinates": [ [ 85.377509, 28.280134 ], [ 85.37788, 28.280246 ], [ 85.37799, 28.280296 ], [ 85.378074, 28.280395 ], [ 85.378146, 28.280431 ], [ 85.378218, 28.280442 ], [ 85.378302, 28.280415 ] ] } },
{ "type": "Feature", "properties": { "name": null, "status": "Destroyed", "highway": "service", "surface": null }, "geometry": { "type": "LineString", "coordinates": [ [ 85.377509, 28.280134 ], [ 85.377435, 28.280112 ], [ 85.377306, 28.280074 ] ] } },
{ "type": "Feature", "properties": { "name": null, "status": "Destroyed", "highway": "unclassified", "surface": null }, "geometry": { "type": "LineString", "coordinates": [ [ 85.340155, 28.164004 ], [ 85.339814, 28.164463 ] ] } },
{ "type": "Feature", "properties": { "name": null, "status": "Destroyed", "highway": "path", "surface": null }, "geometry": { "type": "LineString", "coordinates": [ [ 85.343679, 28.163407 ], [ 85.343776, 28.163594 ] ] } },
{ "type": "Feature", "properties": { "name": null, "status": "Destroyed", "highway": "service", "surface": null }, "geometry": { "type": "LineString", "coordinates": [ [ 85.377858, 28.271218 ], [ 85.377434, 28.271245 ] ] } },
{ "type": "Feature", "properties": { "name": null, "status": "Destroyed", "highway": "primary", "surface": null }, "geometry": { "type": "LineString", "coordinates": [ [ 85.353106, 28.200534 ], [ 85.353111, 28.200758 ], [ 85.353153, 28.201012 ], [ 85.353184, 28.201234 ], [ 85.35323, 28.201666 ], [ 85.353248, 28.201813 ], [ 85.353278, 28.201969 ], [ 85.353359, 28.202273 ], [ 85.353413, 28.202461 ], [ 85.353439, 28.202574 ], [ 85.353482, 28.202648 ], [ 85.353527, 28.202779 ], [ 85.353562, 28.202876 ], [ 85.353621, 28.203018 ], [ 85.353698, 28.203205 ], [ 85.353786, 28.203413 ], [ 85.353876, 28.203562 ], [ 85.354025, 28.203762 ], [ 85.354169, 28.203974 ], [ 85.354243, 28.204092 ], [ 85.354388, 28.204422 ], [ 85.354503, 28.204571 ], [ 85.354551, 28.204657 ], [ 85.354624, 28.204776 ], [ 85.354706, 28.204899 ], [ 85.354781, 28.205033 ], [ 85.354849, 28.205149 ], [ 85.354917, 28.205257 ], [ 85.354957, 28.205331 ], [ 85.355025, 28.205429 ], [ 85.355076, 28.205533 ], [ 85.355138, 28.205627 ], [ 85.355185, 28.205741 ], [ 85.355214, 28.205823 ], [ 85.355259, 28.205971 ], [ 85.355268, 28.206065 ], [ 85.355274, 28.206186 ], [ 85.355271, 28.206335 ], [ 85.355268, 28.206469 ], [ 85.355267, 28.206574 ], [ 85.355274, 28.206699 ], [ 85.355263, 28.206795 ], [ 85.35526, 28.206898 ], [ 85.355226, 28.207073 ], [ 85.355169, 28.207246 ], [ 85.355075, 28.207467 ], [ 85.355019, 28.207573 ], [ 85.35498, 28.207664 ], [ 85.354926, 28.207748 ], [ 85.354815, 28.208031 ], [ 85.354749, 28.208367 ], [ 85.354713, 28.208496 ], [ 85.354717, 28.20858 ], [ 85.354708, 28.208682 ], [ 85.354686, 28.208785 ], [ 85.354686, 28.208874 ] ] } },
{ "type": "Feature", "properties": { "name": null, "status": "Destroyed", "highway": "primary", "surface": null }, "geometry": { "type": "LineString", "coordinates": [ [ 85.353084, 28.200162 ], [ 85.353106, 28.200534 ] ] } },
{ "type": "Feature", "properties": { "name": null, "status": "Destroyed", "highway": "path", "surface": null }, "geometry": { "type": "LineString", "coordinates": [ [ 85.358733, 28.237545 ], [ 85.358694, 28.237608 ], [ 85.35863, 28.23767 ], [ 85.358623, 28.237761 ], [ 85.358601, 28.237794 ], [ 85.35862, 28.237863 ] ] } },
{ "type": "Feature", "properties": { "name": null, "status": "Destroyed", "highway": "path", "surface": null }, "geometry": { "type": "LineString", "coordinates": [ [ 85.358283, 28.23409 ], [ 85.35831, 28.234086 ], [ 85.358333, 28.234098 ], [ 85.358351, 28.234118 ], [ 85.358386, 28.23413 ], [ 85.358427, 28.234123 ], [ 85.358479, 28.234105 ], [ 85.358526, 28.234098 ], [ 85.358553, 28.234122 ], [ 85.358579, 28.234125 ], [ 85.358602, 28.234106 ], [ 85.358645, 28.23409 ], [ 85.358689, 28.234103 ], [ 85.358712, 28.234143 ], [ 85.358737, 28.234182 ] ] } },
{ "type": "Feature", "properties": { "name": null, "status": "Destroyed", "highway": "service", "surface": null }, "geometry": { "type": "LineString", "coordinates": [ [ 85.365722, 28.255774 ], [ 85.36581, 28.255713 ], [ 85.365873, 28.255669 ], [ 85.365797, 28.255598 ], [ 85.36572, 28.255448 ], [ 85.365689, 28.255276 ], [ 85.36564, 28.255167 ] ] } },
{ "type": "Feature", "properties": { "name": null, "status": "Destroyed", "highway": "residential", "surface": "unpaved" }, "geometry": { "type": "LineString", "coordinates": [ [ 85.146843, 27.928593 ], [ 85.146926, 27.928664 ], [ 85.146913, 27.928797 ], [ 85.146961, 27.928887 ], [ 85.14705, 27.928939 ], [ 85.147109, 27.92892 ], [ 85.147235, 27.928749 ], [ 85.147398, 27.928699 ], [ 85.147468, 27.928567 ], [ 85.147562, 27.928431 ], [ 85.147618, 27.928379 ], [ 85.147677, 27.928401 ], [ 85.147683, 27.928462 ], [ 85.147551, 27.928737 ], [ 85.147441, 27.928911 ], [ 85.147302, 27.92948 ], [ 85.147267, 27.929631 ], [ 85.14728, 27.929704 ], [ 85.14738, 27.929735 ], [ 85.147519, 27.929725 ], [ 85.147582, 27.929693 ], [ 85.147612, 27.929589 ], [ 85.147629, 27.929413 ], [ 85.147632, 27.929318 ], [ 85.14771, 27.929118 ], [ 85.14773, 27.929019 ] ] } },
{ "type": "Feature", "properties": { "name": null, "status": "Destroyed", "highway": "service", "surface": null }, "geometry": { "type": "LineString", "coordinates": [ [ 85.377, 28.280983 ], [ 85.377306, 28.280074 ], [ 85.377335, 28.279989 ] ] } },
{ "type": "Feature", "properties": { "name": null, "status": "Destroyed", "highway": "primary", "surface": null }, "geometry": { "type": "LineString", "coordinates": [ [ 85.376277, 28.266298 ], [ 85.376301, 28.26635 ], [ 85.376401, 28.266486 ], [ 85.376638, 28.267027 ], [ 85.376747, 28.267275 ], [ 85.376994, 28.267714 ], [ 85.377003, 28.268045 ], [ 85.377002, 28.268299 ], [ 85.37707, 28.268542 ], [ 85.377122, 28.268671 ], [ 85.377256, 28.268891 ], [ 85.377392, 28.269085 ], [ 85.37748, 28.269148 ], [ 85.377492, 28.269157 ], [ 85.377664, 28.26923 ], [ 85.377697, 28.269269 ], [ 85.377799, 28.269389 ], [ 85.377924, 28.269565 ], [ 85.378065, 28.26981 ], [ 85.378071, 28.269828 ], [ 85.378143, 28.269994 ], [ 85.378273, 28.270366 ], [ 85.378327, 28.270938 ], [ 85.378352, 28.271058 ], [ 85.378388, 28.271293 ], [ 85.378464, 28.271616 ], [ 85.378565, 28.272091 ], [ 85.378585, 28.272227 ], [ 85.378597, 28.272358 ], [ 85.3786, 28.272495 ], [ 85.378592, 28.272633 ], [ 85.37857, 28.272798 ], [ 85.378537, 28.272988 ], [ 85.378494, 28.273151 ], [ 85.378352, 28.27353 ], [ 85.378306, 28.273664 ], [ 85.378258, 28.273807 ], [ 85.378195, 28.27404 ], [ 85.378171, 28.274158 ], [ 85.378148, 28.274317 ], [ 85.378145, 28.274467 ], [ 85.378145, 28.274618 ], [ 85.378126, 28.27475 ], [ 85.378064, 28.274966 ], [ 85.377974, 28.27529 ], [ 85.37793, 28.27539 ], [ 85.377851, 28.275603 ], [ 85.37779, 28.275888 ], [ 85.377679, 28.276391 ], [ 85.377673, 28.276442 ], [ 85.37767, 28.276486 ], [ 85.377674, 28.276535 ], [ 85.377684, 28.276576 ] ] } },
{ "type": "Feature", "properties": { "name": null, "status": "Destroyed", "highway": "trunk", "surface": "concrete" }, "geometry": { "type": "LineString", "coordinates": [ [ 85.377745, 28.279376 ], [ 85.377682, 28.279535 ] ] } },
{ "type": "Feature", "properties": { "name": null, "status": "Destroyed", "highway": "path", "surface": null }, "geometry": { "type": "LineString", "coordinates": [ [ 85.343901, 28.163761 ], [ 85.343582, 28.163988 ], [ 85.34332, 28.164266 ], [ 85.34327, 28.164277 ], [ 85.342973, 28.164507 ], [ 85.342863, 28.164542 ], [ 85.342962, 28.164824 ], [ 85.342919, 28.164843 ], [ 85.342934, 28.164886 ], [ 85.342962, 28.164894 ], [ 85.34296, 28.165022 ], [ 85.342982, 28.165119 ], [ 85.342959, 28.165299 ], [ 85.342994, 28.165395 ], [ 85.342977, 28.165455 ], [ 85.343093, 28.165685 ], [ 85.343177, 28.165955 ], [ 85.343191, 28.166001 ], [ 85.343176, 28.166045 ], [ 85.343117, 28.166077 ], [ 85.343059, 28.166041 ], [ 85.343, 28.165799 ], [ 85.342994, 28.165738 ] ] } },
{ "type": "Feature", "properties": { "name": null, "status": "Destroyed", "highway": "path", "surface": null }, "geometry": { "type": "LineString", "coordinates": [ [ 85.157197, 27.94033 ], [ 85.157284, 27.940191 ] ] } },
{ "type": "Feature", "properties": { "name": null, "status": "Destroyed", "highway": "unclassified", "surface": null }, "geometry": { "type": "LineString", "coordinates": [ [ 85.10905, 27.858333 ], [ 85.109314, 27.858802 ] ] } },
{ "type": "Feature", "properties": { "name": null, "status": "Destroyed", "highway": "unclassified", "surface": null }, "geometry": { "type": "LineString", "coordinates": [ [ 85.16357, 27.956121 ], [ 85.163492, 27.956287 ] ] } },
{ "type": "Feature", "properties": { "name": null, "status": "Destroyed", "highway": "track", "surface": "ground" }, "geometry": { "type": "LineString", "coordinates": [ [ 85.17487, 27.96802 ], [ 85.174967, 27.967894 ], [ 85.174939, 27.967837 ], [ 85.175036, 27.967711 ], [ 85.175147, 27.96754 ], [ 85.175179, 27.967356 ], [ 85.175206, 27.967128 ] ] } },
{ "type": "Feature", "properties": { "name": null, "status": "Destroyed", "highway": "track", "surface": null }, "geometry": { "type": "LineString", "coordinates": [ [ 85.157363, 27.936696 ], [ 85.157298, 27.936733 ], [ 85.157261, 27.936802 ], [ 85.157267, 27.936911 ], [ 85.157289, 27.936997 ], [ 85.157297, 27.93705 ], [ 85.157242, 27.937049 ] ] } },
{ "type": "Feature", "properties": { "name": null, "status": "Destroyed", "highway": "footway", "surface": "concrete" }, "geometry": { "type": "LineString", "coordinates": [ [ 85.149917, 27.92759 ], [ 85.149501, 27.927385 ] ] } },
{ "type": "Feature", "properties": { "name": null, "status": "Destroyed", "highway": "track", "surface": null }, "geometry": { "type": "LineString", "coordinates": [ [ 85.158346, 27.940776 ], [ 85.15793, 27.940234 ] ] } },
{ "type": "Feature", "properties": { "name": null, "status": "Destroyed", "highway": "track", "surface": null }, "geometry": { "type": "LineString", "coordinates": [ [ 85.151101, 27.930715 ], [ 85.151039, 27.930836 ], [ 85.150975, 27.930923 ], [ 85.150886, 27.931011 ], [ 85.150755, 27.931113 ], [ 85.150661, 27.931186 ], [ 85.150546, 27.931362 ], [ 85.150436, 27.931421 ], [ 85.150294, 27.931473 ], [ 85.150054, 27.931346 ] ] } },
{ "type": "Feature", "properties": { "name": null, "status": "Destroyed", "highway": "track", "surface": null }, "geometry": { "type": "LineString", "coordinates": [ [ 85.113163, 27.865483 ], [ 85.113262, 27.865706 ], [ 85.113388, 27.866142 ], [ 85.113498, 27.8664 ], [ 85.113587, 27.866837 ], [ 85.113723, 27.867097 ], [ 85.113857, 27.867173 ], [ 85.113935, 27.867216 ], [ 85.113974, 27.867279 ], [ 85.114016, 27.867346 ], [ 85.114095, 27.867482 ], [ 85.114177, 27.867499 ], [ 85.114288, 27.867546 ], [ 85.114555, 27.867707 ], [ 85.114807, 27.867797 ], [ 85.114917, 27.86798 ], [ 85.114912, 27.868245 ] ] } },
{ "type": "Feature", "properties": { "name": null, "status": "Destroyed", "highway": "unclassified", "surface": null }, "geometry": { "type": "LineString", "coordinates": [ [ 85.357879, 28.240076 ], [ 85.357877, 28.239952 ], [ 85.357866, 28.239874 ], [ 85.357819, 28.239714 ], [ 85.357804, 28.239617 ], [ 85.357753, 28.23951 ], [ 85.357679, 28.239402 ], [ 85.357606, 28.239319 ], [ 85.357551, 28.239221 ], [ 85.357543, 28.239097 ], [ 85.357548, 28.239062 ], [ 85.357559, 28.239 ], [ 85.357595, 28.238917 ], [ 85.35765, 28.238809 ], [ 85.357729, 28.238682 ], [ 85.357812, 28.238604 ], [ 85.357848, 28.238494 ], [ 85.357836, 28.238401 ], [ 85.357821, 28.238306 ], [ 85.357796, 28.238159 ], [ 85.357795, 28.238075 ], [ 85.357756, 28.237994 ], [ 85.357689, 28.237878 ], [ 85.357632, 28.237734 ], [ 85.357621, 28.237679 ], [ 85.357643, 28.237533 ], [ 85.357659, 28.237343 ], [ 85.357665, 28.237271 ], [ 85.35772, 28.237167 ], [ 85.357787, 28.237 ], [ 85.357949, 28.236759 ], [ 85.358018, 28.236697 ], [ 85.358098, 28.236669 ], [ 85.358215, 28.236584 ], [ 85.358282, 28.236484 ], [ 85.358353, 28.236354 ], [ 85.358388, 28.236267 ], [ 85.358491, 28.236127 ], [ 85.358562, 28.235981 ], [ 85.35861, 28.235847 ], [ 85.358613, 28.235705 ], [ 85.358663, 28.235574 ], [ 85.358687, 28.235414 ], [ 85.358757, 28.235294 ], [ 85.358824, 28.235074 ], [ 85.358866, 28.234863 ] ] } },
{ "type": "Feature", "properties": { "name": null, "status": "Destroyed", "highway": "path", "surface": null }, "geometry": { "type": "LineString", "coordinates": [ [ 85.358575, 28.239853 ], [ 85.358658, 28.239855 ], [ 85.358777, 28.239843 ] ] } },
{ "type": "Feature", "properties": { "name": null, "status": "Destroyed", "highway": "unclassified", "surface": null }, "geometry": { "type": "LineString", "coordinates": [ [ 85.357934, 28.240665 ], [ 85.358095, 28.240703 ], [ 85.358232, 28.240742 ], [ 85.35832, 28.240767 ], [ 85.358409, 28.240796 ] ] } },
{ "type": "Feature", "properties": { "name": null, "status": "Destroyed", "highway": "service", "surface": null }, "geometry": { "type": "LineString", "coordinates": [ [ 85.358397, 28.24133 ], [ 85.358397, 28.241501 ], [ 85.358394, 28.24174 ], [ 85.358406, 28.241953 ], [ 85.358441, 28.242185 ], [ 85.358448, 28.242325 ] ] } },
{ "type": "Feature", "properties": { "name": null, "status": "Destroyed", "highway": "residential", "surface": null }, "geometry": { "type": "LineString", "coordinates": [ [ 85.071458, 27.854208 ], [ 85.071578, 27.854148 ], [ 85.071735, 27.854063 ], [ 85.071807, 27.854052 ], [ 85.071878, 27.854052 ], [ 85.071985, 27.854053 ], [ 85.072114, 27.854069 ], [ 85.072211, 27.8541 ], [ 85.072437, 27.854135 ], [ 85.072551, 27.85413 ], [ 85.07272, 27.854132 ], [ 85.072922, 27.854103 ], [ 85.073065, 27.854106 ], [ 85.073128, 27.854143 ], [ 85.073217, 27.854195 ], [ 85.073341, 27.854253 ], [ 85.073392, 27.854256 ], [ 85.073592, 27.85426 ], [ 85.073878, 27.854253 ], [ 85.074194, 27.85425 ], [ 85.074441, 27.854281 ], [ 85.074715, 27.854312 ], [ 85.074941, 27.854365 ], [ 85.075014, 27.854418 ], [ 85.075066, 27.854537 ], [ 85.075046, 27.854668 ] ] } },
{ "type": "Feature", "properties": { "name": null, "status": "Destroyed", "highway": "service", "surface": null }, "geometry": { "type": "LineString", "coordinates": [ [ 85.358792, 28.240568 ], [ 85.358709, 28.240468 ], [ 85.358669, 28.240372 ], [ 85.358599, 28.240355 ], [ 85.358537, 28.240422 ], [ 85.358488, 28.240602 ], [ 85.358493, 28.240643 ] ] } },
{ "type": "Feature", "properties": { "name": null, "status": "Destroyed", "highway": "unclassified", "surface": null }, "geometry": { "type": "LineString", "coordinates": [ [ 85.365113, 28.25571 ], [ 85.365182, 28.255762 ] ] } },
{ "type": "Feature", "properties": { "name": null, "status": "Destroyed", "highway": "service", "surface": null }, "geometry": { "type": "LineString", "coordinates": [ [ 85.37748, 28.269148 ], [ 85.377592, 28.268992 ], [ 85.377599, 28.268983 ], [ 85.377686, 28.268821 ], [ 85.377737, 28.268771 ], [ 85.37774, 28.268677 ], [ 85.377747, 28.268565 ], [ 85.377792, 28.26844 ], [ 85.377795, 28.26838 ], [ 85.3778, 28.268302 ], [ 85.377791, 28.268234 ] ] } },
{ "type": "Feature", "properties": { "name": null, "status": "Destroyed", "highway": "path", "surface": null }, "geometry": { "type": "LineString", "coordinates": [ [ 85.318843, 28.146575 ], [ 85.319191, 28.146817 ], [ 85.319304, 28.147039 ], [ 85.319154, 28.147427 ], [ 85.318558, 28.147332 ], [ 85.318113, 28.146977 ], [ 85.317883, 28.147311 ] ] } },
{ "type": "Feature", "properties": { "name": null, "status": "Destroyed", "highway": "unclassified", "surface": null }, "geometry": { "type": "LineString", "coordinates": [ [ 85.358793, 28.239684 ], [ 85.358727, 28.239528 ], [ 85.358598, 28.239294 ], [ 85.358563, 28.239168 ], [ 85.358561, 28.239003 ], [ 85.358558, 28.238764 ], [ 85.358512, 28.238521 ], [ 85.358451, 28.238289 ], [ 85.358345, 28.238045 ], [ 85.358338, 28.238029 ], [ 85.358258, 28.237888 ], [ 85.358215, 28.237788 ], [ 85.358215, 28.237656 ], [ 85.358263, 28.237521 ], [ 85.358362, 28.237323 ], [ 85.358469, 28.237226 ], [ 85.35863, 28.237079 ], [ 85.358722, 28.237023 ], [ 85.358802, 28.236975 ], [ 85.358915, 28.236886 ], [ 85.358946, 28.236776 ] ] } },
{ "type": "Feature", "properties": { "name": null, "status": "Destroyed", "highway": "tertiary", "surface": null }, "geometry": { "type": "LineString", "coordinates": [ [ 85.099173, 27.860255 ], [ 85.099039, 27.859952 ], [ 85.098885, 27.859607 ], [ 85.09862, 27.859068 ], [ 85.098297, 27.858527 ] ] } },
{ "type": "Feature", "properties": { "name": null, "status": "Destroyed", "highway": "track", "surface": null }, "geometry": { "type": "LineString", "coordinates": [ [ 85.161422, 27.948402 ], [ 85.161429, 27.948437 ], [ 85.161452, 27.948471 ], [ 85.161495, 27.948482 ], [ 85.161609, 27.948471 ], [ 85.161726, 27.948477 ], [ 85.161813, 27.948495 ], [ 85.161907, 27.948535 ], [ 85.162053, 27.948556 ], [ 85.162129, 27.948576 ], [ 85.162216, 27.948647 ], [ 85.16222, 27.94876 ], [ 85.162227, 27.949002 ], [ 85.162257, 27.949118 ], [ 85.162255, 27.949207 ], [ 85.162195, 27.949625 ], [ 85.162171, 27.949803 ], [ 85.162163, 27.94984 ], [ 85.162171, 27.950045 ], [ 85.16199, 27.950677 ] ] } },
{ "type": "Feature", "properties": { "name": null, "status": "Destroyed", "highway": "primary", "surface": null }, "geometry": { "type": "LineString", "coordinates": [ [ 85.342198, 28.166097 ], [ 85.341827, 28.165729 ], [ 85.341671, 28.165619 ], [ 85.341057, 28.165336 ], [ 85.340658, 28.1651 ], [ 85.34054, 28.165037 ], [ 85.340349, 28.164962 ], [ 85.339414, 28.164672 ], [ 85.339064, 28.164583 ], [ 85.338892, 28.164542 ], [ 85.338373, 28.164416 ], [ 85.337832, 28.164273 ], [ 85.337618, 28.16419 ], [ 85.33743, 28.164096 ], [ 85.337341, 28.164025 ], [ 85.337312, 28.163995 ], [ 85.337163, 28.163813 ], [ 85.33699, 28.163517 ] ] } },
{ "type": "Feature", "properties": { "name": null, "status": "Destroyed", "highway": "primary", "surface": null }, "geometry": { "type": "LineString", "coordinates": [ [ 85.342431, 28.181804 ], [ 85.342523, 28.18205 ], [ 85.34259, 28.182128 ], [ 85.342967, 28.182633 ], [ 85.343012, 28.182659 ], [ 85.343062, 28.18267 ], [ 85.343107, 28.182675 ], [ 85.343197, 28.182665 ] ] } },
{ "type": "Feature", "properties": { "name": null, "status": "Destroyed", "highway": "path", "surface": null }, "geometry": { "type": "LineString", "coordinates": [ [ 85.340193, 28.181939 ], [ 85.339974, 28.182018 ] ] } },
{ "type": "Feature", "properties": { "name": null, "status": "Destroyed", "highway": "track", "surface": null }, "geometry": { "type": "LineString", "coordinates": [ [ 85.16244, 27.951729 ], [ 85.162349, 27.951617 ], [ 85.162269, 27.951525 ], [ 85.162223, 27.951399 ], [ 85.162124, 27.951286 ], [ 85.162041, 27.951158 ], [ 85.16199, 27.950776 ], [ 85.16199, 27.950677 ] ] } },
{ "type": "Feature", "properties": { "name": null, "status": "Destroyed", "highway": "path", "surface": "unpaved" }, "geometry": { "type": "LineString", "coordinates": [ [ 85.180489, 27.97273 ], [ 85.180677, 27.97266 ], [ 85.18093, 27.972676 ], [ 85.18108, 27.972742 ], [ 85.181206, 27.972736 ], [ 85.181309, 27.972813 ], [ 85.181413, 27.972752 ], [ 85.181562, 27.972792 ], [ 85.181648, 27.972904 ], [ 85.181729, 27.972939 ], [ 85.18179, 27.973001 ], [ 85.18186, 27.972972 ], [ 85.182091, 27.973143 ], [ 85.182206, 27.973219 ], [ 85.182308, 27.973233 ] ] } },
{ "type": "Feature", "properties": { "name": null, "status": "Destroyed", "highway": "residential", "surface": null }, "geometry": { "type": "LineString", "coordinates": [ [ 85.170036, 27.960883 ], [ 85.170218, 27.961186 ], [ 85.170333, 27.961268 ], [ 85.170575, 27.961406 ], [ 85.170679, 27.961483 ], [ 85.170879, 27.961652 ], [ 85.17102, 27.961723 ], [ 85.171126, 27.961808 ], [ 85.171323, 27.961975 ] ] } },
{ "type": "Feature", "properties": { "name": null, "status": "Destroyed", "highway": "unclassified", "surface": "unpaved" }, "geometry": { "type": "LineString", "coordinates": [ [ 85.298156, 28.126369 ], [ 85.298082, 28.126304 ], [ 85.298033, 28.126211 ], [ 85.298007, 28.126008 ], [ 85.297913, 28.125702 ], [ 85.297743, 28.125561 ], [ 85.29754, 28.125481 ], [ 85.297213, 28.125483 ], [ 85.297111, 28.125451 ], [ 85.297019, 28.125384 ], [ 85.296914, 28.12514 ], [ 85.296722, 28.124945 ], [ 85.296166, 28.124781 ], [ 85.295804, 28.124651 ], [ 85.295446, 28.124488 ], [ 85.29518, 28.124276 ], [ 85.294911, 28.124164 ], [ 85.294677, 28.123995 ], [ 85.294496, 28.123733 ], [ 85.294424, 28.123517 ], [ 85.294295, 28.123367 ], [ 85.294162, 28.12327 ], [ 85.293878, 28.123115 ], [ 85.293483, 28.122752 ], [ 85.293274, 28.122641 ] ] } },
{ "type": "Feature", "properties": { "name": null, "status": "Destroyed", "highway": "footway", "surface": null }, "geometry": { "type": "LineString", "coordinates": [ [ 85.167363, 27.958986 ], [ 85.167287, 27.958997 ], [ 85.167199, 27.958999 ], [ 85.166797, 27.958936 ], [ 85.166125, 27.958818 ] ] } },
{ "type": "Feature", "properties": { "name": null, "status": "Destroyed", "highway": "unclassified", "surface": null }, "geometry": { "type": "LineString", "coordinates": [ [ 85.343091, 28.184017 ], [ 85.343126, 28.184004 ], [ 85.343131, 28.183954 ], [ 85.343117, 28.183917 ], [ 85.343086, 28.183877 ], [ 85.343034, 28.183833 ], [ 85.342987, 28.183801 ], [ 85.342815, 28.183678 ], [ 85.342734, 28.183632 ], [ 85.342657, 28.183603 ], [ 85.34259, 28.183593 ], [ 85.342524, 28.183587 ], [ 85.342488, 28.183577 ], [ 85.342427, 28.183529 ], [ 85.342409, 28.183489 ], [ 85.342387, 28.18341 ], [ 85.342398, 28.18336 ], [ 85.342411, 28.183314 ], [ 85.342452, 28.183281 ], [ 85.342486, 28.183247 ], [ 85.342524, 28.183227 ], [ 85.342572, 28.183227 ], [ 85.342619, 28.183237 ], [ 85.342662, 28.183255 ], [ 85.342707, 28.183279 ], [ 85.342743, 28.183304 ], [ 85.342781, 28.183338 ], [ 85.342838, 28.183378 ], [ 85.342878, 28.183406 ], [ 85.342919, 28.183422 ], [ 85.342964, 28.183422 ], [ 85.342991, 28.183396 ], [ 85.342993, 28.18335 ], [ 85.342987, 28.18332 ], [ 85.342964, 28.183284 ], [ 85.342921, 28.183235 ], [ 85.342878, 28.183197 ], [ 85.342838, 28.183155 ], [ 85.342788, 28.183112 ], [ 85.342702, 28.183048 ], [ 85.342608, 28.182984 ], [ 85.342567, 28.182939 ], [ 85.342522, 28.182875 ], [ 85.342477, 28.182807 ], [ 85.342456, 28.182756 ], [ 85.342475, 28.1827 ], [ 85.342495, 28.182656 ], [ 85.342513, 28.182597 ], [ 85.342524, 28.182553 ], [ 85.342527, 28.182503 ], [ 85.342524, 28.18245 ], [ 85.342504, 28.182396 ], [ 85.342472, 28.182354 ], [ 85.342432, 28.182334 ], [ 85.342396, 28.182328 ], [ 85.34236, 28.182326 ], [ 85.342312, 28.182316 ], [ 85.342269, 28.182324 ], [ 85.342125, 28.182332 ], [ 85.342062, 28.182322 ], [ 85.342023, 28.182306 ], [ 85.342005, 28.182273 ], [ 85.341994, 28.182243 ], [ 85.342003, 28.182209 ], [ 85.342019, 28.182177 ], [ 85.342064, 28.182112 ] ] } },
{ "type": "Feature", "properties": { "name": "Tupche Aama ko pool", "status": "Destroyed", "highway": "path", "surface": "wood" }, "geometry": { "type": "LineString", "coordinates": [ [ 85.173235, 27.964192 ], [ 85.173644, 27.963743 ] ] } },
{ "type": "Feature", "properties": { "name": null, "status": "Destroyed", "highway": "residential", "surface": null }, "geometry": { "type": "LineString", "coordinates": [ [ 85.149169, 27.930598 ], [ 85.149187, 27.930677 ], [ 85.149256, 27.930799 ], [ 85.149297, 27.930921 ], [ 85.149301, 27.930999 ], [ 85.149248, 27.931044 ], [ 85.149162, 27.931035 ], [ 85.149069, 27.930948 ], [ 85.148912, 27.930705 ], [ 85.148786, 27.930488 ], [ 85.148652, 27.930344 ], [ 85.148471, 27.930203 ], [ 85.148384, 27.930105 ], [ 85.148306, 27.930041 ], [ 85.148151, 27.929882 ], [ 85.148051, 27.929846 ], [ 85.147919, 27.92991 ], [ 85.147721, 27.929993 ], [ 85.147616, 27.930024 ], [ 85.147377, 27.930007 ], [ 85.147205, 27.930039 ], [ 85.147097, 27.930035 ], [ 85.147018, 27.930036 ], [ 85.146934, 27.930016 ], [ 85.146858, 27.929994 ], [ 85.146819, 27.930035 ], [ 85.14688, 27.930151 ], [ 85.146916, 27.930268 ], [ 85.146964, 27.930377 ], [ 85.14705, 27.930488 ], [ 85.14707, 27.930664 ], [ 85.147099, 27.930795 ], [ 85.147048, 27.93097 ], [ 85.146865, 27.931046 ] ] } },
{ "type": "Feature", "properties": { "name": null, "status": "Destroyed", "highway": "unclassified", "surface": null }, "geometry": { "type": "LineString", "coordinates": [ [ 85.365182, 28.255762 ], [ 85.365604, 28.255693 ] ] } },
{ "type": "Feature", "properties": { "name": null, "status": "Destroyed", "highway": "path", "surface": "ground" }, "geometry": { "type": "LineString", "coordinates": [ [ 85.1739, 27.963606 ], [ 85.173833, 27.963635 ], [ 85.173644, 27.963743 ] ] } },
{ "type": "Feature", "properties": { "name": null, "status": "Destroyed", "highway": "unclassified", "surface": null }, "geometry": { "type": "LineString", "coordinates": [ [ 85.380899, 28.28125 ], [ 85.380845, 28.281092 ], [ 85.380697, 28.280869 ], [ 85.38041, 28.280763 ] ] } },
{ "type": "Feature", "properties": { "name": null, "status": "Destroyed", "highway": "trunk", "surface": null }, "geometry": { "type": "LineString", "coordinates": [ [ 85.377622, 28.279807 ], [ 85.377553, 28.280027 ], [ 85.377509, 28.280134 ], [ 85.377186, 28.281091 ], [ 85.377142, 28.281164 ], [ 85.377095, 28.281216 ], [ 85.377049, 28.28127 ], [ 85.376661, 28.281686 ], [ 85.376584, 28.281774 ], [ 85.376557, 28.281797 ], [ 85.37648, 28.281865 ], [ 85.37639, 28.281963 ], [ 85.376295, 28.282102 ], [ 85.376158, 28.282379 ], [ 85.376077, 28.282517 ], [ 85.37599, 28.282616 ], [ 85.375857, 28.282711 ], [ 85.375682, 28.282812 ], [ 85.375597, 28.282892 ], [ 85.375544, 28.283001 ], [ 85.375437, 28.283178 ], [ 85.37534, 28.283271 ], [ 85.374855, 28.283599 ], [ 85.374634, 28.283715 ], [ 85.374405, 28.283827 ], [ 85.374177, 28.283903 ], [ 85.373977, 28.283975 ], [ 85.373848, 28.284063 ], [ 85.373667, 28.284227 ], [ 85.373549, 28.284316 ], [ 85.373504, 28.284349 ], [ 85.373371, 28.284435 ], [ 85.373197, 28.284515 ], [ 85.371938, 28.284992 ], [ 85.371794, 28.285065 ], [ 85.371656, 28.285164 ], [ 85.37164, 28.285177 ] ] } },
{ "type": "Feature", "properties": { "name": null, "status": "Destroyed", "highway": "path", "surface": null }, "geometry": { "type": "LineString", "coordinates": [ [ 85.1078, 27.860779 ], [ 85.108404, 27.86026 ] ] } },
{ "type": "Feature", "properties": { "name": null, "status": "Destroyed", "highway": "path", "surface": null }, "geometry": { "type": "LineString", "coordinates": [ [ 85.108666, 27.860161 ], [ 85.108517, 27.860236 ], [ 85.108404, 27.86026 ] ] } },
{ "type": "Feature", "properties": { "name": null, "status": "Destroyed", "highway": "track", "surface": null }, "geometry": { "type": "LineString", "coordinates": [ [ 85.158279, 27.939902 ], [ 85.15845, 27.940207 ], [ 85.15852, 27.940279 ], [ 85.158691, 27.940364 ], [ 85.158741, 27.9404 ], [ 85.158759, 27.940516 ], [ 85.158872, 27.940558 ], [ 85.158919, 27.940624 ] ] } },
{ "type": "Feature", "properties": { "name": null, "status": "Destroyed", "highway": "path", "surface": "ground" }, "geometry": { "type": "LineString", "coordinates": [ [ 85.172367, 27.964099 ], [ 85.172434, 27.964126 ], [ 85.172444, 27.964145 ], [ 85.172496, 27.964185 ], [ 85.172569, 27.964199 ], [ 85.172674, 27.964245 ], [ 85.172756, 27.964252 ], [ 85.172809, 27.96424 ], [ 85.172855, 27.964187 ], [ 85.172884, 27.964146 ], [ 85.172952, 27.964091 ], [ 85.173035, 27.96411 ], [ 85.173122, 27.964145 ], [ 85.173195, 27.964172 ], [ 85.173235, 27.964192 ] ] } },
{ "type": "Feature", "properties": { "name": null, "status": "Destroyed", "highway": "path", "surface": "ground" }, "geometry": { "type": "LineString", "coordinates": [ [ 85.148942, 27.927667 ], [ 85.149273, 27.927572 ], [ 85.149339, 27.927509 ], [ 85.149403, 27.927523 ] ] } },
{ "type": "Feature", "properties": { "name": null, "status": "Destroyed", "highway": "path", "surface": null }, "geometry": { "type": "LineString", "coordinates": [ [ 85.359371, 28.234261 ], [ 85.359136, 28.234074 ], [ 85.358992, 28.234452 ], [ 85.358955, 28.234542 ], [ 85.358878, 28.234714 ], [ 85.358866, 28.234863 ] ] } },
{ "type": "Feature", "properties": { "name": null, "status": "Destroyed", "highway": "path", "surface": null }, "geometry": { "type": "LineString", "coordinates": [ [ 85.343776, 28.163594 ], [ 85.343838, 28.163638 ], [ 85.343901, 28.163761 ] ] } },
{ "type": "Feature", "properties": { "name": null, "status": "Destroyed", "highway": "path", "surface": null }, "geometry": { "type": "LineString", "coordinates": [ [ 85.367391, 28.257801 ], [ 85.367374, 28.25773 ], [ 85.367612, 28.257562 ] ] } },
{ "type": "Feature", "properties": { "name": null, "status": "Destroyed", "highway": "service", "surface": "unpaved" }, "geometry": { "type": "LineString", "coordinates": [ [ 85.170068, 27.963355 ], [ 85.169891, 27.963378 ] ] } },
{ "type": "Feature", "properties": { "name": null, "status": "Destroyed", "highway": "track", "surface": null }, "geometry": { "type": "LineString", "coordinates": [ [ 85.182299, 27.973309 ], [ 85.182299, 27.973312 ], [ 85.182268, 27.973464 ], [ 85.182223, 27.973614 ], [ 85.18221, 27.973649 ], [ 85.182197, 27.973671 ], [ 85.182174, 27.973689 ], [ 85.18204, 27.973769 ], [ 85.182002, 27.973799 ], [ 85.181959, 27.973842 ], [ 85.181925, 27.973883 ], [ 85.181884, 27.973941 ], [ 85.181783, 27.974111 ], [ 85.181747, 27.974164 ], [ 85.181613, 27.974302 ], [ 85.181564, 27.974383 ], [ 85.181512, 27.974453 ], [ 85.181462, 27.974497 ], [ 85.181399, 27.974533 ], [ 85.181381, 27.974555 ], [ 85.181377, 27.974574 ], [ 85.181384, 27.974607 ], [ 85.181463, 27.974755 ], [ 85.181478, 27.9748 ], [ 85.181484, 27.97485 ], [ 85.181475, 27.974895 ], [ 85.181463, 27.974912 ], [ 85.181445, 27.974925 ], [ 85.18142, 27.974932 ], [ 85.181242, 27.974953 ] ] } },
{ "type": "Feature", "properties": { "name": null, "status": "Destroyed", "highway": "path", "surface": "concrete" }, "geometry": { "type": "LineString", "coordinates": [ [ 85.149436, 27.927477 ], [ 85.149501, 27.927385 ] ] } },
{ "type": "Feature", "properties": { "name": null, "status": "Destroyed", "highway": "path", "surface": null }, "geometry": { "type": "LineString", "coordinates": [ [ 85.157203, 27.936054 ], [ 85.157284, 27.935953 ], [ 85.157402, 27.935758 ], [ 85.157522, 27.935589 ], [ 85.157581, 27.935465 ], [ 85.157658, 27.935201 ], [ 85.157742, 27.935164 ] ] } },
{ "type": "Feature", "properties": { "name": null, "status": "Destroyed", "highway": "primary", "surface": null }, "geometry": { "type": "LineString", "coordinates": [ [ 85.354686, 28.208874 ], [ 85.35468, 28.208956 ], [ 85.354664, 28.209094 ], [ 85.354651, 28.209273 ], [ 85.354632, 28.209432 ], [ 85.354612, 28.209533 ], [ 85.354609, 28.209568 ], [ 85.354598, 28.209651 ], [ 85.354576, 28.209761 ], [ 85.354565, 28.209875 ], [ 85.354563, 28.210025 ], [ 85.354569, 28.210186 ], [ 85.354569, 28.210286 ], [ 85.354588, 28.210486 ], [ 85.354605, 28.210593 ], [ 85.354632, 28.210719 ], [ 85.354669, 28.210875 ], [ 85.354704, 28.21107 ], [ 85.354767, 28.211209 ], [ 85.354812, 28.211358 ], [ 85.35483, 28.211499 ], [ 85.354889, 28.211707 ], [ 85.354918, 28.211998 ], [ 85.354947, 28.212138 ], [ 85.354968, 28.212239 ], [ 85.354998, 28.212402 ], [ 85.355032, 28.212506 ], [ 85.355053, 28.212647 ], [ 85.35508, 28.212798 ], [ 85.355117, 28.212953 ], [ 85.355151, 28.21307 ], [ 85.355175, 28.21318 ], [ 85.355191, 28.21332 ], [ 85.35518, 28.213532 ], [ 85.355176, 28.213697 ], [ 85.355176, 28.213785 ], [ 85.355158, 28.213876 ], [ 85.355144, 28.213991 ], [ 85.35512, 28.214168 ], [ 85.355108, 28.214251 ], [ 85.355097, 28.214309 ], [ 85.355081, 28.2144 ], [ 85.355061, 28.214532 ], [ 85.355053, 28.214743 ], [ 85.355053, 28.214916 ], [ 85.355036, 28.215068 ], [ 85.355044, 28.215167 ], [ 85.355061, 28.215279 ], [ 85.355066, 28.215347 ], [ 85.3551, 28.215544 ], [ 85.355143, 28.215742 ], [ 85.355179, 28.215841 ], [ 85.355223, 28.215958 ], [ 85.355261, 28.216087 ], [ 85.355297, 28.216203 ], [ 85.355359, 28.21631 ], [ 85.355442, 28.21643 ], [ 85.355504, 28.216483 ], [ 85.355572, 28.216571 ], [ 85.355618, 28.216645 ], [ 85.355665, 28.216708 ], [ 85.35574, 28.216797 ], [ 85.355816, 28.216892 ], [ 85.355945, 28.217057 ], [ 85.356023, 28.217205 ], [ 85.356146, 28.217415 ], [ 85.356197, 28.217501 ], [ 85.356241, 28.217683 ], [ 85.356304, 28.21781 ], [ 85.35637, 28.217903 ], [ 85.35642, 28.217993 ], [ 85.356465, 28.218067 ], [ 85.356509, 28.218132 ], [ 85.35659, 28.218167 ], [ 85.35665, 28.218197 ], [ 85.356708, 28.218248 ], [ 85.356744, 28.218286 ], [ 85.35681, 28.21836 ], [ 85.356869, 28.218457 ], [ 85.356953, 28.218553 ], [ 85.356995, 28.218612 ], [ 85.357089, 28.218714 ], [ 85.357152, 28.218774 ], [ 85.357228, 28.218845 ], [ 85.357315, 28.218911 ], [ 85.357411, 28.218978 ], [ 85.357514, 28.219045 ], [ 85.357597, 28.219114 ], [ 85.357656, 28.219189 ], [ 85.357741, 28.219283 ], [ 85.357802, 28.21937 ], [ 85.357836, 28.21943 ], [ 85.35788, 28.219506 ], [ 85.357924, 28.21956 ], [ 85.358007, 28.219632 ], [ 85.358092, 28.219699 ], [ 85.358155, 28.219747 ], [ 85.358239, 28.219816 ], [ 85.358312, 28.2199 ], [ 85.358372, 28.219982 ], [ 85.358418, 28.220069 ], [ 85.358461, 28.220128 ], [ 85.358513, 28.220222 ], [ 85.358577, 28.220302 ], [ 85.358646, 28.220393 ], [ 85.358706, 28.220495 ], [ 85.358784, 28.220587 ], [ 85.358859, 28.220672 ], [ 85.358936, 28.220737 ], [ 85.359064, 28.220873 ], [ 85.359119, 28.220926 ], [ 85.35919, 28.220987 ], [ 85.359269, 28.221046 ], [ 85.359339, 28.221087 ], [ 85.35946, 28.221133 ], [ 85.359571, 28.221166 ], [ 85.359685, 28.221215 ], [ 85.359795, 28.221266 ], [ 85.35988, 28.221314 ], [ 85.359976, 28.221354 ], [ 85.360061, 28.221415 ], [ 85.360136, 28.221475 ], [ 85.360193, 28.221546 ], [ 85.360247, 28.221589 ], [ 85.360315, 28.22163 ], [ 85.360393, 28.221664 ], [ 85.36047, 28.221729 ], [ 85.360526, 28.221791 ], [ 85.360577, 28.221859 ], [ 85.360652, 28.221926 ], [ 85.360727, 28.221981 ], [ 85.360778, 28.222048 ], [ 85.360831, 28.222145 ], [ 85.360894, 28.22228 ], [ 85.360966, 28.222383 ], [ 85.361012, 28.222486 ], [ 85.361044, 28.222574 ], [ 85.361108, 28.222649 ], [ 85.361167, 28.222734 ], [ 85.361213, 28.222806 ], [ 85.361256, 28.222905 ], [ 85.361294, 28.223009 ], [ 85.361343, 28.223116 ], [ 85.361414, 28.223251 ], [ 85.361486, 28.223412 ], [ 85.361547, 28.223594 ], [ 85.361627, 28.223794 ], [ 85.361681, 28.223931 ], [ 85.361714, 28.224063 ], [ 85.361726, 28.224194 ], [ 85.361718, 28.224304 ], [ 85.361702, 28.224453 ], [ 85.361697, 28.224587 ], [ 85.361705, 28.224693 ], [ 85.361721, 28.224767 ], [ 85.361742, 28.224874 ], [ 85.361757, 28.224999 ], [ 85.361758, 28.225143 ], [ 85.361745, 28.22528 ], [ 85.36174, 28.225367 ], [ 85.361753, 28.225514 ], [ 85.361784, 28.225673 ], [ 85.361806, 28.225896 ], [ 85.36181, 28.226029 ], [ 85.361815, 28.22616 ], [ 85.361818, 28.226301 ] ] } },
{ "type": "Feature", "properties": { "name": null, "status": "Destroyed", "highway": "service", "surface": null }, "geometry": { "type": "LineString", "coordinates": [ [ 85.359616, 28.236599 ], [ 85.359566, 28.236404 ], [ 85.35955, 28.235971 ] ] } },
{ "type": "Feature", "properties": { "name": null, "status": "Destroyed", "highway": "residential", "surface": null }, "geometry": { "type": "LineString", "coordinates": [ [ 85.376098, 28.26519 ], [ 85.376008, 28.26528 ] ] } },
{ "type": "Feature", "properties": { "name": null, "status": "Destroyed", "highway": "path", "surface": null }, "geometry": { "type": "LineString", "coordinates": [ [ 85.185081, 27.972434 ], [ 85.183959, 27.972526 ] ] } },
{ "type": "Feature", "properties": { "name": null, "status": "Destroyed", "highway": "residential", "surface": null }, "geometry": { "type": "LineString", "coordinates": [ [ 85.171463, 27.962193 ], [ 85.171471, 27.962385 ], [ 85.171481, 27.962456 ], [ 85.171547, 27.96256 ], [ 85.171631, 27.962721 ], [ 85.171644, 27.962832 ] ] } },
{ "type": "Feature", "properties": { "name": null, "status": "Destroyed", "highway": "service", "surface": null }, "geometry": { "type": "LineString", "coordinates": [ [ 85.36564, 28.255167 ], [ 85.365504, 28.254582 ], [ 85.365526, 28.254268 ], [ 85.365473, 28.253646 ], [ 85.365397, 28.253055 ], [ 85.365394, 28.252607 ], [ 85.365412, 28.252383 ], [ 85.365466, 28.25213 ], [ 85.365624, 28.251725 ], [ 85.365704, 28.251519 ], [ 85.365921, 28.251114 ], [ 85.365961, 28.250933 ], [ 85.365962, 28.250891 ], [ 85.365975, 28.250816 ], [ 85.365998, 28.250406 ], [ 85.365954, 28.250083 ], [ 85.365876, 28.24988 ] ] } },
{ "type": "Feature", "properties": { "name": null, "status": "Destroyed", "highway": "path", "surface": null }, "geometry": { "type": "LineString", "coordinates": [ [ 85.342072, 28.181269 ], [ 85.341926, 28.181374 ], [ 85.34162, 28.181521 ], [ 85.341412, 28.181568 ], [ 85.341196, 28.181618 ], [ 85.341026, 28.181702 ], [ 85.340923, 28.181787 ], [ 85.340906, 28.181838 ], [ 85.340842, 28.181892 ], [ 85.340742, 28.181926 ], [ 85.340542, 28.181917 ], [ 85.340273, 28.181935 ], [ 85.340193, 28.181939 ] ] } },
{ "type": "Feature", "properties": { "name": null, "status": "Destroyed", "highway": "service", "surface": null }, "geometry": { "type": "LineString", "coordinates": [ [ 85.36751, 28.257407 ], [ 85.367278, 28.257505 ], [ 85.367223, 28.257479 ], [ 85.366733, 28.256855 ], [ 85.366685, 28.25683 ], [ 85.366657, 28.256826 ], [ 85.366627, 28.256841 ], [ 85.366618, 28.256866 ], [ 85.366619, 28.2569 ], [ 85.366664, 28.257182 ], [ 85.366657, 28.257225 ], [ 85.366637, 28.25725 ], [ 85.366602, 28.257259 ] ] } },
{ "type": "Feature", "properties": { "name": null, "status": "Destroyed", "highway": "unclassified", "surface": null }, "geometry": { "type": "LineString", "coordinates": [ [ 85.377684, 28.276576 ], [ 85.377748, 28.276672 ], [ 85.377891, 28.276897 ], [ 85.377948, 28.277023 ], [ 85.377988, 28.277145 ], [ 85.37802, 28.277242 ], [ 85.378059, 28.27736 ], [ 85.378168, 28.277716 ], [ 85.378232, 28.27796 ], [ 85.378239, 28.278147 ], [ 85.378227, 28.278256 ] ] } },
{ "type": "Feature", "properties": { "name": null, "status": "Destroyed", "highway": "unclassified", "surface": null }, "geometry": { "type": "LineString", "coordinates": [ [ 85.377553, 28.280027 ], [ 85.377883, 28.280003 ], [ 85.378358, 28.280119 ], [ 85.378696, 28.280234 ], [ 85.378968, 28.280342 ], [ 85.379343, 28.280552 ], [ 85.379603, 28.280698 ], [ 85.379903, 28.280853 ], [ 85.380231, 28.281022 ], [ 85.380581, 28.281156 ], [ 85.380899, 28.28125 ], [ 85.381167, 28.281612 ], [ 85.38133, 28.281901 ], [ 85.381591, 28.282095 ], [ 85.382584, 28.2824 ], [ 85.383139, 28.282985 ], [ 85.383857, 28.283419 ], [ 85.384344, 28.283611 ], [ 85.384891, 28.284022 ], [ 85.384936, 28.284039 ], [ 85.385514, 28.284259 ], [ 85.386165, 28.284567 ], [ 85.386443, 28.284765 ], [ 85.386562, 28.284897 ], [ 85.386558, 28.285019 ], [ 85.386508, 28.285338 ], [ 85.386668, 28.285647 ], [ 85.386895, 28.286203 ], [ 85.387367, 28.286537 ], [ 85.388547, 28.287207 ], [ 85.389414, 28.287759 ], [ 85.390699, 28.288437 ], [ 85.391242, 28.288416 ], [ 85.392697, 28.289318 ], [ 85.392947, 28.290404 ], [ 85.393659, 28.291125 ], [ 85.394166, 28.292056 ], [ 85.395029, 28.292776 ], [ 85.395835, 28.293809 ], [ 85.396112, 28.293884 ], [ 85.396206, 28.294192 ], [ 85.39629, 28.294276 ], [ 85.396721, 28.294713 ], [ 85.397053, 28.295399 ], [ 85.396988, 28.295635 ], [ 85.397189, 28.296277 ], [ 85.396981, 28.296851 ], [ 85.396923, 28.297085 ], [ 85.397049, 28.297495 ], [ 85.397247, 28.298249 ], [ 85.397447, 28.298541 ], [ 85.398174, 28.299083 ], [ 85.39872, 28.299231 ], [ 85.398878, 28.299274 ], [ 85.399291, 28.299474 ], [ 85.399688, 28.299513 ], [ 85.4, 28.299644 ], [ 85.400364, 28.299906 ], [ 85.400407, 28.30014 ], [ 85.400531, 28.300418 ], [ 85.401012, 28.3008 ], [ 85.401364, 28.301073 ], [ 85.401663, 28.301174 ], [ 85.401839, 28.301217 ], [ 85.402265, 28.301593 ], [ 85.402542, 28.3018 ], [ 85.402832, 28.301821 ], [ 85.403376, 28.3018 ], [ 85.403567, 28.301917 ], [ 85.403735, 28.302229 ], [ 85.404094, 28.302605 ], [ 85.404798, 28.30303 ], [ 85.405183, 28.303235 ], [ 85.405334, 28.303297 ], [ 85.405492, 28.303453 ], [ 85.406023, 28.303944 ], [ 85.4062, 28.30412 ], [ 85.406592, 28.304703 ], [ 85.406789, 28.3049 ], [ 85.407123, 28.304991 ], [ 85.407522, 28.305278 ], [ 85.407578, 28.305325 ], [ 85.407598, 28.305365 ], [ 85.407599, 28.305377 ], [ 85.407595, 28.305387 ], [ 85.407589, 28.305397 ], [ 85.407579, 28.305402 ], [ 85.407537, 28.305405 ], [ 85.407451, 28.305377 ], [ 85.407263, 28.305328 ], [ 85.407231, 28.305329 ], [ 85.407211, 28.305341 ], [ 85.407197, 28.305356 ], [ 85.407196, 28.30538 ], [ 85.407265, 28.305492 ], [ 85.407555, 28.305633 ], [ 85.407814, 28.305814 ], [ 85.407853, 28.305844 ], [ 85.407881, 28.305884 ], [ 85.407894, 28.305919 ], [ 85.407896, 28.305949 ], [ 85.407891, 28.305962 ], [ 85.40788, 28.305972 ], [ 85.407867, 28.305975 ], [ 85.407853, 28.305974 ], [ 85.407833, 28.305967 ], [ 85.407807, 28.305953 ], [ 85.407752, 28.305921 ], [ 85.407586, 28.305862 ], [ 85.407571, 28.30586 ], [ 85.407557, 28.305863 ], [ 85.407545, 28.305866 ], [ 85.407537, 28.305874 ], [ 85.407526, 28.305891 ], [ 85.407522, 28.305901 ], [ 85.407522, 28.305911 ], [ 85.407564, 28.305954 ], [ 85.407697, 28.306044 ], [ 85.407736, 28.306171 ], [ 85.407733, 28.306192 ], [ 85.407729, 28.306201 ], [ 85.40772, 28.306208 ], [ 85.407703, 28.306213 ], [ 85.407685, 28.30621 ], [ 85.407658, 28.306198 ], [ 85.407531, 28.306093 ], [ 85.407499, 28.306077 ], [ 85.407465, 28.30607 ], [ 85.407361, 28.306054 ], [ 85.4073, 28.306056 ], [ 85.407278, 28.306061 ], [ 85.40726, 28.306071 ], [ 85.407253, 28.306082 ], [ 85.407251, 28.306095 ], [ 85.407262, 28.306115 ], [ 85.407283, 28.306127 ], [ 85.4074, 28.306197 ], [ 85.407436, 28.306223 ], [ 85.407461, 28.306255 ], [ 85.407717, 28.306441 ] ] } },
{ "type": "Feature", "properties": { "name": null, "status": "Destroyed", "highway": "residential", "surface": null }, "geometry": { "type": "LineString", "coordinates": [ [ 85.375967, 28.264988 ], [ 85.376039, 28.265043 ], [ 85.376055, 28.265055 ], [ 85.376085, 28.265105 ], [ 85.376092, 28.265182 ], [ 85.376098, 28.26519 ], [ 85.376181, 28.265299 ], [ 85.376238, 28.26539 ], [ 85.376274, 28.265402 ], [ 85.376405, 28.265374 ], [ 85.376545, 28.265366 ], [ 85.376621, 28.265397 ], [ 85.376652, 28.265434 ], [ 85.376695, 28.265486 ] ] } },
{ "type": "Feature", "properties": { "name": null, "status": "Destroyed", "highway": "service", "surface": null }, "geometry": { "type": "LineString", "coordinates": [ [ 85.378638, 28.272468 ], [ 85.378692, 28.272291 ], [ 85.378713, 28.272079 ], [ 85.378737, 28.271818 ], [ 85.378736, 28.271801 ], [ 85.378731, 28.271619 ], [ 85.378664, 28.27131 ] ] } },
{ "type": "Feature", "properties": { "name": null, "status": "Destroyed", "highway": "service", "surface": null }, "geometry": { "type": "LineString", "coordinates": [ [ 85.376759, 28.265706 ], [ 85.376695, 28.265486 ] ] } },
{ "type": "Feature", "properties": { "name": null, "status": "Destroyed", "highway": "service", "surface": null }, "geometry": { "type": "LineString", "coordinates": [ [ 85.378071, 28.269828 ], [ 85.378195, 28.269971 ], [ 85.378269, 28.270018 ], [ 85.378337, 28.270181 ], [ 85.37837, 28.270236 ], [ 85.378472, 28.270273 ], [ 85.378472, 28.270393 ], [ 85.378521, 28.270443 ], [ 85.378565, 28.270502 ], [ 85.378613, 28.27062 ], [ 85.37865, 28.270643 ], [ 85.37869, 28.27063 ], [ 85.378754, 28.270571 ], [ 85.378861, 28.270543 ], [ 85.378947, 28.270592 ], [ 85.378943, 28.270633 ], [ 85.378912, 28.270668 ] ] } },
{ "type": "Feature", "properties": { "name": null, "status": "Destroyed", "highway": "path", "surface": null }, "geometry": { "type": "LineString", "coordinates": [ [ 85.378731, 28.271619 ], [ 85.378903, 28.271684 ], [ 85.378999, 28.271934 ], [ 85.379072, 28.272092 ], [ 85.379062, 28.27227 ], [ 85.378982, 28.272475 ], [ 85.378974, 28.272688 ], [ 85.37893, 28.272823 ], [ 85.378888, 28.273058 ], [ 85.378802, 28.273231 ], [ 85.378681, 28.273485 ], [ 85.3786, 28.273652 ], [ 85.378507, 28.273719 ], [ 85.378423, 28.273729 ], [ 85.378306, 28.273664 ] ] } },
{ "type": "Feature", "properties": { "name": null, "status": "Destroyed", "highway": "trunk", "surface": "concrete" }, "geometry": { "type": "LineString", "coordinates": [ [ 85.377863, 28.279319 ], [ 85.377897, 28.279232 ] ] } },
{ "type": "Feature", "properties": { "name": null, "status": "Destroyed", "highway": "trunk", "surface": "concrete" }, "geometry": { "type": "LineString", "coordinates": [ [ 85.377777, 28.279294 ], [ 85.37776, 28.279336 ] ] } },
{ "type": "Feature", "properties": { "name": null, "status": "Destroyed", "highway": "trunk", "surface": "concrete" }, "geometry": { "type": "LineString", "coordinates": [ [ 85.377831, 28.279402 ], [ 85.377846, 28.279362 ] ] } },
{ "type": "Feature", "properties": { "name": null, "status": "Destroyed", "highway": "trunk", "surface": "concrete" }, "geometry": { "type": "LineString", "coordinates": [ [ 85.377743, 28.279629 ], [ 85.377769, 28.279562 ] ] } },
{ "type": "Feature", "properties": { "name": null, "status": "Destroyed", "highway": "unclassified", "surface": null }, "geometry": { "type": "LineString", "coordinates": [ [ 85.358409, 28.240796 ], [ 85.358428, 28.240845 ], [ 85.358437, 28.240917 ], [ 85.358411, 28.240995 ], [ 85.358389, 28.241078 ], [ 85.35838, 28.241111 ], [ 85.358355, 28.241179 ], [ 85.358362, 28.241243 ], [ 85.358397, 28.24133 ], [ 85.358479, 28.241331 ], [ 85.358687, 28.241351 ], [ 85.358822, 28.241332 ] ] } },
{ "type": "Feature", "properties": { "name": null, "status": "Destroyed", "highway": "service", "surface": null }, "geometry": { "type": "LineString", "coordinates": [ [ 85.332448, 28.157837 ], [ 85.332372, 28.157805 ], [ 85.332308, 28.157745 ], [ 85.332278, 28.157657 ], [ 85.332282, 28.15758 ], [ 85.332257, 28.157522 ], [ 85.332074, 28.157445 ] ] } },
{ "type": "Feature", "properties": { "name": null, "status": "Destroyed", "highway": "service", "surface": null }, "geometry": { "type": "LineString", "coordinates": [ [ 85.377509, 28.279114 ], [ 85.37759, 28.279139 ], [ 85.377812, 28.279206 ], [ 85.377897, 28.279232 ], [ 85.377977, 28.279256 ], [ 85.378122, 28.279301 ], [ 85.378261, 28.279343 ] ] } },
{ "type": "Feature", "properties": { "name": null, "status": "Destroyed", "highway": "trunk", "surface": "concrete" }, "geometry": { "type": "LineString", "coordinates": [ [ 85.377846, 28.279362 ], [ 85.377849, 28.279355 ], [ 85.37786, 28.279326 ], [ 85.377863, 28.279319 ] ] } },
{ "type": "Feature", "properties": { "name": null, "status": "Destroyed", "highway": "service", "surface": null }, "geometry": { "type": "LineString", "coordinates": [ [ 85.365984, 28.256467 ], [ 85.365845, 28.256101 ], [ 85.365877, 28.255786 ], [ 85.365873, 28.255669 ] ] } },
{ "type": "Feature", "properties": { "name": null, "status": "Destroyed", "highway": "service", "surface": null }, "geometry": { "type": "LineString", "coordinates": [ [ 85.377664, 28.26923 ], [ 85.377657, 28.269087 ], [ 85.377592, 28.268992 ] ] } },
{ "type": "Feature", "properties": { "name": null, "status": "Destroyed", "highway": "service", "surface": null }, "geometry": { "type": "LineString", "coordinates": [ [ 85.376813, 28.270372 ], [ 85.376895, 28.270437 ], [ 85.377119, 28.270404 ], [ 85.377212, 28.270437 ], [ 85.377247, 28.270536 ], [ 85.377189, 28.270691 ], [ 85.377176, 28.270823 ], [ 85.377156, 28.270902 ], [ 85.377222, 28.271055 ], [ 85.377255, 28.271258 ], [ 85.377281, 28.271511 ], [ 85.377284, 28.271725 ], [ 85.377259, 28.271819 ], [ 85.377208, 28.271992 ], [ 85.37715, 28.272232 ], [ 85.377108, 28.27242 ], [ 85.377119, 28.272586 ], [ 85.377091, 28.272704 ] ] } },
{ "type": "Feature", "properties": { "name": null, "status": "Destroyed", "highway": "service", "surface": null }, "geometry": { "type": "LineString", "coordinates": [ [ 85.376705, 28.274736 ], [ 85.376473, 28.274598 ], [ 85.376417, 28.274418 ], [ 85.376572, 28.27396 ], [ 85.37657, 28.273693 ], [ 85.376639, 28.273504 ], [ 85.376632, 28.273331 ], [ 85.37656, 28.273201 ], [ 85.376585, 28.273067 ], [ 85.376754, 28.272914 ], [ 85.376736, 28.27288 ], [ 85.376696, 28.272841 ] ] } },
{ "type": "Feature", "properties": { "name": null, "status": "Destroyed", "highway": "path", "surface": null }, "geometry": { "type": "LineString", "coordinates": [ [ 85.375557, 28.26555 ], [ 85.375499, 28.265622 ], [ 85.375564, 28.265722 ], [ 85.375649, 28.26586 ], [ 85.375711, 28.26597 ], [ 85.375807, 28.266055 ] ] } },
{ "type": "Feature", "properties": { "name": null, "status": "Destroyed", "highway": "path", "surface": null }, "geometry": { "type": "LineString", "coordinates": [ [ 85.378822, 28.270242 ], [ 85.378685, 28.270068 ], [ 85.378642, 28.269938 ], [ 85.378474, 28.269788 ], [ 85.378275, 28.269625 ], [ 85.378226, 28.269568 ], [ 85.378153, 28.26955 ], [ 85.378058, 28.269387 ], [ 85.377981, 28.269319 ], [ 85.377912, 28.269222 ], [ 85.377697, 28.269269 ] ] } },
{ "type": "Feature", "properties": { "name": null, "status": "Destroyed", "highway": "path", "surface": null }, "geometry": { "type": "LineString", "coordinates": [ [ 85.376301, 28.26635 ], [ 85.376336, 28.266597 ], [ 85.376279, 28.266715 ], [ 85.376198, 28.266808 ], [ 85.376242, 28.266911 ], [ 85.376351, 28.266958 ], [ 85.376529, 28.26691 ] ] } },
{ "type": "Feature", "properties": { "name": null, "status": "Destroyed", "highway": "service", "surface": null }, "geometry": { "type": "LineString", "coordinates": [ [ 85.37715, 28.272232 ], [ 85.377269, 28.272459 ], [ 85.37741, 28.272604 ], [ 85.377486, 28.272644 ], [ 85.377486, 28.272679 ], [ 85.37749, 28.27284 ], [ 85.377381, 28.273069 ], [ 85.377433, 28.273294 ], [ 85.377412, 28.273501 ], [ 85.377338, 28.273709 ], [ 85.377322, 28.273867 ] ] } },
{ "type": "Feature", "properties": { "name": null, "status": "Destroyed", "highway": "service", "surface": null }, "geometry": { "type": "LineString", "coordinates": [ [ 85.369594, 28.259114 ], [ 85.369425, 28.259085 ], [ 85.369025, 28.258884 ], [ 85.368629, 28.258707 ], [ 85.368161, 28.258501 ], [ 85.367933, 28.258399 ], [ 85.3673, 28.258289 ], [ 85.367131, 28.258311 ], [ 85.366908, 28.258328 ] ] } },
{ "type": "Feature", "properties": { "name": null, "status": "Destroyed", "highway": "path", "surface": null }, "geometry": { "type": "LineString", "coordinates": [ [ 85.371716, 28.261526 ], [ 85.371493, 28.261429 ], [ 85.371423, 28.261284 ], [ 85.371313, 28.261111 ], [ 85.371212, 28.260989 ], [ 85.37113, 28.26091 ], [ 85.371005, 28.260826 ], [ 85.370974, 28.260735 ], [ 85.370854, 28.260669 ], [ 85.370701, 28.260601 ], [ 85.370642, 28.260498 ], [ 85.370616, 28.260385 ], [ 85.370455, 28.26024 ], [ 85.37033, 28.2601 ], [ 85.370276, 28.259995 ], [ 85.370169, 28.259857 ], [ 85.370009, 28.259668 ], [ 85.3701, 28.259543 ] ] } },
{ "type": "Feature", "properties": { "name": null, "status": "Destroyed", "highway": "path", "surface": null }, "geometry": { "type": "LineString", "coordinates": [ [ 85.113416, 27.864187 ], [ 85.113081, 27.86438 ], [ 85.113028, 27.864719 ], [ 85.113057, 27.864879 ], [ 85.113114, 27.86513 ], [ 85.113088, 27.865261 ], [ 85.113163, 27.865483 ] ] } },
{ "type": "Feature", "properties": { "name": null, "status": "Destroyed", "highway": "path", "surface": null }, "geometry": { "type": "LineString", "coordinates": [ [ 85.314868, 28.14649 ], [ 85.315522, 28.146722 ], [ 85.315951, 28.146959 ], [ 85.316407, 28.147133 ], [ 85.316632, 28.147185 ], [ 85.316895, 28.14719 ], [ 85.317061, 28.147351 ], [ 85.317249, 28.147446 ], [ 85.3175, 28.147519 ] ] } },
{ "type": "Feature", "properties": { "name": null, "status": "Destroyed", "highway": "primary", "surface": null }, "geometry": { "type": "LineString", "coordinates": [ [ 85.342123, 28.181347 ], [ 85.342431, 28.181804 ] ] } },
{ "type": "Feature", "properties": { "name": null, "status": "Destroyed", "highway": "path", "surface": null }, "geometry": { "type": "LineString", "coordinates": [ [ 85.33765, 28.164611 ], [ 85.337851, 28.164609 ], [ 85.337878, 28.1646 ], [ 85.338074, 28.164535 ], [ 85.338099, 28.164533 ], [ 85.338356, 28.16457 ], [ 85.33855, 28.164555 ], [ 85.338748, 28.164561 ], [ 85.338892, 28.164542 ] ] } },
{ "type": "Feature", "properties": { "name": null, "status": "Destroyed", "highway": "track", "surface": null }, "geometry": { "type": "LineString", "coordinates": [ [ 85.161431, 27.948238 ], [ 85.1611, 27.947668 ], [ 85.160712, 27.947376 ], [ 85.160378, 27.947174 ], [ 85.160307, 27.947105 ], [ 85.160276, 27.947015 ], [ 85.160251, 27.946914 ], [ 85.160241, 27.946782 ], [ 85.160156, 27.946533 ], [ 85.159797, 27.945956 ], [ 85.159515, 27.945554 ], [ 85.159329, 27.945288 ], [ 85.158936, 27.94466 ], [ 85.158819, 27.944444 ], [ 85.158703, 27.944229 ] ] } },
{ "type": "Feature", "properties": { "name": null, "status": "Destroyed", "highway": "track", "surface": null }, "geometry": { "type": "LineString", "coordinates": [ [ 85.173421, 27.966151 ], [ 85.173299, 27.966476 ], [ 85.173212, 27.966529 ], [ 85.173034, 27.96651 ], [ 85.172866, 27.9665 ], [ 85.172666, 27.966516 ], [ 85.172573, 27.966525 ], [ 85.172443, 27.966492 ], [ 85.172308, 27.966442 ], [ 85.172168, 27.966339 ], [ 85.172031, 27.966275 ], [ 85.171873, 27.966271 ], [ 85.171776, 27.966289 ], [ 85.171712, 27.966287 ], [ 85.171623, 27.966356 ], [ 85.171481, 27.966547 ] ] } },
{ "type": "Feature", "properties": { "name": null, "status": "Destroyed", "highway": "primary", "surface": null }, "geometry": { "type": "LineString", "coordinates": [ [ 85.342198, 28.166097 ], [ 85.342355, 28.166381 ], [ 85.342398, 28.166754 ], [ 85.342214, 28.167295 ], [ 85.342059, 28.167732 ], [ 85.341963, 28.168157 ], [ 85.342082, 28.168796 ], [ 85.342115, 28.169506 ], [ 85.342261, 28.170286 ], [ 85.342336, 28.170738 ], [ 85.342301, 28.171168 ], [ 85.342365, 28.171819 ], [ 85.342398, 28.172623 ], [ 85.342567, 28.173427 ], [ 85.342602, 28.173838 ], [ 85.34262, 28.174347 ], [ 85.342351, 28.17566 ], [ 85.342282, 28.176586 ], [ 85.342313, 28.178085 ], [ 85.34222, 28.178649 ], [ 85.342162, 28.179191 ], [ 85.342137, 28.179831 ], [ 85.342074, 28.180526 ], [ 85.342041, 28.181029 ], [ 85.342072, 28.181269 ], [ 85.342123, 28.181347 ] ] } },
{ "type": "Feature", "properties": { "name": null, "status": "Destroyed", "highway": "path", "surface": null }, "geometry": { "type": "LineString", "coordinates": [ [ 85.345597, 28.16148 ], [ 85.345696, 28.161482 ], [ 85.345831, 28.161471 ], [ 85.346027, 28.16133 ], [ 85.346194, 28.161341 ], [ 85.346199, 28.161481 ], [ 85.346113, 28.161526 ], [ 85.346033, 28.161634 ], [ 85.345948, 28.161823 ], [ 85.345909, 28.161961 ], [ 85.345828, 28.1621 ], [ 85.345811, 28.162222 ], [ 85.345301, 28.162623 ], [ 85.345022, 28.162738 ], [ 85.344514, 28.162723 ], [ 85.344094, 28.163061 ], [ 85.343706, 28.163277 ], [ 85.343679, 28.163358 ], [ 85.343679, 28.163407 ] ] } },
{ "type": "Feature", "properties": { "name": null, "status": "Destroyed", "highway": "path", "surface": null }, "geometry": { "type": "LineString", "coordinates": [ [ 85.343239, 28.182402 ], [ 85.343841, 28.182211 ] ] } },
{ "type": "Feature", "properties": { "name": null, "status": "Destroyed", "highway": "path", "surface": null }, "geometry": { "type": "LineString", "coordinates": [ [ 85.357866, 28.239874 ], [ 85.358116, 28.239843 ] ] } },
{ "type": "Feature", "properties": { "name": null, "status": "Destroyed", "highway": "service", "surface": null }, "geometry": { "type": "LineString", "coordinates": [ [ 85.359517, 28.236732 ], [ 85.359557, 28.236918 ], [ 85.359539, 28.237021 ], [ 85.359492, 28.237124 ], [ 85.359452, 28.237323 ], [ 85.359453, 28.23742 ], [ 85.359404, 28.237519 ], [ 85.359363, 28.237546 ] ] } },
{ "type": "Feature", "properties": { "name": null, "status": "Destroyed", "highway": "service", "surface": null }, "geometry": { "type": "LineString", "coordinates": [ [ 85.358599, 28.240355 ], [ 85.358567, 28.240262 ], [ 85.358541, 28.240103 ], [ 85.358547, 28.240048 ] ] } },
{ "type": "Feature", "properties": { "name": null, "status": "Destroyed", "highway": "path", "surface": null }, "geometry": { "type": "LineString", "coordinates": [ [ 85.375215, 28.265349 ], [ 85.375261, 28.265356 ], [ 85.375286, 28.265401 ], [ 85.375293, 28.265476 ], [ 85.375389, 28.265555 ], [ 85.375499, 28.265622 ] ] } },
{ "type": "Feature", "properties": { "name": null, "status": "Destroyed", "highway": "unclassified", "surface": null }, "geometry": { "type": "LineString", "coordinates": [ [ 85.342523, 28.18205 ], [ 85.342064, 28.182112 ], [ 85.341861, 28.182201 ], [ 85.341677, 28.182369 ], [ 85.34141, 28.182477 ], [ 85.341104, 28.182528 ], [ 85.340881, 28.182486 ], [ 85.340774, 28.1825 ], [ 85.340626, 28.182567 ], [ 85.340518, 28.182578 ], [ 85.340453, 28.182575 ], [ 85.340122, 28.182331 ], [ 85.339989, 28.182224 ], [ 85.339797, 28.182177 ], [ 85.339708, 28.182162 ], [ 85.339294, 28.182248 ], [ 85.339201, 28.182294 ], [ 85.339179, 28.18237 ], [ 85.33927, 28.182422 ], [ 85.339398, 28.182442 ], [ 85.339521, 28.182473 ], [ 85.33958, 28.182532 ], [ 85.339439, 28.182617 ], [ 85.339312, 28.182676 ], [ 85.339156, 28.182702 ], [ 85.338997, 28.182598 ], [ 85.338821, 28.182559 ], [ 85.33877, 28.182604 ], [ 85.338795, 28.18266 ], [ 85.338897, 28.182768 ], [ 85.338977, 28.18281 ], [ 85.338941, 28.182839 ], [ 85.338901, 28.182854 ], [ 85.338818, 28.182822 ], [ 85.338708, 28.18283 ], [ 85.33853, 28.182832 ], [ 85.338272, 28.18279 ] ] } },
{ "type": "Feature", "properties": { "name": null, "status": "Destroyed", "highway": "primary", "surface": "compacted" }, "geometry": { "type": "LineString", "coordinates": [ [ 85.35896, 28.237749 ], [ 85.358906, 28.237853 ], [ 85.358894, 28.237994 ], [ 85.358872, 28.238244 ], [ 85.358856, 28.238471 ], [ 85.358856, 28.238673 ], [ 85.358856, 28.238804 ], [ 85.358848, 28.238913 ], [ 85.358829, 28.239081 ], [ 85.358795, 28.239216 ], [ 85.358793, 28.239331 ], [ 85.358809, 28.239438 ], [ 85.358813, 28.239522 ], [ 85.358793, 28.239684 ], [ 85.358777, 28.239843 ], [ 85.358777, 28.239993 ], [ 85.358788, 28.240249 ], [ 85.358788, 28.240521 ], [ 85.358792, 28.240568 ], [ 85.358806, 28.240736 ], [ 85.358806, 28.240928 ], [ 85.358802, 28.241064 ], [ 85.358822, 28.241332 ], [ 85.358826, 28.241413 ], [ 85.358852, 28.241614 ], [ 85.35888, 28.241864 ], [ 85.358888, 28.242033 ], [ 85.35891, 28.242339 ], [ 85.358933, 28.242492 ], [ 85.358971, 28.242661 ], [ 85.358996, 28.242784 ], [ 85.359023, 28.242915 ], [ 85.359064, 28.243027 ], [ 85.359091, 28.243161 ], [ 85.359168, 28.243295 ], [ 85.359242, 28.243388 ], [ 85.359304, 28.24348 ], [ 85.359437, 28.243599 ], [ 85.359531, 28.243687 ], [ 85.359701, 28.243922 ], [ 85.359893, 28.244121 ], [ 85.360001, 28.244183 ], [ 85.360083, 28.244225 ], [ 85.360215, 28.244295 ], [ 85.360273, 28.244344 ], [ 85.36044, 28.244452 ], [ 85.360631, 28.244501 ], [ 85.360793, 28.244537 ], [ 85.36092, 28.244581 ], [ 85.361084, 28.24466 ], [ 85.361196, 28.244713 ], [ 85.361326, 28.244805 ], [ 85.361427, 28.244896 ], [ 85.361538, 28.24499 ], [ 85.361684, 28.245077 ], [ 85.361953, 28.245246 ], [ 85.362142, 28.245365 ], [ 85.362305, 28.245491 ], [ 85.362422, 28.245588 ], [ 85.362553, 28.245685 ], [ 85.362808, 28.24585 ], [ 85.363024, 28.245977 ], [ 85.363186, 28.246081 ], [ 85.363331, 28.246184 ], [ 85.363471, 28.246303 ], [ 85.363631, 28.246472 ], [ 85.363762, 28.246611 ], [ 85.363816, 28.246722 ], [ 85.363888, 28.246873 ], [ 85.363935, 28.246961 ], [ 85.363968, 28.247068 ], [ 85.364022, 28.247231 ], [ 85.364144, 28.247488 ], [ 85.364215, 28.247672 ], [ 85.364291, 28.247881 ], [ 85.364371, 28.248063 ], [ 85.364437, 28.248217 ], [ 85.364517, 28.248377 ], [ 85.364603, 28.248485 ], [ 85.364676, 28.248563 ], [ 85.36474, 28.248631 ], [ 85.36484, 28.24873 ], [ 85.365081, 28.248946 ], [ 85.36525, 28.249122 ], [ 85.365543, 28.249359 ], [ 85.365619, 28.249429 ], [ 85.365712, 28.249558 ], [ 85.365808, 28.249745 ], [ 85.365876, 28.24988 ], [ 85.366026, 28.250086 ], [ 85.366083, 28.250276 ], [ 85.366134, 28.25046 ], [ 85.366214, 28.250691 ], [ 85.366254, 28.250837 ], [ 85.366267, 28.250883 ], [ 85.36623, 28.250982 ], [ 85.366208, 28.251102 ], [ 85.366157, 28.251255 ], [ 85.366076, 28.251497 ], [ 85.366008, 28.251697 ], [ 85.365898, 28.251956 ], [ 85.365846, 28.252131 ], [ 85.365807, 28.25228 ], [ 85.3658, 28.252444 ], [ 85.365786, 28.252716 ], [ 85.365796, 28.252872 ], [ 85.365793, 28.253083 ], [ 85.365833, 28.253209 ], [ 85.36584, 28.253279 ], [ 85.365878, 28.253404 ], [ 85.365912, 28.253561 ], [ 85.365958, 28.253708 ], [ 85.366021, 28.253839 ], [ 85.36603, 28.253858 ], [ 85.366078, 28.253957 ], [ 85.366146, 28.254077 ], [ 85.366254, 28.254263 ], [ 85.366283, 28.254378 ], [ 85.36636, 28.254512 ], [ 85.366522, 28.254946 ], [ 85.366538, 28.254986 ], [ 85.366645, 28.255203 ], [ 85.366759, 28.255445 ], [ 85.366788, 28.25561 ], [ 85.366797, 28.255779 ], [ 85.36685, 28.255939 ], [ 85.366883, 28.255969 ], [ 85.366993, 28.256319 ], [ 85.367089, 28.256564 ], [ 85.367143, 28.25673 ], [ 85.367244, 28.257046 ], [ 85.3673, 28.257205 ], [ 85.367366, 28.257296 ], [ 85.367436, 28.257338 ], [ 85.36751, 28.257407 ], [ 85.367573, 28.257481 ], [ 85.367612, 28.257562 ], [ 85.367695, 28.257687 ], [ 85.367772, 28.257789 ], [ 85.367835, 28.257888 ], [ 85.367853, 28.25796 ], [ 85.367871, 28.258015 ], [ 85.367912, 28.258067 ], [ 85.368011, 28.258154 ], [ 85.3682, 28.25828 ], [ 85.368408, 28.258397 ], [ 85.368649, 28.258538 ], [ 85.368913, 28.258683 ], [ 85.369177, 28.258828 ], [ 85.369376, 28.258955 ], [ 85.369515, 28.259046 ], [ 85.369594, 28.259114 ], [ 85.369682, 28.259197 ], [ 85.369779, 28.259283 ], [ 85.369869, 28.259342 ], [ 85.369953, 28.25939 ], [ 85.370066, 28.259442 ], [ 85.370207, 28.259491 ], [ 85.370305, 28.259531 ], [ 85.370394, 28.259596 ], [ 85.370563, 28.259736 ], [ 85.370686, 28.259871 ], [ 85.370747, 28.25996 ], [ 85.37079, 28.260042 ], [ 85.370844, 28.260141 ], [ 85.370864, 28.260254 ], [ 85.370914, 28.260324 ], [ 85.370977, 28.260385 ], [ 85.371062, 28.260449 ], [ 85.371162, 28.260507 ], [ 85.371229, 28.260558 ], [ 85.371306, 28.26063 ], [ 85.371358, 28.260697 ], [ 85.371403, 28.260755 ], [ 85.371505, 28.260826 ], [ 85.371577, 28.260876 ], [ 85.371683, 28.260956 ], [ 85.371759, 28.261033 ], [ 85.371868, 28.261166 ], [ 85.371985, 28.261265 ], [ 85.372129, 28.261351 ], [ 85.372265, 28.261426 ], [ 85.372414, 28.261496 ], [ 85.372565, 28.261567 ], [ 85.372754, 28.261641 ], [ 85.372932, 28.261732 ], [ 85.373083, 28.261847 ], [ 85.373162, 28.261943 ], [ 85.373223, 28.262018 ], [ 85.373284, 28.262112 ], [ 85.37332, 28.262209 ], [ 85.373379, 28.262342 ], [ 85.373433, 28.262455 ], [ 85.373503, 28.262608 ], [ 85.373652, 28.263172 ], [ 85.373659, 28.263298 ], [ 85.373651, 28.26345 ], [ 85.373659, 28.26351 ], [ 85.373654, 28.263629 ], [ 85.37365, 28.263725 ], [ 85.373643, 28.263818 ], [ 85.373638, 28.263935 ], [ 85.373645, 28.263984 ], [ 85.373654, 28.264056 ], [ 85.373672, 28.264142 ], [ 85.373706, 28.264215 ], [ 85.373751, 28.264281 ], [ 85.37381, 28.264345 ], [ 85.373875, 28.264408 ], [ 85.373941, 28.264464 ], [ 85.373999, 28.264511 ], [ 85.374076, 28.264565 ], [ 85.374126, 28.264601 ], [ 85.374245, 28.264664 ], [ 85.374374, 28.26474 ], [ 85.374531, 28.264843 ], [ 85.374685, 28.264943 ], [ 85.374867, 28.26505 ], [ 85.375023, 28.265131 ], [ 85.37517, 28.265225 ], [ 85.375298, 28.265324 ], [ 85.375463, 28.265473 ], [ 85.375557, 28.26555 ], [ 85.375589, 28.265576 ], [ 85.375734, 28.265715 ], [ 85.375853, 28.265815 ] ] } }
]
}
