{
"type": "FeatureCollection",
"name": "waterways",
"crs": { "type": "name", "properties": { "name": "urn:ogc:def:crs:OGC:1.3:CRS84" } },
"xy_coordinate_resolution": 1e-06,
"features": [
{ "type": "Feature", "properties": { "name": null, "waterway": "waterfall" }, "geometry": { "type": "Point", "coordinates": [ 85.327533, 28.151862 ] } },
{ "type": "Feature", "properties": { "name": null, "waterway": "weir" }, "geometry": { "type": "Point", "coordinates": [ 85.158701, 27.941069 ] } },
{ "type": "Feature", "properties": { "name": null, "waterway": "weir" }, "geometry": { "type": "Point", "coordinates": [ 85.158593, 27.944253 ] } },
{ "type": "Feature", "properties": { "name": null, "waterway": "weir" }, "geometry": { "type": "Point", "coordinates": [ 85.158507, 27.944043 ] } },
{ "type": "Feature", "properties": { "name": "त्रिशुली नदी", "waterway": "river" }, "geometry": { "type": "LineString", "coordinates": [ [ 84.642217, 27.860343 ], [ 84.641341, 27.860248 ], [ 84.639758, 27.859677 ], [ 84.635992, 27.860258 ], [ 84.634981, 27.860706 ], [ 84.63459, 27.861003 ], [ 84.634285, 27.861418 ], [ 84.633944, 27.862965 ], [ 84.633195, 27.869046 ], [ 84.633106, 27.86929 ], [ 84.632733, 27.869517 ], [ 84.631559, 27.869734 ], [ 84.629203, 27.870509 ], [ 84.627274, 27.872428 ], [ 84.626931, 27.872994 ], [ 84.626845, 27.873332 ], [ 84.626978, 27.87394 ], [ 84.627512, 27.87477 ], [ 84.627591, 27.875065 ], [ 84.627433, 27.876265 ], [ 84.627358, 27.877694 ], [ 84.627283, 27.877922 ], [ 84.626567, 27.878541 ], [ 84.624124, 27.880025 ], [ 84.62317, 27.880364 ], [ 84.621294, 27.880751 ], [ 84.619998, 27.8809 ], [ 84.619146, 27.880808 ], [ 84.618662, 27.88061 ], [ 84.618075, 27.880185 ], [ 84.617054, 27.878591 ], [ 84.616754, 27.878251 ], [ 84.61484, 27.876868 ], [ 84.614245, 27.876158 ], [ 84.614074, 27.875832 ], [ 84.613971, 27.875225 ], [ 84.613966, 27.873376 ], [ 84.613658, 27.872898 ], [ 84.612951, 27.872645 ], [ 84.607341, 27.871511 ], [ 84.606691, 27.871536 ], [ 84.606103, 27.871668 ], [ 84.605259, 27.87205 ], [ 84.605001, 27.87226 ], [ 84.604498, 27.872763 ], [ 84.60416, 27.873318 ], [ 84.60366, 27.874852 ], [ 84.603226, 27.87552 ], [ 84.602833, 27.875871 ], [ 84.602284, 27.876091 ], [ 84.601794, 27.876179 ], [ 84.599584, 27.87635 ], [ 84.599029, 27.876337 ], [ 84.59818, 27.876117 ], [ 84.59711, 27.876097 ], [ 84.595618, 27.876469 ], [ 84.594022, 27.87732 ], [ 84.592317, 27.879108 ], [ 84.59177, 27.87954 ], [ 84.590838, 27.879924 ], [ 84.590318, 27.880011 ], [ 84.589932, 27.879967 ], [ 84.589412, 27.879753 ], [ 84.589092, 27.879507 ], [ 84.588707, 27.879015 ], [ 84.587481, 27.878592 ], [ 84.587093, 27.878374 ], [ 84.58618, 27.877754 ], [ 84.58469, 27.876406 ], [ 84.583568, 27.875829 ] ] } },
{ "type": "Feature", "properties": { "name": null, "waterway": "stream" }, "geometry": { "type": "LineString", "coordinates": [ [ 85.178739, 27.966493 ], [ 85.178365, 27.966423 ] ] } },
{ "type": "Feature", "properties": { "name": "Chilime Khola", "waterway": "river" }, "geometry": { "type": "LineString", "coordinates": [ [ 85.284912, 28.216606 ], [ 85.285317, 28.216151 ], [ 85.285443, 28.215641 ], [ 85.285848, 28.215088 ], [ 85.285879, 28.214729 ], [ 85.286115, 28.214399 ], [ 85.286564, 28.214019 ], [ 85.287198, 28.21321 ], [ 85.288014, 28.212708 ], [ 85.288531, 28.212261 ], [ 85.288706, 28.211953 ], [ 85.2892, 28.211796 ], [ 85.289618, 28.211141 ], [ 85.290026, 28.210908 ], [ 85.290502, 28.209758 ], [ 85.290684, 28.209105 ], [ 85.290643, 28.208713 ], [ 85.290742, 28.208381 ], [ 85.290711, 28.208184 ], [ 85.290488, 28.207381 ], [ 85.290214, 28.207034 ], [ 85.289717, 28.206136 ], [ 85.289621, 28.205668 ], [ 85.289642, 28.205345 ], [ 85.289803, 28.204937 ], [ 85.289628, 28.204602 ], [ 85.28957, 28.20388 ], [ 85.290006, 28.203149 ], [ 85.289933, 28.20292 ], [ 85.290035, 28.202628 ], [ 85.290008, 28.202029 ], [ 85.290118, 28.201657 ], [ 85.29013, 28.201224 ], [ 85.290434, 28.200931 ], [ 85.290338, 28.200319 ], [ 85.290416, 28.200055 ], [ 85.290518, 28.199973 ], [ 85.290578, 28.199519 ], [ 85.290792, 28.199299 ], [ 85.291235, 28.199184 ], [ 85.291397, 28.199054 ], [ 85.291568, 28.198734 ], [ 85.291602, 28.198276 ], [ 85.291472, 28.198126 ], [ 85.291093, 28.197939 ], [ 85.291096, 28.197686 ], [ 85.291292, 28.197391 ], [ 85.291461, 28.197391 ], [ 85.291904, 28.197145 ], [ 85.292074, 28.196694 ], [ 85.292182, 28.19659 ], [ 85.292085, 28.196423 ], [ 85.292277, 28.195918 ], [ 85.292787, 28.195349 ], [ 85.293499, 28.194856 ], [ 85.29368, 28.194341 ], [ 85.294601, 28.192795 ], [ 85.294599, 28.192628 ], [ 85.294833, 28.192545 ], [ 85.295382, 28.192137 ], [ 85.295496, 28.191883 ], [ 85.295798, 28.191843 ], [ 85.296282, 28.19149 ], [ 85.296686, 28.191447 ], [ 85.296976, 28.191605 ], [ 85.29735, 28.191551 ], [ 85.297591, 28.191453 ], [ 85.297721, 28.191305 ], [ 85.297874, 28.190983 ], [ 85.297806, 28.190617 ], [ 85.297894, 28.190145 ], [ 85.298284, 28.189641 ], [ 85.298496, 28.189002 ], [ 85.299335, 28.188362 ], [ 85.299376, 28.188127 ], [ 85.299198, 28.187743 ], [ 85.299187, 28.18743 ], [ 85.299303, 28.187118 ], [ 85.299518, 28.186829 ], [ 85.300107, 28.186462 ], [ 85.300971, 28.185149 ], [ 85.301371, 28.184965 ], [ 85.302031, 28.184896 ], [ 85.303252, 28.184455 ], [ 85.303482, 28.184344 ], [ 85.304232, 28.183681 ], [ 85.30509, 28.183657 ], [ 85.305515, 28.183496 ], [ 85.305656, 28.183235 ], [ 85.305801, 28.182574 ], [ 85.306519, 28.181958 ], [ 85.307247, 28.181171 ], [ 85.307797, 28.181034 ], [ 85.308303, 28.180771 ], [ 85.3083, 28.18016 ], [ 85.308854, 28.179869 ], [ 85.30914, 28.179468 ], [ 85.309316, 28.179365 ], [ 85.309998, 28.17985 ], [ 85.311166, 28.180276 ], [ 85.312294, 28.180559 ], [ 85.313603, 28.180425 ], [ 85.314873, 28.180704 ], [ 85.315818, 28.180326 ], [ 85.316497, 28.180511 ], [ 85.317229, 28.180825 ], [ 85.317579, 28.181183 ], [ 85.317944, 28.181418 ], [ 85.318336, 28.181155 ], [ 85.318855, 28.181008 ], [ 85.319438, 28.180654 ], [ 85.32099, 28.179954 ], [ 85.321431, 28.179976 ], [ 85.321882, 28.18025 ], [ 85.322262, 28.180205 ], [ 85.322657, 28.179914 ], [ 85.323192, 28.179683 ], [ 85.324298, 28.17995 ], [ 85.324877, 28.179906 ], [ 85.325432, 28.179583 ], [ 85.326666, 28.17944 ], [ 85.327518, 28.179493 ], [ 85.328281, 28.17938 ], [ 85.328507, 28.179384 ], [ 85.328731, 28.179551 ], [ 85.32951, 28.179857 ], [ 85.330228, 28.179939 ], [ 85.330613, 28.18024 ], [ 85.330786, 28.180194 ], [ 85.331494, 28.180605 ], [ 85.332339, 28.180529 ], [ 85.332757, 28.180641 ], [ 85.333264, 28.180616 ], [ 85.333667, 28.180439 ], [ 85.334188, 28.180546 ], [ 85.334617, 28.180839 ], [ 85.335982, 28.180914 ], [ 85.336945, 28.181896 ], [ 85.338276, 28.182071 ], [ 85.33876, 28.182099 ], [ 85.339397, 28.181703 ], [ 85.339616, 28.181941 ], [ 85.340397, 28.182105 ], [ 85.341156, 28.182147 ], [ 85.341344, 28.182024 ], [ 85.341594, 28.182025 ], [ 85.341927, 28.181838 ], [ 85.342719, 28.181215 ] ] } },
{ "type": "Feature", "properties": { "name": null, "waterway": "stream" }, "geometry": { "type": "LineString", "coordinates": [ [ 85.150722, 27.920435 ], [ 85.151365, 27.920573 ], [ 85.151902, 27.921128 ], [ 85.152267, 27.921028 ], [ 85.153688, 27.920341 ], [ 85.154053, 27.919772 ], [ 85.154085, 27.919137 ], [ 85.153903, 27.917933 ], [ 85.154743, 27.916997 ], [ 85.15635, 27.915939 ], [ 85.157077, 27.915862 ], [ 85.157689, 27.915682 ], [ 85.157936, 27.915913 ], [ 85.158751, 27.916196 ], [ 85.160643, 27.916286 ] ] } },
{ "type": "Feature", "properties": { "name": null, "waterway": null }, "geometry": { "type": "LineString", "coordinates": [ [ 85.153073, 27.934617 ], [ 85.153105, 27.934564 ], [ 85.153364, 27.934686 ], [ 85.153332, 27.934739 ], [ 85.153073, 27.934617 ] ] } },
{ "type": "Feature", "properties": { "name": null, "waterway": "stream" }, "geometry": { "type": "LineString", "coordinates": [ [ 84.98208, 27.819637 ], [ 84.98148, 27.819466 ], [ 84.981202, 27.819102 ], [ 84.981036, 27.818585 ], [ 84.979846, 27.817441 ], [ 84.978989, 27.817206 ], [ 84.97844, 27.816905 ], [ 84.97794, 27.816882 ], [ 84.977392, 27.816241 ], [ 84.976827, 27.816053 ], [ 84.974989, 27.816256 ], [ 84.974494, 27.815991 ], [ 84.97319, 27.815582 ], [ 84.971877, 27.814916 ], [ 84.97148, 27.814204 ], [ 84.971576, 27.813796 ], [ 84.971491, 27.813549 ], [ 84.970911, 27.813208 ], [ 84.970901, 27.812904 ], [ 84.970579, 27.812306 ], [ 84.970332, 27.812041 ], [ 84.970235, 27.811642 ], [ 84.969806, 27.811253 ], [ 84.969538, 27.811139 ], [ 84.969061, 27.811223 ] ] } },
{ "type": "Feature", "properties": { "name": null, "waterway": "stream" }, "geometry": { "type": "LineString", "coordinates": [ [ 84.928489, 27.817193 ], [ 84.927965, 27.816596 ], [ 84.927603, 27.815821 ], [ 84.927885, 27.815179 ], [ 84.92863, 27.814208 ], [ 84.929678, 27.814431 ], [ 84.930233, 27.814225 ], [ 84.930686, 27.813459 ], [ 84.931563, 27.813076 ], [ 84.932228, 27.813281 ], [ 84.934758, 27.813368 ], [ 84.936265, 27.812959 ], [ 84.936555, 27.813005 ], [ 84.937246, 27.812808 ], [ 84.937539, 27.812603 ], [ 84.937881, 27.81189 ], [ 84.938738, 27.811641 ], [ 84.939997, 27.811917 ], [ 84.940128, 27.812158 ], [ 84.940229, 27.81279 ], [ 84.940384, 27.812959 ], [ 84.940648, 27.812999 ], [ 84.941219, 27.812901 ], [ 84.941519, 27.813031 ], [ 84.941861, 27.813379 ], [ 84.942073, 27.813405 ], [ 84.942396, 27.813272 ], [ 84.942596, 27.812169 ], [ 84.943553, 27.81101 ] ] } },
{ "type": "Feature", "properties": { "name": null, "waterway": "stream" }, "geometry": { "type": "LineString", "coordinates": [ [ 85.249163, 28.122735 ], [ 85.250594, 28.122302 ], [ 85.251309, 28.122236 ], [ 85.251936, 28.122399 ], [ 85.25297, 28.12192 ], [ 85.253885, 28.121841 ], [ 85.254262, 28.121643 ], [ 85.254829, 28.121052 ], [ 85.25567, 28.120687 ], [ 85.257082, 28.12027 ], [ 85.257899, 28.119503 ], [ 85.258205, 28.118809 ], [ 85.258427, 28.118532 ], [ 85.258741, 28.118343 ], [ 85.259723, 28.118265 ], [ 85.26068, 28.118411 ], [ 85.261555, 28.118843 ], [ 85.262418, 28.118752 ], [ 85.262638, 28.118659 ], [ 85.263446, 28.118879 ], [ 85.264548, 28.118875 ], [ 85.265817, 28.119 ], [ 85.266831, 28.11871 ], [ 85.267256, 28.119057 ], [ 85.267722, 28.119148 ], [ 85.268677, 28.118535 ], [ 85.269696, 28.11831 ], [ 85.270276, 28.11826 ], [ 85.270579, 28.118331 ], [ 85.270883, 28.118234 ], [ 85.270938, 28.117697 ], [ 85.271197, 28.116785 ], [ 85.271586, 28.116712 ], [ 85.27296, 28.116795 ], [ 85.274088, 28.116166 ], [ 85.274397, 28.116243 ], [ 85.275011, 28.116163 ], [ 85.274849, 28.115898 ], [ 85.274966, 28.1155 ], [ 85.274936, 28.114677 ], [ 85.275266, 28.11411 ], [ 85.2756, 28.114035 ], [ 85.275651, 28.113604 ], [ 85.275908, 28.113642 ], [ 85.276643, 28.113376 ], [ 85.27732, 28.1126 ], [ 85.278321, 28.110866 ] ] } },
{ "type": "Feature", "properties": { "name": "Trisuli Khola", "waterway": "stream" }, "geometry": { "type": "LineString", "coordinates": [ [ 85.319669, 28.097681 ], [ 85.318601, 28.098137 ], [ 85.317883, 28.098182 ], [ 85.317294, 28.098709 ], [ 85.317225, 28.099084 ], [ 85.31703, 28.099359 ], [ 85.315873, 28.100079 ], [ 85.315489, 28.100037 ], [ 85.315031, 28.10015 ], [ 85.314319, 28.100592 ], [ 85.314023, 28.101084 ], [ 85.314424, 28.102566 ], [ 85.314109, 28.102917 ], [ 85.313763, 28.103768 ], [ 85.313478, 28.103879 ], [ 85.313313, 28.104526 ], [ 85.31297, 28.105189 ], [ 85.312171, 28.10576 ], [ 85.312027, 28.107315 ], [ 85.311744, 28.107801 ], [ 85.311362, 28.109831 ], [ 85.311019, 28.110025 ], [ 85.310659, 28.110572 ], [ 85.309867, 28.111492 ], [ 85.309297, 28.111877 ], [ 85.308782, 28.11242 ], [ 85.308646, 28.112764 ], [ 85.30814, 28.113394 ], [ 85.307336, 28.113888 ], [ 85.307131, 28.114177 ], [ 85.306601, 28.114322 ], [ 85.305783, 28.114943 ], [ 85.305569, 28.115226 ], [ 85.305478, 28.115423 ], [ 85.306023, 28.116045 ], [ 85.306343, 28.116273 ], [ 85.306538, 28.116647 ], [ 85.306461, 28.116969 ], [ 85.30515, 28.117996 ], [ 85.304787, 28.118582 ], [ 85.303113, 28.119845 ], [ 85.3029, 28.120582 ], [ 85.30311, 28.121361 ], [ 85.303028, 28.121658 ], [ 85.30276, 28.121889 ], [ 85.301757, 28.122464 ], [ 85.301811, 28.12283 ], [ 85.301086, 28.1235 ], [ 85.301125, 28.123951 ], [ 85.300232, 28.12556 ], [ 85.299926, 28.12664 ], [ 85.298806, 28.127023 ], [ 85.298127, 28.127502 ] ] } },
{ "type": "Feature", "properties": { "name": null, "waterway": "stream" }, "geometry": { "type": "LineString", "coordinates": [ [ 85.280051, 28.116899 ], [ 85.280133, 28.116744 ], [ 85.280502, 28.116631 ], [ 85.280838, 28.116394 ], [ 85.28145, 28.11623 ], [ 85.281898, 28.115939 ], [ 85.28263, 28.115681 ] ] } },
{ "type": "Feature", "properties": { "name": null, "waterway": "stream" }, "geometry": { "type": "LineString", "coordinates": [ [ 84.660307, 27.816129 ], [ 84.660875, 27.816195 ], [ 84.662023, 27.816845 ], [ 84.662479, 27.816879 ], [ 84.66271, 27.817012 ], [ 84.662812, 27.817178 ], [ 84.663225, 27.817159 ], [ 84.663541, 27.817291 ], [ 84.664056, 27.817334 ], [ 84.665381, 27.817709 ], [ 84.665778, 27.817927 ], [ 84.665757, 27.818084 ], [ 84.665886, 27.818359 ], [ 84.666111, 27.818563 ], [ 84.666379, 27.818615 ] ] } },
{ "type": "Feature", "properties": { "name": null, "waterway": "stream" }, "geometry": { "type": "LineString", "coordinates": [ [ 84.695094, 27.843104 ], [ 84.694887, 27.84276 ], [ 84.694738, 27.842269 ], [ 84.694704, 27.84169 ], [ 84.694431, 27.841412 ], [ 84.69424, 27.840613 ], [ 84.693627, 27.839763 ], [ 84.693984, 27.839185 ], [ 84.693793, 27.838723 ], [ 84.693926, 27.838276 ], [ 84.694224, 27.838013 ], [ 84.694141, 27.837434 ], [ 84.693304, 27.83698 ], [ 84.693279, 27.836225 ], [ 84.692757, 27.835639 ], [ 84.69238, 27.833983 ], [ 84.69238, 27.833683 ], [ 84.692845, 27.833016 ], [ 84.692621, 27.832672 ], [ 84.692231, 27.832493 ], [ 84.692277, 27.832328 ], [ 84.692646, 27.831954 ], [ 84.692766, 27.83161 ], [ 84.692687, 27.831097 ], [ 84.692289, 27.830573 ], [ 84.69255, 27.829958 ], [ 84.692389, 27.829141 ], [ 84.692161, 27.828408 ], [ 84.691954, 27.828265 ], [ 84.691904, 27.827906 ], [ 84.691494, 27.827723 ], [ 84.691668, 27.827441 ], [ 84.691092, 27.826511 ], [ 84.691026, 27.825705 ], [ 84.69115, 27.825045 ], [ 84.691034, 27.824305 ], [ 84.691117, 27.823646 ], [ 84.691378, 27.823148 ], [ 84.691958, 27.82258 ], [ 84.692612, 27.822316 ], [ 84.693172, 27.822254 ], [ 84.693499, 27.821745 ], [ 84.693481, 27.82093 ], [ 84.693563, 27.820487 ], [ 84.692784, 27.819018 ], [ 84.691285, 27.81692 ], [ 84.691068, 27.816246 ], [ 84.691226, 27.814972 ], [ 84.691455, 27.813972 ], [ 84.691308, 27.81363 ], [ 84.691718, 27.813298 ], [ 84.692037, 27.812769 ], [ 84.691803, 27.811527 ], [ 84.691368, 27.810902 ], [ 84.691243, 27.809658 ] ] } },
{ "type": "Feature", "properties": { "name": null, "waterway": "stream" }, "geometry": { "type": "LineString", "coordinates": [ [ 84.742713, 27.836507 ], [ 84.743378, 27.835527 ], [ 84.743452, 27.83409 ], [ 84.743082, 27.832849 ], [ 84.744264, 27.831803 ], [ 84.746259, 27.830954 ], [ 84.746333, 27.829712 ], [ 84.746555, 27.828406 ], [ 84.747959, 27.82736 ], [ 84.750109, 27.826784 ], [ 84.750185, 27.826216 ], [ 84.750561, 27.825606 ], [ 84.751357, 27.824681 ], [ 84.751635, 27.823724 ], [ 84.751653, 27.822068 ], [ 84.750531, 27.819892 ], [ 84.7494, 27.81829 ], [ 84.749769, 27.817832 ], [ 84.74951, 27.816961 ], [ 84.750324, 27.814455 ], [ 84.751845, 27.814099 ], [ 84.752302, 27.81383 ], [ 84.752856, 27.812965 ], [ 84.753694, 27.813046 ], [ 84.754576, 27.812828 ], [ 84.756314, 27.812697 ], [ 84.756816, 27.812764 ] ] } },
{ "type": "Feature", "properties": { "name": null, "waterway": "stream" }, "geometry": { "type": "LineString", "coordinates": [ [ 84.801198, 27.811501 ], [ 84.801171, 27.812144 ], [ 84.80093, 27.813531 ], [ 84.800711, 27.813873 ], [ 84.800367, 27.814052 ], [ 84.800237, 27.814395 ], [ 84.800061, 27.814559 ] ] } },
{ "type": "Feature", "properties": { "name": null, "waterway": "stream" }, "geometry": { "type": "LineString", "coordinates": [ [ 84.80164, 27.842561 ], [ 84.802295, 27.841843 ], [ 84.802829, 27.840598 ], [ 84.802165, 27.839864 ], [ 84.801958, 27.839463 ], [ 84.802382, 27.83908 ], [ 84.802116, 27.838571 ], [ 84.802734, 27.837472 ], [ 84.802694, 27.836837 ], [ 84.803144, 27.835514 ], [ 84.802556, 27.83481 ], [ 84.802688, 27.833636 ], [ 84.803429, 27.833493 ], [ 84.803858, 27.833122 ], [ 84.804442, 27.831708 ], [ 84.805888, 27.831855 ], [ 84.806467, 27.83113 ], [ 84.806545, 27.829394 ], [ 84.806069, 27.828914 ], [ 84.806335, 27.828437 ], [ 84.806883, 27.827811 ], [ 84.80809, 27.827083 ], [ 84.807481, 27.825548 ], [ 84.807883, 27.825168 ], [ 84.808048, 27.824002 ], [ 84.808127, 27.821503 ], [ 84.807888, 27.820811 ], [ 84.807888, 27.82051 ], [ 84.808035, 27.819997 ], [ 84.807952, 27.819541 ], [ 84.80752, 27.81863 ], [ 84.807152, 27.818215 ], [ 84.807104, 27.817631 ] ] } },
{ "type": "Feature", "properties": { "name": null, "waterway": "stream" }, "geometry": { "type": "LineString", "coordinates": [ [ 84.63798, 27.878513 ], [ 84.638112, 27.878017 ], [ 84.638003, 27.87768 ], [ 84.637606, 27.877074 ], [ 84.637902, 27.876186 ], [ 84.63847, 27.875504 ], [ 84.63833, 27.875221 ], [ 84.63791, 27.874905 ], [ 84.637154, 27.874657 ], [ 84.63678, 27.87412 ], [ 84.636679, 27.873844 ], [ 84.63671, 27.873211 ], [ 84.636539, 27.873094 ], [ 84.635931, 27.873073 ], [ 84.635565, 27.872949 ], [ 84.634988, 27.872219 ], [ 84.63403, 27.871723 ], [ 84.633913, 27.871544 ], [ 84.633952, 27.871296 ], [ 84.633882, 27.871103 ], [ 84.633274, 27.870532 ], [ 84.632913, 27.869447 ] ] } },
{ "type": "Feature", "properties": { "name": null, "waterway": "stream" }, "geometry": { "type": "LineString", "coordinates": [ [ 85.185643, 28.017864 ], [ 85.187027, 28.018238 ], [ 85.18735, 28.018235 ] ] } },
{ "type": "Feature", "properties": { "name": null, "waterway": null }, "geometry": { "type": "LineString", "coordinates": [ [ 85.153172, 27.935007 ], [ 85.153214, 27.934943 ], [ 85.153383, 27.935029 ], [ 85.153341, 27.935093 ], [ 85.153172, 27.935007 ] ] } },
{ "type": "Feature", "properties": { "name": null, "waterway": "stream" }, "geometry": { "type": "LineString", "coordinates": [ [ 84.724309, 27.793789 ], [ 84.723399, 27.794896 ], [ 84.723223, 27.795543 ], [ 84.723538, 27.796301 ], [ 84.724801, 27.796642 ], [ 84.725022, 27.796912 ], [ 84.724851, 27.797337 ], [ 84.724893, 27.797968 ], [ 84.725074, 27.798229 ], [ 84.72524, 27.79871 ], [ 84.725289, 27.799372 ], [ 84.725219, 27.800127 ], [ 84.725416, 27.800379 ], [ 84.725549, 27.800732 ] ] } },
{ "type": "Feature", "properties": { "name": null, "waterway": "stream" }, "geometry": { "type": "LineString", "coordinates": [ [ 84.726176, 27.821704 ], [ 84.725872, 27.821579 ], [ 84.72545, 27.820507 ], [ 84.72483, 27.819434 ], [ 84.724844, 27.818967 ], [ 84.724964, 27.818771 ], [ 84.72502, 27.818361 ], [ 84.724751, 27.817465 ], [ 84.724606, 27.81615 ], [ 84.724337, 27.815747 ], [ 84.724465, 27.815593 ], [ 84.724354, 27.815102 ], [ 84.724391, 27.814311 ], [ 84.723587, 27.813061 ], [ 84.723716, 27.812717 ], [ 84.72432, 27.812538 ], [ 84.724577, 27.812354 ], [ 84.724536, 27.811735 ], [ 84.724672, 27.810706 ], [ 84.724983, 27.81035 ], [ 84.72531, 27.809651 ], [ 84.725348, 27.80939 ], [ 84.725667, 27.809083 ], [ 84.726255, 27.808976 ], [ 84.726557, 27.808713 ], [ 84.727705, 27.808401 ], [ 84.728181, 27.808328 ], [ 84.728566, 27.808368 ], [ 84.728881, 27.807819 ], [ 84.729399, 27.807668 ], [ 84.729784, 27.806709 ], [ 84.73024, 27.806501 ], [ 84.730344, 27.80633 ], [ 84.730316, 27.806171 ], [ 84.729909, 27.805835 ], [ 84.729798, 27.805554 ], [ 84.729929, 27.80476 ], [ 84.730102, 27.804363 ], [ 84.730026, 27.803954 ], [ 84.729736, 27.803544 ], [ 84.729729, 27.803141 ], [ 84.729255, 27.802579 ], [ 84.729077, 27.802188 ], [ 84.729376, 27.802019 ], [ 84.729557, 27.801662 ], [ 84.730439, 27.801532 ], [ 84.730582, 27.801377 ], [ 84.730705, 27.800439 ], [ 84.73067, 27.800112 ], [ 84.731042, 27.799716 ], [ 84.731247, 27.798747 ], [ 84.731563, 27.798265 ], [ 84.733127, 27.796628 ] ] } },
{ "type": "Feature", "properties": { "name": null, "waterway": "river" }, "geometry": { "type": "LineString", "coordinates": [ [ 84.693962, 27.803241 ], [ 84.694066, 27.803522 ], [ 84.694326, 27.803866 ], [ 84.694854, 27.804274 ], [ 84.695094, 27.804309 ], [ 84.695354, 27.804475 ], [ 84.695724, 27.804961 ], [ 84.695719, 27.805721 ], [ 84.695209, 27.806011 ], [ 84.694688, 27.806112 ], [ 84.694531, 27.806242 ], [ 84.694693, 27.806519 ], [ 84.696588, 27.806992 ], [ 84.697383, 27.807501 ], [ 84.697339, 27.807865 ], [ 84.696979, 27.808597 ] ] } },
{ "type": "Feature", "properties": { "name": null, "waterway": null }, "geometry": { "type": "LineString", "coordinates": [ [ 85.155233, 27.936981 ], [ 85.15513, 27.936592 ], [ 85.15468, 27.936659 ], [ 85.154622, 27.936814 ], [ 85.15468, 27.93693 ], [ 85.155233, 27.936981 ] ] } },
{ "type": "Feature", "properties": { "name": null, "waterway": null }, "geometry": { "type": "LineString", "coordinates": [ [ 85.154309, 27.935702 ], [ 85.154511, 27.935426 ], [ 85.15433, 27.935323 ], [ 85.154128, 27.935599 ], [ 85.154309, 27.935702 ] ] } },
{ "type": "Feature", "properties": { "name": null, "waterway": "stream" }, "geometry": { "type": "LineString", "coordinates": [ [ 85.182561, 28.027558 ], [ 85.182885, 28.026994 ], [ 85.183424, 28.026534 ], [ 85.183695, 28.02616 ], [ 85.183951, 28.025609 ], [ 85.184128, 28.025517 ], [ 85.184728, 28.025436 ], [ 85.185496, 28.024811 ], [ 85.185745, 28.024493 ], [ 85.185764, 28.0243 ], [ 85.185514, 28.023971 ], [ 85.185289, 28.023861 ] ] } },
{ "type": "Feature", "properties": { "name": null, "waterway": "canal" }, "geometry": { "type": "LineString", "coordinates": [ [ 85.168579, 27.962217 ], [ 85.167807, 27.960264 ], [ 85.167066, 27.958859 ] ] } },
{ "type": "Feature", "properties": { "name": null, "waterway": "stream" }, "geometry": { "type": "LineString", "coordinates": [ [ 84.974382, 27.813211 ], [ 84.973262, 27.812966 ], [ 84.973119, 27.813003 ], [ 84.972403, 27.812284 ], [ 84.971893, 27.811151 ], [ 84.971078, 27.810443 ], [ 84.97038, 27.810391 ], [ 84.970336, 27.809928 ], [ 84.969849, 27.809738 ], [ 84.96942, 27.80971 ] ] } },
{ "type": "Feature", "properties": { "name": null, "waterway": "canal" }, "geometry": { "type": "LineString", "coordinates": [ [ 85.162454, 27.948488 ], [ 85.162231, 27.948436 ] ] } },
{ "type": "Feature", "properties": { "name": null, "waterway": "stream" }, "geometry": { "type": "LineString", "coordinates": [ [ 85.179577, 28.014304 ], [ 85.179893, 28.014395 ], [ 85.180725, 28.014406 ], [ 85.181369, 28.014122 ], [ 85.181444, 28.013847 ], [ 85.182184, 28.013534 ], [ 85.182624, 28.01308 ], [ 85.18315, 28.013146 ], [ 85.183611, 28.012843 ] ] } },
{ "type": "Feature", "properties": { "name": "Salankhu Khola", "waterway": "river" }, "geometry": { "type": "LineString", "coordinates": [ [ 85.097211, 28.027834 ], [ 85.097307, 28.025628 ], [ 85.096974, 28.024193 ], [ 85.096844, 28.022696 ], [ 85.097205, 28.022258 ], [ 85.097303, 28.021728 ], [ 85.097007, 28.021255 ], [ 85.096133, 28.020565 ], [ 85.095659, 28.019973 ], [ 85.09477, 28.019725 ], [ 85.094426, 28.019393 ], [ 85.094522, 28.01875 ], [ 85.094782, 28.018115 ], [ 85.094984, 28.017814 ], [ 85.095456, 28.01753 ], [ 85.09579, 28.016555 ], [ 85.095811, 28.016149 ], [ 85.095953, 28.016024 ], [ 85.096356, 28.015965 ], [ 85.096361, 28.015692 ], [ 85.096178, 28.01519 ], [ 85.096388, 28.014764 ], [ 85.096849, 28.014381 ], [ 85.096856, 28.013704 ], [ 85.097174, 28.013571 ], [ 85.098065, 28.013546 ], [ 85.098672, 28.013169 ], [ 85.098742, 28.012968 ], [ 85.098468, 28.012438 ], [ 85.098393, 28.012005 ], [ 85.097999, 28.011513 ], [ 85.098044, 28.011337 ], [ 85.098302, 28.011122 ], [ 85.099704, 28.010873 ], [ 85.10055, 28.010492 ], [ 85.10083, 28.010458 ], [ 85.102043, 28.010675 ], [ 85.103613, 28.010664 ], [ 85.104649, 28.010086 ], [ 85.105025, 28.009575 ], [ 85.105418, 28.009485 ], [ 85.106248, 28.008886 ], [ 85.106716, 28.008877 ], [ 85.107248, 28.008292 ], [ 85.108212, 28.007626 ], [ 85.109251, 28.007084 ], [ 85.109537, 28.006693 ], [ 85.109929, 28.006689 ], [ 85.110163, 28.006528 ], [ 85.110194, 28.005748 ], [ 85.110029, 28.005187 ], [ 85.110623, 28.004082 ], [ 85.110955, 28.003691 ], [ 85.111317, 28.002651 ], [ 85.111866, 28.002382 ], [ 85.112137, 28.002378 ], [ 85.112461, 28.002558 ], [ 85.112773, 28.002505 ], [ 85.113166, 28.002305 ], [ 85.113174, 28.001733 ], [ 85.113588, 28.001153 ], [ 85.113737, 28.000482 ], [ 85.114027, 28.000039 ], [ 85.114054, 27.999873 ], [ 85.113892, 27.999575 ], [ 85.113876, 27.999283 ], [ 85.1139, 27.999056 ], [ 85.114105, 27.998673 ], [ 85.114497, 27.998374 ], [ 85.116597, 27.997924 ], [ 85.118555, 27.996927 ], [ 85.119007, 27.995522 ], [ 85.119287, 27.995177 ], [ 85.120746, 27.994742 ], [ 85.121368, 27.994447 ], [ 85.122403, 27.993747 ], [ 85.122564, 27.993492 ], [ 85.122669, 27.992756 ], [ 85.122824, 27.992459 ], [ 85.123267, 27.992113 ], [ 85.123327, 27.991556 ], [ 85.123472, 27.991323 ], [ 85.123673, 27.991207 ], [ 85.123822, 27.98999 ], [ 85.12411, 27.989888 ], [ 85.12433, 27.98994 ], [ 85.124753, 27.990091 ], [ 85.125103, 27.990319 ], [ 85.125326, 27.99076 ], [ 85.125552, 27.99167 ], [ 85.125735, 27.991864 ], [ 85.126423, 27.992119 ], [ 85.126653, 27.992123 ], [ 85.127636, 27.991943 ], [ 85.128071, 27.991571 ], [ 85.129278, 27.99171 ], [ 85.129976, 27.991547 ], [ 85.130369, 27.991625 ], [ 85.130764, 27.991595 ], [ 85.131159, 27.991442 ], [ 85.13203, 27.990522 ], [ 85.133787, 27.989807 ], [ 85.135249, 27.98972 ], [ 85.136353, 27.989022 ], [ 85.137131, 27.988974 ], [ 85.139769, 27.989211 ], [ 85.14068, 27.988864 ], [ 85.141958, 27.988901 ], [ 85.142714, 27.98942 ], [ 85.143512, 27.989323 ], [ 85.143906, 27.98919 ], [ 85.144651, 27.989514 ], [ 85.145846, 27.989667 ], [ 85.146264, 27.989878 ], [ 85.146838, 27.989893 ], [ 85.147352, 27.989649 ], [ 85.148119, 27.989425 ], [ 85.148203, 27.989198 ], [ 85.148895, 27.98864 ], [ 85.149916, 27.988793 ], [ 85.150337, 27.98899 ], [ 85.150746, 27.989048 ], [ 85.151324, 27.9888 ], [ 85.151809, 27.988299 ], [ 85.153742, 27.987279 ], [ 85.154134, 27.987262 ], [ 85.154378, 27.987336 ], [ 85.156456, 27.988228 ], [ 85.156933, 27.988348 ], [ 85.157411, 27.98833 ], [ 85.158557, 27.987991 ], [ 85.159356, 27.986591 ], [ 85.159751, 27.986125 ], [ 85.160322, 27.985629 ], [ 85.160747, 27.985702 ], [ 85.160969, 27.985808 ], [ 85.161072, 27.985957 ], [ 85.161569, 27.986122 ], [ 85.162164, 27.985813 ], [ 85.162239, 27.984787 ], [ 85.162772, 27.984259 ], [ 85.163812, 27.983711 ], [ 85.166613, 27.982731 ], [ 85.16777, 27.982824 ], [ 85.169323, 27.981938 ], [ 85.169918, 27.981852 ], [ 85.171493, 27.982012 ], [ 85.172007, 27.982159 ], [ 85.173423, 27.982182 ], [ 85.175045, 27.982762 ], [ 85.176631, 27.98304 ], [ 85.177197, 27.982989 ], [ 85.17929, 27.982282 ], [ 85.180275, 27.981662 ] ] } },
{ "type": "Feature", "properties": { "name": null, "waterway": "stream" }, "geometry": { "type": "LineString", "coordinates": [ [ 84.566372, 27.847581 ], [ 84.56632, 27.847804 ], [ 84.566046, 27.84797 ], [ 84.564403, 27.84786 ], [ 84.56339, 27.847628 ], [ 84.562594, 27.847664 ], [ 84.561814, 27.847455 ], [ 84.56127, 27.847542 ], [ 84.560955, 27.847827 ], [ 84.56061, 27.847853 ], [ 84.559518, 27.847299 ], [ 84.558324, 27.847031 ] ] } },
{ "type": "Feature", "properties": { "name": "Trishuli Ganga River", "waterway": "river" }, "geometry": { "type": "LineString", "coordinates": [ [ 85.135744, 27.916159 ], [ 85.134615, 27.915607 ], [ 85.134089, 27.914846 ], [ 85.134145, 27.914314 ], [ 85.134365, 27.914072 ], [ 85.135372, 27.913419 ], [ 85.138074, 27.910647 ], [ 85.138869, 27.909243 ], [ 85.1391, 27.907109 ], [ 85.139467, 27.906192 ], [ 85.140419, 27.905178 ], [ 85.140775, 27.904561 ], [ 85.14089, 27.903997 ], [ 85.140848, 27.903303 ], [ 85.14044, 27.902105 ], [ 85.139707, 27.901462 ], [ 85.139016, 27.901143 ], [ 85.137735, 27.900799 ], [ 85.136828, 27.900141 ], [ 85.136828, 27.898894 ], [ 85.136689, 27.897703 ], [ 85.135647, 27.895228 ], [ 85.135805, 27.89349 ], [ 85.135968, 27.892963 ], [ 85.136258, 27.892596 ], [ 85.137075, 27.890331 ], [ 85.137059, 27.888986 ], [ 85.136597, 27.888549 ], [ 85.134746, 27.887549 ], [ 85.133381, 27.886455 ], [ 85.128309, 27.883062 ], [ 85.12672, 27.881426 ], [ 85.126166, 27.880591 ], [ 85.125762, 27.879338 ], [ 85.12567, 27.878795 ], [ 85.125792, 27.877985 ], [ 85.126043, 27.877086 ], [ 85.12606, 27.876323 ], [ 85.12566, 27.875053 ], [ 85.125343, 27.874647 ], [ 85.12486, 27.874305 ], [ 85.122178, 27.873547 ], [ 85.120934, 27.873035 ], [ 85.118766, 27.871745 ], [ 85.11698, 27.870901 ], [ 85.116416, 27.870424 ], [ 85.114404, 27.869647 ] ] } },
{ "type": "Feature", "properties": { "name": null, "waterway": "stream" }, "geometry": { "type": "LineString", "coordinates": [ [ 85.357761, 28.269453 ], [ 85.358652, 28.268706 ], [ 85.359103, 28.268442 ], [ 85.359596, 28.267884 ], [ 85.360036, 28.267676 ], [ 85.361184, 28.266873 ], [ 85.363158, 28.266013 ], [ 85.36392, 28.265427 ], [ 85.364236, 28.264922 ], [ 85.364703, 28.264598 ], [ 85.365813, 28.263287 ], [ 85.366318, 28.26297 ], [ 85.366623, 28.262602 ], [ 85.367501, 28.261328 ], [ 85.36793, 28.260476 ], [ 85.36808, 28.259861 ], [ 85.368946, 28.259166 ] ] } },
{ "type": "Feature", "properties": { "name": "Trishuli Ganga River", "waterway": "river" }, "geometry": { "type": "LineString", "coordinates": [ [ 85.187866, 28.025286 ], [ 85.187342, 28.024719 ], [ 85.186788, 28.024338 ], [ 85.186495, 28.023894 ], [ 85.186091, 28.022669 ], [ 85.186009, 28.021784 ], [ 85.186135, 28.020953 ], [ 85.186277, 28.020593 ], [ 85.18726, 28.019747 ], [ 85.187421, 28.019475 ], [ 85.187487, 28.019144 ], [ 85.187337, 28.017808 ], [ 85.187706, 28.017433 ], [ 85.18729, 28.017051 ], [ 85.187301, 28.016344 ], [ 85.187227, 28.016074 ], [ 85.186793, 28.01572 ], [ 85.185632, 28.015165 ], [ 85.185337, 28.014472 ] ] } },
{ "type": "Feature", "properties": { "name": null, "waterway": null }, "geometry": { "type": "LineString", "coordinates": [ [ 85.154891, 27.936099 ], [ 85.154704, 27.935769 ], [ 85.154459, 27.936092 ], [ 85.154569, 27.936151 ], [ 85.154891, 27.936099 ] ] } },
{ "type": "Feature", "properties": { "name": null, "waterway": "stream" }, "geometry": { "type": "LineString", "coordinates": [ [ 85.229331, 28.075993 ], [ 85.228616, 28.077429 ], [ 85.22764, 28.078977 ], [ 85.226352, 28.080194 ], [ 85.226, 28.081229 ], [ 85.225385, 28.082118 ], [ 85.225277, 28.083214 ], [ 85.225001, 28.083675 ], [ 85.22477, 28.083842 ] ] } },
{ "type": "Feature", "properties": { "name": null, "waterway": "canal" }, "geometry": { "type": "LineString", "coordinates": [ [ 85.17018, 27.963702 ], [ 85.170004, 27.963745 ], [ 85.169744, 27.963652 ] ] } },
{ "type": "Feature", "properties": { "name": null, "waterway": "stream" }, "geometry": { "type": "LineString", "coordinates": [ [ 84.873936, 27.741305 ], [ 84.874749, 27.742746 ], [ 84.875209, 27.743355 ], [ 84.875605, 27.743651 ], [ 84.875814, 27.74463 ], [ 84.876503, 27.745036 ], [ 84.877275, 27.74583 ], [ 84.87788, 27.746144 ], [ 84.877996, 27.746702 ], [ 84.877515, 27.747262 ], [ 84.877097, 27.747599 ], [ 84.877173, 27.74789 ], [ 84.877654, 27.747901 ], [ 84.878047, 27.748114 ], [ 84.878174, 27.74863 ], [ 84.877806, 27.750279 ], [ 84.877743, 27.750974 ], [ 84.877971, 27.751535 ], [ 84.878617, 27.752465 ], [ 84.878655, 27.752824 ], [ 84.878389, 27.753362 ], [ 84.878022, 27.753777 ], [ 84.87806, 27.754035 ], [ 84.878364, 27.754203 ], [ 84.878516, 27.754596 ], [ 84.878567, 27.755112 ], [ 84.878554, 27.755538 ], [ 84.878072, 27.755818 ], [ 84.877933, 27.756266 ], [ 84.877984, 27.756569 ], [ 84.878415, 27.756805 ], [ 84.879238, 27.757926 ], [ 84.880036, 27.758251 ], [ 84.88015, 27.758868 ], [ 84.880404, 27.75917 ], [ 84.880556, 27.75954 ], [ 84.880493, 27.760123 ], [ 84.880163, 27.760863 ], [ 84.879808, 27.761222 ], [ 84.879846, 27.761379 ], [ 84.879707, 27.761503 ], [ 84.879175, 27.761435 ], [ 84.878959, 27.761547 ], [ 84.878681, 27.761525 ], [ 84.878503, 27.761435 ], [ 84.878415, 27.761233 ], [ 84.877958, 27.761323 ], [ 84.877768, 27.76166 ], [ 84.87787, 27.76185 ], [ 84.878212, 27.762097 ], [ 84.877781, 27.763016 ], [ 84.877147, 27.763409 ], [ 84.876451, 27.763454 ], [ 84.875576, 27.762792 ], [ 84.874829, 27.762848 ], [ 84.874702, 27.763487 ], [ 84.875196, 27.764456 ], [ 84.875542, 27.76483 ], [ 84.876519, 27.765429 ], [ 84.876542, 27.765661 ], [ 84.876373, 27.765783 ], [ 84.875912, 27.765913 ], [ 84.875658, 27.76611 ], [ 84.875619, 27.76643 ], [ 84.876119, 27.766682 ], [ 84.876635, 27.767145 ], [ 84.876965, 27.76773 ], [ 84.877042, 27.768377 ], [ 84.876973, 27.768771 ], [ 84.877058, 27.769078 ], [ 84.87685, 27.769663 ], [ 84.876858, 27.770003 ], [ 84.876588, 27.770466 ], [ 84.876642, 27.770718 ], [ 84.877042, 27.770711 ], [ 84.877896, 27.77114 ], [ 84.877996, 27.771371 ], [ 84.878004, 27.772025 ], [ 84.878381, 27.772957 ], [ 84.878665, 27.773168 ], [ 84.878773, 27.773583 ], [ 84.878796, 27.77406 ], [ 84.878358, 27.774815 ], [ 84.878473, 27.775196 ], [ 84.878473, 27.775618 ], [ 84.87885, 27.776054 ], [ 84.879012, 27.776401 ], [ 84.879358, 27.776653 ], [ 84.880419, 27.778103 ], [ 84.880519, 27.778776 ], [ 84.880558, 27.780042 ], [ 84.880496, 27.780641 ], [ 84.880558, 27.781131 ], [ 84.880927, 27.781533 ], [ 84.881058, 27.781853 ], [ 84.881027, 27.78269 ], [ 84.880681, 27.783717 ], [ 84.88065, 27.784119 ], [ 84.88015, 27.78518 ], [ 84.879996, 27.785888 ], [ 84.879758, 27.786235 ], [ 84.879719, 27.786542 ], [ 84.879896, 27.786814 ], [ 84.880542, 27.787297 ], [ 84.881104, 27.788345 ], [ 84.881304, 27.788447 ], [ 84.882381, 27.788399 ], [ 84.883504, 27.788549 ], [ 84.883642, 27.78874 ], [ 84.883658, 27.789019 ], [ 84.883489, 27.789386 ], [ 84.883519, 27.78959 ], [ 84.883804, 27.789754 ], [ 84.884627, 27.789726 ], [ 84.884935, 27.789264 ], [ 84.885289, 27.789291 ], [ 84.885504, 27.789386 ], [ 84.885712, 27.789726 ], [ 84.885735, 27.790196 ], [ 84.886981, 27.790876 ], [ 84.886966, 27.790999 ], [ 84.88675, 27.791142 ], [ 84.886181, 27.791836 ], [ 84.885135, 27.792496 ], [ 84.884835, 27.792863 ], [ 84.88485, 27.793279 ], [ 84.885042, 27.793551 ], [ 84.885396, 27.7937 ], [ 84.885904, 27.793782 ], [ 84.886181, 27.793633 ], [ 84.886342, 27.793231 ], [ 84.886542, 27.793136 ], [ 84.886765, 27.793197 ], [ 84.886819, 27.793558 ], [ 84.886689, 27.794715 ], [ 84.886873, 27.79483 ], [ 84.887981, 27.794932 ], [ 84.888112, 27.795082 ], [ 84.888104, 27.795272 ], [ 84.887735, 27.795375 ], [ 84.887681, 27.79549 ], [ 84.887812, 27.795701 ], [ 84.888127, 27.795722 ], [ 84.888504, 27.796041 ], [ 84.888812, 27.796865 ], [ 84.888581, 27.797464 ], [ 84.888781, 27.797736 ], [ 84.889027, 27.798348 ], [ 84.888927, 27.798634 ], [ 84.888965, 27.798967 ], [ 84.888881, 27.799546 ], [ 84.88807, 27.800883 ], [ 84.88807, 27.801264 ], [ 84.888193, 27.801672 ], [ 84.888147, 27.802066 ], [ 84.888016, 27.802427 ], [ 84.887723, 27.802699 ], [ 84.887793, 27.80306 ], [ 84.88797, 27.803264 ], [ 84.887893, 27.803495 ], [ 84.887616, 27.803645 ], [ 84.887177, 27.804264 ], [ 84.88727, 27.804598 ], [ 84.887762, 27.805026 ], [ 84.888485, 27.805169 ], [ 84.888846, 27.805122 ], [ 84.88927, 27.80519 ], [ 84.889623, 27.805734 ], [ 84.889885, 27.806632 ], [ 84.889847, 27.807816 ], [ 84.890039, 27.808292 ], [ 84.89049, 27.808701 ], [ 84.890663, 27.808979 ] ] } },
{ "type": "Feature", "properties": { "name": null, "waterway": "stream" }, "geometry": { "type": "LineString", "coordinates": [ [ 85.257161, 28.113571 ], [ 85.257627, 28.113343 ], [ 85.259341, 28.112881 ], [ 85.260417, 28.112434 ], [ 85.260964, 28.112054 ], [ 85.262444, 28.110781 ], [ 85.262389, 28.110447 ], [ 85.26257, 28.110304 ], [ 85.262426, 28.110128 ], [ 85.262678, 28.109874 ], [ 85.26284, 28.109285 ], [ 85.263544, 28.108744 ], [ 85.26441, 28.108235 ], [ 85.265727, 28.107853 ], [ 85.267747, 28.106898 ], [ 85.268162, 28.106453 ], [ 85.268631, 28.106135 ], [ 85.269317, 28.105864 ], [ 85.269948, 28.105355 ], [ 85.270363, 28.104798 ], [ 85.271055, 28.104609 ] ] } },
{ "type": "Feature", "properties": { "name": "Trishuli Ganga River", "waterway": "river" }, "geometry": { "type": "LineString", "coordinates": [ [ 85.298127, 28.127502 ], [ 85.297536, 28.126496 ], [ 85.29697, 28.126303 ], [ 85.296746, 28.126044 ], [ 85.296313, 28.12576 ], [ 85.295205, 28.125319 ], [ 85.294222, 28.124561 ], [ 85.293791, 28.124093 ], [ 85.293272, 28.123191 ], [ 85.292988, 28.122905 ], [ 85.292012, 28.122476 ], [ 85.291613, 28.122427 ], [ 85.291257, 28.122193 ], [ 85.290537, 28.121051 ], [ 85.290013, 28.120681 ], [ 85.289319, 28.12043 ], [ 85.289113, 28.120282 ], [ 85.288709, 28.119892 ], [ 85.288125, 28.118937 ], [ 85.28791, 28.118713 ], [ 85.287498, 28.118446 ], [ 85.285689, 28.117764 ], [ 85.283948, 28.116773 ], [ 85.283708, 28.116513 ], [ 85.282894, 28.11616 ], [ 85.28263, 28.115681 ], [ 85.282544, 28.115141 ], [ 85.282343, 28.114599 ], [ 85.281, 28.112981 ], [ 85.279469, 28.111843 ], [ 85.278638, 28.110949 ], [ 85.277573, 28.110709 ], [ 85.277052, 28.109783 ], [ 85.276076, 28.109274 ], [ 85.275878, 28.108931 ], [ 85.27561, 28.108828 ], [ 85.27551, 28.108477 ], [ 85.275037, 28.108397 ], [ 85.274849, 28.107981 ], [ 85.27446, 28.107615 ], [ 85.273813, 28.10727 ], [ 85.272898, 28.107096 ], [ 85.272471, 28.106859 ], [ 85.272242, 28.10659 ], [ 85.271754, 28.10553 ], [ 85.271188, 28.104987 ], [ 85.271055, 28.104609 ] ] } },
{ "type": "Feature", "properties": { "name": null, "waterway": "stream" }, "geometry": { "type": "LineString", "coordinates": [ [ 85.268459, 28.097596 ], [ 85.267885, 28.097629 ], [ 85.267171, 28.097994 ], [ 85.266109, 28.098311 ], [ 85.265057, 28.098278 ], [ 85.263796, 28.098499 ] ] } },
{ "type": "Feature", "properties": { "name": null, "waterway": null }, "geometry": { "type": "LineString", "coordinates": [ [ 85.153097, 27.935102 ], [ 85.153158, 27.935045 ], [ 85.153334, 27.935137 ], [ 85.153271, 27.935213 ], [ 85.153097, 27.935102 ] ] } },
{ "type": "Feature", "properties": { "name": null, "waterway": "stream" }, "geometry": { "type": "LineString", "coordinates": [ [ 85.368418, 28.246302 ], [ 85.368101, 28.246644 ], [ 85.367956, 28.246985 ], [ 85.367387, 28.247586 ], [ 85.366551, 28.247692 ], [ 85.36595, 28.247668 ], [ 85.365423, 28.247948 ], [ 85.365215, 28.248225 ], [ 85.364923, 28.248351 ], [ 85.364804, 28.248544 ] ] } },
{ "type": "Feature", "properties": { "name": null, "waterway": "stream" }, "geometry": { "type": "LineString", "coordinates": [ [ 85.229997, 28.097935 ], [ 85.22997, 28.097002 ], [ 85.230163, 28.096444 ], [ 85.230067, 28.095805 ], [ 85.230201, 28.09501 ], [ 85.230051, 28.094774 ], [ 85.230373, 28.093946 ], [ 85.230432, 28.093174 ], [ 85.230863, 28.092462 ], [ 85.231244, 28.092105 ], [ 85.23125, 28.091828 ], [ 85.231346, 28.091747 ], [ 85.231364, 28.091566 ], [ 85.231734, 28.091126 ] ] } },
{ "type": "Feature", "properties": { "name": null, "waterway": "stream" }, "geometry": { "type": "LineString", "coordinates": [ [ 85.36171, 28.262795 ], [ 85.362396, 28.262366 ], [ 85.363054, 28.262323 ], [ 85.363469, 28.262158 ], [ 85.36378, 28.261912 ], [ 85.364124, 28.261851 ], [ 85.364491, 28.261933 ], [ 85.365406, 28.261612 ], [ 85.366186, 28.260851 ], [ 85.366331, 28.260613 ], [ 85.36702, 28.260348 ], [ 85.367323, 28.26014 ], [ 85.367546, 28.259918 ], [ 85.367689, 28.259471 ] ] } },
{ "type": "Feature", "properties": { "name": "Trisuli", "waterway": "river" }, "geometry": { "type": "LineString", "coordinates": [ [ 85.070792, 27.853702 ], [ 85.06984, 27.853693 ], [ 85.067348, 27.854445 ], [ 85.064464, 27.856087 ], [ 85.063896, 27.856635 ], [ 85.063668, 27.857442 ] ] } },
{ "type": "Feature", "properties": { "name": "Palpuchhe Khola", "waterway": "stream" }, "geometry": { "type": "LineString", "coordinates": [ [ 85.323838, 28.224855 ], [ 85.3252, 28.224439 ], [ 85.32686, 28.223766 ], [ 85.327848, 28.223183 ], [ 85.328885, 28.222969 ], [ 85.330737, 28.221634 ], [ 85.331584, 28.221149 ], [ 85.331951, 28.21999 ], [ 85.333243, 28.219609 ], [ 85.335319, 28.218712 ], [ 85.336301, 28.218922 ], [ 85.336917, 28.21882 ], [ 85.338137, 28.218029 ], [ 85.339747, 28.216631 ], [ 85.341282, 28.216609 ], [ 85.342655, 28.216382 ], [ 85.345327, 28.215635 ], [ 85.347369, 28.215991 ], [ 85.348962, 28.21684 ], [ 85.350719, 28.21656 ], [ 85.351981, 28.215993 ], [ 85.354433, 28.216384 ], [ 85.354701, 28.216075 ] ] } },
{ "type": "Feature", "properties": { "name": null, "waterway": "river" }, "geometry": { "type": "LineString", "coordinates": [ [ 85.183611, 28.012843 ], [ 85.183615, 28.012618 ], [ 85.183737, 28.012476 ], [ 85.184012, 28.012375 ], [ 85.183643, 28.010822 ], [ 85.183418, 28.007621 ], [ 85.183509, 28.006754 ], [ 85.184335, 28.004817 ] ] } },
{ "type": "Feature", "properties": { "name": null, "waterway": "stream" }, "geometry": { "type": "LineString", "coordinates": [ [ 85.185094, 28.022711 ], [ 85.185191, 28.022434 ], [ 85.185167, 28.021495 ] ] } },
{ "type": "Feature", "properties": { "name": null, "waterway": "river" }, "geometry": { "type": "LineString", "coordinates": [ [ 85.034578, 27.89481 ], [ 85.034963, 27.894591 ], [ 85.037707, 27.893877 ], [ 85.038171, 27.893915 ], [ 85.038493, 27.893826 ], [ 85.03911, 27.89349 ], [ 85.039928, 27.893397 ], [ 85.040239, 27.893509 ], [ 85.041275, 27.893434 ], [ 85.04168, 27.893258 ], [ 85.042321, 27.892695 ], [ 85.042305, 27.892495 ], [ 85.042018, 27.892363 ], [ 85.041695, 27.891676 ], [ 85.041759, 27.891274 ], [ 85.042013, 27.891122 ], [ 85.042277, 27.890756 ], [ 85.041895, 27.89021 ], [ 85.04184, 27.889808 ], [ 85.04199, 27.889466 ], [ 85.042363, 27.889358 ], [ 85.043063, 27.889671 ], [ 85.043591, 27.889611 ], [ 85.044132, 27.889394 ], [ 85.044377, 27.889374 ], [ 85.044623, 27.889627 ], [ 85.044917, 27.889744 ], [ 85.045158, 27.889681 ], [ 85.045607, 27.889166 ], [ 85.046195, 27.889019 ], [ 85.046355, 27.888857 ], [ 85.046402, 27.888596 ], [ 85.046206, 27.888244 ], [ 85.045921, 27.888149 ], [ 85.045254, 27.888186 ], [ 85.045062, 27.888106 ], [ 85.045202, 27.887307 ], [ 85.046342, 27.886101 ], [ 85.046342, 27.885932 ], [ 85.045906, 27.885464 ], [ 85.045739, 27.885075 ], [ 85.04579, 27.884799 ], [ 85.045492, 27.884602 ], [ 85.044751, 27.884478 ], [ 85.043148, 27.883296 ], [ 85.042051, 27.882166 ], [ 85.04209, 27.881707 ], [ 85.042232, 27.881415 ], [ 85.04208, 27.881105 ], [ 85.041463, 27.880996 ], [ 85.040807, 27.880758 ], [ 85.040709, 27.880625 ], [ 85.040764, 27.880253 ], [ 85.040947, 27.880123 ], [ 85.041795, 27.880519 ], [ 85.041988, 27.880517 ], [ 85.042281, 27.880273 ], [ 85.04269, 27.879546 ], [ 85.042648, 27.878624 ], [ 85.042466, 27.877951 ], [ 85.042862, 27.877306 ], [ 85.043372, 27.876809 ], [ 85.044064, 27.876617 ], [ 85.044471, 27.8767 ], [ 85.045054, 27.877372 ], [ 85.04523, 27.877439 ], [ 85.046627, 27.876743 ], [ 85.047177, 27.876735 ], [ 85.047391, 27.876572 ], [ 85.047528, 27.876312 ], [ 85.047911, 27.876188 ], [ 85.04898, 27.876877 ], [ 85.049556, 27.876794 ], [ 85.05027, 27.876837 ], [ 85.052006, 27.876769 ], [ 85.052681, 27.876877 ], [ 85.053544, 27.877288 ], [ 85.054842, 27.87765 ], [ 85.055626, 27.877341 ], [ 85.05807, 27.877049 ], [ 85.059692, 27.877402 ], [ 85.060097, 27.876912 ], [ 85.06056, 27.876796 ], [ 85.061719, 27.876064 ], [ 85.062918, 27.876019 ], [ 85.063175, 27.876503 ], [ 85.063666, 27.876655 ], [ 85.06406, 27.876362 ], [ 85.064272, 27.875903 ], [ 85.065693, 27.875605 ], [ 85.066276, 27.875706 ], [ 85.066155, 27.876088 ], [ 85.066201, 27.876285 ], [ 85.066482, 27.876594 ], [ 85.067367, 27.876418 ], [ 85.068806, 27.876508 ], [ 85.069971, 27.876448 ], [ 85.070279, 27.876291 ], [ 85.069862, 27.875514 ], [ 85.069331, 27.87505 ], [ 85.06932, 27.874575 ], [ 85.06864, 27.874197 ], [ 85.067767, 27.874227 ], [ 85.067234, 27.873459 ], [ 85.067291, 27.873222 ], [ 85.067504, 27.873071 ], [ 85.068457, 27.873157 ], [ 85.068817, 27.87294 ], [ 85.069211, 27.872924 ], [ 85.069563, 27.872562 ], [ 85.069629, 27.872327 ], [ 85.069611, 27.872086 ], [ 85.069365, 27.87186 ], [ 85.069212, 27.871577 ], [ 85.069166, 27.871266 ], [ 85.069233, 27.870957 ], [ 85.069406, 27.870683 ], [ 85.06948, 27.870365 ], [ 85.069211, 27.869957 ], [ 85.069177, 27.869512 ], [ 85.068893, 27.86925 ], [ 85.068389, 27.869688 ], [ 85.068042, 27.869506 ], [ 85.067932, 27.869354 ], [ 85.067891, 27.868999 ], [ 85.068303, 27.868323 ], [ 85.068359, 27.867915 ], [ 85.068254, 27.867514 ], [ 85.068, 27.86717 ], [ 85.067527, 27.866852 ], [ 85.067187, 27.866421 ], [ 85.067014, 27.865918 ], [ 85.067024, 27.865393 ], [ 85.067337, 27.864354 ], [ 85.067966, 27.863434 ], [ 85.068051, 27.862929 ], [ 85.06756, 27.862586 ], [ 85.067526, 27.861911 ], [ 85.067905, 27.86075 ], [ 85.067818, 27.860413 ], [ 85.067691, 27.860279 ], [ 85.067332, 27.860142 ], [ 85.066492, 27.860157 ], [ 85.063771, 27.859101 ], [ 85.063153, 27.859029 ], [ 85.062241, 27.859445 ], [ 85.061739, 27.859398 ] ] } },
{ "type": "Feature", "properties": { "name": "Trishuli Ganga River", "waterway": "river" }, "geometry": { "type": "LineString", "coordinates": [ [ 85.182828, 27.990858 ], [ 85.182916, 27.990388 ], [ 85.18274, 27.989742 ], [ 85.182466, 27.989494 ], [ 85.181961, 27.989217 ], [ 85.180468, 27.988598 ], [ 85.180184, 27.988152 ], [ 85.180102, 27.987722 ], [ 85.180142, 27.986957 ], [ 85.180538, 27.984403 ], [ 85.180275, 27.981662 ], [ 85.18038, 27.981163 ], [ 85.180671, 27.980448 ], [ 85.181532, 27.97869 ], [ 85.182462, 27.974967 ], [ 85.182719, 27.974417 ], [ 85.184043, 27.972805 ], [ 85.184421, 27.972114 ], [ 85.184337, 27.971377 ], [ 85.183801, 27.970649 ], [ 85.182898, 27.970247 ], [ 85.181192, 27.969873 ], [ 85.179114, 27.969276 ], [ 85.178212, 27.96852 ], [ 85.177829, 27.967899 ], [ 85.176881, 27.965606 ], [ 85.17626, 27.964944 ], [ 85.175639, 27.964588 ], [ 85.170438, 27.963031 ], [ 85.169765, 27.96263 ], [ 85.169073, 27.961713 ], [ 85.16791, 27.958556 ], [ 85.167095, 27.957034 ], [ 85.166635, 27.956682 ], [ 85.164112, 27.955707 ], [ 85.163256, 27.955551 ], [ 85.162464, 27.955292 ], [ 85.161941, 27.95484 ], [ 85.161887, 27.954491 ], [ 85.162554, 27.953168 ], [ 85.162601, 27.952496 ], [ 85.16244, 27.950265 ], [ 85.162866, 27.947379 ], [ 85.162731, 27.946973 ], [ 85.161801, 27.946301 ], [ 85.1611, 27.945422 ], [ 85.160169, 27.943722 ], [ 85.159948, 27.942349 ], [ 85.159211, 27.940547 ], [ 85.158303, 27.939073 ], [ 85.157141, 27.937697 ], [ 85.156135, 27.936299 ], [ 85.155792, 27.935536 ], [ 85.155328, 27.934044 ], [ 85.155294, 27.93363 ], [ 85.155439, 27.933482 ], [ 85.155488, 27.932984 ], [ 85.155241, 27.932446 ], [ 85.154809, 27.932026 ], [ 85.154466, 27.931848 ], [ 85.15411, 27.931773 ], [ 85.153477, 27.931864 ], [ 85.153221, 27.931974 ], [ 85.15124, 27.933926 ], [ 85.151052, 27.934004 ], [ 85.150741, 27.933871 ], [ 85.150345, 27.933364 ], [ 85.149984, 27.932557 ], [ 85.149841, 27.931153 ], [ 85.149397, 27.929725 ], [ 85.148907, 27.928633 ], [ 85.148993, 27.928441 ], [ 85.149797, 27.927812 ], [ 85.150307, 27.927272 ], [ 85.150618, 27.926819 ], [ 85.151015, 27.925897 ], [ 85.151352, 27.923394 ], [ 85.151239, 27.922796 ], [ 85.150938, 27.922335 ], [ 85.150647, 27.922072 ], [ 85.149242, 27.921781 ], [ 85.148033, 27.921156 ], [ 85.146681, 27.920683 ], [ 85.143249, 27.920414 ], [ 85.142535, 27.919865 ], [ 85.141762, 27.918612 ], [ 85.141041, 27.917824 ], [ 85.14023, 27.917237 ], [ 85.139671, 27.916997 ], [ 85.137252, 27.91659 ], [ 85.135744, 27.916159 ] ] } },
{ "type": "Feature", "properties": { "name": null, "waterway": "stream" }, "geometry": { "type": "LineString", "coordinates": [ [ 85.277001, 28.125367 ], [ 85.27703, 28.124758 ], [ 85.277215, 28.12442 ], [ 85.27736, 28.123885 ], [ 85.277569, 28.123732 ], [ 85.277772, 28.12331 ], [ 85.278247, 28.122934 ], [ 85.27846, 28.122659 ], [ 85.27922, 28.122441 ], [ 85.279779, 28.121853 ], [ 85.280656, 28.121572 ], [ 85.281077, 28.121268 ], [ 85.281117, 28.121127 ], [ 85.281347, 28.121067 ], [ 85.281463, 28.120854 ], [ 85.282075, 28.120589 ], [ 85.282346, 28.120244 ], [ 85.282716, 28.120091 ], [ 85.283247, 28.119373 ], [ 85.28338, 28.118703 ], [ 85.283712, 28.118394 ], [ 85.284073, 28.117518 ], [ 85.284543, 28.117111 ] ] } },
{ "type": "Feature", "properties": { "name": null, "waterway": "stream" }, "geometry": { "type": "LineString", "coordinates": [ [ 85.364804, 28.248544 ], [ 85.364641, 28.248663 ] ] } },
{ "type": "Feature", "properties": { "name": null, "waterway": "canal" }, "geometry": { "type": "LineString", "coordinates": [ [ 85.377252, 28.270442 ], [ 85.377373, 28.270408 ] ] } },
{ "type": "Feature", "properties": { "name": "भोटे कोशी", "waterway": "river" }, "geometry": { "type": "LineString", "coordinates": [ [ 85.376979, 28.278055 ], [ 85.376746, 28.277746 ], [ 85.376761, 28.277512 ], [ 85.376939, 28.277135 ], [ 85.377171, 28.275888 ], [ 85.377611, 28.274466 ], [ 85.377729, 28.273414 ], [ 85.377521, 28.271992 ], [ 85.377605, 28.271313 ], [ 85.377595, 28.270283 ], [ 85.377369, 28.269845 ], [ 85.376332, 28.268854 ], [ 85.376239, 28.26827 ], [ 85.375862, 28.267497 ], [ 85.375784, 28.266851 ], [ 85.375578, 28.266605 ], [ 85.375289, 28.266332 ], [ 85.37473, 28.266084 ], [ 85.374483, 28.266057 ], [ 85.374098, 28.265802 ], [ 85.373638, 28.265226 ], [ 85.37327, 28.264958 ], [ 85.372836, 28.2648 ], [ 85.372616, 28.264544 ], [ 85.372501, 28.264223 ], [ 85.372529, 28.263769 ], [ 85.372867, 28.263069 ], [ 85.372849, 28.262726 ], [ 85.37262, 28.26232 ], [ 85.372156, 28.261965 ], [ 85.37093, 28.261265 ], [ 85.370143, 28.260339 ], [ 85.368744, 28.258957 ], [ 85.367483, 28.25857 ], [ 85.366511, 28.258489 ], [ 85.365845, 28.258191 ], [ 85.365583, 28.257939 ], [ 85.365473, 28.257623 ], [ 85.365508, 28.256497 ], [ 85.365043, 28.25421 ], [ 85.36502, 28.252232 ], [ 85.364746, 28.251772 ], [ 85.364645, 28.25112 ], [ 85.36497, 28.250065 ], [ 85.364982, 28.249554 ], [ 85.364095, 28.248687 ], [ 85.363356, 28.246783 ], [ 85.363194, 28.246565 ], [ 85.362431, 28.245851 ], [ 85.361159, 28.245048 ], [ 85.359685, 28.244267 ], [ 85.358651, 28.243247 ], [ 85.358226, 28.242352 ], [ 85.358145, 28.241633 ], [ 85.358251, 28.240325 ], [ 85.358203, 28.239285 ], [ 85.358263, 28.23867 ], [ 85.35797, 28.237823 ], [ 85.357937, 28.237356 ], [ 85.358087, 28.237076 ], [ 85.358702, 28.236691 ], [ 85.359011, 28.235173 ], [ 85.35911, 28.234943 ], [ 85.359637, 28.234382 ], [ 85.360311, 28.232966 ], [ 85.360436, 28.231147 ], [ 85.360838, 28.230061 ], [ 85.360999, 28.22892 ], [ 85.360978, 28.227658 ], [ 85.361166, 28.224764 ], [ 85.360825, 28.222926 ], [ 85.36036, 28.222192 ], [ 85.359555, 28.221385 ], [ 85.358744, 28.221079 ], [ 85.358472, 28.220533 ], [ 85.358067, 28.220034 ], [ 85.357187, 28.219091 ], [ 85.356412, 28.218462 ], [ 85.355962, 28.217984 ], [ 85.355637, 28.217538 ], [ 85.355421, 28.217049 ], [ 85.354617, 28.215892 ], [ 85.354683, 28.214781 ], [ 85.354837, 28.214035 ], [ 85.354851, 28.213258 ], [ 85.354604, 28.212148 ], [ 85.354199, 28.211015 ], [ 85.354268, 28.209921 ], [ 85.354186, 28.209287 ], [ 85.354356, 28.208532 ], [ 85.354333, 28.208221 ], [ 85.354822, 28.206788 ], [ 85.354895, 28.206206 ], [ 85.354803, 28.205909 ], [ 85.354577, 28.205526 ], [ 85.353894, 28.204753 ], [ 85.353292, 28.203744 ], [ 85.35248, 28.199592 ], [ 85.352383, 28.199336 ], [ 85.352108, 28.199004 ], [ 85.35182, 28.198017 ], [ 85.351592, 28.197611 ], [ 85.350757, 28.196872 ], [ 85.350591, 28.196587 ], [ 85.350235, 28.195277 ], [ 85.349774, 28.194208 ], [ 85.34913, 28.193425 ], [ 85.348856, 28.191901 ], [ 85.348744, 28.191641 ], [ 85.34834, 28.191161 ], [ 85.347488, 28.189732 ], [ 85.346156, 28.188256 ], [ 85.345775, 28.186787 ], [ 85.345805, 28.186218 ], [ 85.344544, 28.184954 ], [ 85.343925, 28.183637 ], [ 85.343695, 28.182781 ], [ 85.343694, 28.182319 ], [ 85.343613, 28.182156 ], [ 85.343111, 28.181975 ], [ 85.342916, 28.181739 ], [ 85.342756, 28.181158 ] ] } },
{ "type": "Feature", "properties": { "name": "Ghatte Khola", "waterway": "stream" }, "geometry": { "type": "LineString", "coordinates": [ [ 85.407578, 28.25213 ], [ 85.40746, 28.25213 ], [ 85.406317, 28.252917 ], [ 85.406553, 28.253829 ], [ 85.406468, 28.254246 ], [ 85.406494, 28.254651 ], [ 85.405672, 28.255351 ], [ 85.404542, 28.255803 ], [ 85.404135, 28.256324 ], [ 85.403852, 28.256399 ], [ 85.403556, 28.256353 ], [ 85.402597, 28.256052 ], [ 85.401999, 28.255988 ], [ 85.400612, 28.256695 ], [ 85.400237, 28.257004 ], [ 85.399784, 28.257155 ], [ 85.399403, 28.257166 ], [ 85.399396, 28.257352 ], [ 85.398805, 28.257786 ], [ 85.398371, 28.258255 ], [ 85.398095, 28.258272 ], [ 85.397931, 28.258556 ], [ 85.397688, 28.258643 ], [ 85.397635, 28.258961 ], [ 85.397753, 28.259317 ], [ 85.397582, 28.259525 ], [ 85.396991, 28.259896 ], [ 85.396511, 28.260625 ], [ 85.39609, 28.260764 ], [ 85.395466, 28.260475 ], [ 85.395302, 28.260492 ], [ 85.39498, 28.26103 ], [ 85.394855, 28.261088 ], [ 85.394671, 28.261048 ], [ 85.39425, 28.261421 ], [ 85.393304, 28.261514 ], [ 85.392936, 28.261693 ], [ 85.392456, 28.262145 ], [ 85.391885, 28.262382 ], [ 85.391622, 28.262399 ], [ 85.391254, 28.262637 ], [ 85.390655, 28.262538 ], [ 85.390242, 28.262619 ], [ 85.389722, 28.262382 ], [ 85.389473, 28.262446 ], [ 85.389183, 28.262394 ], [ 85.388237, 28.26259 ], [ 85.388086, 28.262712 ], [ 85.387184, 28.262419 ], [ 85.384871, 28.263514 ], [ 85.384629, 28.26384 ], [ 85.384362, 28.263979 ], [ 85.383934, 28.264459 ], [ 85.383642, 28.264501 ], [ 85.383519, 28.264629 ], [ 85.383057, 28.264681 ], [ 85.382466, 28.265075 ], [ 85.382151, 28.265115 ], [ 85.381343, 28.26551 ], [ 85.381102, 28.265534 ], [ 85.381015, 28.265641 ], [ 85.380724, 28.26569 ], [ 85.380496, 28.265867 ], [ 85.379626, 28.265946 ], [ 85.378863, 28.265196 ], [ 85.378326, 28.265069 ], [ 85.378099, 28.265104 ], [ 85.377903, 28.265368 ], [ 85.377265, 28.265418 ], [ 85.375963, 28.266212 ], [ 85.375578, 28.266605 ] ] } },
{ "type": "Feature", "properties": { "name": null, "waterway": "stream" }, "geometry": { "type": "LineString", "coordinates": [ [ 84.585541, 27.885637 ], [ 84.585463, 27.885127 ], [ 84.585988, 27.884726 ], [ 84.58657, 27.884497 ], [ 84.586843, 27.884082 ], [ 84.586901, 27.883352 ], [ 84.586822, 27.882505 ], [ 84.587014, 27.882008 ], [ 84.587508, 27.881451 ], [ 84.58762, 27.880677 ], [ 84.587731, 27.880456 ], [ 84.587733, 27.880125 ], [ 84.588237, 27.879399 ], [ 84.588135, 27.878792 ] ] } },
{ "type": "Feature", "properties": { "name": null, "waterway": "stream" }, "geometry": { "type": "LineString", "coordinates": [ [ 85.201781, 28.007375 ], [ 85.201107, 28.006856 ], [ 85.198887, 28.005905 ], [ 85.197715, 28.00518 ], [ 85.19688, 28.004923 ], [ 85.196156, 28.004462 ], [ 85.196014, 28.003915 ], [ 85.195648, 28.003533 ], [ 85.194305, 28.003045 ], [ 85.191268, 28.002874 ], [ 85.190432, 28.003632 ], [ 85.190141, 28.004001 ], [ 85.189328, 28.003994 ], [ 85.189126, 28.004949 ], [ 85.188126, 28.005116 ], [ 85.187331, 28.005195 ], [ 85.186354, 28.004556 ], [ 85.185693, 28.004223 ], [ 85.185063, 28.004046 ], [ 85.18484, 28.004224 ], [ 85.184242, 28.004337 ] ] } },
{ "type": "Feature", "properties": { "name": null, "waterway": "canal" }, "geometry": { "type": "LineString", "coordinates": [ [ 85.37614, 28.270856 ], [ 85.377044, 28.270502 ] ] } },
{ "type": "Feature", "properties": { "name": null, "waterway": "canal" }, "geometry": { "type": "LineString", "coordinates": [ [ 85.377044, 28.270502 ], [ 85.377252, 28.270442 ] ] } },
{ "type": "Feature", "properties": { "name": null, "waterway": "stream" }, "geometry": { "type": "LineString", "coordinates": [ [ 85.250462, 28.094428 ], [ 85.250414, 28.093856 ], [ 85.25021, 28.093439 ], [ 85.250184, 28.093092 ] ] } },
{ "type": "Feature", "properties": { "name": "吉隆藏布", "waterway": "river" }, "geometry": { "type": "LineString", "coordinates": [ [ 85.357756, 28.286093 ], [ 85.358961, 28.285597 ], [ 85.35994, 28.285583 ], [ 85.360855, 28.285658 ], [ 85.361288, 28.285781 ], [ 85.361533, 28.285727 ], [ 85.361934, 28.28524 ], [ 85.362228, 28.285209 ], [ 85.362816, 28.285417 ], [ 85.364151, 28.285474 ], [ 85.365011, 28.285802 ], [ 85.365343, 28.285809 ], [ 85.365865, 28.285683 ], [ 85.367241, 28.285975 ], [ 85.367781, 28.28597 ], [ 85.368382, 28.28577 ], [ 85.370171, 28.285442 ], [ 85.371319, 28.284922 ], [ 85.37174, 28.284629 ], [ 85.372929, 28.284283 ], [ 85.375074, 28.283044 ], [ 85.375896, 28.282337 ], [ 85.376552, 28.280944 ], [ 85.376729, 28.279915 ], [ 85.377138, 28.278963 ], [ 85.377175, 28.278619 ], [ 85.376979, 28.278055 ] ] } },
{ "type": "Feature", "properties": { "name": null, "waterway": "stream" }, "geometry": { "type": "LineString", "coordinates": [ [ 85.157958, 27.947099 ], [ 85.157704, 27.946842 ], [ 85.157753, 27.946562 ], [ 85.15786, 27.94634 ], [ 85.158101, 27.946354 ], [ 85.158128, 27.946051 ], [ 85.158418, 27.945766 ], [ 85.158648, 27.945586 ], [ 85.158943, 27.945501 ], [ 85.159485, 27.945656 ] ] } },
{ "type": "Feature", "properties": { "name": null, "waterway": "stream" }, "geometry": { "type": "LineString", "coordinates": [ [ 85.081604, 27.848691 ], [ 85.08039, 27.850386 ], [ 85.080187, 27.852063 ], [ 85.080325, 27.852264 ], [ 85.080733, 27.852536 ], [ 85.081478, 27.852418 ], [ 85.081844, 27.852635 ], [ 85.081855, 27.85323 ], [ 85.081786, 27.853415 ], [ 85.08146, 27.853575 ], [ 85.081189, 27.853908 ], [ 85.08116, 27.854343 ], [ 85.080878, 27.854947 ], [ 85.080889, 27.855363 ], [ 85.081069, 27.856173 ] ] } },
{ "type": "Feature", "properties": { "name": null, "waterway": "dam" }, "geometry": { "type": "LineString", "coordinates": [ [ 85.170685, 27.962864 ], [ 85.1703, 27.963221 ], [ 85.169866, 27.96296 ], [ 85.170071, 27.962528 ], [ 85.170685, 27.962864 ] ] } },
{ "type": "Feature", "properties": { "name": null, "waterway": "stream" }, "geometry": { "type": "LineString", "coordinates": [ [ 84.663747, 27.877391 ], [ 84.663897, 27.876708 ], [ 84.663576, 27.875769 ], [ 84.663779, 27.875314 ], [ 84.663801, 27.874972 ], [ 84.663651, 27.874612 ], [ 84.66379, 27.873398 ], [ 84.664123, 27.872801 ], [ 84.66453, 27.872525 ], [ 84.664949, 27.8713 ], [ 84.664659, 27.870079 ], [ 84.664917, 27.868684 ], [ 84.664764, 27.867874 ], [ 84.664847, 27.867281 ], [ 84.664653, 27.866985 ], [ 84.663985, 27.86669 ], [ 84.663522, 27.865633 ], [ 84.662843, 27.864452 ], [ 84.662186, 27.864176 ], [ 84.661163, 27.864128 ], [ 84.659924, 27.862995 ], [ 84.658588, 27.862976 ], [ 84.65503, 27.86191 ], [ 84.654534, 27.860762 ], [ 84.653189, 27.860769 ], [ 84.651829, 27.861092 ], [ 84.651416, 27.860889 ], [ 84.651144, 27.86048 ], [ 84.650042, 27.859892 ], [ 84.649139, 27.859521 ] ] } },
{ "type": "Feature", "properties": { "name": "त्रिशुली नदी", "waterway": "river" }, "geometry": { "type": "LineString", "coordinates": [ [ 84.988309, 27.805496 ], [ 84.987692, 27.805558 ], [ 84.986823, 27.805487 ], [ 84.986066, 27.805263 ], [ 84.984548, 27.804381 ], [ 84.983336, 27.803366 ], [ 84.982059, 27.802568 ], [ 84.981222, 27.802345 ], [ 84.980128, 27.802317 ], [ 84.979318, 27.802208 ], [ 84.977092, 27.801505 ], [ 84.974989, 27.801605 ], [ 84.973165, 27.801956 ], [ 84.972017, 27.80244 ], [ 84.971786, 27.802646 ], [ 84.971684, 27.802972 ], [ 84.972108, 27.804726 ], [ 84.972073, 27.805 ], [ 84.971791, 27.805278 ], [ 84.97037, 27.805788 ], [ 84.969308, 27.806848 ], [ 84.969238, 27.807555 ], [ 84.96942, 27.80971 ], [ 84.969356, 27.810526 ], [ 84.969061, 27.811223 ], [ 84.968664, 27.811778 ], [ 84.968342, 27.812091 ], [ 84.968026, 27.812134 ], [ 84.967554, 27.81184 ], [ 84.966288, 27.810654 ], [ 84.965762, 27.810554 ], [ 84.965344, 27.810602 ], [ 84.965075, 27.810995 ], [ 84.964228, 27.814226 ], [ 84.963391, 27.815583 ], [ 84.962221, 27.816561 ], [ 84.960135, 27.817529 ], [ 84.95863, 27.817994 ], [ 84.957023, 27.817747 ], [ 84.955956, 27.817448 ], [ 84.955269, 27.817159 ], [ 84.954164, 27.816419 ], [ 84.952925, 27.815821 ], [ 84.952176, 27.815614 ], [ 84.951729, 27.815778 ], [ 84.950763, 27.816717 ], [ 84.950259, 27.816845 ], [ 84.94969, 27.816753 ], [ 84.948982, 27.816409 ], [ 84.947754, 27.816195 ], [ 84.947185, 27.816001 ], [ 84.946584, 27.815522 ], [ 84.946107, 27.81481 ], [ 84.945838, 27.814165 ], [ 84.9455, 27.812618 ], [ 84.945216, 27.812132 ], [ 84.944197, 27.81156 ], [ 84.943553, 27.81101 ], [ 84.943285, 27.810454 ], [ 84.943033, 27.809154 ], [ 84.942872, 27.808827 ], [ 84.939968, 27.805107 ], [ 84.93948, 27.80466 ], [ 84.938987, 27.804444 ], [ 84.938527, 27.804395 ], [ 84.938071, 27.804495 ], [ 84.936837, 27.804984 ], [ 84.936247, 27.805012 ], [ 84.935689, 27.804822 ], [ 84.933865, 27.803683 ], [ 84.931242, 27.80143 ], [ 84.924762, 27.797823 ], [ 84.923812, 27.797486 ], [ 84.92326, 27.797415 ], [ 84.922755, 27.797448 ], [ 84.921843, 27.797752 ], [ 84.920851, 27.798241 ], [ 84.920073, 27.798758 ], [ 84.919199, 27.799588 ], [ 84.91833, 27.800238 ], [ 84.917303, 27.800717 ], [ 84.916181, 27.800915 ], [ 84.915197, 27.801354 ], [ 84.914655, 27.80179 ], [ 84.91436, 27.80244 ], [ 84.914247, 27.803982 ], [ 84.913968, 27.804597 ], [ 84.913577, 27.804972 ], [ 84.913129, 27.805138 ], [ 84.912619, 27.805207 ], [ 84.912072, 27.805124 ], [ 84.908765, 27.804177 ], [ 84.90759, 27.804035 ], [ 84.907185, 27.804141 ], [ 84.907038, 27.80439 ], [ 84.907078, 27.804848 ], [ 84.907394, 27.806101 ], [ 84.907351, 27.806886 ], [ 84.907016, 27.807437 ], [ 84.906426, 27.807814 ], [ 84.905737, 27.807978 ], [ 84.905243, 27.80793 ], [ 84.9028, 27.806946 ], [ 84.901697, 27.80639 ], [ 84.900217, 27.80594 ], [ 84.899838, 27.805905 ], [ 84.899503, 27.805959 ], [ 84.895821, 27.807579 ], [ 84.894522, 27.807897 ], [ 84.891996, 27.808333 ], [ 84.891266, 27.808602 ], [ 84.890663, 27.808979 ], [ 84.889896, 27.809259 ], [ 84.887825, 27.809479 ], [ 84.886744, 27.809415 ], [ 84.885996, 27.80915 ], [ 84.884724, 27.808324 ], [ 84.883877, 27.808189 ], [ 84.883169, 27.8084 ], [ 84.882652, 27.808732 ], [ 84.882329, 27.809264 ], [ 84.881722, 27.809737 ], [ 84.881146, 27.809781 ], [ 84.880696, 27.80966 ], [ 84.87993, 27.809155 ], [ 84.877887, 27.808519 ], [ 84.876187, 27.808182 ], [ 84.873585, 27.807821 ], [ 84.872367, 27.807365 ], [ 84.87152, 27.806905 ], [ 84.87138, 27.806402 ], [ 84.871498, 27.805914 ], [ 84.87278, 27.804348 ], [ 84.872764, 27.803811 ], [ 84.872158, 27.80328 ], [ 84.870286, 27.80236 ], [ 84.868934, 27.801961 ], [ 84.866981, 27.801596 ], [ 84.865329, 27.801496 ], [ 84.864594, 27.801624 ], [ 84.86416, 27.801961 ], [ 84.863114, 27.803422 ], [ 84.862052, 27.805377 ], [ 84.861032, 27.806511 ], [ 84.859911, 27.807176 ], [ 84.85842, 27.807451 ], [ 84.855405, 27.807522 ], [ 84.85422, 27.80774 ], [ 84.851602, 27.80859 ], [ 84.849901, 27.808661 ], [ 84.849252, 27.808386 ], [ 84.848769, 27.807783 ], [ 84.848566, 27.806972 ], [ 84.848614, 27.805624 ], [ 84.848476, 27.804823 ], [ 84.848288, 27.804427 ], [ 84.847891, 27.804108 ], [ 84.84569, 27.80309 ], [ 84.843072, 27.802061 ], [ 84.841431, 27.801833 ], [ 84.839902, 27.802056 ], [ 84.838791, 27.802824 ], [ 84.838121, 27.803892 ], [ 84.837971, 27.804865 ], [ 84.838041, 27.805487 ], [ 84.838335, 27.806303 ], [ 84.838346, 27.806587 ], [ 84.838212, 27.806877 ], [ 84.837179, 27.807509 ], [ 84.836417, 27.808577 ], [ 84.835644, 27.809307 ], [ 84.835346, 27.81 ], [ 84.83531, 27.813543 ], [ 84.835235, 27.814058 ], [ 84.833491, 27.816034 ], [ 84.832327, 27.817121 ], [ 84.831212, 27.817899 ], [ 84.830155, 27.818459 ], [ 84.828336, 27.819052 ], [ 84.826877, 27.81926 ], [ 84.825541, 27.819047 ], [ 84.824248, 27.818326 ], [ 84.823396, 27.81759 ], [ 84.8228, 27.816532 ], [ 84.822462, 27.81547 ], [ 84.822012, 27.81323 ], [ 84.821937, 27.812371 ], [ 84.821979, 27.811717 ], [ 84.82228, 27.810891 ], [ 84.82272, 27.809994 ], [ 84.822929, 27.809297 ], [ 84.82287, 27.808884 ], [ 84.821636, 27.808001 ], [ 84.820767, 27.807693 ], [ 84.819887, 27.807627 ], [ 84.818841, 27.807688 ], [ 84.818332, 27.807835 ], [ 84.817809, 27.808113 ], [ 84.817333, 27.808609 ], [ 84.81683, 27.810018 ], [ 84.816738, 27.812063 ], [ 84.816283, 27.813052 ], [ 84.815574, 27.813648 ], [ 84.814711, 27.813956 ], [ 84.813139, 27.814203 ], [ 84.812146, 27.814464 ], [ 84.811014, 27.814895 ], [ 84.810339, 27.815498 ], [ 84.809509, 27.81711 ], [ 84.808694, 27.817659 ], [ 84.808276, 27.817721 ], [ 84.807104, 27.817631 ], [ 84.8045, 27.816782 ], [ 84.803796, 27.816644 ], [ 84.802058, 27.815603 ], [ 84.801375, 27.814867 ], [ 84.800882, 27.814598 ], [ 84.798614, 27.814592 ], [ 84.796069, 27.814065 ], [ 84.793696, 27.81304 ], [ 84.792243, 27.812657 ], [ 84.791586, 27.81263 ], [ 84.790965, 27.812738 ], [ 84.790467, 27.812943 ], [ 84.790045, 27.813363 ], [ 84.78933, 27.814291 ], [ 84.788924, 27.814608 ], [ 84.788284, 27.814771 ], [ 84.787525, 27.814714 ], [ 84.782948, 27.813913 ], [ 84.781473, 27.813482 ], [ 84.779327, 27.812704 ], [ 84.778914, 27.812419 ], [ 84.775561, 27.809131 ], [ 84.774901, 27.808685 ], [ 84.773812, 27.808609 ], [ 84.772718, 27.80895 ], [ 84.770701, 27.810046 ], [ 84.769778, 27.810649 ], [ 84.769129, 27.81119 ], [ 84.768759, 27.811683 ], [ 84.768566, 27.812314 ], [ 84.768625, 27.812666 ], [ 84.768925, 27.813301 ], [ 84.769381, 27.813951 ], [ 84.769687, 27.814744 ], [ 84.769473, 27.815365 ], [ 84.768185, 27.816433 ], [ 84.767053, 27.817128 ], [ 84.765471, 27.818276 ], [ 84.764669, 27.818584 ], [ 84.763744, 27.818626 ], [ 84.7629, 27.818513 ], [ 84.761996, 27.818217 ], [ 84.761478, 27.817884 ], [ 84.759308, 27.815903 ], [ 84.758132, 27.815218 ], [ 84.757389, 27.814655 ], [ 84.757025, 27.81413 ], [ 84.756843, 27.813331 ], [ 84.756875, 27.810556 ], [ 84.756752, 27.809686 ], [ 84.756416, 27.809024 ], [ 84.755175, 27.807785 ], [ 84.752759, 27.805917 ], [ 84.752072, 27.805511 ], [ 84.751391, 27.805246 ], [ 84.75088, 27.805092 ], [ 84.750304, 27.80507 ], [ 84.748547, 27.805622 ], [ 84.747224, 27.805894 ], [ 84.746858, 27.805844 ], [ 84.746518, 27.805662 ], [ 84.745652, 27.804875 ], [ 84.744746, 27.80439 ], [ 84.743846, 27.804291 ], [ 84.739831, 27.804504 ], [ 84.739401, 27.804459 ], [ 84.738757, 27.804239 ], [ 84.737816, 27.803466 ], [ 84.737081, 27.801993 ], [ 84.737025, 27.801463 ], [ 84.737209, 27.800466 ], [ 84.737255, 27.799385 ], [ 84.737164, 27.79909 ], [ 84.736616, 27.798643 ], [ 84.7361, 27.798366 ], [ 84.734766, 27.798054 ], [ 84.734234, 27.797855 ], [ 84.733753, 27.797444 ], [ 84.732804, 27.796269 ], [ 84.731971, 27.795774 ], [ 84.731077, 27.79564 ], [ 84.730299, 27.79571 ], [ 84.729946, 27.795818 ], [ 84.729312, 27.796488 ], [ 84.729087, 27.796861 ], [ 84.728544, 27.79878 ], [ 84.728323, 27.799248 ], [ 84.727739, 27.799938 ], [ 84.726997, 27.800307 ], [ 84.724949, 27.800905 ], [ 84.724273, 27.801067 ], [ 84.72258, 27.801152 ], [ 84.721841, 27.801311 ], [ 84.721307, 27.801517 ], [ 84.720819, 27.801905 ], [ 84.719364, 27.803506 ], [ 84.718875, 27.803809 ], [ 84.718392, 27.80386 ], [ 84.717881, 27.80378 ], [ 84.717555, 27.80362 ], [ 84.717411, 27.803141 ], [ 84.717007, 27.802617 ], [ 84.715167, 27.801326 ], [ 84.714429, 27.800927 ], [ 84.712961, 27.800532 ], [ 84.71216, 27.800451 ], [ 84.711476, 27.800503 ], [ 84.710575, 27.800754 ], [ 84.708985, 27.801525 ], [ 84.708381, 27.802016 ], [ 84.708051, 27.802532 ], [ 84.708005, 27.803016 ], [ 84.708276, 27.805809 ], [ 84.707976, 27.806823 ], [ 84.707559, 27.8071 ], [ 84.706449, 27.807295 ], [ 84.702883, 27.807413 ], [ 84.702011, 27.807535 ], [ 84.699792, 27.807963 ], [ 84.693909, 27.809342 ], [ 84.691243, 27.809658 ], [ 84.688238, 27.810407 ], [ 84.685822, 27.810422 ], [ 84.684753, 27.810554 ], [ 84.684013, 27.810837 ], [ 84.682919, 27.811499 ], [ 84.682243, 27.812093 ], [ 84.680544, 27.813327 ], [ 84.679914, 27.813742 ], [ 84.678904, 27.814186 ], [ 84.677222, 27.815535 ], [ 84.676832, 27.81573 ], [ 84.676186, 27.815957 ], [ 84.673789, 27.816519 ], [ 84.670469, 27.817213 ], [ 84.66829, 27.818251 ], [ 84.667782, 27.818593 ], [ 84.667483, 27.818842 ], [ 84.667309, 27.819113 ], [ 84.667177, 27.819455 ], [ 84.66716, 27.819885 ], [ 84.667207, 27.820347 ], [ 84.66771, 27.821615 ], [ 84.667771, 27.82191 ], [ 84.667724, 27.822145 ], [ 84.666472, 27.824541 ], [ 84.665186, 27.825987 ], [ 84.663992, 27.82668 ], [ 84.663045, 27.827586 ], [ 84.661565, 27.828522 ], [ 84.661297, 27.828835 ], [ 84.661103, 27.829277 ], [ 84.661164, 27.830495 ], [ 84.661407, 27.831814 ], [ 84.662142, 27.833526 ], [ 84.662921, 27.834804 ], [ 84.663103, 27.835243 ], [ 84.663363, 27.83688 ], [ 84.663504, 27.838641 ], [ 84.664112, 27.840263 ], [ 84.66411, 27.840517 ], [ 84.66389, 27.841185 ], [ 84.663294, 27.841951 ], [ 84.662251, 27.844058 ], [ 84.661728, 27.845314 ], [ 84.660936, 27.848136 ], [ 84.659947, 27.850057 ], [ 84.659261, 27.850649 ], [ 84.657932, 27.851587 ], [ 84.656777, 27.852007 ], [ 84.655524, 27.852331 ], [ 84.650869, 27.852533 ], [ 84.649331, 27.852807 ], [ 84.647451, 27.853292 ], [ 84.64697, 27.85371 ], [ 84.646792, 27.854512 ], [ 84.64686, 27.854908 ], [ 84.647491, 27.855846 ], [ 84.648449, 27.856744 ], [ 84.649741, 27.858182 ], [ 84.649869, 27.858637 ], [ 84.649716, 27.859167 ], [ 84.64949, 27.8594 ], [ 84.648234, 27.859687 ], [ 84.646927, 27.860412 ], [ 84.646477, 27.860561 ], [ 84.646004, 27.860581 ], [ 84.644814, 27.86043 ], [ 84.643024, 27.860045 ], [ 84.642217, 27.860343 ] ] } },
{ "type": "Feature", "properties": { "name": null, "waterway": "stream" }, "geometry": { "type": "LineString", "coordinates": [ [ 85.199961, 28.069177 ], [ 85.201262, 28.068952 ], [ 85.202163, 28.069337 ], [ 85.202855, 28.069476 ], [ 85.203663, 28.069472 ], [ 85.204039, 28.06955 ], [ 85.20536, 28.068857 ] ] } },
{ "type": "Feature", "properties": { "name": null, "waterway": "ditch" }, "geometry": { "type": "LineString", "coordinates": [ [ 85.135426, 27.902251 ], [ 85.134942, 27.901889 ] ] } },
{ "type": "Feature", "properties": { "name": null, "waterway": "stream" }, "geometry": { "type": "LineString", "coordinates": [ [ 85.192302, 28.058487 ], [ 85.19514, 28.058211 ], [ 85.197527, 28.057882 ], [ 85.198831, 28.057483 ], [ 85.199909, 28.057829 ], [ 85.200248, 28.057383 ], [ 85.200995, 28.05721 ], [ 85.201719, 28.056671 ], [ 85.202149, 28.056085 ], [ 85.202616, 28.055999 ], [ 85.203234, 28.05518 ], [ 85.203694, 28.054938 ], [ 85.204014, 28.054412 ], [ 85.205006, 28.053913 ], [ 85.204972, 28.053617 ], [ 85.205195, 28.05349 ], [ 85.205304, 28.053258 ], [ 85.206909, 28.052821 ] ] } },
{ "type": "Feature", "properties": { "name": null, "waterway": "stream" }, "geometry": { "type": "LineString", "coordinates": [ [ 85.226526, 28.073592 ], [ 85.225906, 28.075257 ], [ 85.225368, 28.076293 ], [ 85.224771, 28.07715 ], [ 85.223949, 28.078824 ], [ 85.223485, 28.080259 ], [ 85.223292, 28.081215 ], [ 85.222613, 28.081921 ], [ 85.221961, 28.08236 ] ] } },
{ "type": "Feature", "properties": { "name": "Trishuli Ganga River", "waterway": "river" }, "geometry": { "type": "LineString", "coordinates": [ [ 85.185337, 28.014472 ], [ 85.184835, 28.013596 ], [ 85.184231, 28.012858 ], [ 85.183734, 28.011582 ], [ 85.183735, 28.009803 ], [ 85.183562, 28.008307 ], [ 85.1836, 28.00734 ], [ 85.183761, 28.006426 ], [ 85.184081, 28.005637 ], [ 85.184275, 28.004759 ], [ 85.184144, 28.003807 ], [ 85.184163, 28.003146 ], [ 85.183805, 28.002201 ], [ 85.183783, 28.001796 ], [ 85.18396, 28.001294 ], [ 85.184668, 28.000399 ], [ 85.184835, 27.999258 ], [ 85.185916, 27.997505 ], [ 85.18617, 27.99683 ], [ 85.185993, 27.996538 ], [ 85.185466, 27.996135 ], [ 85.184533, 27.995006 ], [ 85.182204, 27.993125 ], [ 85.182128, 27.992785 ], [ 85.182215, 27.992372 ], [ 85.182828, 27.990858 ] ] } },
{ "type": "Feature", "properties": { "name": null, "waterway": "canal" }, "geometry": { "type": "LineString", "coordinates": [ [ 85.170347, 27.963699 ], [ 85.17018, 27.963702 ] ] } },
{ "type": "Feature", "properties": { "name": null, "waterway": "stream" }, "geometry": { "type": "LineString", "coordinates": [ [ 84.773972, 27.811732 ], [ 84.773115, 27.811536 ], [ 84.772322, 27.81113 ], [ 84.7722, 27.810934 ], [ 84.771922, 27.810762 ], [ 84.771855, 27.81052 ], [ 84.771452, 27.810163 ], [ 84.77121, 27.809795 ] ] } },
{ "type": "Feature", "properties": { "name": null, "waterway": "river" }, "geometry": { "type": "LineString", "coordinates": [ [ 84.75873, 27.790503 ], [ 84.75814, 27.790933 ], [ 84.757588, 27.791487 ], [ 84.757036, 27.792382 ], [ 84.756079, 27.793441 ], [ 84.755803, 27.794043 ], [ 84.755241, 27.794678 ], [ 84.754478, 27.796392 ], [ 84.754474, 27.796874 ], [ 84.75405, 27.797915 ], [ 84.753722, 27.798136 ], [ 84.753686, 27.798342 ], [ 84.753203, 27.799153 ], [ 84.752738, 27.79957 ], [ 84.752149, 27.800449 ], [ 84.750897, 27.801621 ], [ 84.750198, 27.802126 ], [ 84.749789, 27.802705 ], [ 84.749905, 27.803205 ], [ 84.750287, 27.803829 ], [ 84.750045, 27.804538 ], [ 84.750304, 27.80507 ] ] } },
{ "type": "Feature", "properties": { "name": null, "waterway": "stream" }, "geometry": { "type": "LineString", "coordinates": [ [ 84.804136, 27.782895 ], [ 84.803352, 27.784743 ], [ 84.802204, 27.786966 ], [ 84.802412, 27.788548 ], [ 84.802442, 27.789589 ], [ 84.801787, 27.790591 ], [ 84.801063, 27.791179 ], [ 84.801012, 27.792251 ], [ 84.800865, 27.792512 ], [ 84.800575, 27.792815 ], [ 84.800124, 27.792749 ], [ 84.799969, 27.793054 ], [ 84.798679, 27.793961 ], [ 84.798283, 27.794487 ], [ 84.798263, 27.794876 ], [ 84.798089, 27.795312 ], [ 84.797671, 27.795711 ], [ 84.797472, 27.796354 ], [ 84.797178, 27.796477 ], [ 84.797048, 27.796444 ], [ 84.796906, 27.796267 ], [ 84.796595, 27.796485 ], [ 84.796348, 27.796506 ], [ 84.79609, 27.796419 ], [ 84.794598, 27.796344 ], [ 84.79481, 27.797017 ], [ 84.794464, 27.798104 ], [ 84.793907, 27.798454 ], [ 84.793761, 27.798913 ], [ 84.793238, 27.799895 ], [ 84.792284, 27.800774 ], [ 84.792067, 27.801071 ], [ 84.791853, 27.801649 ], [ 84.791517, 27.80223 ], [ 84.790577, 27.803283 ], [ 84.790511, 27.803867 ], [ 84.790614, 27.804102 ], [ 84.790522, 27.804555 ], [ 84.789807, 27.805475 ], [ 84.789084, 27.805831 ], [ 84.788922, 27.806028 ], [ 84.788849, 27.806352 ], [ 84.789135, 27.806821 ], [ 84.789608, 27.807296 ], [ 84.789518, 27.807577 ], [ 84.78927, 27.807814 ], [ 84.789218, 27.808366 ], [ 84.789341, 27.808474 ], [ 84.789383, 27.80882 ], [ 84.789317, 27.808946 ], [ 84.789116, 27.809002 ], [ 84.788574, 27.809383 ], [ 84.788635, 27.809557 ], [ 84.78838, 27.809622 ], [ 84.788292, 27.80975 ], [ 84.788456, 27.810021 ], [ 84.787619, 27.810378 ], [ 84.787621, 27.810611 ], [ 84.787712, 27.811177 ], [ 84.787989, 27.811951 ], [ 84.787989, 27.812172 ], [ 84.788375, 27.812882 ], [ 84.788534, 27.813398 ], [ 84.78933, 27.814291 ] ] } },
{ "type": "Feature", "properties": { "name": null, "waterway": "stream" }, "geometry": { "type": "LineString", "coordinates": [ [ 84.902621, 27.796556 ], [ 84.902825, 27.796324 ], [ 84.903043, 27.796349 ], [ 84.903626, 27.798216 ], [ 84.903888, 27.79859 ], [ 84.904164, 27.798616 ], [ 84.90431, 27.798448 ], [ 84.904324, 27.798036 ], [ 84.904455, 27.797804 ], [ 84.904746, 27.797701 ], [ 84.905547, 27.797972 ], [ 84.906086, 27.798281 ], [ 84.906668, 27.798075 ], [ 84.906871, 27.798474 ], [ 84.907061, 27.798654 ], [ 84.907716, 27.798564 ], [ 84.90805, 27.798281 ], [ 84.907745, 27.798126 ], [ 84.907526, 27.797457 ], [ 84.907541, 27.796916 ], [ 84.907686, 27.79644 ], [ 84.90789, 27.796285 ], [ 84.908342, 27.796337 ], [ 84.908895, 27.797122 ], [ 84.909186, 27.796929 ], [ 84.910132, 27.797341 ], [ 84.910219, 27.797251 ], [ 84.910161, 27.796916 ], [ 84.91035, 27.796671 ], [ 84.910772, 27.796607 ], [ 84.910961, 27.796388 ], [ 84.911558, 27.796246 ], [ 84.911835, 27.796427 ], [ 84.912111, 27.796491 ], [ 84.91214, 27.796916 ], [ 84.912329, 27.796993 ], [ 84.912752, 27.796813 ], [ 84.912912, 27.796968 ], [ 84.912868, 27.797315 ], [ 84.913145, 27.797444 ], [ 84.913363, 27.797328 ], [ 84.914862, 27.797006 ], [ 84.915197, 27.797573 ], [ 84.915401, 27.797727 ], [ 84.915721, 27.797791 ], [ 84.916259, 27.798088 ], [ 84.916376, 27.798513 ], [ 84.91639, 27.799221 ], [ 84.917174, 27.80074 ] ] } },
{ "type": "Feature", "properties": { "name": null, "waterway": "stream" }, "geometry": { "type": "LineString", "coordinates": [ [ 84.922829, 27.804512 ], [ 84.922684, 27.804089 ], [ 84.923699, 27.802518 ], [ 84.922887, 27.799466 ], [ 84.923003, 27.798671 ], [ 84.922727, 27.798293 ], [ 84.922755, 27.797448 ] ] } },
{ "type": "Feature", "properties": { "name": null, "waterway": "stream" }, "geometry": { "type": "LineString", "coordinates": [ [ 84.899107, 27.81431 ], [ 84.898974, 27.813698 ], [ 84.899204, 27.812735 ], [ 84.899285, 27.811802 ], [ 84.899164, 27.811094 ], [ 84.898813, 27.810457 ], [ 84.898761, 27.81009 ], [ 84.898611, 27.809912 ], [ 84.898617, 27.809479 ], [ 84.898496, 27.809412 ], [ 84.898213, 27.809514 ], [ 84.897833, 27.809392 ], [ 84.897626, 27.809178 ], [ 84.89675, 27.809224 ], [ 84.89316, 27.808153 ] ] } },
{ "type": "Feature", "properties": { "name": null, "waterway": "stream" }, "geometry": { "type": "LineString", "coordinates": [ [ 85.025222, 27.857746 ], [ 85.024957, 27.857523 ], [ 85.024944, 27.85734 ], [ 85.025148, 27.856946 ], [ 85.025087, 27.856678 ], [ 85.025154, 27.856272 ], [ 85.024678, 27.855941 ], [ 85.024625, 27.855777 ], [ 85.02471, 27.855486 ], [ 85.024621, 27.85483 ], [ 85.024465, 27.854458 ], [ 85.024584, 27.854199 ], [ 85.024849, 27.854071 ], [ 85.025022, 27.853883 ], [ 85.025202, 27.853276 ], [ 85.024942, 27.852829 ], [ 85.024894, 27.85255 ], [ 85.024956, 27.852363 ], [ 85.025417, 27.852185 ], [ 85.025456, 27.851692 ], [ 85.025738, 27.851477 ], [ 85.025729, 27.851112 ], [ 85.025929, 27.850846 ], [ 85.026535, 27.850501 ], [ 85.02655, 27.850164 ], [ 85.026068, 27.849621 ], [ 85.026242, 27.848609 ], [ 85.02662, 27.848104 ], [ 85.026665, 27.847855 ], [ 85.026259, 27.846785 ] ] } },
{ "type": "Feature", "properties": { "name": null, "waterway": "stream" }, "geometry": { "type": "LineString", "coordinates": [ [ 84.968284, 27.806814 ], [ 84.967782, 27.807353 ], [ 84.967453, 27.807368 ], [ 84.967326, 27.807294 ], [ 84.967173, 27.806922 ], [ 84.966813, 27.806761 ], [ 84.966505, 27.806267 ], [ 84.966518, 27.806094 ], [ 84.966685, 27.805911 ], [ 84.966671, 27.805619 ], [ 84.96639, 27.805316 ], [ 84.966135, 27.805216 ], [ 84.965848, 27.804877 ], [ 84.965518, 27.804661 ], [ 84.96514, 27.80412 ], [ 84.964397, 27.803622 ], [ 84.963852, 27.803097 ], [ 84.963627, 27.802578 ], [ 84.963632, 27.802293 ], [ 84.963847, 27.802075 ], [ 84.964265, 27.802042 ], [ 84.964748, 27.801833 ], [ 84.964936, 27.80161 ], [ 84.96492, 27.801067 ], [ 84.964501, 27.800919 ], [ 84.964429, 27.800796 ], [ 84.964536, 27.800124 ] ] } },
{ "type": "Feature", "properties": { "name": null, "waterway": "stream" }, "geometry": { "type": "LineString", "coordinates": [ [ 84.983398, 27.800247 ], [ 84.983573, 27.800369 ], [ 84.983578, 27.800818 ] ] } },
{ "type": "Feature", "properties": { "name": null, "waterway": "stream" }, "geometry": { "type": "LineString", "coordinates": [ [ 84.977996, 27.805066 ], [ 84.977254, 27.804294 ], [ 84.977296, 27.803787 ], [ 84.976227, 27.802998 ], [ 84.976045, 27.802309 ], [ 84.976115, 27.801552 ] ] } },
{ "type": "Feature", "properties": { "name": null, "waterway": "stream" }, "geometry": { "type": "LineString", "coordinates": [ [ 84.98358, 27.800929 ], [ 84.983635, 27.801401 ] ] } },
{ "type": "Feature", "properties": { "name": null, "waterway": "stream" }, "geometry": { "type": "LineString", "coordinates": [ [ 84.983578, 27.800818 ], [ 84.98358, 27.800929 ] ] } },
{ "type": "Feature", "properties": { "name": null, "waterway": "stream" }, "geometry": { "type": "LineString", "coordinates": [ [ 84.98203, 27.801294 ], [ 84.98262, 27.801392 ], [ 84.983299, 27.801347 ], [ 84.98456, 27.801471 ], [ 84.985986, 27.80119 ], [ 84.986264, 27.801217 ], [ 84.986715, 27.80098 ], [ 84.987185, 27.800851 ] ] } },
{ "type": "Feature", "properties": { "name": null, "waterway": "stream" }, "geometry": { "type": "LineString", "coordinates": [ [ 85.173828, 28.045512 ], [ 85.174367, 28.045512 ], [ 85.174795, 28.044872 ], [ 85.17551, 28.044864 ], [ 85.175761, 28.044684 ], [ 85.177089, 28.0442 ], [ 85.178566, 28.042429 ], [ 85.179077, 28.042199 ], [ 85.179467, 28.042494 ], [ 85.179904, 28.042617 ], [ 85.181845, 28.042576 ], [ 85.183059, 28.041653 ], [ 85.185783, 28.041426 ], [ 85.186214, 28.041107 ], [ 85.186247, 28.040959 ], [ 85.186833, 28.040621 ], [ 85.186974, 28.040457 ], [ 85.187427, 28.040318 ], [ 85.188395, 28.039823 ], [ 85.189018, 28.039367 ], [ 85.189305, 28.038947 ], [ 85.189243, 28.038673 ], [ 85.189304, 28.038589 ], [ 85.190084, 28.038328 ], [ 85.190437, 28.038497 ], [ 85.192922, 28.038033 ] ] } },
{ "type": "Feature", "properties": { "name": null, "waterway": "canal" }, "geometry": { "type": "LineString", "coordinates": [ [ 85.145536, 27.921128 ], [ 85.145519, 27.921137 ] ] } },
{ "type": "Feature", "properties": { "name": null, "waterway": "canal" }, "geometry": { "type": "LineString", "coordinates": [ [ 85.145519, 27.921137 ], [ 85.145107, 27.921353 ], [ 85.144434, 27.921122 ], [ 85.143968, 27.920831 ], [ 85.14331, 27.920858 ], [ 85.142841, 27.920621 ], [ 85.141887, 27.919846 ] ] } },
{ "type": "Feature", "properties": { "name": null, "waterway": "canal" }, "geometry": { "type": "LineString", "coordinates": [ [ 85.137688, 27.918483 ], [ 85.137274, 27.917765 ], [ 85.135922, 27.917063 ] ] } },
{ "type": "Feature", "properties": { "name": null, "waterway": "canal" }, "geometry": { "type": "LineString", "coordinates": [ [ 85.138034, 27.919166 ], [ 85.137688, 27.918483 ] ] } },
{ "type": "Feature", "properties": { "name": null, "waterway": "canal" }, "geometry": { "type": "LineString", "coordinates": [ [ 85.141887, 27.919846 ], [ 85.141383, 27.919329 ], [ 85.140526, 27.918872 ], [ 85.139318, 27.918632 ], [ 85.138949, 27.918784 ], [ 85.138917, 27.919011 ], [ 85.139, 27.919294 ], [ 85.138898, 27.919434 ], [ 85.138314, 27.919525 ], [ 85.13817, 27.919423 ], [ 85.138034, 27.919166 ] ] } },
{ "type": "Feature", "properties": { "name": "Trishuli Ganga River", "waterway": "river" }, "geometry": { "type": "LineString", "coordinates": [ [ 85.192939, 28.029925 ], [ 85.192313, 28.029158 ], [ 85.192141, 28.028608 ], [ 85.190429, 28.026814 ], [ 85.190003, 28.025872 ], [ 85.188334, 28.025517 ], [ 85.187866, 28.025286 ] ] } },
{ "type": "Feature", "properties": { "name": "Budhi Gandaki", "waterway": "river" }, "geometry": { "type": "LineString", "coordinates": [ [ 84.810079, 28.033612 ], [ 84.811663, 28.032956 ], [ 84.81208, 28.032664 ], [ 84.812272, 28.031754 ], [ 84.813185, 28.029977 ], [ 84.813363, 28.0288 ], [ 84.813062, 28.027103 ], [ 84.812807, 28.026601 ], [ 84.812188, 28.025975 ], [ 84.812101, 28.025621 ], [ 84.812194, 28.024788 ], [ 84.813022, 28.023129 ], [ 84.813176, 28.021801 ], [ 84.812679, 28.02079 ], [ 84.81022, 28.019038 ], [ 84.809744, 28.018067 ], [ 84.809656, 28.016788 ], [ 84.809995, 28.013762 ], [ 84.810671, 28.012289 ], [ 84.812792, 28.010596 ], [ 84.813355, 28.00952 ], [ 84.813355, 28.008425 ], [ 84.812097, 28.004887 ], [ 84.811641, 28.003267 ], [ 84.811122, 28.00261 ], [ 84.810559, 28.002312 ], [ 84.808067, 28.002065 ], [ 84.804511, 28.000628 ], [ 84.80188, 28.000362 ], [ 84.800651, 28.000572 ], [ 84.799471, 28.001149 ], [ 84.798849, 28.001994 ], [ 84.797956, 28.002318 ], [ 84.797126, 28.002276 ], [ 84.79676, 28.002149 ], [ 84.796329, 28.001389 ], [ 84.7966, 28.000882 ], [ 84.79735, 28.000487 ], [ 84.797637, 27.999375 ], [ 84.797525, 27.998713 ], [ 84.796835, 27.998146 ], [ 84.794032, 27.997939 ], [ 84.79215, 27.998333 ], [ 84.790556, 27.998136 ], [ 84.78928, 27.997432 ], [ 84.788482, 27.996333 ], [ 84.788131, 27.995024 ], [ 84.788398, 27.992042 ], [ 84.788275, 27.989517 ], [ 84.787589, 27.988841 ], [ 84.786265, 27.988503 ], [ 84.785519, 27.987539 ], [ 84.784458, 27.985212 ], [ 84.784324, 27.984239 ], [ 84.784531, 27.983744 ], [ 84.783496, 27.98283 ], [ 84.782326, 27.982464 ], [ 84.779725, 27.982023 ], [ 84.778806, 27.981635 ], [ 84.777996, 27.980942 ], [ 84.777515, 27.980159 ], [ 84.777528, 27.979131 ], [ 84.777342, 27.977943 ], [ 84.777039, 27.977693 ], [ 84.776478, 27.977444 ], [ 84.774476, 27.977193 ], [ 84.774046, 27.977241 ], [ 84.773025, 27.977715 ], [ 84.77234, 27.977718 ], [ 84.771809, 27.977636 ], [ 84.77151, 27.977484 ], [ 84.771269, 27.977085 ], [ 84.771312, 27.976581 ], [ 84.771543, 27.975981 ], [ 84.771914, 27.97562 ], [ 84.772238, 27.975422 ], [ 84.773312, 27.975027 ], [ 84.774726, 27.973905 ], [ 84.775192, 27.97335 ], [ 84.775326, 27.972643 ], [ 84.775102, 27.971753 ], [ 84.77435, 27.97096 ], [ 84.772954, 27.970362 ], [ 84.77213, 27.969587 ], [ 84.769948, 27.967779 ], [ 84.768561, 27.967587 ], [ 84.766876, 27.96759 ], [ 84.764747, 27.968118 ], [ 84.762959, 27.96788 ], [ 84.761275, 27.967273 ], [ 84.760098, 27.966946 ], [ 84.759375, 27.966217 ], [ 84.759069, 27.965712 ], [ 84.758856, 27.964778 ], [ 84.758572, 27.964212 ], [ 84.757313, 27.963192 ], [ 84.753479, 27.961704 ], [ 84.750502, 27.961294 ], [ 84.748452, 27.96079 ], [ 84.746393, 27.960708 ], [ 84.745847, 27.960496 ], [ 84.745465, 27.960131 ], [ 84.745355, 27.959726 ], [ 84.745346, 27.958895 ], [ 84.746105, 27.957721 ], [ 84.746511, 27.956091 ], [ 84.746373, 27.95507 ], [ 84.746078, 27.954174 ], [ 84.744817, 27.95229 ], [ 84.743629, 27.951064 ], [ 84.742411, 27.95011 ], [ 84.741655, 27.949347 ], [ 84.740828, 27.947989 ], [ 84.740792, 27.94759 ], [ 84.740925, 27.946289 ], [ 84.740692, 27.944797 ], [ 84.739704, 27.941943 ], [ 84.739553, 27.940778 ], [ 84.739376, 27.937646 ], [ 84.73917, 27.936722 ], [ 84.738973, 27.936353 ], [ 84.738507, 27.935958 ], [ 84.734762, 27.933901 ], [ 84.734239, 27.933366 ], [ 84.733782, 27.932683 ], [ 84.733571, 27.932107 ], [ 84.733566, 27.931738 ], [ 84.733653, 27.931458 ], [ 84.734008, 27.931169 ], [ 84.735713, 27.930851 ], [ 84.736005, 27.930605 ], [ 84.736154, 27.93007 ], [ 84.736217, 27.929023 ], [ 84.736063, 27.928484 ], [ 84.735684, 27.928157 ], [ 84.732745, 27.927198 ], [ 84.732067, 27.92674 ], [ 84.731848, 27.926376 ], [ 84.731718, 27.9259 ], [ 84.732125, 27.925155 ], [ 84.733317, 27.92468 ], [ 84.733653, 27.923796 ], [ 84.733663, 27.922601 ], [ 84.733427, 27.920895 ], [ 84.733749, 27.9197 ], [ 84.734017, 27.918146 ], [ 84.735223, 27.915115 ], [ 84.734119, 27.909966 ], [ 84.733171, 27.907454 ], [ 84.7338, 27.904136 ], [ 84.736859, 27.899223 ], [ 84.737264, 27.89696 ], [ 84.735909, 27.893679 ], [ 84.735927, 27.89181 ], [ 84.737535, 27.890505 ], [ 84.740545, 27.889942 ], [ 84.741954, 27.889851 ], [ 84.742408, 27.889518 ], [ 84.743425, 27.888195 ], [ 84.744965, 27.887856 ], [ 84.749385, 27.886062 ], [ 84.749365, 27.885488 ], [ 84.749006, 27.88449 ], [ 84.745638, 27.881097 ], [ 84.745696, 27.879966 ], [ 84.749807, 27.876946 ], [ 84.751485, 27.876202 ], [ 84.752589, 27.874814 ], [ 84.753323, 27.873424 ], [ 84.753637, 27.87238 ], [ 84.754914, 27.87014 ], [ 84.755162, 27.869356 ], [ 84.755174, 27.868858 ], [ 84.754609, 27.867543 ], [ 84.754485, 27.866609 ], [ 84.75461, 27.865619 ], [ 84.755418, 27.862995 ], [ 84.755813, 27.862076 ], [ 84.757305, 27.86024 ], [ 84.758012, 27.859697 ], [ 84.758784, 27.859348 ], [ 84.759792, 27.859196 ], [ 84.760706, 27.859314 ], [ 84.761699, 27.859629 ], [ 84.76245, 27.859963 ], [ 84.763612, 27.860097 ], [ 84.764559, 27.859928 ], [ 84.765165, 27.859482 ], [ 84.765546, 27.858825 ], [ 84.765709, 27.858328 ], [ 84.765566, 27.855624 ], [ 84.765261, 27.854639 ], [ 84.765232, 27.854049 ], [ 84.76548, 27.853653 ], [ 84.765918, 27.853207 ], [ 84.767319, 27.85249 ], [ 84.768043, 27.851991 ], [ 84.768224, 27.85164 ], [ 84.768205, 27.851185 ], [ 84.767871, 27.849517 ], [ 84.76789, 27.848253 ], [ 84.768117, 27.84712 ], [ 84.768134, 27.846433 ], [ 84.767824, 27.845507 ], [ 84.7673, 27.844445 ], [ 84.767299, 27.844085 ], [ 84.767795, 27.843485 ], [ 84.768452, 27.843147 ], [ 84.769568, 27.843051 ], [ 84.770306, 27.842598 ], [ 84.770589, 27.842177 ], [ 84.770734, 27.841374 ], [ 84.770524, 27.83969 ], [ 84.770675, 27.838993 ], [ 84.771271, 27.838468 ], [ 84.772848, 27.838058 ], [ 84.773758, 27.83756 ], [ 84.775265, 27.836574 ], [ 84.775827, 27.836003 ], [ 84.776059, 27.835083 ], [ 84.775877, 27.834504 ], [ 84.774981, 27.832852 ], [ 84.773721, 27.830906 ], [ 84.773383, 27.830062 ], [ 84.773243, 27.829088 ], [ 84.773864, 27.824889 ], [ 84.774185, 27.823769 ], [ 84.776596, 27.819673 ], [ 84.777256, 27.818871 ], [ 84.777954, 27.818345 ], [ 84.779268, 27.817837 ], [ 84.781537, 27.816195 ], [ 84.782433, 27.815171 ], [ 84.782948, 27.813913 ] ] } },
{ "type": "Feature", "properties": { "name": null, "waterway": "stream" }, "geometry": { "type": "LineString", "coordinates": [ [ 85.226437, 28.088409 ], [ 85.227276, 28.088279 ], [ 85.227385, 28.08787 ], [ 85.227367, 28.087502 ], [ 85.227872, 28.086866 ], [ 85.228938, 28.085853 ] ] } },
{ "type": "Feature", "properties": { "name": null, "waterway": "stream" }, "geometry": { "type": "LineString", "coordinates": [ [ 84.583244, 27.879874 ], [ 84.58341, 27.880033 ], [ 84.583947, 27.880176 ], [ 84.584019, 27.880284 ], [ 84.584645, 27.880507 ], [ 84.585511, 27.880345 ], [ 84.585844, 27.880221 ], [ 84.586111, 27.879998 ], [ 84.586491, 27.879872 ], [ 84.586669, 27.879894 ], [ 84.586784, 27.879807 ], [ 84.586862, 27.879525 ], [ 84.587025, 27.879404 ], [ 84.586985, 27.879345 ], [ 84.587079, 27.879145 ], [ 84.587262, 27.879019 ], [ 84.587481, 27.878592 ] ] } },
{ "type": "Feature", "properties": { "name": "Marsyangdi", "waterway": "river" }, "geometry": { "type": "LineString", "coordinates": [ [ 84.545302, 27.905145 ], [ 84.545254, 27.904462 ], [ 84.545153, 27.904118 ], [ 84.544431, 27.903462 ], [ 84.543754, 27.903218 ], [ 84.542789, 27.903051 ], [ 84.542232, 27.902828 ], [ 84.541705, 27.902577 ], [ 84.541178, 27.902148 ], [ 84.540813, 27.901229 ], [ 84.540763, 27.900858 ], [ 84.540904, 27.899927 ], [ 84.54076, 27.898492 ], [ 84.540687, 27.898039 ], [ 84.540442, 27.897498 ], [ 84.540249, 27.896801 ], [ 84.540232, 27.89637 ], [ 84.540926, 27.894033 ], [ 84.540793, 27.892714 ], [ 84.540593, 27.89177 ], [ 84.540652, 27.890533 ], [ 84.540558, 27.889983 ], [ 84.540774, 27.889132 ], [ 84.540765, 27.888529 ], [ 84.540519, 27.88789 ], [ 84.540551, 27.887528 ], [ 84.540361, 27.887329 ], [ 84.540264, 27.886582 ], [ 84.540406, 27.886323 ], [ 84.540552, 27.885489 ], [ 84.54072, 27.885219 ], [ 84.541117, 27.884918 ], [ 84.541385, 27.884587 ], [ 84.542823, 27.883524 ], [ 84.54315, 27.883083 ], [ 84.544211, 27.882236 ], [ 84.544858, 27.881842 ], [ 84.545123, 27.881358 ], [ 84.545181, 27.881044 ], [ 84.545085, 27.880715 ], [ 84.544568, 27.880101 ], [ 84.543727, 27.879688 ], [ 84.542924, 27.879155 ], [ 84.541431, 27.878478 ], [ 84.541056, 27.878183 ], [ 84.540621, 27.877443 ], [ 84.540565, 27.877009 ], [ 84.540898, 27.875906 ], [ 84.543214, 27.872325 ], [ 84.543637, 27.871962 ], [ 84.544489, 27.870014 ], [ 84.544869, 27.869739 ], [ 84.545615, 27.869506 ], [ 84.54649, 27.869455 ], [ 84.546781, 27.869666 ], [ 84.547151, 27.869763 ], [ 84.548079, 27.870482 ], [ 84.549754, 27.870847 ], [ 84.550795, 27.870931 ], [ 84.552206, 27.870419 ], [ 84.552541, 27.870024 ], [ 84.552613, 27.86958 ], [ 84.552443, 27.86861 ], [ 84.551964, 27.867918 ], [ 84.551177, 27.86734 ], [ 84.550732, 27.866787 ], [ 84.550104, 27.866271 ], [ 84.549138, 27.866101 ], [ 84.547555, 27.864007 ], [ 84.54745, 27.863485 ], [ 84.547677, 27.862836 ], [ 84.54792, 27.862616 ], [ 84.552391, 27.860681 ], [ 84.555019, 27.859633 ], [ 84.55614, 27.859362 ], [ 84.557793, 27.859173 ], [ 84.558587, 27.858917 ], [ 84.558879, 27.858732 ], [ 84.559056, 27.858492 ], [ 84.559195, 27.857839 ] ] } },
{ "type": "Feature", "properties": { "name": null, "waterway": "stream" }, "geometry": { "type": "LineString", "coordinates": [ [ 84.59887, 27.90754 ], [ 84.598862, 27.907097 ], [ 84.599373, 27.906529 ], [ 84.600039, 27.906122 ], [ 84.600775, 27.906484 ], [ 84.601219, 27.906522 ], [ 84.602419, 27.90626 ], [ 84.603065, 27.906033 ], [ 84.603085, 27.905871 ], [ 84.602902, 27.9054 ], [ 84.602738, 27.90521 ], [ 84.60266, 27.904687 ], [ 84.602937, 27.904332 ], [ 84.602966, 27.904186 ], [ 84.60347, 27.903913 ], [ 84.603755, 27.903871 ], [ 84.603949, 27.903716 ], [ 84.603938, 27.903406 ], [ 84.603747, 27.903169 ], [ 84.603914, 27.902735 ], [ 84.604744, 27.902467 ], [ 84.605204, 27.901964 ], [ 84.605671, 27.901723 ], [ 84.60617, 27.901661 ], [ 84.606637, 27.901709 ], [ 84.607062, 27.901623 ], [ 84.60714, 27.901479 ], [ 84.606999, 27.900869 ], [ 84.607021, 27.900476 ], [ 84.607331, 27.900389 ], [ 84.607388, 27.900201 ], [ 84.6077, 27.900096 ], [ 84.607798, 27.899863 ], [ 84.608319, 27.899516 ], [ 84.608676, 27.899411 ], [ 84.609088, 27.899416 ], [ 84.609307, 27.899082 ], [ 84.609073, 27.898309 ], [ 84.608968, 27.897555 ], [ 84.608598, 27.896915 ], [ 84.609149, 27.896602 ], [ 84.609624, 27.896742 ], [ 84.610409, 27.896642 ], [ 84.610635, 27.896442 ], [ 84.610756, 27.896062 ], [ 84.610364, 27.895655 ], [ 84.610741, 27.895449 ], [ 84.610688, 27.895102 ], [ 84.610341, 27.894508 ], [ 84.609918, 27.893928 ], [ 84.609685, 27.893815 ], [ 84.608787, 27.893988 ], [ 84.608394, 27.894808 ], [ 84.608274, 27.894835 ], [ 84.607564, 27.894462 ], [ 84.607391, 27.894475 ], [ 84.607255, 27.894615 ], [ 84.607165, 27.895415 ], [ 84.607029, 27.895482 ], [ 84.606644, 27.895275 ], [ 84.606139, 27.894782 ], [ 84.606026, 27.894468 ], [ 84.606169, 27.893895 ], [ 84.606131, 27.893662 ], [ 84.606433, 27.893335 ], [ 84.606908, 27.893041 ], [ 84.606984, 27.892888 ], [ 84.606772, 27.892535 ], [ 84.606659, 27.892074 ], [ 84.60672, 27.891928 ], [ 84.607014, 27.891921 ], [ 84.607821, 27.892121 ], [ 84.60804, 27.892028 ], [ 84.608123, 27.891881 ], [ 84.607564, 27.891281 ], [ 84.607187, 27.890621 ], [ 84.606984, 27.890574 ], [ 84.606531, 27.890788 ], [ 84.606252, 27.890768 ], [ 84.605724, 27.890628 ], [ 84.605264, 27.890621 ], [ 84.604999, 27.890374 ], [ 84.604932, 27.889661 ], [ 84.604992, 27.889401 ], [ 84.605716, 27.889161 ], [ 84.605709, 27.889027 ], [ 84.60558, 27.888921 ], [ 84.605181, 27.888754 ], [ 84.605048, 27.888475 ], [ 84.605016, 27.887843 ], [ 84.605272, 27.887588 ], [ 84.605059, 27.887013 ], [ 84.604696, 27.886466 ], [ 84.604429, 27.886211 ], [ 84.603618, 27.886258 ], [ 84.603426, 27.886174 ], [ 84.603373, 27.885636 ], [ 84.60348, 27.88541 ], [ 84.603426, 27.885249 ], [ 84.603021, 27.88507 ], [ 84.602615, 27.884655 ], [ 84.601837, 27.884306 ], [ 84.600833, 27.883627 ], [ 84.600769, 27.883354 ], [ 84.600994, 27.883071 ], [ 84.600802, 27.882562 ], [ 84.601036, 27.882165 ], [ 84.600769, 27.881628 ], [ 84.600481, 27.881458 ], [ 84.6003, 27.881439 ], [ 84.599916, 27.881675 ], [ 84.599649, 27.881684 ], [ 84.599436, 27.881571 ], [ 84.599349, 27.881109 ], [ 84.599599, 27.880691 ], [ 84.599579, 27.880459 ], [ 84.599444, 27.880329 ], [ 84.599198, 27.88027 ], [ 84.599369, 27.879923 ], [ 84.599308, 27.879559 ], [ 84.59903, 27.879287 ], [ 84.597899, 27.878752 ], [ 84.597558, 27.87844 ], [ 84.597526, 27.877997 ], [ 84.597805, 27.877264 ], [ 84.597827, 27.877049 ], [ 84.597694, 27.876861 ], [ 84.597878, 27.87645 ], [ 84.597819, 27.876082 ] ] } },
{ "type": "Feature", "properties": { "name": null, "waterway": "stream" }, "geometry": { "type": "LineString", "coordinates": [ [ 85.155003, 27.949912 ], [ 85.155102, 27.94992 ], [ 85.155196, 27.949733 ], [ 85.155351, 27.949693 ], [ 85.155646, 27.949849 ], [ 85.155737, 27.949463 ], [ 85.156002, 27.949526 ], [ 85.156142, 27.949442 ], [ 85.156132, 27.94924 ], [ 85.156228, 27.949127 ], [ 85.156453, 27.94914 ], [ 85.156766, 27.949285 ], [ 85.157123, 27.949284 ], [ 85.157149, 27.949073 ], [ 85.157448, 27.949083 ], [ 85.15755, 27.948993 ], [ 85.157498, 27.94872 ], [ 85.157801, 27.94847 ], [ 85.157683, 27.948074 ], [ 85.157828, 27.947932 ], [ 85.157774, 27.947671 ], [ 85.158058, 27.947359 ], [ 85.158017, 27.947182 ] ] } },
{ "type": "Feature", "properties": { "name": "Thopal Khola", "waterway": "river" }, "geometry": { "type": "LineString", "coordinates": [ [ 84.882664, 27.910964 ], [ 84.88311, 27.910661 ], [ 84.88443, 27.910241 ], [ 84.884758, 27.909888 ], [ 84.884811, 27.909169 ], [ 84.884735, 27.909063 ], [ 84.883725, 27.90861 ], [ 84.883513, 27.908402 ], [ 84.883426, 27.908157 ], [ 84.883523, 27.907663 ], [ 84.884873, 27.907288 ], [ 84.885792, 27.90716 ], [ 84.886742, 27.906719 ], [ 84.886983, 27.906465 ], [ 84.887185, 27.906065 ], [ 84.887031, 27.905353 ], [ 84.886444, 27.903984 ], [ 84.886036, 27.903273 ], [ 84.88507, 27.902427 ], [ 84.884456, 27.902133 ], [ 84.884013, 27.902149 ], [ 84.883163, 27.903064 ], [ 84.882962, 27.903178 ], [ 84.882538, 27.90324 ], [ 84.882418, 27.903183 ], [ 84.881771, 27.902185 ], [ 84.88139, 27.90181 ], [ 84.881133, 27.901678 ], [ 84.880076, 27.901411 ], [ 84.878388, 27.901373 ], [ 84.877568, 27.901114 ], [ 84.877276, 27.900699 ], [ 84.877217, 27.900429 ], [ 84.877681, 27.899506 ], [ 84.878118, 27.898937 ], [ 84.878263, 27.898335 ], [ 84.878201, 27.897762 ], [ 84.877853, 27.896922 ], [ 84.877622, 27.896067 ], [ 84.877179, 27.89513 ], [ 84.877101, 27.894327 ], [ 84.877252, 27.893597 ], [ 84.877182, 27.892926 ], [ 84.876801, 27.892378 ], [ 84.876139, 27.891949 ], [ 84.875715, 27.89157 ], [ 84.875369, 27.891096 ], [ 84.874805, 27.890661 ], [ 84.872692, 27.88968 ], [ 84.872341, 27.889429 ], [ 84.87222, 27.889247 ], [ 84.872314, 27.888936 ], [ 84.872437, 27.888865 ], [ 84.873357, 27.888773 ], [ 84.875374, 27.888863 ], [ 84.875658, 27.888765 ], [ 84.875933, 27.888522 ], [ 84.876189, 27.888158 ], [ 84.876575, 27.886797 ], [ 84.877069, 27.885627 ], [ 84.877548, 27.884755 ], [ 84.877727, 27.884121 ], [ 84.877528, 27.883669 ], [ 84.877216, 27.883297 ], [ 84.8766, 27.882897 ], [ 84.876243, 27.882514 ], [ 84.875666, 27.880797 ], [ 84.87516, 27.879723 ], [ 84.874162, 27.878881 ], [ 84.871707, 27.878071 ], [ 84.87126, 27.87772 ], [ 84.871021, 27.877414 ], [ 84.870946, 27.876799 ], [ 84.871139, 27.876426 ], [ 84.871533, 27.876013 ], [ 84.872294, 27.875559 ], [ 84.87228, 27.875296 ], [ 84.870989, 27.874815 ], [ 84.870597, 27.87454 ], [ 84.870358, 27.874256 ], [ 84.87008, 27.873582 ], [ 84.870061, 27.873362 ], [ 84.870184, 27.871927 ], [ 84.869739, 27.870687 ], [ 84.869438, 27.870199 ], [ 84.869143, 27.869952 ], [ 84.868139, 27.869691 ], [ 84.867619, 27.869328 ], [ 84.867177, 27.868821 ], [ 84.867011, 27.868164 ], [ 84.867108, 27.867626 ], [ 84.867395, 27.866922 ], [ 84.867359, 27.86648 ], [ 84.866743, 27.865779 ], [ 84.86618, 27.864631 ], [ 84.865593, 27.864098 ], [ 84.865098, 27.863931 ], [ 84.864677, 27.863893 ], [ 84.864226, 27.863714 ], [ 84.863848, 27.863281 ], [ 84.863492, 27.86269 ], [ 84.863454, 27.861676 ], [ 84.863907, 27.861022 ], [ 84.863769, 27.860754 ], [ 84.863549, 27.860511 ], [ 84.861483, 27.859956 ], [ 84.860672, 27.85961 ], [ 84.860379, 27.859014 ], [ 84.860242, 27.858376 ], [ 84.860941, 27.855995 ], [ 84.860781, 27.855134 ], [ 84.860579, 27.854838 ], [ 84.860185, 27.854838 ], [ 84.858985, 27.854523 ], [ 84.858471, 27.854093 ], [ 84.858215, 27.853647 ], [ 84.857811, 27.85201 ], [ 84.855804, 27.85073 ], [ 84.855086, 27.850135 ], [ 84.854075, 27.849691 ], [ 84.852971, 27.849579 ], [ 84.851752, 27.849848 ], [ 84.851322, 27.84981 ], [ 84.849871, 27.849279 ], [ 84.848922, 27.848781 ], [ 84.848421, 27.848345 ], [ 84.84814, 27.847988 ], [ 84.848034, 27.847507 ], [ 84.848095, 27.846092 ], [ 84.847324, 27.844203 ], [ 84.846995, 27.843703 ], [ 84.846295, 27.843143 ], [ 84.845448, 27.842938 ], [ 84.844054, 27.84193 ], [ 84.843777, 27.841561 ], [ 84.843562, 27.841099 ], [ 84.843668, 27.840747 ], [ 84.84474, 27.839788 ], [ 84.845198, 27.838734 ], [ 84.846051, 27.837802 ], [ 84.846243, 27.837405 ], [ 84.846243, 27.835638 ], [ 84.846418, 27.835265 ], [ 84.847178, 27.834852 ], [ 84.847215, 27.834568 ], [ 84.846876, 27.834163 ], [ 84.845978, 27.833539 ], [ 84.844905, 27.831942 ], [ 84.844758, 27.830466 ], [ 84.84485, 27.829162 ], [ 84.844667, 27.828626 ], [ 84.844649, 27.828018 ], [ 84.844786, 27.827346 ], [ 84.845629, 27.826478 ], [ 84.845648, 27.825587 ], [ 84.844978, 27.824095 ], [ 84.84474, 27.82322 ], [ 84.844685, 27.822287 ], [ 84.844364, 27.821387 ], [ 84.84408, 27.821006 ], [ 84.843588, 27.820879 ], [ 84.841031, 27.820692 ], [ 84.840837, 27.820541 ], [ 84.841634, 27.818184 ], [ 84.841563, 27.817851 ], [ 84.841245, 27.817159 ], [ 84.8412, 27.816695 ], [ 84.84133, 27.815365 ], [ 84.841239, 27.814917 ], [ 84.840772, 27.814642 ], [ 84.83947, 27.814533 ], [ 84.838543, 27.814671 ], [ 84.838005, 27.814895 ], [ 84.837136, 27.815118 ], [ 84.836239, 27.8148 ], [ 84.835235, 27.814058 ] ] } },
{ "type": "Feature", "properties": { "name": null, "waterway": "stream" }, "geometry": { "type": "LineString", "coordinates": [ [ 84.978513, 27.806908 ], [ 84.976417, 27.80562 ], [ 84.975922, 27.805607 ], [ 84.975175, 27.805122 ], [ 84.973011, 27.804778 ], [ 84.972108, 27.804726 ] ] } },
{ "type": "Feature", "properties": { "name": null, "waterway": "stream" }, "geometry": { "type": "LineString", "coordinates": [ [ 85.2131, 28.071916 ], [ 85.213285, 28.071704 ], [ 85.213272, 28.071432 ], [ 85.21365, 28.070756 ], [ 85.213685, 28.070094 ], [ 85.21404, 28.069103 ], [ 85.214626, 28.068622 ], [ 85.214821, 28.068299 ], [ 85.215496, 28.067926 ], [ 85.215935, 28.067833 ], [ 85.216333, 28.06751 ], [ 85.215675, 28.067266 ], [ 85.215772, 28.067022 ], [ 85.215748, 28.066706 ], [ 85.215569, 28.066426 ], [ 85.215268, 28.066398 ], [ 85.214707, 28.066513 ], [ 85.214601, 28.066685 ], [ 85.214317, 28.066807 ], [ 85.213613, 28.067412 ], [ 85.21239, 28.067942 ], [ 85.210566, 28.06779 ], [ 85.20818, 28.067076 ], [ 85.207622, 28.06683 ], [ 85.207483, 28.064667 ], [ 85.207217, 28.063369 ] ] } },
{ "type": "Feature", "properties": { "name": null, "waterway": null }, "geometry": { "type": "LineString", "coordinates": [ [ 85.154744, 27.935642 ], [ 85.154581, 27.935534 ], [ 85.154128, 27.936069 ], [ 85.154291, 27.936177 ], [ 85.154744, 27.935642 ] ] } },
{ "type": "Feature", "properties": { "name": null, "waterway": "stream" }, "geometry": { "type": "LineString", "coordinates": [ [ 84.689936, 27.850963 ], [ 84.688499, 27.851761 ], [ 84.688281, 27.851794 ], [ 84.687837, 27.85222 ], [ 84.687762, 27.852512 ], [ 84.687499, 27.852838 ], [ 84.687281, 27.85329 ], [ 84.686799, 27.853862 ], [ 84.686514, 27.854049 ], [ 84.685799, 27.854255 ], [ 84.685257, 27.854674 ], [ 84.684926, 27.85506 ], [ 84.684859, 27.855399 ], [ 84.684889, 27.855851 ], [ 84.684828, 27.85613 ], [ 84.684708, 27.85627 ], [ 84.684663, 27.856589 ], [ 84.684685, 27.858167 ], [ 84.68446, 27.859183 ], [ 84.684084, 27.859502 ], [ 84.682775, 27.860108 ], [ 84.681947, 27.860207 ], [ 84.681534, 27.859815 ], [ 84.680428, 27.859064 ], [ 84.679896, 27.858818 ], [ 84.678118, 27.857301 ], [ 84.677592, 27.857081 ], [ 84.677404, 27.857055 ], [ 84.677125, 27.857141 ], [ 84.67626, 27.85762 ], [ 84.675877, 27.857733 ], [ 84.674492, 27.8577 ], [ 84.673597, 27.8578 ], [ 84.673417, 27.857933 ], [ 84.67301, 27.857913 ], [ 84.672048, 27.858152 ], [ 84.671166, 27.857965 ], [ 84.67062, 27.857997 ], [ 84.670393, 27.857789 ], [ 84.670088, 27.857826 ], [ 84.66962, 27.857694 ], [ 84.669379, 27.85777 ], [ 84.66899, 27.857526 ], [ 84.668601, 27.857471 ], [ 84.668075, 27.857102 ], [ 84.667768, 27.857035 ], [ 84.667532, 27.857104 ], [ 84.667151, 27.856866 ], [ 84.666804, 27.856784 ], [ 84.666447, 27.856589 ], [ 84.666305, 27.856403 ], [ 84.666148, 27.856357 ], [ 84.666125, 27.856161 ], [ 84.665846, 27.855956 ], [ 84.665599, 27.855939 ], [ 84.665554, 27.855811 ], [ 84.665001, 27.855606 ], [ 84.664554, 27.855262 ], [ 84.663824, 27.85452 ], [ 84.663192, 27.853457 ], [ 84.662679, 27.853117 ], [ 84.662142, 27.852995 ], [ 84.662246, 27.852751 ], [ 84.662194, 27.852659 ], [ 84.660498, 27.852033 ], [ 84.659261, 27.850649 ] ] } },
{ "type": "Feature", "properties": { "name": null, "waterway": "stream" }, "geometry": { "type": "LineString", "coordinates": [ [ 84.619598, 27.845365 ], [ 84.619553, 27.845671 ], [ 84.619895, 27.846768 ], [ 84.620928, 27.847651 ], [ 84.620982, 27.847813 ], [ 84.620844, 27.84822 ], [ 84.620809, 27.849623 ], [ 84.62116, 27.850309 ], [ 84.621531, 27.850664 ], [ 84.621783, 27.851219 ], [ 84.621778, 27.851376 ], [ 84.621482, 27.851634 ], [ 84.620597, 27.851866 ], [ 84.620439, 27.851997 ], [ 84.620301, 27.852234 ], [ 84.620189, 27.85271 ], [ 84.620329, 27.853323 ], [ 84.620644, 27.854139 ], [ 84.621224, 27.855202 ], [ 84.621791, 27.855919 ], [ 84.622525, 27.856618 ], [ 84.622854, 27.857452 ], [ 84.623064, 27.858305 ], [ 84.623742, 27.858516 ], [ 84.623903, 27.859035 ], [ 84.624084, 27.861118 ], [ 84.624021, 27.861471 ], [ 84.62349, 27.861953 ], [ 84.623378, 27.862231 ], [ 84.623413, 27.86233 ], [ 84.62428, 27.862917 ], [ 84.624511, 27.863313 ], [ 84.625077, 27.863665 ], [ 84.625462, 27.864185 ], [ 84.62721, 27.865093 ], [ 84.627672, 27.865748 ], [ 84.628343, 27.866237 ], [ 84.628532, 27.866768 ], [ 84.629392, 27.86717 ], [ 84.630014, 27.867343 ], [ 84.630266, 27.867622 ], [ 84.630522, 27.868113 ], [ 84.630692, 27.869513 ], [ 84.630868, 27.869941 ] ] } },
{ "type": "Feature", "properties": { "name": null, "waterway": "stream" }, "geometry": { "type": "LineString", "coordinates": [ [ 84.570591, 27.874445 ], [ 84.571013, 27.874052 ], [ 84.571171, 27.873781 ], [ 84.571627, 27.873407 ], [ 84.572586, 27.872933 ], [ 84.573545, 27.872775 ], [ 84.574342, 27.872545 ], [ 84.575318, 27.872502 ], [ 84.576066, 27.872099 ], [ 84.577201, 27.87188 ], [ 84.577448, 27.871759 ] ] } },
{ "type": "Feature", "properties": { "name": null, "waterway": "stream" }, "geometry": { "type": "LineString", "coordinates": [ [ 84.577433, 27.855103 ], [ 84.576213, 27.853587 ], [ 84.575582, 27.853485 ], [ 84.575153, 27.853233 ], [ 84.574679, 27.852764 ], [ 84.574128, 27.852733 ], [ 84.573588, 27.853085 ], [ 84.572082, 27.852727 ], [ 84.570881, 27.852996 ], [ 84.570352, 27.853224 ], [ 84.570149, 27.853205 ], [ 84.569136, 27.853652 ], [ 84.569039, 27.853878 ], [ 84.569028, 27.854435 ], [ 84.568667, 27.854737 ], [ 84.568423, 27.854671 ], [ 84.56779, 27.853382 ], [ 84.567328, 27.852733 ], [ 84.566803, 27.852691 ], [ 84.566259, 27.85281 ], [ 84.566188, 27.852966 ], [ 84.565951, 27.853125 ], [ 84.565801, 27.853758 ], [ 84.565914, 27.853997 ], [ 84.566312, 27.854365 ], [ 84.566316, 27.854516 ], [ 84.566148, 27.854867 ], [ 84.56584, 27.854937 ], [ 84.565302, 27.853957 ], [ 84.56483, 27.853609 ], [ 84.56447, 27.853453 ], [ 84.564226, 27.853559 ], [ 84.563674, 27.854203 ], [ 84.563438, 27.854193 ], [ 84.563355, 27.853828 ], [ 84.563513, 27.853603 ], [ 84.563247, 27.853231 ], [ 84.562309, 27.852379 ], [ 84.562136, 27.852375 ], [ 84.56184, 27.852684 ], [ 84.561315, 27.852926 ], [ 84.560594, 27.852661 ], [ 84.560351, 27.852478 ], [ 84.560186, 27.851977 ], [ 84.559996, 27.851672 ], [ 84.559567, 27.851665 ], [ 84.559004, 27.851449 ], [ 84.558858, 27.851231 ], [ 84.558926, 27.850847 ], [ 84.558396, 27.850197 ], [ 84.55825, 27.849885 ], [ 84.558279, 27.849478 ], [ 84.557881, 27.849061 ] ] } },
{ "type": "Feature", "properties": { "name": null, "waterway": "canal" }, "geometry": { "type": "LineString", "coordinates": [ [ 85.157829, 27.942675 ], [ 85.157688, 27.942411 ], [ 85.157735, 27.941927 ], [ 85.159211, 27.940547 ] ] } },
{ "type": "Feature", "properties": { "name": null, "waterway": "canal" }, "geometry": { "type": "LineString", "coordinates": [ [ 85.157705, 27.942938 ], [ 85.15725, 27.943144 ] ] } },
{ "type": "Feature", "properties": { "name": null, "waterway": "canal" }, "geometry": { "type": "LineString", "coordinates": [ [ 85.158805, 27.944713 ], [ 85.158507, 27.944043 ] ] } },
{ "type": "Feature", "properties": { "name": null, "waterway": "stream" }, "geometry": { "type": "LineString", "coordinates": [ [ 85.159402, 27.955169 ], [ 85.159946, 27.95497 ], [ 85.160138, 27.955057 ], [ 85.16034, 27.954902 ], [ 85.160516, 27.95495 ], [ 85.160611, 27.954868 ], [ 85.161239, 27.954829 ], [ 85.161733, 27.954947 ], [ 85.161941, 27.95484 ] ] } },
{ "type": "Feature", "properties": { "name": null, "waterway": "stream" }, "geometry": { "type": "LineString", "coordinates": [ [ 85.166723, 27.95817 ], [ 85.167503, 27.957796 ] ] } },
{ "type": "Feature", "properties": { "name": null, "waterway": "stream" }, "geometry": { "type": "LineString", "coordinates": [ [ 85.166678, 27.958213 ], [ 85.166723, 27.95817 ] ] } },
{ "type": "Feature", "properties": { "name": null, "waterway": "stream" }, "geometry": { "type": "LineString", "coordinates": [ [ 85.166502, 27.958337 ], [ 85.166678, 27.958213 ] ] } },
{ "type": "Feature", "properties": { "name": null, "waterway": "stream" }, "geometry": { "type": "LineString", "coordinates": [ [ 85.166103, 27.958755 ], [ 85.166502, 27.958337 ] ] } },
{ "type": "Feature", "properties": { "name": null, "waterway": "stream" }, "geometry": { "type": "LineString", "coordinates": [ [ 85.184906, 27.959407 ], [ 85.183104, 27.9617 ], [ 85.18186, 27.963576 ], [ 85.180915, 27.965623 ], [ 85.179671, 27.966741 ], [ 85.178739, 27.966493 ] ] } },
{ "type": "Feature", "properties": { "name": null, "waterway": "stream" }, "geometry": { "type": "LineString", "coordinates": [ [ 85.281066, 28.117096 ], [ 85.281071, 28.11687 ], [ 85.281169, 28.116774 ], [ 85.281729, 28.116447 ] ] } },
{ "type": "Feature", "properties": { "name": null, "waterway": "stream" }, "geometry": { "type": "LineString", "coordinates": [ [ 85.365695, 28.274886 ], [ 85.366275, 28.275476 ], [ 85.366795, 28.275788 ], [ 85.367246, 28.275916 ], [ 85.369059, 28.276983 ], [ 85.369681, 28.27704 ], [ 85.370228, 28.276804 ], [ 85.370899, 28.276728 ], [ 85.371403, 28.276776 ], [ 85.371789, 28.276979 ], [ 85.372449, 28.276988 ], [ 85.372986, 28.277206 ], [ 85.373721, 28.276681 ], [ 85.374799, 28.276473 ], [ 85.375467, 28.276551 ], [ 85.376135, 28.27695 ], [ 85.376939, 28.277135 ] ] } },
{ "type": "Feature", "properties": { "name": "Trishuli River", "waterway": "river" }, "geometry": { "type": "LineString", "coordinates": [ [ 85.307623, 28.140732 ], [ 85.306083, 28.139356 ], [ 85.304692, 28.137548 ], [ 85.303336, 28.135005 ], [ 85.302561, 28.134435 ], [ 85.302612, 28.133861 ], [ 85.300942, 28.132384 ], [ 85.300602, 28.131506 ], [ 85.300425, 28.131322 ], [ 85.300402, 28.13118 ], [ 85.3006, 28.13095 ], [ 85.300451, 28.130388 ], [ 85.300577, 28.129916 ], [ 85.300458, 28.1297 ], [ 85.299934, 28.12911 ], [ 85.298796, 28.128339 ], [ 85.298127, 28.127502 ] ] } },
{ "type": "Feature", "properties": { "name": null, "waterway": "stream" }, "geometry": { "type": "LineString", "coordinates": [ [ 85.375389, 28.243026 ], [ 85.374702, 28.243712 ], [ 85.373556, 28.244386 ], [ 85.372614, 28.245134 ], [ 85.371451, 28.24664 ], [ 85.371318, 28.247104 ], [ 85.370892, 28.247824 ], [ 85.370883, 28.248237 ], [ 85.370193, 28.24887 ], [ 85.369776, 28.249125 ], [ 85.368523, 28.249661 ], [ 85.367647, 28.2504 ], [ 85.366421, 28.250677 ], [ 85.366178, 28.250912 ], [ 85.365387, 28.250989 ], [ 85.365124, 28.250877 ], [ 85.364811, 28.250581 ] ] } },
{ "type": "Feature", "properties": { "name": null, "waterway": "stream" }, "geometry": { "type": "LineString", "coordinates": [ [ 85.345927, 28.245818 ], [ 85.346625, 28.245217 ], [ 85.34691, 28.245109 ], [ 85.347161, 28.245114 ], [ 85.347354, 28.244802 ], [ 85.347548, 28.244702 ], [ 85.347676, 28.244447 ], [ 85.347875, 28.244286 ], [ 85.348186, 28.244135 ], [ 85.348829, 28.24405 ], [ 85.349318, 28.243186 ], [ 85.349731, 28.242968 ], [ 85.35008, 28.242807 ], [ 85.351834, 28.242401 ], [ 85.35207, 28.24224 ], [ 85.352483, 28.242188 ], [ 85.352971, 28.241962 ], [ 85.353218, 28.241711 ], [ 85.354231, 28.241584 ], [ 85.356313, 28.240799 ], [ 85.356923, 28.240654 ] ] } },
{ "type": "Feature", "properties": { "name": null, "waterway": "river" }, "geometry": { "type": "LineString", "coordinates": [ [ 85.186277, 28.020038 ], [ 85.187503, 28.018838 ], [ 85.187712, 28.018002 ], [ 85.187712, 28.017251 ], [ 85.187304, 28.016328 ], [ 85.185883, 28.014775 ], [ 85.1843, 28.013524 ], [ 85.183611, 28.012843 ] ] } },
{ "type": "Feature", "properties": { "name": null, "waterway": "stream" }, "geometry": { "type": "LineString", "coordinates": [ [ 85.198224, 28.052184 ], [ 85.199788, 28.051605 ], [ 85.201082, 28.050805 ], [ 85.201489, 28.050468 ], [ 85.201739, 28.050393 ], [ 85.202001, 28.050097 ], [ 85.20267, 28.04961 ] ] } },
{ "type": "Feature", "properties": { "name": "त्रिशुली नदी", "waterway": "river" }, "geometry": { "type": "LineString", "coordinates": [ [ 85.014372, 27.807876 ], [ 85.014138, 27.807546 ], [ 85.013781, 27.807285 ], [ 85.010638, 27.805899 ], [ 85.009595, 27.805603 ], [ 85.009257, 27.805586 ], [ 85.008605, 27.805842 ], [ 85.008465, 27.805826 ], [ 85.008119, 27.805522 ], [ 85.007776, 27.805059 ], [ 85.007122, 27.804609 ], [ 85.003412, 27.803066 ], [ 85.002004, 27.802298 ], [ 85.001548, 27.802125 ], [ 84.999579, 27.802516 ], [ 84.997476, 27.803271 ], [ 84.99414, 27.803579 ], [ 84.992638, 27.803489 ], [ 84.991077, 27.803204 ], [ 84.990728, 27.803223 ], [ 84.990545, 27.803389 ], [ 84.989725, 27.804756 ], [ 84.98906, 27.805316 ], [ 84.988309, 27.805496 ] ] } },
{ "type": "Feature", "properties": { "name": "Pasang Murrfu canal", "waterway": "canal" }, "geometry": { "type": "LineString", "coordinates": [ [ 85.164114, 27.955172 ], [ 85.164232, 27.955073 ], [ 85.1642, 27.954931 ], [ 85.163577, 27.953252 ], [ 85.163522, 27.952893 ], [ 85.163823, 27.952156 ], [ 85.163749, 27.950772 ], [ 85.164097, 27.950047 ], [ 85.163966, 27.949349 ], [ 85.164152, 27.94887 ], [ 85.164111, 27.948782 ], [ 85.163226, 27.948631 ] ] } },
{ "type": "Feature", "properties": { "name": null, "waterway": "stream" }, "geometry": { "type": "LineString", "coordinates": [ [ 85.158017, 27.947182 ], [ 85.157958, 27.947099 ] ] } },
{ "type": "Feature", "properties": { "name": "Falaakhu River", "waterway": "river" }, "geometry": { "type": "LineString", "coordinates": [ [ 85.259168, 27.99521 ], [ 85.258905, 27.994377 ], [ 85.258339, 27.993594 ], [ 85.258387, 27.993314 ], [ 85.258779, 27.992799 ], [ 85.258897, 27.992287 ], [ 85.259953, 27.992367 ], [ 85.26056, 27.992571 ], [ 85.261788, 27.992414 ], [ 85.262105, 27.992259 ], [ 85.262524, 27.991662 ], [ 85.26277, 27.990866 ], [ 85.262963, 27.990695 ], [ 85.264326, 27.990241 ], [ 85.264455, 27.99008 ], [ 85.264631, 27.989506 ], [ 85.265077, 27.988763 ], [ 85.265259, 27.988223 ], [ 85.265908, 27.987583 ], [ 85.265935, 27.987399 ], [ 85.265807, 27.987029 ], [ 85.265372, 27.986171 ], [ 85.26579, 27.985347 ], [ 85.26579, 27.985148 ], [ 85.264916, 27.984357 ], [ 85.264781, 27.984115 ], [ 85.264781, 27.983916 ], [ 85.264884, 27.98376 ], [ 85.265753, 27.983277 ], [ 85.265871, 27.983002 ], [ 85.265742, 27.982728 ], [ 85.265425, 27.982429 ], [ 85.264626, 27.982197 ], [ 85.264154, 27.981458 ], [ 85.263633, 27.981169 ], [ 85.263515, 27.980998 ], [ 85.263232, 27.979771 ], [ 85.263264, 27.979544 ], [ 85.263757, 27.978654 ], [ 85.263869, 27.977279 ], [ 85.263833, 27.977005 ], [ 85.263521, 27.976522 ], [ 85.263086, 27.976062 ], [ 85.262786, 27.975919 ], [ 85.26188, 27.975887 ], [ 85.261091, 27.976052 ], [ 85.260839, 27.97601 ], [ 85.26064, 27.975683 ], [ 85.260683, 27.975455 ], [ 85.260545, 27.975078 ], [ 85.260012, 27.974372 ], [ 85.259257, 27.974073 ], [ 85.258307, 27.974004 ], [ 85.257709, 27.973788 ], [ 85.257745, 27.97366 ], [ 85.258379, 27.973133 ], [ 85.258515, 27.972637 ], [ 85.258364, 27.971881 ], [ 85.258112, 27.971531 ], [ 85.257854, 27.971405 ], [ 85.257621, 27.971049 ], [ 85.257522, 27.971219 ], [ 85.25736, 27.971191 ], [ 85.256933, 27.971377 ], [ 85.25682, 27.971702 ], [ 85.25607, 27.972691 ], [ 85.255945, 27.973054 ], [ 85.255896, 27.973915 ], [ 85.255723, 27.974283 ], [ 85.255219, 27.974538 ], [ 85.254651, 27.974328 ], [ 85.254169, 27.97394 ], [ 85.254003, 27.973711 ], [ 85.253636, 27.972275 ], [ 85.253406, 27.972071 ], [ 85.252741, 27.971788 ], [ 85.252175, 27.971847 ], [ 85.251187, 27.971667 ], [ 85.250347, 27.971313 ], [ 85.249698, 27.971495 ], [ 85.247677, 27.972758 ], [ 85.247202, 27.972866 ], [ 85.245611, 27.972802 ], [ 85.244539, 27.972612 ], [ 85.243999, 27.972662 ], [ 85.243445, 27.972936 ], [ 85.243172, 27.973215 ], [ 85.242509, 27.973311 ], [ 85.240106, 27.973139 ], [ 85.23912, 27.973533 ], [ 85.238695, 27.973864 ], [ 85.238422, 27.974252 ], [ 85.237875, 27.97469 ], [ 85.236849, 27.974671 ], [ 85.235538, 27.974225 ], [ 85.235321, 27.973868 ], [ 85.234766, 27.973344 ], [ 85.234967, 27.973056 ], [ 85.234456, 27.972802 ], [ 85.233398, 27.972777 ], [ 85.23283, 27.973114 ], [ 85.23252, 27.973648 ], [ 85.231944, 27.973927 ], [ 85.228915, 27.973838 ], [ 85.227022, 27.974785 ], [ 85.226144, 27.974906 ], [ 85.224069, 27.974588 ], [ 85.222977, 27.97408 ], [ 85.222257, 27.974061 ], [ 85.221716, 27.974788 ], [ 85.22134, 27.975546 ], [ 85.220622, 27.975745 ], [ 85.219141, 27.975821 ], [ 85.216738, 27.975072 ], [ 85.216158, 27.974191 ], [ 85.215586, 27.973609 ], [ 85.215147, 27.97352 ], [ 85.213506, 27.972478 ], [ 85.213045, 27.972446 ], [ 85.212268, 27.972612 ], [ 85.210901, 27.97312 ], [ 85.210044, 27.973832 ], [ 85.209072, 27.974471 ], [ 85.208164, 27.974941 ], [ 85.207897, 27.974928 ], [ 85.207547, 27.974767 ], [ 85.207178, 27.974782 ], [ 85.206541, 27.974945 ], [ 85.205873, 27.975287 ], [ 85.203835, 27.975003 ], [ 85.202103, 27.9757 ], [ 85.201659, 27.975602 ], [ 85.201088, 27.97514 ], [ 85.199912, 27.974943 ], [ 85.199129, 27.975055 ], [ 85.198451, 27.97535 ], [ 85.197988, 27.975453 ], [ 85.196825, 27.975423 ], [ 85.196327, 27.975491 ], [ 85.195082, 27.975942 ], [ 85.194614, 27.976018 ], [ 85.1937, 27.975961 ], [ 85.193311, 27.975834 ], [ 85.193045, 27.975624 ], [ 85.19239, 27.975491 ], [ 85.19144, 27.975491 ], [ 85.191044, 27.975542 ], [ 85.19067, 27.97572 ], [ 85.190325, 27.976025 ], [ 85.18949, 27.976552 ], [ 85.189123, 27.976635 ], [ 85.188597, 27.976597 ], [ 85.188097, 27.976457 ], [ 85.186998, 27.975654 ], [ 85.186169, 27.974546 ], [ 85.185884, 27.974302 ], [ 85.18463, 27.973894 ], [ 85.184491, 27.973785 ], [ 85.184043, 27.972805 ] ] } },
{ "type": "Feature", "properties": { "name": null, "waterway": "stream" }, "geometry": { "type": "LineString", "coordinates": [ [ 85.188399, 27.979062 ], [ 85.189029, 27.978701 ], [ 85.189773, 27.97763 ], [ 85.190059, 27.97745 ], [ 85.190103, 27.9773 ], [ 85.189615, 27.976473 ] ] } },
{ "type": "Feature", "properties": { "name": null, "waterway": "stream" }, "geometry": { "type": "LineString", "coordinates": [ [ 85.188271, 27.979108 ], [ 85.188356, 27.978149 ], [ 85.188562, 27.977967 ], [ 85.188851, 27.977208 ], [ 85.188959, 27.976623 ] ] } },
{ "type": "Feature", "properties": { "name": null, "waterway": "stream" }, "geometry": { "type": "LineString", "coordinates": [ [ 85.136959, 27.901094 ], [ 85.137039, 27.90081 ], [ 85.13688, 27.900485 ], [ 85.136828, 27.900141 ] ] } },
{ "type": "Feature", "properties": { "name": null, "waterway": "stream" }, "geometry": { "type": "LineString", "coordinates": [ [ 85.136439, 27.901566 ], [ 85.136873, 27.901403 ], [ 85.136959, 27.901094 ], [ 85.137598, 27.9007 ] ] } },
{ "type": "Feature", "properties": { "name": null, "waterway": "stream" }, "geometry": { "type": "LineString", "coordinates": [ [ 85.136356, 27.901601 ], [ 85.136439, 27.901566 ] ] } },
{ "type": "Feature", "properties": { "name": null, "waterway": "dam" }, "geometry": { "type": "LineString", "coordinates": [ [ 85.133067, 27.888725 ], [ 85.133497, 27.888815 ], [ 85.134221, 27.889262 ] ] } },
{ "type": "Feature", "properties": { "name": null, "waterway": "canal" }, "geometry": { "type": "LineString", "coordinates": [ [ 85.14837, 27.935875 ], [ 85.148111, 27.935345 ], [ 85.146931, 27.931691 ], [ 85.146295, 27.930028 ], [ 85.146354, 27.929654 ], [ 85.146846, 27.928213 ], [ 85.147234, 27.92774 ], [ 85.147785, 27.927386 ] ] } },
{ "type": "Feature", "properties": { "name": null, "waterway": null }, "geometry": { "type": "LineString", "coordinates": [ [ 85.152924, 27.934906 ], [ 85.152957, 27.934847 ], [ 85.153177, 27.934938 ], [ 85.153125, 27.934997 ], [ 85.152924, 27.934906 ] ] } },
{ "type": "Feature", "properties": { "name": null, "waterway": "stream" }, "geometry": { "type": "LineString", "coordinates": [ [ 84.594646, 27.857754 ], [ 84.594882, 27.858034 ], [ 84.594693, 27.858225 ], [ 84.593788, 27.858411 ], [ 84.593536, 27.858285 ], [ 84.592904, 27.857599 ], [ 84.591972, 27.857676 ], [ 84.591175, 27.858196 ], [ 84.591013, 27.858721 ], [ 84.591128, 27.859545 ], [ 84.590756, 27.859688 ], [ 84.590824, 27.860088 ], [ 84.591158, 27.860731 ], [ 84.591006, 27.860948 ], [ 84.590581, 27.860769 ], [ 84.590317, 27.86084 ], [ 84.589953, 27.860751 ], [ 84.589568, 27.86087 ], [ 84.588494, 27.860297 ], [ 84.587751, 27.860661 ], [ 84.587751, 27.861264 ], [ 84.58767, 27.861527 ], [ 84.587319, 27.861801 ], [ 84.587172, 27.862077 ], [ 84.586968, 27.86216 ], [ 84.585354, 27.861336 ], [ 84.584551, 27.861198 ], [ 84.584254, 27.861449 ], [ 84.58422, 27.861754 ], [ 84.584483, 27.861992 ], [ 84.584517, 27.862165 ], [ 84.584294, 27.862339 ], [ 84.583902, 27.862351 ], [ 84.583558, 27.862255 ], [ 84.583377, 27.862077 ], [ 84.58322, 27.861712 ], [ 84.58284, 27.861588 ], [ 84.581636, 27.861925 ], [ 84.58129, 27.862195 ], [ 84.580997, 27.862219 ], [ 84.580256, 27.862507 ], [ 84.579725, 27.862435 ], [ 84.579109, 27.86199 ], [ 84.578936, 27.861982 ], [ 84.578597, 27.862207 ], [ 84.578238, 27.862684 ], [ 84.578514, 27.862883 ], [ 84.578489, 27.86305 ], [ 84.577913, 27.863318 ], [ 84.577651, 27.863329 ], [ 84.577285, 27.86318 ], [ 84.577001, 27.863222 ], [ 84.576722, 27.86342 ], [ 84.576528, 27.863882 ] ] } },
{ "type": "Feature", "properties": { "name": "Trishuli River", "waterway": "river" }, "geometry": { "type": "LineString", "coordinates": [ [ 85.341306, 28.164423 ], [ 85.340532, 28.164313 ], [ 85.339846, 28.164108 ], [ 85.339587, 28.1639 ], [ 85.339271, 28.163307 ], [ 85.33816, 28.162752 ], [ 85.337742, 28.162454 ], [ 85.337486, 28.161849 ], [ 85.337665, 28.160645 ], [ 85.337661, 28.160201 ], [ 85.337537, 28.159871 ], [ 85.337402, 28.159745 ], [ 85.336703, 28.159357 ], [ 85.335555, 28.15891 ], [ 85.33438, 28.158752 ], [ 85.333848, 28.158564 ], [ 85.332774, 28.157392 ], [ 85.331121, 28.156567 ], [ 85.330426, 28.155994 ], [ 85.328064, 28.153713 ], [ 85.327302, 28.153287 ], [ 85.326674, 28.152256 ], [ 85.326419, 28.151981 ], [ 85.324971, 28.151301 ], [ 85.324213, 28.150821 ], [ 85.323084, 28.150665 ], [ 85.322616, 28.150496 ], [ 85.321814, 28.149671 ], [ 85.320998, 28.149269 ], [ 85.320695, 28.148965 ], [ 85.320467, 28.148912 ], [ 85.320243, 28.148726 ], [ 85.319835, 28.148169 ], [ 85.319063, 28.147894 ], [ 85.318105, 28.147727 ], [ 85.317828, 28.14759 ], [ 85.31731, 28.146815 ], [ 85.316597, 28.146233 ], [ 85.315697, 28.145873 ], [ 85.313925, 28.145457 ], [ 85.313177, 28.145063 ], [ 85.312921, 28.144763 ], [ 85.312852, 28.144506 ], [ 85.313029, 28.142905 ], [ 85.312933, 28.141955 ], [ 85.312793, 28.141561 ], [ 85.312514, 28.141288 ], [ 85.312201, 28.141158 ], [ 85.311829, 28.141168 ], [ 85.310345, 28.142074 ], [ 85.309779, 28.14219 ], [ 85.309449, 28.142077 ], [ 85.307623, 28.140732 ] ] } },
{ "type": "Feature", "properties": { "name": null, "waterway": "ditch" }, "geometry": { "type": "LineString", "coordinates": [ [ 85.136598, 27.90831 ], [ 85.136842, 27.90774 ] ] } },
{ "type": "Feature", "properties": { "name": null, "waterway": "stream" }, "geometry": { "type": "LineString", "coordinates": [ [ 85.119388, 27.876987 ], [ 85.119561, 27.876697 ], [ 85.120618, 27.876429 ], [ 85.120767, 27.876225 ], [ 85.121301, 27.875851 ], [ 85.12181, 27.875676 ], [ 85.121722, 27.875379 ], [ 85.121801, 27.87514 ], [ 85.122042, 27.874929 ], [ 85.122135, 27.874962 ], [ 85.122135, 27.874615 ], [ 85.122424, 27.874321 ], [ 85.122178, 27.873547 ] ] } },
{ "type": "Feature", "properties": { "name": null, "waterway": "stream" }, "geometry": { "type": "LineString", "coordinates": [ [ 85.066726, 27.850317 ], [ 85.066388, 27.850812 ], [ 85.066214, 27.850917 ], [ 85.066211, 27.851137 ], [ 85.066734, 27.851596 ], [ 85.066771, 27.851754 ], [ 85.066374, 27.85219 ], [ 85.066386, 27.852315 ], [ 85.066531, 27.852402 ], [ 85.066562, 27.852593 ], [ 85.066788, 27.852852 ], [ 85.066658, 27.85304 ], [ 85.066701, 27.853138 ], [ 85.066892, 27.853304 ], [ 85.066852, 27.853454 ], [ 85.06663, 27.853645 ], [ 85.066612, 27.853811 ], [ 85.066871, 27.854039 ], [ 85.067284, 27.854181 ], [ 85.067361, 27.854336 ] ] } },
{ "type": "Feature", "properties": { "name": null, "waterway": "stream" }, "geometry": { "type": "LineString", "coordinates": [ [ 85.067361, 27.854336 ], [ 85.067348, 27.854445 ] ] } },
{ "type": "Feature", "properties": { "name": null, "waterway": "stream" }, "geometry": { "type": "LineString", "coordinates": [ [ 85.037426, 27.85789 ], [ 85.037545, 27.857584 ], [ 85.037388, 27.857267 ], [ 85.037458, 27.857074 ], [ 85.037138, 27.856317 ], [ 85.037111, 27.85597 ], [ 85.037545, 27.855274 ], [ 85.037453, 27.854237 ] ] } },
{ "type": "Feature", "properties": { "name": "Trishuli Ganga River", "waterway": "river" }, "geometry": { "type": "LineString", "coordinates": [ [ 85.112685, 27.866618 ], [ 85.112538, 27.865338 ], [ 85.112581, 27.864859 ], [ 85.112441, 27.864228 ], [ 85.112264, 27.863854 ], [ 85.11161, 27.863005 ], [ 85.110971, 27.862322 ], [ 85.110512, 27.86197 ] ] } },
{ "type": "Feature", "properties": { "name": "Trishuli Ganga River", "waterway": "river" }, "geometry": { "type": "LineString", "coordinates": [ [ 85.114404, 27.869647 ], [ 85.114465, 27.869124 ], [ 85.113666, 27.86852 ], [ 85.113212, 27.868069 ], [ 85.112973, 27.867059 ], [ 85.112306, 27.866037 ], [ 85.111024, 27.86352 ], [ 85.110512, 27.86197 ], [ 85.109261, 27.861349 ], [ 85.108308, 27.860643 ], [ 85.10774, 27.86034 ], [ 85.106928, 27.859096 ] ] } },
{ "type": "Feature", "properties": { "name": null, "waterway": "canal" }, "geometry": { "type": "LineString", "coordinates": [ [ 85.172635, 27.963714 ], [ 85.172039, 27.964119 ], [ 85.171338, 27.964161 ], [ 85.170347, 27.963699 ] ] } },
{ "type": "Feature", "properties": { "name": null, "waterway": "weir" }, "geometry": { "type": "LineString", "coordinates": [ [ 85.170227, 27.963267 ], [ 85.171091, 27.962213 ] ] } },
{ "type": "Feature", "properties": { "name": "Kalphu River", "waterway": "river" }, "geometry": { "type": "LineString", "coordinates": [ [ 85.016207, 27.810038 ], [ 85.016089, 27.810005 ] ] } },
{ "type": "Feature", "properties": { "name": null, "waterway": "stream" }, "geometry": { "type": "LineString", "coordinates": [ [ 85.219328, 28.025347 ], [ 85.219056, 28.025053 ], [ 85.218122, 28.024962 ], [ 85.21075, 28.024796 ], [ 85.208627, 28.026008 ], [ 85.201689, 28.028481 ], [ 85.199776, 28.028817 ], [ 85.19924, 28.029892 ], [ 85.197397, 28.030158 ], [ 85.196198, 28.030066 ], [ 85.195434, 28.029826 ], [ 85.194705, 28.030073 ], [ 85.194393, 28.029902 ], [ 85.19392, 28.030018 ], [ 85.193471, 28.02978 ], [ 85.192939, 28.029925 ] ] } },
{ "type": "Feature", "properties": { "name": null, "waterway": "stream" }, "geometry": { "type": "LineString", "coordinates": [ [ 85.356923, 28.240654 ], [ 85.357429, 28.240374 ], [ 85.358251, 28.240325 ] ] } },
{ "type": "Feature", "properties": { "name": null, "waterway": "stream" }, "geometry": { "type": "LineString", "coordinates": [ [ 85.251814, 28.09634 ], [ 85.252136, 28.096127 ], [ 85.252474, 28.095644 ], [ 85.253107, 28.095091 ], [ 85.253314, 28.094381 ], [ 85.253636, 28.094016 ] ] } },
{ "type": "Feature", "properties": { "name": null, "waterway": null }, "geometry": { "type": "LineString", "coordinates": [ [ 85.154055, 27.935521 ], [ 85.153823, 27.935384 ], [ 85.154058, 27.935072 ], [ 85.154291, 27.935209 ], [ 85.154055, 27.935521 ] ] } },
{ "type": "Feature", "properties": { "name": null, "waterway": null }, "geometry": { "type": "LineString", "coordinates": [ [ 85.153234, 27.934928 ], [ 85.153275, 27.934865 ], [ 85.153452, 27.934956 ], [ 85.153412, 27.935018 ], [ 85.153234, 27.934928 ] ] } },
{ "type": "Feature", "properties": { "name": null, "waterway": "stream" }, "geometry": { "type": "LineString", "coordinates": [ [ 84.977144, 27.809714 ], [ 84.975718, 27.809688 ], [ 84.974918, 27.809469 ], [ 84.972501, 27.809894 ], [ 84.971078, 27.810443 ] ] } },
{ "type": "Feature", "properties": { "name": "Mowa Khola", "waterway": "stream" }, "geometry": { "type": "LineString", "coordinates": [ [ 84.649559, 27.822774 ], [ 84.650229, 27.822506 ], [ 84.650752, 27.822022 ], [ 84.651431, 27.821663 ], [ 84.651724, 27.821628 ], [ 84.652416, 27.821766 ], [ 84.652705, 27.821981 ], [ 84.652668, 27.822117 ], [ 84.652424, 27.822205 ], [ 84.652341, 27.822322 ], [ 84.652326, 27.822737 ], [ 84.653278, 27.822664 ], [ 84.653708, 27.822781 ], [ 84.653898, 27.822947 ], [ 84.653959, 27.823139 ], [ 84.653886, 27.82372 ], [ 84.654355, 27.824087 ], [ 84.654664, 27.824095 ], [ 84.655159, 27.823848 ], [ 84.655568, 27.823432 ], [ 84.655849, 27.823303 ], [ 84.656202, 27.823265 ], [ 84.657909, 27.823413 ], [ 84.658333, 27.823201 ], [ 84.658712, 27.822893 ], [ 84.659642, 27.823026 ], [ 84.659805, 27.823154 ], [ 84.66028, 27.823211 ], [ 84.660485, 27.822982 ], [ 84.660573, 27.822501 ], [ 84.66079, 27.822429 ], [ 84.661659, 27.822433 ], [ 84.66223, 27.822333 ], [ 84.662477, 27.82238 ], [ 84.663067, 27.822937 ], [ 84.663408, 27.823557 ], [ 84.663534, 27.823665 ], [ 84.663959, 27.823713 ], [ 84.664623, 27.824336 ], [ 84.664717, 27.824671 ], [ 84.664921, 27.824999 ], [ 84.664805, 27.825169 ], [ 84.664866, 27.825426 ], [ 84.665186, 27.825987 ] ] } },
{ "type": "Feature", "properties": { "name": null, "waterway": "stream" }, "geometry": { "type": "LineString", "coordinates": [ [ 85.354743, 28.24438 ], [ 85.355119, 28.244607 ], [ 85.355346, 28.244647 ], [ 85.356066, 28.244703 ], [ 85.356707, 28.244649 ] ] } },
{ "type": "Feature", "properties": { "name": null, "waterway": "stream" }, "geometry": { "type": "LineString", "coordinates": [ [ 85.365647, 28.273236 ], [ 85.365934, 28.273539 ], [ 85.366138, 28.27353 ], [ 85.367163, 28.274019 ], [ 85.367854, 28.274193 ], [ 85.368654, 28.274178 ], [ 85.369185, 28.2743 ], [ 85.372981, 28.273235 ], [ 85.373703, 28.273114 ], [ 85.374768, 28.273352 ], [ 85.37549, 28.273226 ], [ 85.376623, 28.27282 ], [ 85.377618, 28.272657 ] ] } },
{ "type": "Feature", "properties": { "name": "Mahesh-Khola", "waterway": "river" }, "geometry": { "type": "LineString", "coordinates": [ [ 85.137128, 27.733542 ], [ 85.13671, 27.733874 ], [ 85.136491, 27.734189 ], [ 85.136145, 27.735215 ], [ 85.135885, 27.735396 ], [ 85.13521, 27.736153 ], [ 85.134918, 27.736257 ], [ 85.134441, 27.736313 ], [ 85.133596, 27.735804 ], [ 85.133128, 27.7358 ], [ 85.131341, 27.736763 ], [ 85.130999, 27.737106 ], [ 85.130244, 27.737306 ], [ 85.129735, 27.737558 ], [ 85.128789, 27.737683 ], [ 85.127251, 27.737721 ], [ 85.126462, 27.737662 ], [ 85.125192, 27.737396 ], [ 85.124911, 27.737414 ], [ 85.123495, 27.737979 ], [ 85.123167, 27.738304 ], [ 85.122569, 27.738642 ], [ 85.12232, 27.738584 ], [ 85.121728, 27.739032 ], [ 85.121534, 27.739536 ], [ 85.121409, 27.739674 ], [ 85.120711, 27.740035 ], [ 85.12045, 27.740427 ], [ 85.119391, 27.741077 ], [ 85.118593, 27.741749 ], [ 85.117182, 27.743688 ], [ 85.116935, 27.744217 ], [ 85.116268, 27.74469 ], [ 85.115087, 27.745129 ], [ 85.114437, 27.746092 ], [ 85.111644, 27.74618 ], [ 85.11015, 27.745228 ], [ 85.109961, 27.745186 ], [ 85.108876, 27.745537 ], [ 85.108253, 27.745644 ], [ 85.10799, 27.745625 ], [ 85.107503, 27.745396 ], [ 85.106942, 27.745255 ], [ 85.105991, 27.745297 ], [ 85.105414, 27.745092 ], [ 85.103951, 27.745089 ], [ 85.103448, 27.744927 ], [ 85.10191, 27.744914 ], [ 85.101122, 27.745247 ], [ 85.100665, 27.74559 ], [ 85.098297, 27.746338 ], [ 85.097158, 27.74654 ], [ 85.096019, 27.746961 ], [ 85.094065, 27.747194 ], [ 85.092218, 27.747035 ], [ 85.091224, 27.747333 ], [ 85.090525, 27.747335 ], [ 85.089985, 27.747534 ], [ 85.089621, 27.74781 ], [ 85.08849, 27.747989 ], [ 85.087616, 27.747187 ], [ 85.087449, 27.746568 ], [ 85.087526, 27.745864 ], [ 85.087171, 27.745198 ], [ 85.086939, 27.745039 ], [ 85.086501, 27.745076 ], [ 85.085788, 27.74531 ], [ 85.085497, 27.745753 ], [ 85.085286, 27.745811 ], [ 85.08509, 27.745785 ], [ 85.084734, 27.745504 ], [ 85.084273, 27.745509 ], [ 85.084047, 27.745596 ], [ 85.083676, 27.745921 ], [ 85.082966, 27.747388 ], [ 85.082248, 27.748114 ], [ 85.08195, 27.748144 ], [ 85.081753, 27.748036 ], [ 85.081676, 27.747569 ], [ 85.081287, 27.747258 ], [ 85.080389, 27.747445 ], [ 85.079635, 27.747363 ], [ 85.079075, 27.747427 ], [ 85.078617, 27.747347 ], [ 85.077724, 27.747389 ], [ 85.07714, 27.74764 ], [ 85.076584, 27.748074 ], [ 85.076411, 27.74844 ], [ 85.076211, 27.749249 ], [ 85.076042, 27.749503 ], [ 85.075615, 27.749752 ], [ 85.073751, 27.750075 ], [ 85.072937, 27.750487 ], [ 85.072283, 27.750384 ], [ 85.072021, 27.750437 ], [ 85.071334, 27.750377 ], [ 85.071184, 27.750531 ], [ 85.071189, 27.750871 ], [ 85.071492, 27.751444 ], [ 85.071551, 27.751852 ], [ 85.07141, 27.752286 ], [ 85.0712, 27.752479 ], [ 85.070652, 27.752428 ], [ 85.069468, 27.752827 ], [ 85.068937, 27.752631 ], [ 85.068323, 27.7527 ], [ 85.067485, 27.752924 ], [ 85.066412, 27.752898 ], [ 85.064897, 27.753304 ], [ 85.063996, 27.754045 ], [ 85.063244, 27.754194 ], [ 85.062679, 27.754185 ], [ 85.0602, 27.753421 ], [ 85.059772, 27.753202 ], [ 85.059556, 27.753069 ], [ 85.059398, 27.752826 ], [ 85.059468, 27.751558 ], [ 85.059398, 27.751238 ], [ 85.05921, 27.751143 ], [ 85.058124, 27.751037 ], [ 85.05653, 27.750668 ], [ 85.055224, 27.749799 ], [ 85.05489, 27.749684 ], [ 85.054298, 27.749818 ], [ 85.053819, 27.75022 ], [ 85.053422, 27.751508 ], [ 85.053164, 27.752806 ], [ 85.052885, 27.753472 ], [ 85.051969, 27.753895 ], [ 85.051473, 27.753784 ], [ 85.050341, 27.752006 ], [ 85.049421, 27.751012 ], [ 85.048565, 27.750291 ], [ 85.048197, 27.750213 ], [ 85.04725, 27.749755 ], [ 85.045878, 27.750038 ], [ 85.045302, 27.750462 ], [ 85.045031, 27.750769 ], [ 85.044897, 27.751104 ], [ 85.045117, 27.751898 ], [ 85.045273, 27.753073 ], [ 85.045447, 27.753467 ], [ 85.046668, 27.755155 ], [ 85.046867, 27.755675 ], [ 85.046912, 27.756964 ], [ 85.046834, 27.757695 ], [ 85.046573, 27.757982 ], [ 85.046245, 27.758175 ], [ 85.045784, 27.758241 ], [ 85.044848, 27.758198 ], [ 85.044591, 27.758273 ], [ 85.044188, 27.758478 ], [ 85.044013, 27.758698 ], [ 85.04397, 27.758961 ], [ 85.044023, 27.759222 ], [ 85.045355, 27.7611 ], [ 85.046878, 27.762226 ], [ 85.047067, 27.762472 ], [ 85.047387, 27.763646 ], [ 85.047375, 27.763857 ], [ 85.047129, 27.764331 ], [ 85.044333, 27.766528 ], [ 85.043825, 27.766837 ], [ 85.043015, 27.76759 ], [ 85.042423, 27.767914 ], [ 85.040388, 27.768516 ], [ 85.039742, 27.768506 ], [ 85.038532, 27.768309 ], [ 85.038108, 27.768156 ], [ 85.037928, 27.768179 ], [ 85.037781, 27.768275 ], [ 85.037667, 27.768565 ], [ 85.037674, 27.768929 ], [ 85.037554, 27.769109 ], [ 85.037502, 27.769419 ], [ 85.036994, 27.76984 ], [ 85.035995, 27.769847 ], [ 85.035635, 27.77015 ], [ 85.035088, 27.770203 ], [ 85.034971, 27.770303 ], [ 85.034875, 27.770636 ], [ 85.034434, 27.771127 ], [ 85.034374, 27.771446 ], [ 85.033797, 27.772542 ], [ 85.03379, 27.772836 ], [ 85.03397, 27.773005 ], [ 85.034227, 27.773078 ], [ 85.034345, 27.773224 ], [ 85.034574, 27.77391 ], [ 85.034657, 27.774299 ], [ 85.034451, 27.774896 ], [ 85.034167, 27.774929 ], [ 85.033518, 27.774828 ], [ 85.032176, 27.774434 ], [ 85.029419, 27.773871 ], [ 85.028226, 27.773823 ], [ 85.027168, 27.774005 ], [ 85.026716, 27.774218 ], [ 85.02639, 27.774484 ], [ 85.026246, 27.774758 ], [ 85.024882, 27.777738 ], [ 85.024815, 27.778402 ], [ 85.024493, 27.779722 ], [ 85.023971, 27.78049 ], [ 85.023677, 27.780725 ], [ 85.022845, 27.781061 ], [ 85.021021, 27.781025 ], [ 85.019563, 27.78119 ], [ 85.018049, 27.781652 ], [ 85.017086, 27.781645 ], [ 85.016618, 27.781493 ], [ 85.016099, 27.781498 ], [ 85.015391, 27.7817 ], [ 85.015131, 27.781903 ], [ 85.014928, 27.782121 ], [ 85.014794, 27.782434 ], [ 85.014245, 27.784753 ], [ 85.013877, 27.785762 ], [ 85.01349, 27.785932 ], [ 85.01252, 27.787786 ], [ 85.012186, 27.788243 ], [ 85.012039, 27.788839 ], [ 85.012248, 27.789571 ], [ 85.012834, 27.790752 ], [ 85.012644, 27.79095 ], [ 85.011223, 27.791255 ], [ 85.010829, 27.791477 ], [ 85.010041, 27.792675 ], [ 85.009313, 27.79346 ], [ 85.008794, 27.794187 ], [ 85.008344, 27.795414 ], [ 85.007331, 27.797519 ], [ 85.006852, 27.797892 ], [ 85.006144, 27.798274 ], [ 85.004887, 27.79866 ], [ 85.00291, 27.798446 ], [ 85.002578, 27.798578 ], [ 85.002551, 27.798783 ], [ 85.002364, 27.798781 ], [ 85.002009, 27.799016 ], [ 85.001719, 27.79907 ], [ 85.001515, 27.7993 ], [ 85.001362, 27.799347 ], [ 85.000853, 27.799886 ], [ 85.001028, 27.800162 ], [ 85.000915, 27.800789 ], [ 85.000974, 27.801119 ], [ 85.001177, 27.80135 ], [ 85.001548, 27.802125 ] ] } },
{ "type": "Feature", "properties": { "name": null, "waterway": "stream" }, "geometry": { "type": "LineString", "coordinates": [ [ 85.177078, 27.94004 ], [ 85.176886, 27.939981 ], [ 85.175121, 27.938826 ], [ 85.174528, 27.938739 ], [ 85.17408, 27.93857 ], [ 85.173075, 27.938677 ], [ 85.172454, 27.938166 ], [ 85.170502, 27.93713 ], [ 85.169872, 27.936998 ], [ 85.169101, 27.937143 ], [ 85.168793, 27.936648 ], [ 85.168326, 27.936136 ], [ 85.167093, 27.935583 ], [ 85.166692, 27.935661 ], [ 85.166351, 27.9356 ], [ 85.165828, 27.935348 ], [ 85.165333, 27.93484 ], [ 85.164586, 27.93477 ], [ 85.164184, 27.934556 ], [ 85.163974, 27.934168 ], [ 85.163712, 27.934007 ], [ 85.16332, 27.934147 ], [ 85.163049, 27.934948 ], [ 85.162853, 27.935236 ], [ 85.16233, 27.935439 ], [ 85.16191, 27.935435 ], [ 85.161559, 27.935274 ], [ 85.160962, 27.934032 ], [ 85.160509, 27.933792 ], [ 85.160074, 27.933401 ], [ 85.159757, 27.93267 ], [ 85.159028, 27.932431 ], [ 85.159, 27.932311 ], [ 85.158514, 27.932208 ], [ 85.158113, 27.932002 ], [ 85.157651, 27.931635 ], [ 85.157062, 27.93156 ], [ 85.15659, 27.931123 ], [ 85.15632, 27.930624 ], [ 85.156128, 27.930529 ], [ 85.15556, 27.930571 ], [ 85.154893, 27.930852 ], [ 85.154237, 27.930933 ], [ 85.153237, 27.930871 ], [ 85.15263, 27.930979 ], [ 85.152037, 27.93095 ], [ 85.151594, 27.931078 ], [ 85.1515, 27.93142 ], [ 85.15129, 27.931763 ], [ 85.151071, 27.931907 ], [ 85.14989, 27.931558 ] ] } },
{ "type": "Feature", "properties": { "name": null, "waterway": null }, "geometry": { "type": "LineString", "coordinates": [ [ 85.153305, 27.934849 ], [ 85.153353, 27.934777 ], [ 85.153522, 27.934864 ], [ 85.153474, 27.934936 ], [ 85.153305, 27.934849 ] ] } },
{ "type": "Feature", "properties": { "name": "Tadi Khola", "waterway": "river" }, "geometry": { "type": "LineString", "coordinates": [ [ 85.152322, 27.876651 ], [ 85.150369, 27.875345 ], [ 85.149507, 27.874895 ], [ 85.149287, 27.875 ], [ 85.148792, 27.875492 ], [ 85.148356, 27.875745 ], [ 85.14775, 27.875882 ], [ 85.146795, 27.87589 ], [ 85.145988, 27.875797 ], [ 85.145365, 27.875631 ], [ 85.144603, 27.87524 ], [ 85.144278, 27.87495 ], [ 85.143563, 27.874242 ], [ 85.143367, 27.873828 ], [ 85.143263, 27.873281 ], [ 85.143279, 27.87265 ], [ 85.14342, 27.872044 ], [ 85.14401, 27.870816 ], [ 85.144201, 27.870581 ], [ 85.144125, 27.870303 ], [ 85.143257, 27.869157 ], [ 85.143205, 27.868876 ], [ 85.144017, 27.867764 ], [ 85.144502, 27.866537 ], [ 85.144499, 27.866088 ], [ 85.14423, 27.865821 ], [ 85.143709, 27.865624 ], [ 85.142244, 27.866093 ], [ 85.14159, 27.866526 ], [ 85.141128, 27.866624 ], [ 85.140571, 27.866563 ], [ 85.140144, 27.866334 ], [ 85.139325, 27.866114 ], [ 85.1391, 27.866125 ], [ 85.138225, 27.864569 ], [ 85.137829, 27.864204 ], [ 85.136441, 27.863686 ], [ 85.13523, 27.863578 ], [ 85.135043, 27.863463 ], [ 85.134777, 27.86283 ], [ 85.134828, 27.862289 ], [ 85.134916, 27.862023 ], [ 85.135431, 27.861368 ], [ 85.135406, 27.860958 ], [ 85.135253, 27.860493 ], [ 85.134728, 27.85968 ], [ 85.134291, 27.859363 ], [ 85.133092, 27.85899 ], [ 85.13269, 27.858956 ], [ 85.129754, 27.859305 ], [ 85.127753, 27.859687 ], [ 85.127298, 27.859571 ], [ 85.126362, 27.859054 ], [ 85.12559, 27.858352 ], [ 85.125161, 27.858087 ], [ 85.124741, 27.85803 ], [ 85.124122, 27.858241 ], [ 85.123434, 27.858896 ], [ 85.122865, 27.858921 ], [ 85.122457, 27.858826 ], [ 85.121749, 27.858466 ], [ 85.121384, 27.858011 ], [ 85.121191, 27.857518 ], [ 85.120912, 27.857081 ], [ 85.120697, 27.856929 ], [ 85.120385, 27.856855 ], [ 85.119614, 27.857154 ], [ 85.117865, 27.857498 ], [ 85.116921, 27.857385 ], [ 85.114665, 27.857573 ], [ 85.113997, 27.857216 ], [ 85.113324, 27.857166 ], [ 85.113095, 27.857276 ], [ 85.112737, 27.858011 ], [ 85.112288, 27.858654 ], [ 85.112127, 27.858753 ], [ 85.111127, 27.858643 ], [ 85.110665, 27.858677 ], [ 85.110346, 27.858367 ], [ 85.109878, 27.858307 ], [ 85.108365, 27.85891 ], [ 85.106928, 27.859096 ] ] } },
{ "type": "Feature", "properties": { "name": null, "waterway": "stream" }, "geometry": { "type": "LineString", "coordinates": [ [ 84.680354, 27.845528 ], [ 84.679731, 27.845544 ], [ 84.679297, 27.845297 ], [ 84.678927, 27.844953 ], [ 84.678449, 27.844335 ], [ 84.67742, 27.844271 ], [ 84.676471, 27.843584 ], [ 84.674087, 27.844127 ], [ 84.673103, 27.843904 ], [ 84.672308, 27.844207 ], [ 84.671486, 27.844303 ], [ 84.669825, 27.844231 ], [ 84.669535, 27.844071 ], [ 84.669093, 27.843089 ], [ 84.668826, 27.842925 ], [ 84.668577, 27.842857 ], [ 84.668288, 27.842925 ], [ 84.667096, 27.842414 ], [ 84.665974, 27.842366 ], [ 84.665835, 27.842444 ], [ 84.665514, 27.842349 ], [ 84.665074, 27.842495 ], [ 84.664823, 27.842265 ], [ 84.664121, 27.842096 ], [ 84.663483, 27.841689 ] ] } },
{ "type": "Feature", "properties": { "name": null, "waterway": "stream" }, "geometry": { "type": "LineString", "coordinates": [ [ 85.106067, 27.913389 ], [ 85.106567, 27.913037 ], [ 85.106792, 27.912705 ], [ 85.106908, 27.912186 ], [ 85.107022, 27.912004 ], [ 85.107046, 27.911699 ], [ 85.107293, 27.911065 ], [ 85.107665, 27.910521 ], [ 85.107708, 27.910211 ], [ 85.107571, 27.909227 ], [ 85.108386, 27.908835 ], [ 85.108549, 27.908615 ], [ 85.108788, 27.908 ], [ 85.108997, 27.907723 ], [ 85.10897, 27.907126 ], [ 85.109066, 27.906842 ], [ 85.109375, 27.906611 ], [ 85.109967, 27.906645 ], [ 85.110146, 27.906123 ], [ 85.110109, 27.905934 ], [ 85.110234, 27.905768 ], [ 85.110271, 27.905551 ], [ 85.110621, 27.905255 ], [ 85.110622, 27.905092 ], [ 85.111569, 27.904709 ], [ 85.11172, 27.90451 ], [ 85.111715, 27.904128 ], [ 85.112103, 27.903714 ], [ 85.113012, 27.90316 ], [ 85.113095, 27.902785 ], [ 85.113485, 27.902641 ], [ 85.113618, 27.902542 ], [ 85.113604, 27.902475 ], [ 85.114149, 27.902158 ], [ 85.114114, 27.902065 ], [ 85.114227, 27.901935 ], [ 85.114623, 27.901917 ], [ 85.114802, 27.901736 ], [ 85.115354, 27.9017 ], [ 85.115611, 27.902027 ], [ 85.116195, 27.902141 ], [ 85.116636, 27.902048 ], [ 85.116874, 27.902171 ], [ 85.117163, 27.901831 ], [ 85.118101, 27.901551 ], [ 85.118701, 27.900942 ], [ 85.11931, 27.900731 ], [ 85.119408, 27.900517 ], [ 85.119613, 27.900475 ], [ 85.120075, 27.900564 ], [ 85.120386, 27.900355 ], [ 85.120676, 27.900331 ], [ 85.121089, 27.900341 ], [ 85.12147, 27.900559 ], [ 85.121652, 27.900507 ], [ 85.121824, 27.899691 ], [ 85.122204, 27.899563 ], [ 85.122526, 27.900033 ], [ 85.122757, 27.899976 ], [ 85.122998, 27.900066 ], [ 85.123293, 27.900037 ], [ 85.123454, 27.899909 ], [ 85.123862, 27.8998 ], [ 85.124066, 27.900014 ], [ 85.124071, 27.900236 ], [ 85.124291, 27.900673 ], [ 85.124602, 27.900611 ], [ 85.125026, 27.900976 ], [ 85.125321, 27.900924 ], [ 85.125493, 27.901545 ], [ 85.125691, 27.901659 ], [ 85.126131, 27.901507 ], [ 85.12655, 27.901161 ], [ 85.126818, 27.901095 ], [ 85.127172, 27.901199 ], [ 85.127596, 27.901033 ], [ 85.128304, 27.901768 ], [ 85.128765, 27.901976 ], [ 85.129007, 27.902413 ], [ 85.129291, 27.902616 ], [ 85.129784, 27.902844 ], [ 85.130037, 27.902872 ], [ 85.130144, 27.902991 ], [ 85.130948, 27.903152 ], [ 85.13112, 27.903124 ], [ 85.131217, 27.902925 ], [ 85.131442, 27.90292 ], [ 85.132472, 27.903361 ], [ 85.132917, 27.903332 ], [ 85.133531, 27.903113 ], [ 85.13388, 27.903079 ], [ 85.13474, 27.902597 ], [ 85.134817, 27.902413 ], [ 85.13506, 27.902253 ], [ 85.135211, 27.901965 ], [ 85.135971, 27.901627 ], [ 85.136356, 27.901601 ] ] } },
{ "type": "Feature", "properties": { "name": null, "waterway": "weir" }, "geometry": { "type": "LineString", "coordinates": [ [ 85.170619, 27.963532 ], [ 85.170227, 27.963267 ] ] } },
{ "type": "Feature", "properties": { "name": null, "waterway": null }, "geometry": { "type": "LineString", "coordinates": [ [ 85.152974, 27.934819 ], [ 85.153014, 27.934749 ], [ 85.15322, 27.934842 ], [ 85.15318, 27.934912 ], [ 85.152974, 27.934819 ] ] } },
{ "type": "Feature", "properties": { "name": null, "waterway": null }, "geometry": { "type": "LineString", "coordinates": [ [ 85.153379, 27.934769 ], [ 85.153411, 27.934711 ], [ 85.153581, 27.934784 ], [ 85.153548, 27.934843 ], [ 85.153379, 27.934769 ] ] } },
{ "type": "Feature", "properties": { "name": null, "waterway": null }, "geometry": { "type": "LineString", "coordinates": [ [ 85.15303, 27.934724 ], [ 85.153079, 27.934644 ], [ 85.153303, 27.934751 ], [ 85.153254, 27.934832 ], [ 85.15303, 27.934724 ] ] } },
{ "type": "Feature", "properties": { "name": null, "waterway": "stream" }, "geometry": { "type": "LineString", "coordinates": [ [ 85.360208, 28.221478 ], [ 85.360114, 28.221598 ] ] } },
{ "type": "Feature", "properties": { "name": null, "waterway": "stream" }, "geometry": { "type": "LineString", "coordinates": [ [ 85.363989, 28.21819 ], [ 85.363639, 28.218721 ], [ 85.362892, 28.218984 ], [ 85.362479, 28.219221 ], [ 85.362196, 28.219544 ], [ 85.360771, 28.220754 ], [ 85.360208, 28.221478 ] ] } },
{ "type": "Feature", "properties": { "name": null, "waterway": "stream" }, "geometry": { "type": "LineString", "coordinates": [ [ 85.094675, 27.863287 ], [ 85.094481, 27.863159 ], [ 85.094436, 27.862722 ], [ 85.093773, 27.862343 ], [ 85.093467, 27.862073 ], [ 85.093284, 27.861599 ], [ 85.092812, 27.861338 ], [ 85.092614, 27.860336 ] ] } },
{ "type": "Feature", "properties": { "name": "Simlun Khola", "waterway": "stream" }, "geometry": { "type": "LineString", "coordinates": [ [ 85.310125, 28.244995 ], [ 85.310769, 28.24508 ], [ 85.312614, 28.245912 ], [ 85.314546, 28.24663 ], [ 85.316048, 28.246857 ], [ 85.316648, 28.247689 ], [ 85.318108, 28.250675 ], [ 85.319695, 28.252566 ], [ 85.324352, 28.256081 ], [ 85.325081, 28.255741 ], [ 85.325618, 28.255703 ], [ 85.326154, 28.256781 ], [ 85.32697, 28.257348 ], [ 85.327785, 28.258614 ], [ 85.328579, 28.258633 ], [ 85.329845, 28.258349 ], [ 85.33124, 28.258425 ], [ 85.332291, 28.258784 ], [ 85.333428, 28.258954 ], [ 85.33493, 28.258614 ], [ 85.335746, 28.258349 ], [ 85.337655, 28.258236 ], [ 85.339265, 28.258236 ], [ 85.341046, 28.258066 ], [ 85.34407, 28.258009 ], [ 85.345417, 28.256784 ], [ 85.348092, 28.256891 ], [ 85.350657, 28.256015 ], [ 85.351643, 28.255078 ], [ 85.351692, 28.25469 ], [ 85.352817, 28.254753 ], [ 85.353892, 28.254983 ], [ 85.353895, 28.254243 ], [ 85.354172, 28.254019 ], [ 85.355118, 28.254102 ], [ 85.357522, 28.253124 ], [ 85.358263, 28.252984 ], [ 85.358464, 28.252986 ], [ 85.35881, 28.253173 ], [ 85.359011, 28.253395 ], [ 85.359288, 28.254283 ], [ 85.359368, 28.254274 ], [ 85.360049, 28.253728 ], [ 85.361256, 28.253513 ], [ 85.361519, 28.253273 ], [ 85.361683, 28.253292 ], [ 85.361868, 28.25317 ], [ 85.362576, 28.252577 ], [ 85.363078, 28.252341 ], [ 85.363587, 28.252401 ], [ 85.364097, 28.252197 ], [ 85.364362, 28.251962 ], [ 85.364746, 28.251772 ] ] } },
{ "type": "Feature", "properties": { "name": null, "waterway": "stream" }, "geometry": { "type": "LineString", "coordinates": [ [ 85.237936, 28.074987 ], [ 85.237714, 28.075871 ], [ 85.237698, 28.076351 ], [ 85.237416, 28.076923 ], [ 85.236913, 28.077428 ], [ 85.236418, 28.077563 ], [ 85.236008, 28.077993 ], [ 85.233584, 28.081073 ], [ 85.2325, 28.081434 ], [ 85.23227, 28.081886 ], [ 85.230631, 28.082631 ], [ 85.230366, 28.083399 ], [ 85.229598, 28.083949 ], [ 85.229496, 28.084115 ], [ 85.229009, 28.084295 ], [ 85.228856, 28.084536 ], [ 85.228957, 28.08481 ], [ 85.228865, 28.085514 ] ] } },
{ "type": "Feature", "properties": { "name": null, "waterway": null }, "geometry": { "type": "LineString", "coordinates": [ [ 85.153597, 27.935213 ], [ 85.153842, 27.934884 ], [ 85.153677, 27.934787 ], [ 85.153431, 27.935116 ], [ 85.153597, 27.935213 ] ] } },
{ "type": "Feature", "properties": { "name": null, "waterway": null }, "geometry": { "type": "LineString", "coordinates": [ [ 85.153016, 27.935183 ], [ 85.153066, 27.935119 ], [ 85.153222, 27.935214 ], [ 85.153171, 27.935279 ], [ 85.153016, 27.935183 ] ] } },
{ "type": "Feature", "properties": { "name": "त्रिशुली नदी", "waterway": "river" }, "geometry": { "type": "LineString", "coordinates": [ [ 84.559195, 27.857839 ], [ 84.558122, 27.857541 ], [ 84.557776, 27.857231 ], [ 84.557615, 27.856823 ], [ 84.557473, 27.85563 ], [ 84.556872, 27.852315 ], [ 84.556918, 27.851672 ], [ 84.557074, 27.851005 ], [ 84.558208, 27.848107 ], [ 84.558348, 27.846791 ], [ 84.5583, 27.845807 ], [ 84.558173, 27.844911 ], [ 84.557186, 27.841512 ], [ 84.556846, 27.839223 ], [ 84.556513, 27.837821 ], [ 84.556183, 27.83719 ], [ 84.55544, 27.836265 ], [ 84.552603, 27.83457 ], [ 84.549912, 27.832826 ], [ 84.54834, 27.832183 ], [ 84.546999, 27.831896 ], [ 84.545562, 27.831799 ], [ 84.545023, 27.831889 ], [ 84.543217, 27.832463 ], [ 84.541608, 27.83322 ], [ 84.539141, 27.833808 ], [ 84.538786, 27.833749 ], [ 84.538159, 27.833462 ], [ 84.537708, 27.833353 ], [ 84.532993, 27.833137 ], [ 84.529407, 27.833732 ], [ 84.526483, 27.833692 ], [ 84.523494, 27.833047 ], [ 84.522719, 27.832822 ], [ 84.521693, 27.832378 ], [ 84.521242, 27.832103 ], [ 84.520912, 27.831775 ], [ 84.520612, 27.831251 ], [ 84.520394, 27.830589 ], [ 84.520285, 27.82974 ], [ 84.520207, 27.827603 ], [ 84.520612, 27.824619 ], [ 84.52044, 27.821974 ], [ 84.520215, 27.821101 ], [ 84.519818, 27.82001 ], [ 84.519088, 27.818404 ], [ 84.51841, 27.817273 ], [ 84.518048, 27.816827 ], [ 84.517519, 27.816494 ], [ 84.51695, 27.816269 ], [ 84.513415, 27.815557 ], [ 84.51179, 27.815567 ], [ 84.510036, 27.81607 ], [ 84.507512, 27.81712 ], [ 84.506714, 27.817549 ], [ 84.505393, 27.818546 ], [ 84.503948, 27.819333 ], [ 84.503503, 27.819537 ], [ 84.502051, 27.819926 ], [ 84.499446, 27.820145 ], [ 84.496026, 27.820978 ], [ 84.495656, 27.820833 ], [ 84.493957, 27.819548 ], [ 84.493191, 27.819289 ], [ 84.492632, 27.819275 ], [ 84.491788, 27.819511 ], [ 84.491018, 27.819952 ], [ 84.49013, 27.820632 ], [ 84.489158, 27.821018 ], [ 84.48804, 27.820851 ], [ 84.487476, 27.821042 ], [ 84.486665, 27.82116 ], [ 84.481583, 27.821382 ], [ 84.480332, 27.821721 ], [ 84.476665, 27.823224 ], [ 84.473554, 27.82362 ], [ 84.47148, 27.824166 ], [ 84.470585, 27.824234 ], [ 84.469217, 27.824163 ], [ 84.467464, 27.82441 ], [ 84.466046, 27.824493 ], [ 84.465843, 27.824456 ], [ 84.465668, 27.824289 ], [ 84.465576, 27.823971 ], [ 84.465576, 27.823519 ], [ 84.466417, 27.821496 ], [ 84.466469, 27.821189 ], [ 84.466391, 27.82052 ], [ 84.466024, 27.819658 ], [ 84.465526, 27.819126 ], [ 84.465016, 27.818831 ], [ 84.464772, 27.818803 ], [ 84.464257, 27.818905 ], [ 84.463612, 27.819342 ], [ 84.463343, 27.819413 ], [ 84.457874, 27.81964 ], [ 84.456903, 27.819789 ], [ 84.453489, 27.820694 ], [ 84.452378, 27.821066 ], [ 84.448878, 27.82271 ], [ 84.447719, 27.823147 ], [ 84.446656, 27.823381 ], [ 84.445945, 27.823377 ], [ 84.445383, 27.823193 ], [ 84.443037, 27.821216 ], [ 84.441801, 27.819388 ], [ 84.441516, 27.817987 ], [ 84.441335, 27.81749 ], [ 84.440898, 27.816961 ], [ 84.440589, 27.816716 ], [ 84.440085, 27.816371 ], [ 84.438506, 27.815617 ], [ 84.436524, 27.815669 ], [ 84.43575, 27.815545 ], [ 84.434759, 27.815059 ], [ 84.433262, 27.81403 ], [ 84.432749, 27.813494 ], [ 84.432524, 27.812991 ], [ 84.43223, 27.811652 ], [ 84.431858, 27.809186 ], [ 84.431352, 27.806879 ], [ 84.430882, 27.801604 ], [ 84.430984, 27.800287 ], [ 84.431172, 27.79952 ], [ 84.431161, 27.798947 ], [ 84.430803, 27.797427 ], [ 84.430525, 27.795286 ], [ 84.430196, 27.794353 ], [ 84.429955, 27.793913 ], [ 84.429865, 27.793277 ], [ 84.430204, 27.78993 ], [ 84.430385, 27.789006 ], [ 84.432977, 27.784705 ], [ 84.433814, 27.783655 ], [ 84.438261, 27.778984 ], [ 84.438913, 27.778414 ], [ 84.439207, 27.778283 ], [ 84.440069, 27.778257 ], [ 84.444663, 27.778604 ], [ 84.449396, 27.778381 ], [ 84.452396, 27.777684 ], [ 84.45703, 27.775854 ], [ 84.458425, 27.775183 ], [ 84.460988, 27.773726 ], [ 84.461843, 27.772836 ], [ 84.462133, 27.772237 ], [ 84.462873, 27.771093 ], [ 84.463458, 27.770557 ], [ 84.464695, 27.769832 ], [ 84.465527, 27.769241 ], [ 84.465928, 27.768885 ], [ 84.466524, 27.768164 ], [ 84.467205, 27.767047 ], [ 84.468512, 27.764528 ], [ 84.4697, 27.763013 ], [ 84.470112, 27.762353 ], [ 84.470402, 27.761815 ], [ 84.470749, 27.76083 ], [ 84.471409, 27.758409 ], [ 84.472337, 27.753747 ], [ 84.472401, 27.753095 ], [ 84.472308, 27.752727 ], [ 84.471834, 27.751965 ], [ 84.471607, 27.751727 ], [ 84.47109, 27.751589 ], [ 84.470161, 27.751677 ], [ 84.46607, 27.752474 ], [ 84.46388, 27.753308 ], [ 84.463412, 27.75364 ], [ 84.462206, 27.754651 ], [ 84.459605, 27.757066 ], [ 84.459371, 27.757411 ], [ 84.459059, 27.758239 ], [ 84.458789, 27.758653 ], [ 84.458293, 27.759086 ], [ 84.45774, 27.759356 ], [ 84.45661, 27.75964 ], [ 84.454302, 27.759751 ], [ 84.452411, 27.759654 ], [ 84.451111, 27.759388 ], [ 84.449642, 27.758862 ], [ 84.449028, 27.758562 ], [ 84.448042, 27.757764 ], [ 84.447474, 27.756996 ], [ 84.446763, 27.755505 ], [ 84.445587, 27.753569 ], [ 84.444706, 27.752575 ], [ 84.443602, 27.751541 ], [ 84.442407, 27.75005 ], [ 84.441402, 27.748403 ], [ 84.439978, 27.745756 ], [ 84.438966, 27.744144 ], [ 84.438256, 27.743382 ], [ 84.437614, 27.742971 ], [ 84.436002, 27.742173 ], [ 84.434728, 27.741671 ], [ 84.433677, 27.741411 ], [ 84.433024, 27.741359 ], [ 84.431822, 27.741416 ], [ 84.430556, 27.741584 ], [ 84.429877, 27.741803 ], [ 84.427911, 27.742659 ], [ 84.426579, 27.742971 ], [ 84.426111, 27.74301 ], [ 84.425534, 27.742942 ], [ 84.423843, 27.742329 ], [ 84.422511, 27.741477 ], [ 84.421982, 27.741265 ] ] } },
{ "type": "Feature", "properties": { "name": null, "waterway": "weir" }, "geometry": { "type": "LineString", "coordinates": [ [ 85.37733, 28.274118 ], [ 85.377983, 28.274192 ] ] } },
{ "type": "Feature", "properties": { "name": null, "waterway": "stream" }, "geometry": { "type": "LineString", "coordinates": [ [ 85.370159, 28.24706 ], [ 85.369311, 28.246975 ], [ 85.368685, 28.247157 ], [ 85.367852, 28.247571 ], [ 85.367387, 28.247586 ] ] } },
{ "type": "Feature", "properties": { "name": null, "waterway": "stream" }, "geometry": { "type": "LineString", "coordinates": [ [ 85.364641, 28.248663 ], [ 85.364336, 28.248951 ] ] } },
{ "type": "Feature", "properties": { "name": "Trishuli Ganga River", "waterway": "river" }, "geometry": { "type": "LineString", "coordinates": [ [ 85.106928, 27.859096 ], [ 85.106662, 27.85874 ], [ 85.106243, 27.858496 ], [ 85.105206, 27.858252 ], [ 85.103379, 27.858089 ], [ 85.101678, 27.858164 ], [ 85.100725, 27.858383 ], [ 85.097828, 27.859721 ], [ 85.097349, 27.859837 ] ] } },
{ "type": "Feature", "properties": { "name": "Mailung Khola", "waterway": "river" }, "geometry": { "type": "LineString", "coordinates": [ [ 85.197349, 28.214925 ], [ 85.197725, 28.214104 ], [ 85.198363, 28.213787 ], [ 85.198713, 28.213508 ], [ 85.199001, 28.213464 ], [ 85.199445, 28.213101 ], [ 85.200096, 28.212834 ], [ 85.200443, 28.212302 ], [ 85.200672, 28.211743 ], [ 85.20092, 28.211475 ], [ 85.201447, 28.211172 ], [ 85.201554, 28.210314 ], [ 85.201847, 28.210058 ], [ 85.202125, 28.209608 ], [ 85.202059, 28.20908 ], [ 85.202531, 28.208459 ], [ 85.202536, 28.208044 ], [ 85.203128, 28.206653 ], [ 85.203178, 28.206316 ], [ 85.203696, 28.20537 ], [ 85.204318, 28.203869 ], [ 85.204235, 28.203103 ], [ 85.203141, 28.20025 ], [ 85.203216, 28.199938 ], [ 85.203719, 28.199245 ], [ 85.203734, 28.199074 ], [ 85.20353, 28.198602 ], [ 85.203635, 28.197517 ], [ 85.203481, 28.197257 ], [ 85.20271, 28.196819 ], [ 85.202756, 28.196157 ], [ 85.202522, 28.195479 ], [ 85.202736, 28.19508 ], [ 85.20253, 28.194908 ], [ 85.202623, 28.194449 ], [ 85.202554, 28.194316 ], [ 85.202439, 28.194176 ], [ 85.202108, 28.194085 ], [ 85.201426, 28.193397 ], [ 85.201335, 28.192818 ], [ 85.200871, 28.192653 ], [ 85.200639, 28.192159 ], [ 85.200483, 28.191031 ], [ 85.200582, 28.190815 ], [ 85.200522, 28.190495 ], [ 85.200763, 28.190126 ], [ 85.200273, 28.188762 ], [ 85.20036, 28.18816 ], [ 85.200157, 28.187468 ], [ 85.199882, 28.186891 ], [ 85.199609, 28.186788 ], [ 85.1985, 28.18596 ], [ 85.19838, 28.185468 ], [ 85.19872, 28.184801 ], [ 85.198547, 28.184255 ], [ 85.198623, 28.183598 ], [ 85.199455, 28.182856 ], [ 85.199565, 28.18247 ], [ 85.199354, 28.182277 ], [ 85.199131, 28.181849 ], [ 85.199172, 28.181457 ], [ 85.199809, 28.180923 ], [ 85.200252, 28.180352 ], [ 85.200404, 28.179248 ], [ 85.199778, 28.175692 ], [ 85.198752, 28.174818 ], [ 85.198192, 28.173845 ], [ 85.197929, 28.17317 ], [ 85.197081, 28.172119 ], [ 85.196048, 28.168332 ], [ 85.196273, 28.167338 ], [ 85.196761, 28.166811 ], [ 85.196847, 28.165979 ], [ 85.19715, 28.165685 ], [ 85.197728, 28.164793 ], [ 85.19805, 28.163867 ], [ 85.19806, 28.161604 ], [ 85.199445, 28.160008 ], [ 85.199677, 28.159375 ], [ 85.199222, 28.158711 ], [ 85.198535, 28.157349 ], [ 85.198342, 28.154947 ], [ 85.198075, 28.154243 ], [ 85.198363, 28.153414 ], [ 85.197835, 28.149775 ], [ 85.198132, 28.148981 ], [ 85.198707, 28.147814 ], [ 85.198813, 28.147222 ], [ 85.199233, 28.146701 ], [ 85.199324, 28.146469 ], [ 85.198394, 28.145904 ], [ 85.19798, 28.145373 ], [ 85.197849, 28.144181 ], [ 85.197849, 28.141911 ], [ 85.198479, 28.140984 ], [ 85.197884, 28.140077 ], [ 85.197847, 28.138725 ], [ 85.198707, 28.138581 ], [ 85.198551, 28.137229 ], [ 85.199219, 28.136195 ], [ 85.199165, 28.133375 ], [ 85.199609, 28.132438 ], [ 85.199305, 28.13167 ], [ 85.19911, 28.130154 ], [ 85.199737, 28.127984 ], [ 85.199695, 28.126401 ], [ 85.199423, 28.125942 ], [ 85.199016, 28.125611 ], [ 85.19932, 28.125181 ], [ 85.199533, 28.124503 ], [ 85.199393, 28.121928 ], [ 85.199737, 28.120112 ], [ 85.201453, 28.118598 ], [ 85.20317, 28.115418 ], [ 85.202753, 28.113366 ], [ 85.201195, 28.112466 ], [ 85.200423, 28.110876 ], [ 85.198682, 28.108267 ], [ 85.198137, 28.107741 ], [ 85.198361, 28.10734 ], [ 85.198423, 28.106935 ], [ 85.198147, 28.106112 ], [ 85.198254, 28.105604 ], [ 85.198056, 28.105003 ], [ 85.197904, 28.104822 ], [ 85.197473, 28.104689 ], [ 85.197262, 28.104149 ], [ 85.197215, 28.103788 ], [ 85.197483, 28.102941 ], [ 85.197487, 28.102488 ], [ 85.197386, 28.102145 ], [ 85.196804, 28.101387 ], [ 85.196846, 28.101053 ], [ 85.196401, 28.100504 ], [ 85.196337, 28.100164 ], [ 85.196497, 28.09944 ], [ 85.19636, 28.098948 ], [ 85.196473, 28.098751 ], [ 85.196909, 28.098368 ], [ 85.19694, 28.098126 ], [ 85.196804, 28.097541 ], [ 85.196854, 28.097256 ], [ 85.197063, 28.09695 ], [ 85.197482, 28.096715 ], [ 85.197724, 28.096478 ], [ 85.197781, 28.096013 ], [ 85.197946, 28.095634 ], [ 85.197915, 28.09538 ], [ 85.197429, 28.095153 ], [ 85.197295, 28.094943 ], [ 85.197652, 28.093669 ], [ 85.198037, 28.093307 ], [ 85.198943, 28.092977 ], [ 85.199201, 28.092709 ], [ 85.199485, 28.092591 ], [ 85.199538, 28.092465 ], [ 85.199568, 28.092045 ], [ 85.199458, 28.091073 ], [ 85.199595, 28.089673 ], [ 85.199828, 28.088998 ], [ 85.199696, 28.088258 ], [ 85.199908, 28.087387 ], [ 85.199493, 28.086617 ], [ 85.199714, 28.086163 ], [ 85.19945, 28.085943 ], [ 85.199248, 28.08553 ], [ 85.199355, 28.085185 ], [ 85.199958, 28.084737 ], [ 85.200128, 28.084395 ], [ 85.199839, 28.083255 ], [ 85.199497, 28.082966 ], [ 85.199542, 28.082378 ], [ 85.199392, 28.081923 ], [ 85.199631, 28.08127 ], [ 85.199704, 28.080708 ], [ 85.199895, 28.080134 ], [ 85.200055, 28.079838 ], [ 85.200834, 28.079561 ], [ 85.201874, 28.078646 ], [ 85.202334, 28.078509 ], [ 85.202848, 28.07824 ], [ 85.203588, 28.077389 ], [ 85.204191, 28.077019 ], [ 85.205034, 28.075994 ], [ 85.205819, 28.074371 ], [ 85.206313, 28.073921 ], [ 85.207148, 28.073416 ], [ 85.207446, 28.072911 ], [ 85.207483, 28.072201 ], [ 85.207804, 28.07165 ], [ 85.208309, 28.071507 ] ] } },
{ "type": "Feature", "properties": { "name": "Phenlun Khola", "waterway": "stream" }, "geometry": { "type": "LineString", "coordinates": [ [ 85.410638, 28.230907 ], [ 85.410016, 28.231026 ], [ 85.409351, 28.230808 ], [ 85.408401, 28.230936 ], [ 85.407608, 28.230704 ], [ 85.407157, 28.230902 ], [ 85.406433, 28.231569 ], [ 85.405693, 28.231621 ], [ 85.405376, 28.23146 ], [ 85.404679, 28.231295 ], [ 85.403751, 28.231399 ], [ 85.402769, 28.231371 ], [ 85.402088, 28.231663 ], [ 85.401036, 28.231479 ], [ 85.399733, 28.231058 ], [ 85.399089, 28.230978 ], [ 85.398064, 28.230704 ], [ 85.39762, 28.230751 ], [ 85.397196, 28.230671 ], [ 85.396171, 28.230808 ], [ 85.39549, 28.231143 ], [ 85.395184, 28.231125 ], [ 85.393961, 28.231687 ], [ 85.392808, 28.231782 ], [ 85.392405, 28.231682 ], [ 85.39145, 28.232093 ], [ 85.391026, 28.232193 ], [ 85.389584, 28.23198 ], [ 85.388559, 28.232051 ], [ 85.388382, 28.231909 ], [ 85.387303, 28.231541 ], [ 85.386965, 28.231309 ], [ 85.386327, 28.231092 ], [ 85.384745, 28.230832 ], [ 85.384412, 28.230638 ], [ 85.382921, 28.230227 ], [ 85.38254, 28.229853 ], [ 85.381692, 28.229537 ], [ 85.381241, 28.229787 ], [ 85.38048, 28.229414 ], [ 85.380362, 28.229206 ], [ 85.380094, 28.229007 ], [ 85.379578, 28.228762 ], [ 85.378784, 28.228402 ], [ 85.377701, 28.228242 ], [ 85.377101, 28.228048 ], [ 85.3768, 28.227892 ], [ 85.376531, 28.227627 ], [ 85.376092, 28.227556 ], [ 85.375116, 28.226942 ], [ 85.374681, 28.226894 ], [ 85.374128, 28.227008 ], [ 85.373012, 28.227424 ], [ 85.372487, 28.227358 ], [ 85.371907, 28.226975 ], [ 85.370762, 28.226743 ], [ 85.370248, 28.226464 ], [ 85.368727, 28.226365 ], [ 85.368185, 28.226124 ], [ 85.367932, 28.225694 ], [ 85.367482, 28.225481 ], [ 85.366806, 28.225273 ], [ 85.366006, 28.225207 ], [ 85.36539, 28.225462 ], [ 85.364714, 28.225377 ], [ 85.363961, 28.225893 ], [ 85.363299, 28.226081 ], [ 85.363066, 28.226582 ], [ 85.36269, 28.226615 ], [ 85.361685, 28.226458 ], [ 85.361439, 28.226534 ], [ 85.36108, 28.226449 ] ] } },
{ "type": "Feature", "properties": { "name": null, "waterway": "stream" }, "geometry": { "type": "LineString", "coordinates": [ [ 85.249287, 28.095048 ], [ 85.24962, 28.094698 ], [ 85.249942, 28.094116 ], [ 85.249851, 28.093728 ], [ 85.250028, 28.093231 ], [ 85.250184, 28.093092 ], [ 85.250306, 28.092797 ] ] } },
{ "type": "Feature", "properties": { "name": null, "waterway": "stream" }, "geometry": { "type": "LineString", "coordinates": [ [ 85.222444, 28.071618 ], [ 85.222077, 28.071502 ], [ 85.221693, 28.071533 ], [ 85.221232, 28.071748 ], [ 85.220663, 28.07216 ], [ 85.220314, 28.072226 ], [ 85.219842, 28.072525 ], [ 85.219397, 28.073273 ], [ 85.217487, 28.075753 ], [ 85.216076, 28.076761 ], [ 85.215387, 28.077043 ], [ 85.215087, 28.077053 ] ] } },
{ "type": "Feature", "properties": { "name": null, "waterway": "stream" }, "geometry": { "type": "LineString", "coordinates": [ [ 85.338203, 28.169658 ], [ 85.338876, 28.16976 ], [ 85.339563, 28.16976 ], [ 85.341231, 28.16949 ], [ 85.341775, 28.169559 ], [ 85.342568, 28.16931 ] ] } },
{ "type": "Feature", "properties": { "name": null, "waterway": "canal" }, "geometry": { "type": "LineString", "coordinates": [ [ 85.167066, 27.958859 ], [ 85.165914, 27.957475 ], [ 85.163657, 27.956516 ], [ 85.163568, 27.956448 ], [ 85.163655, 27.956156 ] ] } },
{ "type": "Feature", "properties": { "name": null, "waterway": "stream" }, "geometry": { "type": "LineString", "coordinates": [ [ 85.352138, 28.247013 ], [ 85.352455, 28.247013 ], [ 85.352992, 28.246802 ], [ 85.35311, 28.246719 ], [ 85.353114, 28.246429 ], [ 85.353484, 28.246393 ], [ 85.354268, 28.245892 ], [ 85.355244, 28.245595 ], [ 85.356008, 28.245158 ], [ 85.357854, 28.243836 ], [ 85.358874, 28.243491 ] ] } },
{ "type": "Feature", "properties": { "name": null, "waterway": "stream" }, "geometry": { "type": "LineString", "coordinates": [ [ 85.355363, 28.247861 ], [ 85.355512, 28.247712 ], [ 85.35632, 28.247334 ], [ 85.357123, 28.246523 ], [ 85.357856, 28.246289 ], [ 85.358188, 28.246042 ], [ 85.358762, 28.245121 ], [ 85.359201, 28.244623 ], [ 85.359685, 28.244267 ] ] } },
{ "type": "Feature", "properties": { "name": null, "waterway": "stream" }, "geometry": { "type": "LineString", "coordinates": [ [ 85.188174, 28.03559 ], [ 85.189454, 28.036451 ], [ 85.189974, 28.036656 ], [ 85.192961, 28.037434 ], [ 85.193552, 28.037458 ] ] } },
{ "type": "Feature", "properties": { "name": null, "waterway": "stream" }, "geometry": { "type": "LineString", "coordinates": [ [ 85.1801, 28.020905 ], [ 85.180577, 28.02086 ], [ 85.18076, 28.020618 ], [ 85.182667, 28.019611 ], [ 85.183621, 28.018846 ], [ 85.183891, 28.018379 ], [ 85.184482, 28.018261 ], [ 85.184777, 28.018348 ], [ 85.185091, 28.018124 ], [ 85.185415, 28.018105 ], [ 85.18574, 28.017761 ], [ 85.185977, 28.017788 ], [ 85.186309, 28.017577 ], [ 85.187706, 28.017433 ] ] } },
{ "type": "Feature", "properties": { "name": null, "waterway": "stream" }, "geometry": { "type": "LineString", "coordinates": [ [ 85.185289, 28.023861 ], [ 85.185175, 28.023557 ], [ 85.18511, 28.022771 ], [ 85.184901, 28.021786 ], [ 85.185239, 28.021416 ], [ 85.185981, 28.020858 ], [ 85.186135, 28.020953 ] ] } },
{ "type": "Feature", "properties": { "name": null, "waterway": "stream" }, "geometry": { "type": "LineString", "coordinates": [ [ 85.261238, 28.091089 ], [ 85.261214, 28.091406 ], [ 85.261335, 28.091771 ], [ 85.261252, 28.092064 ], [ 85.261498, 28.092511 ], [ 85.261563, 28.092788 ], [ 85.261488, 28.093387 ], [ 85.26123, 28.093657 ], [ 85.261168, 28.093761 ], [ 85.261208, 28.09387 ], [ 85.260484, 28.094977 ], [ 85.25955, 28.095678 ] ] } },
{ "type": "Feature", "properties": { "name": null, "waterway": "stream" }, "geometry": { "type": "LineString", "coordinates": [ [ 85.17848, 28.051554 ], [ 85.178985, 28.050928 ], [ 85.179415, 28.050822 ], [ 85.179792, 28.049983 ], [ 85.180938, 28.049451 ], [ 85.182054, 28.04848 ], [ 85.182861, 28.047654 ], [ 85.18363, 28.047362 ], [ 85.185356, 28.047768 ], [ 85.185779, 28.047635 ], [ 85.186027, 28.047215 ], [ 85.186548, 28.047142 ], [ 85.187181, 28.046789 ], [ 85.188274, 28.046437 ], [ 85.189646, 28.046257 ], [ 85.190581, 28.044581 ], [ 85.191117, 28.044174 ], [ 85.191531, 28.043216 ], [ 85.192632, 28.042484 ], [ 85.192934, 28.041965 ], [ 85.19331, 28.041753 ], [ 85.193342, 28.041354 ], [ 85.193472, 28.041172 ], [ 85.193888, 28.041087 ], [ 85.194562, 28.040716 ] ] } },
{ "type": "Feature", "properties": { "name": null, "waterway": "stream" }, "geometry": { "type": "LineString", "coordinates": [ [ 85.184605, 27.981394 ], [ 85.184185, 27.981254 ], [ 85.183972, 27.981061 ], [ 85.183919, 27.980886 ], [ 85.183715, 27.980811 ], [ 85.183578, 27.980543 ], [ 85.183032, 27.979924 ], [ 85.182398, 27.979543 ], [ 85.181341, 27.97914 ] ] } },
{ "type": "Feature", "properties": { "name": null, "waterway": "stream" }, "geometry": { "type": "LineString", "coordinates": [ [ 85.232166, 28.090243 ], [ 85.232103, 28.08973 ], [ 85.232021, 28.089658 ], [ 85.232088, 28.089519 ] ] } },
{ "type": "Feature", "properties": { "name": null, "waterway": "stream" }, "geometry": { "type": "LineString", "coordinates": [ [ 85.23176, 28.091059 ], [ 85.231884, 28.090348 ], [ 85.232166, 28.090243 ], [ 85.232471, 28.089653 ] ] } },
{ "type": "Feature", "properties": { "name": null, "waterway": "canal" }, "geometry": { "type": "LineString", "coordinates": [ [ 85.170347, 27.963699 ], [ 85.170581, 27.963079 ] ] } },
{ "type": "Feature", "properties": { "name": null, "waterway": "canal" }, "geometry": { "type": "LineString", "coordinates": [ [ 85.169744, 27.963652 ], [ 85.169642, 27.963589 ], [ 85.169217, 27.962853 ], [ 85.168579, 27.962217 ] ] } },
{ "type": "Feature", "properties": { "name": "Aqueduct (2 Barrel) crossing over Trishuli", "waterway": "canal" }, "geometry": { "type": "LineString", "coordinates": [ [ 85.163226, 27.948631 ], [ 85.162454, 27.948488 ] ] } },
{ "type": "Feature", "properties": { "name": "त्रिशुली नदी", "waterway": "river" }, "geometry": { "type": "LineString", "coordinates": [ [ 84.583568, 27.875829 ], [ 84.580532, 27.874313 ], [ 84.578624, 27.872518 ], [ 84.577614, 27.871928 ], [ 84.577448, 27.871759 ], [ 84.57686, 27.870475 ], [ 84.576667, 27.868883 ], [ 84.577499, 27.866748 ], [ 84.577566, 27.866264 ], [ 84.577466, 27.865107 ], [ 84.577147, 27.864465 ], [ 84.57691, 27.864183 ], [ 84.574833, 27.862711 ], [ 84.57308, 27.861134 ], [ 84.569184, 27.859557 ], [ 84.566389, 27.858604 ], [ 84.564573, 27.858305 ], [ 84.561023, 27.858273 ], [ 84.559195, 27.857839 ] ] } },
{ "type": "Feature", "properties": { "name": "Trishuli Ganga River", "waterway": "river" }, "geometry": { "type": "LineString", "coordinates": [ [ 85.271055, 28.104609 ], [ 85.270972, 28.10429 ], [ 85.270813, 28.104079 ], [ 85.270562, 28.103959 ], [ 85.270124, 28.1039 ], [ 85.269188, 28.103392 ], [ 85.268906, 28.102737 ], [ 85.268666, 28.102458 ], [ 85.268044, 28.1023 ], [ 85.267238, 28.102472 ], [ 85.266966, 28.102371 ], [ 85.266619, 28.101983 ], [ 85.266377, 28.101457 ], [ 85.265832, 28.101262 ], [ 85.265225, 28.100484 ], [ 85.264409, 28.099722 ], [ 85.264183, 28.099351 ], [ 85.264073, 28.098945 ], [ 85.263512, 28.098172 ], [ 85.263118, 28.097848 ], [ 85.262133, 28.097373 ], [ 85.261844, 28.097146 ], [ 85.261073, 28.096273 ], [ 85.260842, 28.096096 ], [ 85.260335, 28.095895 ], [ 85.258597, 28.095474 ], [ 85.25561, 28.095029 ], [ 85.254502, 28.09457 ], [ 85.25262, 28.093361 ], [ 85.251465, 28.092928 ], [ 85.248848, 28.092672 ], [ 85.244889, 28.092485 ], [ 85.242901, 28.092474 ], [ 85.241775, 28.091974 ], [ 85.241152, 28.091563 ], [ 85.240042, 28.091392 ], [ 85.238661, 28.091376 ], [ 85.237032, 28.09121 ], [ 85.231639, 28.089329 ], [ 85.23118, 28.088991 ], [ 85.230708, 28.088323 ], [ 85.229699, 28.087355 ], [ 85.229455, 28.08679 ], [ 85.229029, 28.086276 ], [ 85.228865, 28.085514 ], [ 85.228621, 28.085268 ], [ 85.2268, 28.084786 ], [ 85.225103, 28.084031 ], [ 85.223525, 28.083084 ], [ 85.222199, 28.082578 ], [ 85.221554, 28.081788 ], [ 85.220784, 28.081385 ], [ 85.219145, 28.080746 ], [ 85.218359, 28.079856 ], [ 85.217548, 28.079176 ], [ 85.217147, 28.078577 ], [ 85.21653, 28.078099 ], [ 85.216315, 28.077783 ], [ 85.215767, 28.077574 ], [ 85.215014, 28.077002 ], [ 85.212885, 28.075947 ], [ 85.211471, 28.074982 ], [ 85.210956, 28.074842 ], [ 85.210056, 28.074765 ], [ 85.20951, 28.074508 ], [ 85.208851, 28.073696 ], [ 85.208509, 28.073061 ], [ 85.208321, 28.072285 ], [ 85.208293, 28.070897 ], [ 85.20802, 28.07029 ], [ 85.207577, 28.069844 ], [ 85.207128, 28.069583 ], [ 85.20536, 28.068857 ], [ 85.205173, 28.068525 ], [ 85.205117, 28.067794 ], [ 85.205163, 28.067011 ], [ 85.205465, 28.066162 ], [ 85.206225, 28.065229 ], [ 85.206847, 28.064139 ], [ 85.207432, 28.06287 ], [ 85.207749, 28.061863 ], [ 85.207994, 28.060362 ], [ 85.208408, 28.059296 ], [ 85.208656, 28.05797 ], [ 85.208749, 28.05605 ], [ 85.208674, 28.055704 ], [ 85.206813, 28.052669 ], [ 85.20645, 28.052221 ], [ 85.206127, 28.05204 ], [ 85.205411, 28.051824 ], [ 85.202827, 28.049845 ], [ 85.202542, 28.049387 ], [ 85.202452, 28.048248 ], [ 85.202371, 28.04804 ], [ 85.20076, 28.045232 ], [ 85.197772, 28.04325 ], [ 85.19519, 28.041391 ], [ 85.194562, 28.040716 ], [ 85.193912, 28.03983 ], [ 85.193727, 28.039414 ], [ 85.193528, 28.038326 ], [ 85.193552, 28.037458 ], [ 85.194026, 28.036439 ], [ 85.194715, 28.035634 ], [ 85.194809, 28.035376 ], [ 85.194761, 28.033619 ], [ 85.194621, 28.033087 ], [ 85.194249, 28.032757 ], [ 85.193999, 28.032384 ], [ 85.192939, 28.029925 ] ] } },
{ "type": "Feature", "properties": { "name": null, "waterway": "stream" }, "geometry": { "type": "LineString", "coordinates": [ [ 85.196577, 27.965032 ], [ 85.195722, 27.96507 ], [ 85.194774, 27.965636 ], [ 85.19408, 27.965932 ], [ 85.194114, 27.96607 ], [ 85.193945, 27.966273 ], [ 85.193519, 27.966449 ], [ 85.193555, 27.966734 ], [ 85.193353, 27.967 ], [ 85.193381, 27.967131 ], [ 85.193066, 27.967343 ], [ 85.192887, 27.967656 ], [ 85.192588, 27.967759 ], [ 85.192604, 27.967906 ], [ 85.192366, 27.968356 ], [ 85.192307, 27.968654 ], [ 85.192022, 27.968827 ], [ 85.191586, 27.968899 ], [ 85.191558, 27.969206 ], [ 85.191427, 27.969339 ], [ 85.191231, 27.969391 ], [ 85.190689, 27.96977 ], [ 85.190397, 27.970064 ], [ 85.190287, 27.970237 ], [ 85.190483, 27.970504 ], [ 85.19018, 27.970691 ], [ 85.189795, 27.970817 ], [ 85.188715, 27.970912 ], [ 85.188219, 27.971449 ], [ 85.187864, 27.971388 ], [ 85.187616, 27.971215 ], [ 85.187125, 27.971213 ], [ 85.186744, 27.971371 ], [ 85.18658, 27.971227 ], [ 85.186435, 27.970869 ], [ 85.18606, 27.970672 ], [ 85.18595, 27.97052 ], [ 85.185251, 27.970359 ], [ 85.184894, 27.970347 ], [ 85.184618, 27.970483 ], [ 85.183997, 27.970494 ], [ 85.183801, 27.970649 ] ] } },
{ "type": "Feature", "properties": { "name": null, "waterway": "stream" }, "geometry": { "type": "LineString", "coordinates": [ [ 85.186135, 28.009051 ], [ 85.184594, 28.008526 ], [ 85.184345, 28.008315 ], [ 85.183562, 28.008307 ] ] } },
{ "type": "Feature", "properties": { "name": null, "waterway": "river" }, "geometry": { "type": "LineString", "coordinates": [ [ 84.94706, 27.801649 ], [ 84.947476, 27.80094 ], [ 84.947355, 27.800218 ], [ 84.947671, 27.799415 ], [ 84.948371, 27.798687 ], [ 84.948952, 27.798486 ], [ 84.949543, 27.798504 ], [ 84.949901, 27.798569 ], [ 84.950097, 27.798754 ], [ 84.950441, 27.799375 ], [ 84.950291, 27.799754 ], [ 84.949859, 27.80039 ], [ 84.949521, 27.801413 ], [ 84.949569, 27.801709 ], [ 84.950967, 27.803466 ], [ 84.951015, 27.803743 ], [ 84.950936, 27.804255 ], [ 84.9503, 27.804813 ], [ 84.949965, 27.805317 ], [ 84.949765, 27.805887 ], [ 84.949642, 27.807494 ], [ 84.949747, 27.808877 ], [ 84.949948, 27.810129 ], [ 84.950729, 27.811282 ], [ 84.951075, 27.812111 ], [ 84.951174, 27.812488 ], [ 84.951077, 27.813249 ], [ 84.951118, 27.813459 ], [ 84.951625, 27.814328 ], [ 84.952176, 27.815614 ] ] } },
{ "type": "Feature", "properties": { "name": null, "waterway": "stream" }, "geometry": { "type": "LineString", "coordinates": [ [ 85.183659, 28.015092 ], [ 85.183862, 28.014868 ], [ 85.184165, 28.014834 ], [ 85.184639, 28.014373 ], [ 85.185237, 28.014243 ] ] } },
{ "type": "Feature", "properties": { "name": null, "waterway": "stream" }, "geometry": { "type": "LineString", "coordinates": [ [ 85.181439, 28.025418 ], [ 85.181867, 28.025272 ], [ 85.182813, 28.024591 ], [ 85.184181, 28.024303 ], [ 85.184941, 28.024243 ], [ 85.185289, 28.023861 ] ] } },
{ "type": "Feature", "properties": { "name": null, "waterway": "stream" }, "geometry": { "type": "LineString", "coordinates": [ [ 85.283418, 28.082958 ], [ 85.283454, 28.083286 ], [ 85.283046, 28.083868 ], [ 85.28349, 28.083794 ], [ 85.283681, 28.083974 ], [ 85.28343, 28.084132 ], [ 85.283562, 28.084301 ], [ 85.283514, 28.08464 ], [ 85.283873, 28.084545 ], [ 85.281464, 28.08703 ], [ 85.279462, 28.088849 ], [ 85.278345, 28.089464 ], [ 85.277433, 28.089151 ], [ 85.2765, 28.089085 ], [ 85.276167, 28.089398 ], [ 85.27576, 28.08936 ], [ 85.275577, 28.089227 ], [ 85.275244, 28.089227 ], [ 85.274933, 28.089398 ], [ 85.274579, 28.089407 ], [ 85.274022, 28.089095 ], [ 85.273678, 28.089246 ], [ 85.272594, 28.09041 ], [ 85.272766, 28.090675 ], [ 85.272637, 28.090931 ], [ 85.272305, 28.091064 ], [ 85.272101, 28.091461 ], [ 85.27164, 28.092029 ], [ 85.27135, 28.092247 ], [ 85.270867, 28.092947 ], [ 85.270323, 28.093107 ], [ 85.270012, 28.09347 ], [ 85.269844, 28.093476 ], [ 85.269877, 28.093383 ], [ 85.26981, 28.093334 ], [ 85.26965, 28.093426 ], [ 85.269681, 28.093296 ], [ 85.269489, 28.093404 ], [ 85.269401, 28.093325 ], [ 85.269327, 28.093506 ], [ 85.269233, 28.093423 ], [ 85.269146, 28.093484 ], [ 85.269066, 28.093312 ], [ 85.268906, 28.093597 ], [ 85.268823, 28.093425 ], [ 85.267863, 28.093865 ], [ 85.266458, 28.095275 ], [ 85.265385, 28.096004 ], [ 85.264934, 28.096146 ], [ 85.265074, 28.096496 ], [ 85.26502, 28.096714 ], [ 85.264859, 28.096875 ], [ 85.264601, 28.096884 ], [ 85.264601, 28.097121 ], [ 85.26443, 28.097537 ], [ 85.263754, 28.098067 ], [ 85.263512, 28.098172 ] ] } },
{ "type": "Feature", "properties": { "name": null, "waterway": "stream" }, "geometry": { "type": "LineString", "coordinates": [ [ 85.192767, 27.984421 ], [ 85.191944, 27.983916 ], [ 85.191372, 27.98391 ], [ 85.189976, 27.984106 ], [ 85.188534, 27.983709 ], [ 85.18729, 27.984019 ], [ 85.186823, 27.983983 ], [ 85.186531, 27.984215 ], [ 85.185947, 27.984442 ], [ 85.185901, 27.984607 ], [ 85.185602, 27.984655 ], [ 85.184879, 27.985014 ], [ 85.184411, 27.984978 ], [ 85.183822, 27.984684 ], [ 85.183361, 27.984715 ], [ 85.182572, 27.984173 ], [ 85.181895, 27.983838 ], [ 85.181515, 27.983885 ], [ 85.181177, 27.983663 ], [ 85.180459, 27.983549 ] ] } },
{ "type": "Feature", "properties": { "name": null, "waterway": "stream" }, "geometry": { "type": "LineString", "coordinates": [ [ 85.231734, 28.091126 ], [ 85.23176, 28.091059 ] ] } },
{ "type": "Feature", "properties": { "name": null, "waterway": "stream" }, "geometry": { "type": "LineString", "coordinates": [ [ 85.276925, 28.120053 ], [ 85.27749, 28.119713 ], [ 85.27792, 28.119637 ], [ 85.27821, 28.119691 ], [ 85.278593, 28.11935 ], [ 85.278827, 28.118863 ], [ 85.278977, 28.118925 ], [ 85.279256, 28.118759 ], [ 85.279545, 28.118713 ], [ 85.279728, 28.11856 ], [ 85.279779, 28.118332 ], [ 85.280141, 28.118097 ], [ 85.281316, 28.117737 ], [ 85.281381, 28.117068 ], [ 85.281726, 28.116683 ], [ 85.281729, 28.116447 ], [ 85.282767, 28.115965 ] ] } },
{ "type": "Feature", "properties": { "name": "东林藏布", "waterway": "river" }, "geometry": { "type": "LineString", "coordinates": [ [ 85.430691, 28.330372 ], [ 85.429039, 28.33005 ], [ 85.428214, 28.330278 ], [ 85.427696, 28.330243 ], [ 85.426304, 28.330511 ], [ 85.425733, 28.330472 ], [ 85.424897, 28.330126 ], [ 85.424415, 28.330167 ], [ 85.423763, 28.330007 ], [ 85.421828, 28.329779 ], [ 85.420362, 28.329259 ], [ 85.419448, 28.328192 ], [ 85.418052, 28.327394 ], [ 85.417314, 28.327102 ], [ 85.416923, 28.327052 ], [ 85.416218, 28.327384 ], [ 85.415691, 28.327376 ], [ 85.415338, 28.327204 ], [ 85.414594, 28.326511 ], [ 85.413691, 28.325363 ], [ 85.413625, 28.324754 ], [ 85.413283, 28.323944 ], [ 85.413073, 28.322945 ], [ 85.413289, 28.322635 ], [ 85.413318, 28.321797 ], [ 85.413548, 28.320935 ], [ 85.413623, 28.320313 ], [ 85.413961, 28.31916 ], [ 85.413968, 28.317983 ], [ 85.41431, 28.31764 ], [ 85.41446, 28.31726 ], [ 85.413306, 28.311622 ], [ 85.412949, 28.311115 ], [ 85.412468, 28.309817 ], [ 85.412389, 28.309357 ], [ 85.411939, 28.308276 ], [ 85.4111, 28.30758 ], [ 85.409664, 28.307352 ], [ 85.40915, 28.307021 ], [ 85.409019, 28.30682 ], [ 85.408941, 28.306035 ], [ 85.40879, 28.305917 ], [ 85.408812, 28.305763 ], [ 85.408441, 28.305117 ], [ 85.407838, 28.304788 ], [ 85.407163, 28.304669 ], [ 85.406891, 28.304534 ], [ 85.406597, 28.304025 ], [ 85.404549, 28.302342 ], [ 85.404199, 28.302135 ], [ 85.403576, 28.301496 ], [ 85.402733, 28.301509 ], [ 85.402569, 28.301303 ], [ 85.402216, 28.301145 ], [ 85.401773, 28.300754 ], [ 85.401132, 28.300567 ], [ 85.400781, 28.300223 ], [ 85.400834, 28.299874 ], [ 85.400709, 28.299655 ], [ 85.399919, 28.299159 ], [ 85.399567, 28.299136 ], [ 85.398366, 28.298702 ], [ 85.39767, 28.29814 ], [ 85.397427, 28.297792 ], [ 85.39734, 28.297182 ], [ 85.397401, 28.29625 ], [ 85.397311, 28.295878 ], [ 85.397414, 28.295421 ], [ 85.397296, 28.295017 ], [ 85.396213, 28.293541 ], [ 85.395145, 28.292429 ], [ 85.394529, 28.291933 ], [ 85.394359, 28.291468 ], [ 85.393172, 28.290247 ], [ 85.393182, 28.289767 ], [ 85.392974, 28.289374 ], [ 85.390155, 28.28771 ], [ 85.388924, 28.287513 ], [ 85.388067, 28.287088 ], [ 85.386986, 28.285951 ], [ 85.386477, 28.28464 ], [ 85.385926, 28.284168 ], [ 85.384923, 28.283757 ], [ 85.383869, 28.282919 ], [ 85.383027, 28.282566 ], [ 85.382539, 28.282061 ], [ 85.382141, 28.281901 ], [ 85.38167, 28.281845 ], [ 85.38141, 28.281686 ], [ 85.380776, 28.280374 ], [ 85.380417, 28.28002 ], [ 85.379235, 28.279603 ], [ 85.378955, 28.27944 ], [ 85.378305, 28.278821 ], [ 85.376979, 28.278055 ] ] } },
{ "type": "Feature", "properties": { "name": null, "waterway": "stream" }, "geometry": { "type": "LineString", "coordinates": [ [ 85.235402, 28.107108 ], [ 85.235402, 28.106906 ], [ 85.235878, 28.106309 ], [ 85.235836, 28.106029 ], [ 85.235619, 28.105786 ], [ 85.235746, 28.105663 ], [ 85.235759, 28.105482 ], [ 85.235574, 28.105362 ], [ 85.235572, 28.105235 ], [ 85.235857, 28.105035 ], [ 85.235826, 28.104899 ], [ 85.236564, 28.104405 ], [ 85.237313, 28.104202 ], [ 85.238279, 28.103355 ], [ 85.238511, 28.102958 ], [ 85.238507, 28.102687 ], [ 85.238776, 28.102498 ], [ 85.238929, 28.102179 ], [ 85.239097, 28.102035 ], [ 85.239613, 28.101974 ], [ 85.240844, 28.101363 ], [ 85.241467, 28.100395 ], [ 85.241932, 28.100043 ], [ 85.24262, 28.09919 ], [ 85.243314, 28.097657 ], [ 85.243274, 28.097424 ], [ 85.243515, 28.097111 ], [ 85.243532, 28.096846 ], [ 85.243336, 28.096513 ], [ 85.243529, 28.096027 ], [ 85.243341, 28.095948 ], [ 85.243328, 28.095304 ], [ 85.243553, 28.095181 ], [ 85.243539, 28.09503 ], [ 85.24335, 28.094658 ], [ 85.243115, 28.094505 ], [ 85.243124, 28.094374 ], [ 85.242966, 28.094241 ], [ 85.242882, 28.093719 ], [ 85.242901, 28.092474 ] ] } },
{ "type": "Feature", "properties": { "name": null, "waterway": null }, "geometry": { "type": "LineString", "coordinates": [ [ 85.152783, 27.935068 ], [ 85.152828, 27.934999 ], [ 85.153013, 27.935093 ], [ 85.152968, 27.935162 ], [ 85.152783, 27.935068 ] ] } },
{ "type": "Feature", "properties": { "name": null, "waterway": "stream" }, "geometry": { "type": "LineString", "coordinates": [ [ 85.295879, 28.131644 ], [ 85.296236, 28.131274 ], [ 85.297842, 28.131353 ], [ 85.298897, 28.131525 ], [ 85.300402, 28.13118 ] ] } },
{ "type": "Feature", "properties": { "name": "Briddhim Khola", "waterway": "stream" }, "geometry": { "type": "LineString", "coordinates": [ [ 85.399633, 28.200438 ], [ 85.399198, 28.201037 ], [ 85.398624, 28.201315 ], [ 85.398434, 28.201661 ], [ 85.397713, 28.202122 ], [ 85.397214, 28.202777 ], [ 85.396308, 28.203208 ], [ 85.394823, 28.203247 ], [ 85.393278, 28.20345 ], [ 85.392118, 28.202689 ], [ 85.390711, 28.202822 ], [ 85.388867, 28.202132 ], [ 85.388559, 28.20232 ], [ 85.387726, 28.202225 ], [ 85.387369, 28.201943 ], [ 85.386878, 28.20203 ], [ 85.386438, 28.201897 ], [ 85.385872, 28.202189 ], [ 85.385588, 28.201816 ], [ 85.384783, 28.201465 ], [ 85.384371, 28.201609 ], [ 85.383476, 28.2014 ], [ 85.383177, 28.201517 ], [ 85.382746, 28.201839 ], [ 85.381674, 28.202196 ], [ 85.380833, 28.202009 ], [ 85.380073, 28.201317 ], [ 85.37943, 28.200875 ], [ 85.378526, 28.20063 ], [ 85.376474, 28.200975 ], [ 85.375699, 28.200717 ], [ 85.375152, 28.200803 ], [ 85.374059, 28.201401 ], [ 85.373431, 28.202023 ], [ 85.372067, 28.201964 ], [ 85.371256, 28.202138 ], [ 85.370936, 28.201924 ], [ 85.370595, 28.202099 ], [ 85.369773, 28.202213 ], [ 85.369521, 28.202457 ], [ 85.369112, 28.202476 ], [ 85.368709, 28.202686 ], [ 85.368547, 28.20266 ], [ 85.368314, 28.202887 ], [ 85.367767, 28.203198 ], [ 85.367201, 28.203318 ], [ 85.366906, 28.203682 ], [ 85.366686, 28.203836 ], [ 85.366467, 28.203841 ], [ 85.365818, 28.204268 ], [ 85.365713, 28.204416 ], [ 85.3654, 28.20452 ], [ 85.364821, 28.204545 ], [ 85.364668, 28.204458 ], [ 85.364643, 28.203967 ], [ 85.364324, 28.203711 ], [ 85.363528, 28.20342 ], [ 85.362836, 28.203322 ], [ 85.362443, 28.203384 ], [ 85.361984, 28.203272 ], [ 85.361026, 28.202627 ], [ 85.360902, 28.202428 ], [ 85.360503, 28.202414 ], [ 85.359967, 28.202181 ], [ 85.358898, 28.20154 ], [ 85.358474, 28.201025 ], [ 85.357091, 28.200478 ], [ 85.356773, 28.20052 ], [ 85.355987, 28.201005 ], [ 85.355766, 28.201061 ], [ 85.354768, 28.201005 ], [ 85.354305, 28.200731 ], [ 85.354161, 28.200435 ], [ 85.353915, 28.200507 ], [ 85.35329, 28.200353 ], [ 85.352585, 28.200351 ] ] } },
{ "type": "Feature", "properties": { "name": null, "waterway": "stream" }, "geometry": { "type": "LineString", "coordinates": [ [ 85.251854, 28.062679 ], [ 85.251675, 28.063461 ], [ 85.251777, 28.064497 ], [ 85.251981, 28.065023 ], [ 85.252002, 28.065475 ], [ 85.253146, 28.067722 ], [ 85.253614, 28.068233 ], [ 85.253836, 28.068808 ], [ 85.254082, 28.070046 ], [ 85.255483, 28.070824 ], [ 85.255768, 28.072022 ], [ 85.255497, 28.074205 ], [ 85.255141, 28.075194 ], [ 85.254931, 28.0753 ], [ 85.254882, 28.075712 ], [ 85.255196, 28.076211 ], [ 85.254882, 28.077332 ], [ 85.254631, 28.078913 ], [ 85.254681, 28.079756 ], [ 85.254907, 28.080056 ], [ 85.255065, 28.080444 ], [ 85.255033, 28.081165 ], [ 85.255109, 28.081554 ], [ 85.255317, 28.081981 ], [ 85.255317, 28.082185 ], [ 85.255467, 28.082331 ], [ 85.25573, 28.083004 ], [ 85.255644, 28.083737 ], [ 85.255752, 28.083941 ], [ 85.255725, 28.08421 ], [ 85.255387, 28.084641 ], [ 85.254716, 28.084949 ], [ 85.254604, 28.085114 ], [ 85.254233, 28.086586 ], [ 85.254126, 28.0874 ], [ 85.253922, 28.087717 ], [ 85.253751, 28.08784 ], [ 85.253601, 28.088214 ], [ 85.253499, 28.088882 ], [ 85.253622, 28.089729 ], [ 85.253477, 28.09076 ], [ 85.253027, 28.092436 ], [ 85.25262, 28.093361 ] ] } },
{ "type": "Feature", "properties": { "name": null, "waterway": "stream" }, "geometry": { "type": "LineString", "coordinates": [ [ 85.190653, 28.011725 ], [ 85.18987, 28.011611 ], [ 85.189413, 28.011175 ], [ 85.189156, 28.011033 ], [ 85.188405, 28.011028 ], [ 85.187449, 28.011313 ], [ 85.186393, 28.011257 ] ] } },
{ "type": "Feature", "properties": { "name": null, "waterway": "canal" }, "geometry": { "type": "LineString", "coordinates": [ [ 85.162231, 27.948436 ], [ 85.16126, 27.948225 ], [ 85.161083, 27.947775 ], [ 85.160213, 27.947151 ], [ 85.16011, 27.946638 ], [ 85.159421, 27.945564 ], [ 85.158805, 27.944713 ], [ 85.157567, 27.943734 ], [ 85.157025, 27.942743 ] ] } },
{ "type": "Feature", "properties": { "name": null, "waterway": "stream" }, "geometry": { "type": "LineString", "coordinates": [ [ 85.089308, 27.865014 ], [ 85.089404, 27.865218 ], [ 85.090278, 27.864708 ], [ 85.090522, 27.864279 ], [ 85.090959, 27.864318 ], [ 85.091281, 27.864216 ], [ 85.091752, 27.863804 ], [ 85.091632, 27.863656 ], [ 85.09154, 27.862824 ], [ 85.091728, 27.862671 ], [ 85.091622, 27.862539 ], [ 85.091718, 27.861996 ], [ 85.091622, 27.861614 ], [ 85.090933, 27.86048 ] ] } },
{ "type": "Feature", "properties": { "name": "त्रिशुली नदी", "waterway": "river" }, "geometry": { "type": "LineString", "coordinates": [ [ 85.094476, 27.860176 ], [ 85.090933, 27.86048 ], [ 85.089486, 27.860377 ], [ 85.089254, 27.860233 ], [ 85.089182, 27.860039 ], [ 85.088568, 27.857563 ], [ 85.08825, 27.857136 ], [ 85.087858, 27.856955 ], [ 85.08637, 27.856335 ], [ 85.079181, 27.856118 ], [ 85.077234, 27.855004 ], [ 85.074764, 27.853453 ], [ 85.072358, 27.853076 ], [ 85.070792, 27.853702 ], [ 85.067603, 27.855708 ], [ 85.063668, 27.857442 ], [ 85.062989, 27.857847 ], [ 85.061739, 27.859398 ], [ 85.060366, 27.860135 ], [ 85.059186, 27.859815 ], [ 85.057796, 27.858691 ], [ 85.05756, 27.85821 ], [ 85.057199, 27.856239 ], [ 85.056404, 27.855267 ], [ 85.054846, 27.854261 ], [ 85.053202, 27.853567 ], [ 85.051547, 27.853101 ], [ 85.04983, 27.852829 ], [ 85.048932, 27.852862 ], [ 85.04831, 27.852986 ], [ 85.047789, 27.853223 ], [ 85.047483, 27.853455 ], [ 85.046818, 27.85416 ], [ 85.044785, 27.855352 ], [ 85.043096, 27.856554 ], [ 85.042516, 27.856753 ], [ 85.041829, 27.856684 ], [ 85.041449, 27.856545 ], [ 85.037887, 27.854397 ], [ 85.036176, 27.853767 ], [ 85.034079, 27.853725 ], [ 85.033536, 27.853813 ], [ 85.032152, 27.854412 ], [ 85.031521, 27.854263 ], [ 85.031258, 27.85401 ], [ 85.030855, 27.853369 ], [ 85.029605, 27.851805 ], [ 85.029167, 27.850106 ], [ 85.028981, 27.848712 ], [ 85.028584, 27.848196 ], [ 85.026259, 27.846785 ], [ 85.023, 27.845283 ], [ 85.022241, 27.844802 ], [ 85.021079, 27.843578 ], [ 85.020775, 27.843382 ], [ 85.019683, 27.843238 ], [ 85.01921, 27.84299 ], [ 85.019134, 27.842804 ], [ 85.019128, 27.84253 ], [ 85.019426, 27.84128 ], [ 85.019922, 27.840217 ], [ 85.021961, 27.837257 ], [ 85.022685, 27.836968 ], [ 85.023059, 27.836648 ], [ 85.023269, 27.836147 ], [ 85.023415, 27.83544 ], [ 85.02314, 27.833782 ], [ 85.022895, 27.832966 ], [ 85.022013, 27.831897 ], [ 85.019535, 27.829261 ], [ 85.018489, 27.828312 ], [ 85.017909, 27.827639 ], [ 85.017593, 27.827013 ], [ 85.017244, 27.82585 ], [ 85.01748, 27.823511 ], [ 85.017105, 27.820209 ], [ 85.016863, 27.819242 ], [ 85.01674, 27.81895 ], [ 85.015407, 27.817374 ], [ 85.014769, 27.815879 ], [ 85.01416, 27.815016 ], [ 85.012792, 27.813422 ], [ 85.012204, 27.812573 ], [ 85.012019, 27.811828 ], [ 85.01196, 27.81114 ], [ 85.012068, 27.810324 ], [ 85.012344, 27.809849 ], [ 85.01357, 27.809252 ], [ 85.014138, 27.80887 ], [ 85.014329, 27.808623 ], [ 85.014471, 27.808243 ], [ 85.014372, 27.807876 ] ] } },
{ "type": "Feature", "properties": { "name": null, "waterway": null }, "geometry": { "type": "LineString", "coordinates": [ [ 85.152859, 27.934987 ], [ 85.152901, 27.934932 ], [ 85.153112, 27.935028 ], [ 85.153047, 27.935074 ], [ 85.152859, 27.934987 ] ] } },
{ "type": "Feature", "properties": { "name": null, "waterway": "stream" }, "geometry": { "type": "LineString", "coordinates": [ [ 85.179017, 28.011402 ], [ 85.179366, 28.011568 ], [ 85.179891, 28.012013 ], [ 85.180428, 28.012208 ], [ 85.180674, 28.012435 ], [ 85.1812, 28.012449 ], [ 85.181747, 28.012658 ], [ 85.18188, 28.012798 ], [ 85.181845, 28.012957 ], [ 85.181956, 28.013344 ], [ 85.18216, 28.013527 ] ] } },
{ "type": "Feature", "properties": { "name": null, "waterway": "stream" }, "geometry": { "type": "LineString", "coordinates": [ [ 84.704595, 27.837286 ], [ 84.70442, 27.83713 ], [ 84.704513, 27.836488 ], [ 84.704876, 27.836156 ], [ 84.704806, 27.835685 ], [ 84.70425, 27.835012 ], [ 84.704209, 27.834711 ], [ 84.704232, 27.834105 ], [ 84.704414, 27.833696 ], [ 84.704525, 27.833162 ], [ 84.704478, 27.832582 ], [ 84.705005, 27.831867 ], [ 84.705064, 27.831561 ], [ 84.704853, 27.831333 ], [ 84.704836, 27.831069 ], [ 84.705761, 27.83053 ], [ 84.70589, 27.830152 ], [ 84.706257, 27.82999 ], [ 84.706282, 27.829748 ], [ 84.706249, 27.828891 ], [ 84.705992, 27.82873 ], [ 84.705702, 27.828327 ], [ 84.705876, 27.827565 ], [ 84.705743, 27.826663 ], [ 84.706199, 27.825667 ], [ 84.706191, 27.825022 ], [ 84.705942, 27.823975 ], [ 84.706241, 27.823015 ], [ 84.707765, 27.820868 ], [ 84.707848, 27.819784 ], [ 84.70774, 27.819322 ], [ 84.707839, 27.818479 ], [ 84.708063, 27.817695 ], [ 84.707649, 27.817109 ], [ 84.707442, 27.815966 ], [ 84.707632, 27.815842 ], [ 84.707889, 27.815505 ], [ 84.707765, 27.814948 ], [ 84.707848, 27.81431 ], [ 84.708453, 27.814017 ], [ 84.709016, 27.813189 ], [ 84.709869, 27.812874 ], [ 84.710551, 27.812261 ], [ 84.710681, 27.811643 ], [ 84.711728, 27.810913 ], [ 84.711491, 27.8096 ], [ 84.713378, 27.808916 ], [ 84.713958, 27.808118 ], [ 84.714145, 27.807543 ], [ 84.713829, 27.807284 ], [ 84.713817, 27.80688 ], [ 84.713518, 27.805895 ], [ 84.714034, 27.805578 ], [ 84.714378, 27.805553 ], [ 84.715621, 27.805129 ], [ 84.716147, 27.804737 ], [ 84.71642, 27.803917 ], [ 84.717007, 27.802617 ] ] } },
{ "type": "Feature", "properties": { "name": "भोटे कोशी", "waterway": "river" }, "geometry": { "type": "LineString", "coordinates": [ [ 85.342756, 28.181158 ], [ 85.342639, 28.179933 ], [ 85.342803, 28.178935 ], [ 85.342758, 28.17858 ], [ 85.342986, 28.177997 ], [ 85.342704, 28.176138 ], [ 85.343001, 28.173967 ], [ 85.342682, 28.172829 ], [ 85.342674, 28.17097 ], [ 85.342795, 28.170604 ], [ 85.342434, 28.168329 ], [ 85.342417, 28.167775 ], [ 85.342486, 28.167439 ], [ 85.34279, 28.166994 ], [ 85.342891, 28.166378 ], [ 85.342693, 28.165771 ], [ 85.34219, 28.165004 ], [ 85.341802, 28.164662 ], [ 85.341306, 28.164423 ] ] } },
{ "type": "Feature", "properties": { "name": null, "waterway": "stream" }, "geometry": { "type": "LineString", "coordinates": [ [ 85.194146, 27.993323 ], [ 85.191904, 27.993215 ], [ 85.19163, 27.993478 ], [ 85.19118, 27.993504 ], [ 85.189977, 27.993334 ], [ 85.189609, 27.993437 ], [ 85.187974, 27.994298 ], [ 85.186841, 27.994416 ], [ 85.186403, 27.994628 ], [ 85.184533, 27.995006 ] ] } },
{ "type": "Feature", "properties": { "name": null, "waterway": "stream" }, "geometry": { "type": "LineString", "coordinates": [ [ 85.178365, 27.966423 ], [ 85.177115, 27.966061 ] ] } },
{ "type": "Feature", "properties": { "name": null, "waterway": "stream" }, "geometry": { "type": "LineString", "coordinates": [ [ 85.249477, 28.074982 ], [ 85.24972, 28.075074 ], [ 85.250207, 28.076017 ], [ 85.250294, 28.076493 ], [ 85.250465, 28.076879 ], [ 85.25076, 28.077205 ], [ 85.251485, 28.07731 ], [ 85.250961, 28.077743 ], [ 85.250882, 28.078086 ], [ 85.251056, 28.078211 ], [ 85.251314, 28.078588 ], [ 85.251279, 28.078645 ], [ 85.251456, 28.078997 ], [ 85.251322, 28.079144 ], [ 85.251325, 28.079515 ], [ 85.251244, 28.079655 ], [ 85.251308, 28.079996 ], [ 85.251038, 28.080905 ], [ 85.251089, 28.081068 ], [ 85.250973, 28.081205 ], [ 85.251131, 28.081655 ], [ 85.251107, 28.081802 ], [ 85.251247, 28.081981 ], [ 85.25136, 28.082369 ], [ 85.25152, 28.082545 ], [ 85.251561, 28.082739 ], [ 85.251802, 28.082907 ], [ 85.25184, 28.083053 ], [ 85.25174, 28.083385 ], [ 85.251566, 28.083432 ], [ 85.251518, 28.083557 ], [ 85.251633, 28.083934 ], [ 85.251424, 28.084225 ], [ 85.251483, 28.084499 ], [ 85.251362, 28.084859 ], [ 85.251448, 28.085675 ], [ 85.251377, 28.086133 ], [ 85.251504, 28.086498 ], [ 85.251456, 28.087015 ], [ 85.251926, 28.088387 ], [ 85.251696, 28.091158 ], [ 85.251465, 28.092928 ] ] } },
{ "type": "Feature", "properties": { "name": null, "waterway": "stream" }, "geometry": { "type": "LineString", "coordinates": [ [ 85.291887, 28.092603 ], [ 85.290031, 28.093159 ], [ 85.288992, 28.093715 ], [ 85.288336, 28.094174 ], [ 85.287399, 28.094624 ], [ 85.286343, 28.095751 ], [ 85.284725, 28.096983 ], [ 85.284231, 28.097562 ], [ 85.283814, 28.098726 ], [ 85.283967, 28.099485 ], [ 85.283916, 28.100199 ], [ 85.284086, 28.100913 ], [ 85.285127, 28.103173 ], [ 85.284845, 28.103617 ], [ 85.284917, 28.104207 ], [ 85.284757, 28.104708 ], [ 85.284379, 28.104939 ], [ 85.283084, 28.105311 ], [ 85.282127, 28.106142 ], [ 85.281411, 28.106498 ], [ 85.281254, 28.106843 ], [ 85.281359, 28.107303 ], [ 85.281731, 28.107992 ], [ 85.281053, 28.108647 ], [ 85.280845, 28.109061 ], [ 85.280871, 28.109566 ], [ 85.280428, 28.109865 ] ] } },
{ "type": "Feature", "properties": { "name": null, "waterway": "stream" }, "geometry": { "type": "LineString", "coordinates": [ [ 85.247893, 28.096611 ], [ 85.247957, 28.095768 ], [ 85.247641, 28.095196 ], [ 85.248113, 28.093804 ], [ 85.24796, 28.0933 ], [ 85.247957, 28.092654 ] ] } },
{ "type": "Feature", "properties": { "name": null, "waterway": "stream" }, "geometry": { "type": "LineString", "coordinates": [ [ 85.248746, 28.094917 ], [ 85.248435, 28.094226 ], [ 85.248617, 28.093516 ], [ 85.248231, 28.093356 ], [ 85.247995, 28.09284 ] ] } },
{ "type": "Feature", "properties": { "name": null, "waterway": "stream" }, "geometry": { "type": "LineString", "coordinates": [ [ 85.22644, 28.089357 ], [ 85.226623, 28.089267 ], [ 85.227078, 28.089252 ], [ 85.227339, 28.089355 ], [ 85.227818, 28.089209 ], [ 85.227893, 28.089112 ], [ 85.228983, 28.088935 ], [ 85.229425, 28.08855 ] ] } },
{ "type": "Feature", "properties": { "name": null, "waterway": "stream" }, "geometry": { "type": "LineString", "coordinates": [ [ 85.229425, 28.08855 ], [ 85.229362, 28.088006 ], [ 85.229785, 28.087455 ] ] } },
{ "type": "Feature", "properties": { "name": null, "waterway": "stream" }, "geometry": { "type": "LineString", "coordinates": [ [ 85.225614, 28.088551 ], [ 85.226002, 28.08843 ], [ 85.226241, 28.08848 ], [ 85.226437, 28.088409 ] ] } },
{ "type": "Feature", "properties": { "name": "Langtang Khola", "waterway": "river" }, "geometry": { "type": "LineString", "coordinates": [ [ 85.398786, 28.155585 ], [ 85.397377, 28.155329 ], [ 85.397117, 28.155061 ], [ 85.396171, 28.154687 ], [ 85.395455, 28.15478 ], [ 85.392329, 28.154654 ], [ 85.389624, 28.154433 ], [ 85.385635, 28.153668 ], [ 85.385078, 28.153477 ], [ 85.383694, 28.153421 ], [ 85.382644, 28.153823 ], [ 85.381456, 28.153787 ], [ 85.380649, 28.153503 ], [ 85.379663, 28.15302 ], [ 85.37802, 28.152486 ], [ 85.376615, 28.151643 ], [ 85.376244, 28.151524 ], [ 85.375238, 28.152015 ], [ 85.374733, 28.152013 ], [ 85.374295, 28.151713 ], [ 85.37403, 28.151678 ], [ 85.373603, 28.151855 ], [ 85.373038, 28.151835 ], [ 85.371989, 28.151622 ], [ 85.370808, 28.15113 ], [ 85.369156, 28.1518 ], [ 85.368145, 28.151819 ], [ 85.366674, 28.151417 ], [ 85.36604, 28.151059 ], [ 85.365736, 28.151038 ], [ 85.365442, 28.151143 ], [ 85.365015, 28.151863 ], [ 85.364348, 28.152085 ], [ 85.362247, 28.151925 ], [ 85.361569, 28.151735 ], [ 85.361021, 28.151767 ], [ 85.359077, 28.152611 ], [ 85.358427, 28.152364 ], [ 85.357648, 28.152969 ], [ 85.356971, 28.153315 ], [ 85.355682, 28.153297 ], [ 85.355217, 28.153838 ], [ 85.354051, 28.154534 ], [ 85.35347, 28.155156 ], [ 85.352636, 28.15548 ], [ 85.352294, 28.156008 ], [ 85.351331, 28.156727 ], [ 85.350993, 28.157539 ], [ 85.350603, 28.157731 ], [ 85.349661, 28.157981 ], [ 85.349402, 28.158188 ], [ 85.349035, 28.158969 ], [ 85.348456, 28.159709 ], [ 85.348233, 28.159795 ], [ 85.348231, 28.160202 ], [ 85.347819, 28.160854 ], [ 85.346851, 28.161409 ], [ 85.346479, 28.161895 ], [ 85.34562, 28.162665 ], [ 85.343458, 28.163594 ], [ 85.342045, 28.163983 ], [ 85.341306, 28.164423 ] ] } },
{ "type": "Feature", "properties": { "name": null, "waterway": "stream" }, "geometry": { "type": "LineString", "coordinates": [ [ 85.298858, 28.134392 ], [ 85.299336, 28.134121 ], [ 85.299889, 28.13411 ], [ 85.300433, 28.134205 ], [ 85.300856, 28.134374 ], [ 85.301309, 28.13438 ], [ 85.301919, 28.134099 ], [ 85.302334, 28.133623 ] ] } },
{ "type": "Feature", "properties": { "name": null, "waterway": "stream" }, "geometry": { "type": "LineString", "coordinates": [ [ 85.262341, 28.13967 ], [ 85.262654, 28.139645 ], [ 85.262976, 28.139794 ], [ 85.26335, 28.139803 ], [ 85.263826, 28.139518 ], [ 85.264512, 28.138599 ], [ 85.265404, 28.138291 ], [ 85.26589, 28.137949 ], [ 85.266702, 28.137801 ], [ 85.266987, 28.137619 ], [ 85.26731, 28.137199 ], [ 85.267964, 28.1368 ], [ 85.268479, 28.136625 ], [ 85.268798, 28.136656 ], [ 85.269425, 28.137041 ], [ 85.270235, 28.137098 ], [ 85.270321, 28.137228 ], [ 85.271695, 28.13725 ], [ 85.271732, 28.137342 ], [ 85.27209, 28.13731 ], [ 85.272385, 28.137484 ], [ 85.273482, 28.137641 ], [ 85.273692, 28.137576 ], [ 85.273963, 28.137619 ], [ 85.275041, 28.137962 ], [ 85.275504, 28.137826 ], [ 85.275775, 28.138 ], [ 85.27808, 28.138285 ], [ 85.278749, 28.138666 ], [ 85.279124, 28.139182 ], [ 85.279602, 28.13929 ], [ 85.280873, 28.139305 ], [ 85.281329, 28.139201 ], [ 85.282187, 28.137081 ], [ 85.282676, 28.1364 ], [ 85.282794, 28.13606 ], [ 85.28303, 28.135974 ], [ 85.283491, 28.135979 ], [ 85.283786, 28.135695 ], [ 85.284317, 28.135643 ], [ 85.284575, 28.135492 ], [ 85.284891, 28.135028 ], [ 85.286168, 28.134281 ], [ 85.286538, 28.134338 ], [ 85.287176, 28.133865 ], [ 85.287584, 28.133746 ], [ 85.288737, 28.13297 ], [ 85.288845, 28.132781 ], [ 85.289006, 28.132019 ], [ 85.289633, 28.131286 ], [ 85.290132, 28.131078 ], [ 85.290443, 28.130827 ], [ 85.291484, 28.130425 ], [ 85.291854, 28.130042 ], [ 85.292836, 28.129777 ], [ 85.29305, 28.129612 ], [ 85.293512, 28.129678 ], [ 85.294225, 28.129522 ], [ 85.294483, 28.129441 ], [ 85.294724, 28.129233 ], [ 85.295228, 28.129389 ], [ 85.295652, 28.129172 ], [ 85.295665, 28.128991 ], [ 85.295985, 28.129016 ], [ 85.296274, 28.129214 ], [ 85.297498, 28.129039 ], [ 85.297954, 28.128741 ], [ 85.298324, 28.12884 ], [ 85.298522, 28.128765 ], [ 85.298796, 28.128339 ] ] } },
{ "type": "Feature", "properties": { "name": null, "waterway": "stream" }, "geometry": { "type": "LineString", "coordinates": [ [ 85.293587, 28.13061 ], [ 85.294552, 28.13053 ], [ 85.295325, 28.130653 ], [ 85.297471, 28.130525 ], [ 85.299635, 28.129845 ], [ 85.300273, 28.129492 ] ] } },
{ "type": "Feature", "properties": { "name": "Kalphu River", "waterway": "river" }, "geometry": { "type": "LineString", "coordinates": [ [ 85.016089, 27.810005 ], [ 85.01531, 27.809989 ], [ 85.014828, 27.810149 ], [ 85.013874, 27.809662 ], [ 85.01357, 27.809252 ] ] } },
{ "type": "Feature", "properties": { "name": "Kalphu River", "waterway": "river" }, "geometry": { "type": "LineString", "coordinates": [ [ 85.026837, 27.816019 ], [ 85.026761, 27.81553 ], [ 85.026567, 27.815114 ], [ 85.026441, 27.815029 ], [ 85.025155, 27.814794 ], [ 85.025173, 27.814508 ], [ 85.025349, 27.814059 ], [ 85.025237, 27.813529 ], [ 85.024924, 27.813313 ], [ 85.024674, 27.813325 ], [ 85.024384, 27.81352 ], [ 85.023818, 27.81503 ], [ 85.023622, 27.815151 ], [ 85.023296, 27.815084 ], [ 85.02255, 27.814661 ], [ 85.022013, 27.814142 ], [ 85.021498, 27.813933 ], [ 85.021157, 27.813996 ], [ 85.020943, 27.814265 ], [ 85.020551, 27.814172 ], [ 85.020422, 27.814025 ], [ 85.020321, 27.813044 ], [ 85.02005, 27.812608 ], [ 85.018762, 27.812355 ], [ 85.017935, 27.812287 ], [ 85.017815, 27.812198 ], [ 85.017765, 27.811927 ], [ 85.018265, 27.811456 ], [ 85.018328, 27.811306 ], [ 85.018397, 27.810655 ], [ 85.018314, 27.810477 ], [ 85.016207, 27.810038 ] ] } },
{ "type": "Feature", "properties": { "name": "Trishuli Ganga River", "waterway": "river" }, "geometry": { "type": "LineString", "coordinates": [ [ 85.097349, 27.859837 ], [ 85.096506, 27.85999 ], [ 85.094476, 27.860176 ] ] } },
{ "type": "Feature", "properties": { "name": "Samari Khola", "waterway": "stream" }, "geometry": { "type": "LineString", "coordinates": [ [ 85.064478, 27.945933 ], [ 85.065069, 27.945531 ], [ 85.065787, 27.945445 ], [ 85.066484, 27.945014 ], [ 85.067604, 27.944529 ], [ 85.06866, 27.944406 ], [ 85.069548, 27.944031 ], [ 85.070392, 27.943885 ], [ 85.072066, 27.944305 ], [ 85.07258, 27.944053 ], [ 85.073236, 27.943947 ], [ 85.073425, 27.943846 ], [ 85.073662, 27.943225 ], [ 85.073905, 27.942975 ], [ 85.075079, 27.942373 ], [ 85.075822, 27.942301 ], [ 85.076578, 27.94245 ], [ 85.077064, 27.942719 ], [ 85.077388, 27.942677 ], [ 85.077894, 27.94211 ], [ 85.077961, 27.941842 ], [ 85.078218, 27.94152 ], [ 85.079062, 27.940769 ], [ 85.07971, 27.940745 ], [ 85.080405, 27.940488 ], [ 85.081593, 27.940453 ], [ 85.082788, 27.940101 ], [ 85.083658, 27.940292 ], [ 85.084084, 27.940083 ], [ 85.085913, 27.939844 ], [ 85.087465, 27.939862 ], [ 85.087958, 27.940226 ], [ 85.088282, 27.940232 ], [ 85.088802, 27.940053 ], [ 85.089085, 27.940494 ], [ 85.08972, 27.940942 ], [ 85.0903, 27.941174 ], [ 85.091117, 27.941204 ], [ 85.091293, 27.941287 ], [ 85.091468, 27.94155 ], [ 85.091752, 27.941705 ], [ 85.092157, 27.941806 ], [ 85.092735, 27.941739 ], [ 85.092956, 27.941635 ], [ 85.093419, 27.941723 ], [ 85.093426, 27.94179 ], [ 85.093783, 27.941914 ], [ 85.094222, 27.941943 ], [ 85.095133, 27.941675 ], [ 85.096139, 27.94158 ], [ 85.096288, 27.940923 ], [ 85.097634, 27.940586 ], [ 85.098178, 27.940653 ], [ 85.09918, 27.940982 ], [ 85.100756, 27.940856 ], [ 85.101919, 27.94007 ], [ 85.102168, 27.939692 ], [ 85.102225, 27.939281 ], [ 85.102025, 27.938764 ], [ 85.102035, 27.937946 ], [ 85.102254, 27.937322 ], [ 85.102665, 27.936993 ], [ 85.103209, 27.936858 ], [ 85.10382, 27.936875 ], [ 85.104755, 27.93712 ], [ 85.106187, 27.936799 ], [ 85.106445, 27.936648 ], [ 85.106617, 27.936192 ], [ 85.10696, 27.935872 ], [ 85.107485, 27.93561 ], [ 85.108854, 27.935916 ], [ 85.110956, 27.935682 ], [ 85.111827, 27.935677 ], [ 85.114048, 27.935331 ], [ 85.114784, 27.934861 ], [ 85.117233, 27.934525 ], [ 85.117519, 27.934376 ], [ 85.117706, 27.933772 ], [ 85.118431, 27.932388 ], [ 85.11884, 27.932037 ], [ 85.119295, 27.931784 ], [ 85.120967, 27.93135 ], [ 85.121563, 27.931071 ], [ 85.121837, 27.930798 ], [ 85.122229, 27.930612 ], [ 85.122591, 27.930235 ], [ 85.122959, 27.930111 ], [ 85.123655, 27.930023 ], [ 85.12421, 27.930152 ], [ 85.125052, 27.930529 ], [ 85.125712, 27.930436 ], [ 85.127307, 27.930514 ], [ 85.128044, 27.930214 ], [ 85.130315, 27.929714 ], [ 85.13106, 27.929668 ], [ 85.132165, 27.929753 ], [ 85.133202, 27.929283 ], [ 85.133833, 27.929177 ], [ 85.133973, 27.92896 ], [ 85.133646, 27.927762 ], [ 85.133754, 27.927569 ], [ 85.134122, 27.925854 ], [ 85.13497, 27.924995 ], [ 85.13518, 27.924636 ], [ 85.135122, 27.923655 ], [ 85.135373, 27.923154 ], [ 85.135411, 27.9228 ], [ 85.135285, 27.922542 ], [ 85.135334, 27.921989 ], [ 85.135588, 27.921741 ], [ 85.136042, 27.921063 ], [ 85.137152, 27.919038 ], [ 85.137661, 27.918989 ], [ 85.137947, 27.918775 ], [ 85.138064, 27.918814 ], [ 85.138286, 27.9187 ], [ 85.138304, 27.917598 ], [ 85.13842, 27.91718 ], [ 85.138758, 27.916877 ] ] } },
{ "type": "Feature", "properties": { "name": null, "waterway": "stream" }, "geometry": { "type": "LineString", "coordinates": [ [ 84.629977, 27.877872 ], [ 84.629832, 27.877744 ], [ 84.629923, 27.877597 ], [ 84.629875, 27.877367 ], [ 84.629627, 27.876822 ], [ 84.629455, 27.876632 ], [ 84.628525, 27.876302 ], [ 84.627433, 27.876265 ] ] } },
{ "type": "Feature", "properties": { "name": null, "waterway": "stream" }, "geometry": { "type": "LineString", "coordinates": [ [ 85.263203, 28.091747 ], [ 85.262945, 28.092126 ], [ 85.262867, 28.092388 ], [ 85.262747, 28.092462 ], [ 85.26183, 28.094544 ], [ 85.261719, 28.094587 ], [ 85.261537, 28.094984 ], [ 85.261298, 28.095233 ], [ 85.261111, 28.095746 ], [ 85.260842, 28.096096 ] ] } },
{ "type": "Feature", "properties": { "name": null, "waterway": "canal" }, "geometry": { "type": "LineString", "coordinates": [ [ 85.145545, 27.92228 ], [ 85.145534, 27.922262 ] ] } },
{ "type": "Feature", "properties": { "name": null, "waterway": "canal" }, "geometry": { "type": "LineString", "coordinates": [ [ 85.145513, 27.922308 ], [ 85.145566, 27.922275 ] ] } },
{ "type": "Feature", "properties": { "name": null, "waterway": "canal" }, "geometry": { "type": "LineString", "coordinates": [ [ 85.145513, 27.922308 ], [ 85.145478, 27.922245 ] ] } },
{ "type": "Feature", "properties": { "name": null, "waterway": "canal" }, "geometry": { "type": "LineString", "coordinates": [ [ 85.145497, 27.922263 ], [ 85.145506, 27.922252 ] ] } },
{ "type": "Feature", "properties": { "name": "Trishuli Hydro Power Canal", "waterway": "canal" }, "geometry": { "type": "LineString", "coordinates": [ [ 85.147785, 27.927386 ], [ 85.147925, 27.927059 ], [ 85.146748, 27.924313 ], [ 85.146071, 27.922843 ], [ 85.1459, 27.922685 ], [ 85.145642, 27.922597 ], [ 85.145513, 27.922308 ] ] } },
{ "type": "Feature", "properties": { "name": null, "waterway": "stream" }, "geometry": { "type": "LineString", "coordinates": [ [ 85.130916, 27.914037 ], [ 85.13137, 27.913937 ], [ 85.132044, 27.913977 ], [ 85.132261, 27.91385 ], [ 85.132516, 27.913837 ], [ 85.134365, 27.914072 ] ] } },
{ "type": "Feature", "properties": { "name": null, "waterway": "tidal_channel" }, "geometry": { "type": "LineString", "coordinates": [ [ 85.210916, 28.045347 ], [ 85.210551, 28.046114 ], [ 85.207719, 28.047781 ], [ 85.207161, 28.048472 ], [ 85.20685, 28.049211 ], [ 85.206946, 28.049741 ], [ 85.206753, 28.049845 ], [ 85.206356, 28.049694 ], [ 85.205573, 28.049599 ], [ 85.204843, 28.049968 ], [ 85.202939, 28.049965 ] ] } },
{ "type": "Feature", "properties": { "name": null, "waterway": "stream" }, "geometry": { "type": "LineString", "coordinates": [ [ 85.216053, 28.052499 ], [ 85.215165, 28.053118 ], [ 85.212845, 28.053605 ], [ 85.212153, 28.053479 ], [ 85.210821, 28.053436 ], [ 85.210582, 28.053563 ], [ 85.210408, 28.05379 ], [ 85.209209, 28.054012 ], [ 85.207997, 28.054573 ] ] } },
{ "type": "Feature", "properties": { "name": null, "waterway": "stream" }, "geometry": { "type": "LineString", "coordinates": [ [ 85.228793, 28.052696 ], [ 85.228137, 28.05268 ], [ 85.227685, 28.052765 ], [ 85.22739, 28.05301 ], [ 85.226902, 28.052813 ], [ 85.226529, 28.052824 ], [ 85.226288, 28.053015 ], [ 85.225143, 28.053031 ], [ 85.224788, 28.053393 ], [ 85.224457, 28.053988 ], [ 85.224131, 28.054222 ], [ 85.223065, 28.054652 ], [ 85.222951, 28.054817 ], [ 85.222632, 28.054764 ], [ 85.222294, 28.054886 ], [ 85.22059, 28.055035 ], [ 85.22018, 28.054876 ], [ 85.219668, 28.054801 ], [ 85.219349, 28.054658 ], [ 85.219246, 28.054381 ], [ 85.218897, 28.054286 ], [ 85.21759, 28.054977 ], [ 85.216819, 28.055014 ], [ 85.216367, 28.055211 ], [ 85.215958, 28.055641 ], [ 85.215078, 28.056194 ], [ 85.214614, 28.056242 ], [ 85.213747, 28.056678 ], [ 85.2127, 28.056647 ], [ 85.212341, 28.056443 ], [ 85.211399, 28.056155 ], [ 85.21121, 28.055821 ], [ 85.210159, 28.055398 ], [ 85.209925, 28.055121 ], [ 85.209713, 28.055107 ], [ 85.209398, 28.055284 ], [ 85.208568, 28.055458 ] ] } },
{ "type": "Feature", "properties": { "name": null, "waterway": "stream" }, "geometry": { "type": "LineString", "coordinates": [ [ 85.231877, 28.061389 ], [ 85.230931, 28.06104 ], [ 85.229494, 28.060917 ], [ 85.228502, 28.06101 ], [ 85.22675, 28.061009 ], [ 85.224262, 28.060775 ], [ 85.222802, 28.060802 ], [ 85.222416, 28.060715 ], [ 85.221789, 28.060968 ], [ 85.221141, 28.060941 ], [ 85.220669, 28.060791 ], [ 85.220147, 28.060955 ], [ 85.219746, 28.060955 ], [ 85.218681, 28.061467 ], [ 85.218344, 28.06148 ], [ 85.217992, 28.061235 ], [ 85.217511, 28.061243 ], [ 85.216952, 28.061004 ], [ 85.215807, 28.061015 ], [ 85.215424, 28.060478 ], [ 85.213167, 28.060203 ], [ 85.211877, 28.060219 ], [ 85.211253, 28.059971 ], [ 85.210571, 28.059843 ], [ 85.210012, 28.059952 ], [ 85.209524, 28.059854 ], [ 85.208913, 28.06029 ], [ 85.208456, 28.060113 ], [ 85.208076, 28.060085 ] ] } },
{ "type": "Feature", "properties": { "name": null, "waterway": "stream" }, "geometry": { "type": "LineString", "coordinates": [ [ 85.192922, 28.038033 ], [ 85.193019, 28.038049 ] ] } },
{ "type": "Feature", "properties": { "name": null, "waterway": "stream" }, "geometry": { "type": "LineString", "coordinates": [ [ 85.193019, 28.038049 ], [ 85.19353, 28.038045 ] ] } },
{ "type": "Feature", "properties": { "name": null, "waterway": "stream" }, "geometry": { "type": "LineString", "coordinates": [ [ 85.194705, 28.015414 ], [ 85.193417, 28.015508 ], [ 85.192602, 28.015698 ], [ 85.191475, 28.016295 ], [ 85.191121, 28.016323 ], [ 85.190478, 28.016617 ], [ 85.189147, 28.016645 ], [ 85.188214, 28.016981 ], [ 85.187699, 28.017081 ], [ 85.18729, 28.017051 ] ] } },
{ "type": "Feature", "properties": { "name": null, "waterway": "stream" }, "geometry": { "type": "LineString", "coordinates": [ [ 85.191068, 28.015603 ], [ 85.190574, 28.015726 ], [ 85.189823, 28.016133 ], [ 85.188586, 28.016304 ], [ 85.188369, 28.016401 ], [ 85.187307, 28.016477 ] ] } },
{ "type": "Feature", "properties": { "name": null, "waterway": "stream" }, "geometry": { "type": "LineString", "coordinates": [ [ 85.189112, 28.015899 ], [ 85.188585, 28.016081 ], [ 85.187287, 28.016246 ] ] } },
{ "type": "Feature", "properties": { "name": null, "waterway": "stream" }, "geometry": { "type": "LineString", "coordinates": [ [ 85.190304, 28.018377 ], [ 85.189353, 28.018327 ], [ 85.187843, 28.017455 ], [ 85.187337, 28.017808 ] ] } },
{ "type": "Feature", "properties": { "name": null, "waterway": "stream" }, "geometry": { "type": "LineString", "coordinates": [ [ 85.191337, 28.020235 ], [ 85.190686, 28.019977 ], [ 85.190459, 28.01969 ], [ 85.188288, 28.019087 ], [ 85.187476, 28.01899 ] ] } },
{ "type": "Feature", "properties": { "name": null, "waterway": "stream" }, "geometry": { "type": "LineString", "coordinates": [ [ 85.180957, 28.03343 ], [ 85.181191, 28.032399 ], [ 85.182119, 28.030922 ], [ 85.182268, 28.030253 ], [ 85.182412, 28.030089 ], [ 85.183367, 28.029632 ], [ 85.183964, 28.028823 ], [ 85.183958, 28.028592 ], [ 85.184315, 28.027985 ], [ 85.184502, 28.027232 ], [ 85.185072, 28.026202 ], [ 85.185264, 28.025924 ], [ 85.185435, 28.025825 ], [ 85.185171, 28.025045 ] ] } },
{ "type": "Feature", "properties": { "name": null, "waterway": "stream" }, "geometry": { "type": "LineString", "coordinates": [ [ 85.186393, 28.011257 ], [ 85.185216, 28.010765 ], [ 85.184047, 28.010911 ], [ 85.18369, 28.011087 ] ] } },
{ "type": "Feature", "properties": { "name": null, "waterway": "stream" }, "geometry": { "type": "LineString", "coordinates": [ [ 85.186903, 28.010032 ], [ 85.186724, 28.009931 ], [ 85.186511, 28.009926 ], [ 85.186243, 28.010075 ], [ 85.186126, 28.010339 ], [ 85.185378, 28.010481 ], [ 85.185122, 28.010434 ], [ 85.184822, 28.010793 ] ] } },
{ "type": "Feature", "properties": { "name": null, "waterway": "stream" }, "geometry": { "type": "LineString", "coordinates": [ [ 84.968284, 27.806814 ], [ 84.968448, 27.806682 ], [ 84.968917, 27.806585 ], [ 84.969308, 27.806848 ] ] } },
{ "type": "Feature", "properties": { "name": "Chilime Khola", "waterway": "river" }, "geometry": { "type": "LineString", "coordinates": [ [ 85.342719, 28.181215 ], [ 85.342756, 28.181158 ] ] } },
{ "type": "Feature", "properties": { "name": null, "waterway": "canal" }, "geometry": { "type": "LineString", "coordinates": [ [ 85.163655, 27.956156 ], [ 85.164114, 27.955172 ] ] } },
{ "type": "Feature", "properties": { "name": null, "waterway": "stream" }, "geometry": { "type": "LineString", "coordinates": [ [ 85.359529, 28.195025 ], [ 85.358201, 28.195077 ], [ 85.357595, 28.195229 ], [ 85.356734, 28.195588 ], [ 85.355374, 28.196451 ], [ 85.354379, 28.196642 ], [ 85.353834, 28.197062 ], [ 85.352737, 28.197505 ], [ 85.352659, 28.197648 ], [ 85.352461, 28.197742 ], [ 85.35218, 28.197833 ], [ 85.351592, 28.197611 ] ] } },
{ "type": "Feature", "properties": { "name": null, "waterway": "stream" }, "geometry": { "type": "LineString", "coordinates": [ [ 85.287423, 28.154195 ], [ 85.288003, 28.153533 ], [ 85.287981, 28.152729 ], [ 85.287831, 28.152265 ], [ 85.288421, 28.151934 ], [ 85.289314, 28.150672 ], [ 85.289427, 28.15043 ], [ 85.289427, 28.149773 ], [ 85.289974, 28.148983 ], [ 85.290779, 28.148789 ], [ 85.29146, 28.148179 ], [ 85.291889, 28.14816 ], [ 85.292586, 28.147947 ], [ 85.293514, 28.147886 ], [ 85.294003, 28.147748 ], [ 85.294823, 28.147365 ], [ 85.295762, 28.147342 ], [ 85.296025, 28.147044 ], [ 85.296239, 28.146457 ], [ 85.296583, 28.146334 ], [ 85.296991, 28.146424 ], [ 85.297291, 28.146344 ], [ 85.298192, 28.145923 ], [ 85.298664, 28.14545 ], [ 85.29949, 28.145341 ], [ 85.300494, 28.144887 ], [ 85.300842, 28.144584 ], [ 85.301518, 28.144295 ], [ 85.302693, 28.143406 ], [ 85.30295, 28.143345 ], [ 85.303203, 28.143454 ], [ 85.3039, 28.143004 ], [ 85.304045, 28.142853 ], [ 85.304227, 28.142399 ], [ 85.304436, 28.142214 ], [ 85.304769, 28.142091 ], [ 85.305407, 28.142025 ], [ 85.306083, 28.142375 ], [ 85.306673, 28.142105 ], [ 85.30681, 28.141602 ], [ 85.307237, 28.140871 ], [ 85.307623, 28.140732 ] ] } },
{ "type": "Feature", "properties": { "name": null, "waterway": "stream" }, "geometry": { "type": "LineString", "coordinates": [ [ 85.223147, 28.096387 ], [ 85.223602, 28.096113 ], [ 85.22401, 28.096075 ], [ 85.224237, 28.095898 ], [ 85.224409, 28.095449 ], [ 85.224895, 28.095105 ], [ 85.225319, 28.094206 ], [ 85.22563, 28.093969 ], [ 85.225786, 28.093283 ], [ 85.226172, 28.092857 ], [ 85.225997, 28.092321 ], [ 85.226167, 28.091726 ], [ 85.226387, 28.091314 ], [ 85.226961, 28.090808 ], [ 85.227701, 28.090354 ], [ 85.228057, 28.089973 ], [ 85.22847, 28.089685 ], [ 85.228983, 28.088935 ] ] } },
{ "type": "Feature", "properties": { "name": null, "waterway": "stream" }, "geometry": { "type": "LineString", "coordinates": [ [ 85.191634, 28.060235 ], [ 85.193097, 28.060473 ], [ 85.193831, 28.060768 ], [ 85.194704, 28.061506 ], [ 85.195359, 28.061862 ], [ 85.196181, 28.062096 ], [ 85.197091, 28.062231 ], [ 85.197547, 28.062411 ], [ 85.197923, 28.063043 ], [ 85.198401, 28.063211 ], [ 85.199075, 28.063243 ], [ 85.199711, 28.063088 ], [ 85.201053, 28.063534 ], [ 85.201902, 28.063599 ], [ 85.202154, 28.063509 ], [ 85.202635, 28.063129 ], [ 85.20307, 28.063181 ], [ 85.203417, 28.062931 ], [ 85.203742, 28.062816 ], [ 85.204089, 28.062853 ], [ 85.204394, 28.062733 ], [ 85.204734, 28.062915 ], [ 85.205164, 28.06277 ], [ 85.205516, 28.062542 ], [ 85.205778, 28.062627 ], [ 85.207013, 28.06254 ], [ 85.207507, 28.062632 ] ] } },
{ "type": "Feature", "properties": { "name": null, "waterway": "stream" }, "geometry": { "type": "LineString", "coordinates": [ [ 85.226601, 28.072425 ], [ 85.223597, 28.076486 ], [ 85.222235, 28.077627 ], [ 85.221689, 28.077857 ], [ 85.221248, 28.077878 ], [ 85.220952, 28.077854 ], [ 85.220743, 28.077547 ], [ 85.220454, 28.077741 ], [ 85.220035, 28.077703 ], [ 85.219767, 28.077944 ], [ 85.21935, 28.078113 ], [ 85.218851, 28.078085 ], [ 85.218439, 28.07861 ], [ 85.218187, 28.078661 ], [ 85.217895, 28.078858 ], [ 85.217834, 28.079203 ], [ 85.217887, 28.07946 ] ] } },
{ "type": "Feature", "properties": { "name": null, "waterway": "stream" }, "geometry": { "type": "LineString", "coordinates": [ [ 85.351162, 28.248918 ], [ 85.351548, 28.248721 ], [ 85.351752, 28.24846 ], [ 85.352077, 28.248327 ], [ 85.352532, 28.248313 ], [ 85.352638, 28.248134 ], [ 85.352951, 28.248033 ], [ 85.353288, 28.247801 ], [ 85.353288, 28.247686 ], [ 85.353581, 28.247597 ], [ 85.353862, 28.247303 ], [ 85.354101, 28.247196 ], [ 85.355159, 28.246322 ], [ 85.356646, 28.245749 ], [ 85.358138, 28.244896 ], [ 85.359258, 28.243885 ] ] } },
{ "type": "Feature", "properties": { "name": null, "waterway": "stream" }, "geometry": { "type": "LineString", "coordinates": [ [ 85.360114, 28.221598 ], [ 85.359938, 28.221774 ] ] } },
{ "type": "Feature", "properties": { "name": null, "waterway": "stream" }, "geometry": { "type": "LineString", "coordinates": [ [ 85.366849, 28.228889 ], [ 85.366532, 28.228719 ], [ 85.366345, 28.22839 ], [ 85.366268, 28.22799 ], [ 85.366302, 28.226823 ], [ 85.366184, 28.226181 ], [ 85.36606, 28.22576 ], [ 85.365668, 28.225363 ] ] } },
{ "type": "Feature", "properties": { "name": null, "waterway": "river" }, "geometry": { "type": "LineString", "coordinates": [ [ 84.820015, 27.721632 ], [ 84.819981, 27.721845 ], [ 84.819597, 27.722214 ], [ 84.818428, 27.722806 ], [ 84.818358, 27.723027 ], [ 84.81797, 27.723307 ], [ 84.817822, 27.723559 ], [ 84.817189, 27.724098 ], [ 84.817015, 27.724378 ], [ 84.81667, 27.724596 ], [ 84.81658, 27.724972 ], [ 84.816349, 27.725223 ], [ 84.816317, 27.725435 ], [ 84.816413, 27.725801 ], [ 84.815979, 27.726054 ], [ 84.815623, 27.726418 ], [ 84.815518, 27.726726 ], [ 84.815222, 27.726789 ], [ 84.814991, 27.7269 ], [ 84.814839, 27.727078 ], [ 84.813887, 27.727408 ], [ 84.813018, 27.727878 ], [ 84.811648, 27.728201 ], [ 84.810623, 27.728787 ], [ 84.810472, 27.728963 ], [ 84.80969, 27.728707 ], [ 84.809204, 27.728652 ], [ 84.808842, 27.728481 ], [ 84.808284, 27.728645 ], [ 84.808174, 27.729063 ], [ 84.806372, 27.729977 ], [ 84.805672, 27.730732 ], [ 84.804866, 27.730984 ], [ 84.804368, 27.731515 ], [ 84.804304, 27.731814 ], [ 84.804416, 27.732663 ], [ 84.804443, 27.7328 ], [ 84.80514, 27.733616 ], [ 84.805634, 27.733901 ], [ 84.80573, 27.734291 ], [ 84.805462, 27.734917 ], [ 84.805334, 27.736398 ], [ 84.805661, 27.736823 ], [ 84.806339, 27.737099 ], [ 84.808446, 27.737545 ], [ 84.808667, 27.737702 ], [ 84.808718, 27.737906 ], [ 84.808603, 27.738716 ], [ 84.808426, 27.739155 ], [ 84.808091, 27.739532 ], [ 84.80822, 27.740016 ], [ 84.808617, 27.740843 ], [ 84.808558, 27.741904 ], [ 84.808689, 27.743378 ], [ 84.808834, 27.743585 ], [ 84.809051, 27.743751 ], [ 84.809333, 27.743834 ], [ 84.810478, 27.744057 ], [ 84.810864, 27.744595 ], [ 84.811079, 27.74512 ], [ 84.811414, 27.745443 ], [ 84.811943, 27.746207 ], [ 84.812358, 27.746203 ], [ 84.812602, 27.74597 ], [ 84.812817, 27.74592 ], [ 84.814005, 27.745849 ], [ 84.814477, 27.746018 ], [ 84.815105, 27.746397 ], [ 84.815014, 27.746852 ], [ 84.814709, 27.747177 ], [ 84.814559, 27.747518 ], [ 84.814594, 27.747987 ], [ 84.814429, 27.748612 ], [ 84.815279, 27.749209 ], [ 84.81556, 27.749611 ], [ 84.815534, 27.750027 ], [ 84.815215, 27.750505 ], [ 84.815037, 27.750933 ], [ 84.814998, 27.751299 ], [ 84.81483, 27.751378 ], [ 84.814722, 27.751649 ], [ 84.81481, 27.75195 ], [ 84.815432, 27.752425 ], [ 84.816862, 27.752739 ], [ 84.818738, 27.752659 ], [ 84.819888, 27.753025 ], [ 84.820481, 27.753056 ], [ 84.821109, 27.753561 ], [ 84.82124, 27.75398 ], [ 84.821173, 27.754959 ], [ 84.821543, 27.75548 ], [ 84.822108, 27.755784 ], [ 84.822542, 27.756194 ], [ 84.822869, 27.756643 ], [ 84.822703, 27.75723 ], [ 84.822209, 27.757587 ], [ 84.821926, 27.758007 ], [ 84.82149, 27.758354 ], [ 84.821583, 27.75898 ], [ 84.822068, 27.759578 ], [ 84.821896, 27.760266 ], [ 84.822269, 27.760882 ], [ 84.822488, 27.761509 ], [ 84.822545, 27.763367 ], [ 84.822402, 27.763859 ], [ 84.822585, 27.764648 ], [ 84.823114, 27.765829 ], [ 84.822952, 27.767075 ], [ 84.822757, 27.767526 ], [ 84.822223, 27.768206 ], [ 84.822056, 27.76825 ], [ 84.822172, 27.76865 ], [ 84.822371, 27.768905 ], [ 84.823347, 27.769561 ], [ 84.823522, 27.770515 ], [ 84.82376, 27.771103 ], [ 84.824056, 27.771406 ], [ 84.824731, 27.771849 ], [ 84.825451, 27.77264 ], [ 84.826181, 27.77432 ], [ 84.826486, 27.775344 ], [ 84.827097, 27.775987 ], [ 84.827801, 27.776457 ], [ 84.828267, 27.777006 ], [ 84.829112, 27.777472 ], [ 84.829712, 27.778114 ], [ 84.830482, 27.77846 ], [ 84.830637, 27.778814 ], [ 84.830906, 27.779158 ], [ 84.830778, 27.779479 ], [ 84.830782, 27.779785 ], [ 84.830063, 27.781115 ], [ 84.830042, 27.781868 ], [ 84.829744, 27.782653 ], [ 84.829393, 27.783256 ], [ 84.829275, 27.784117 ], [ 84.828994, 27.7851 ], [ 84.828564, 27.786027 ], [ 84.828289, 27.787097 ], [ 84.828286, 27.787744 ], [ 84.828482, 27.789051 ], [ 84.828433, 27.790025 ], [ 84.828779, 27.790614 ], [ 84.829006, 27.791459 ], [ 84.829766, 27.792303 ], [ 84.830219, 27.792704 ], [ 84.831418, 27.793038 ], [ 84.83251, 27.793702 ], [ 84.832608, 27.793919 ], [ 84.832531, 27.794799 ], [ 84.832771, 27.795548 ], [ 84.833321, 27.796277 ], [ 84.8337, 27.797032 ], [ 84.834047, 27.797347 ], [ 84.834468, 27.797433 ], [ 84.83501, 27.797111 ], [ 84.835548, 27.797388 ], [ 84.835488, 27.797934 ], [ 84.835893, 27.798163 ], [ 84.836411, 27.798879 ], [ 84.836694, 27.798803 ], [ 84.837383, 27.799325 ], [ 84.837519, 27.799643 ], [ 84.83732, 27.799999 ], [ 84.836478, 27.800345 ], [ 84.835808, 27.80106 ], [ 84.835588, 27.802043 ], [ 84.835283, 27.802493 ], [ 84.834722, 27.802891 ], [ 84.832942, 27.803328 ], [ 84.832048, 27.80379 ], [ 84.831845, 27.804203 ], [ 84.831779, 27.804661 ], [ 84.832875, 27.805562 ], [ 84.833086, 27.806226 ], [ 84.833567, 27.806807 ], [ 84.834903, 27.806965 ], [ 84.835431, 27.807133 ], [ 84.836184, 27.808011 ], [ 84.836417, 27.808577 ] ] } },
{ "type": "Feature", "properties": { "name": "Koshi Khola", "waterway": "river" }, "geometry": { "type": "LineString", "coordinates": [ [ 85.005909, 27.841781 ], [ 85.007092, 27.840628 ], [ 85.007648, 27.839159 ], [ 85.008466, 27.838966 ], [ 85.010584, 27.838236 ], [ 85.012364, 27.837242 ], [ 85.012689, 27.836695 ], [ 85.012239, 27.835634 ], [ 85.01243, 27.834373 ], [ 85.01286, 27.833395 ], [ 85.013958, 27.832547 ], [ 85.014584, 27.832231 ], [ 85.015381, 27.832531 ], [ 85.017413, 27.834062 ], [ 85.019092, 27.834008 ], [ 85.020555, 27.83429 ], [ 85.022388, 27.833661 ], [ 85.022895, 27.832966 ] ] } },
{ "type": "Feature", "properties": { "name": null, "waterway": "stream" }, "geometry": { "type": "LineString", "coordinates": [ [ 85.36333, 28.271012 ], [ 85.363566, 28.27087 ], [ 85.365411, 28.27052 ], [ 85.365947, 28.270095 ], [ 85.366967, 28.269799 ], [ 85.368341, 28.2691 ], [ 85.369585, 28.268942 ], [ 85.369853, 28.268829 ], [ 85.370325, 28.268854 ], [ 85.370701, 28.268712 ], [ 85.371569, 28.268706 ], [ 85.371805, 28.268565 ], [ 85.372964, 28.268319 ], [ 85.374595, 28.268278 ], [ 85.375196, 28.268102 ], [ 85.37554, 28.268164 ], [ 85.376159, 28.268068 ] ] } },
{ "type": "Feature", "properties": { "name": null, "waterway": null }, "geometry": { "type": "Polygon", "coordinates": [ [ [ 85.193247, 28.03615 ], [ 85.193485, 28.034898 ], [ 85.193476, 28.033842 ], [ 85.19333, 28.032984 ], [ 85.193481, 28.032594 ], [ 85.193516, 28.032125 ], [ 85.19344, 28.031707 ], [ 85.194868, 28.03163 ], [ 85.195076, 28.032522 ], [ 85.195147, 28.033679 ], [ 85.194866, 28.035598 ], [ 85.194758, 28.035868 ], [ 85.194206, 28.036557 ], [ 85.193739, 28.037489 ], [ 85.193622, 28.038014 ], [ 85.193723, 28.038735 ], [ 85.193983, 28.03954 ], [ 85.194577, 28.040464 ], [ 85.195264, 28.041168 ], [ 85.196248, 28.04179 ], [ 85.200852, 28.045099 ], [ 85.20031, 28.045818 ], [ 85.199588, 28.045354 ], [ 85.198325, 28.043878 ], [ 85.197357, 28.043414 ], [ 85.197021, 28.042946 ], [ 85.19646, 28.042484 ], [ 85.195917, 28.04217 ], [ 85.195395, 28.041714 ], [ 85.194729, 28.041428 ], [ 85.193507, 28.039914 ], [ 85.19346, 28.038735 ], [ 85.193311, 28.03823 ], [ 85.193247, 28.03615 ] ], [ [ 85.193422, 28.036044 ], [ 85.193382, 28.036882 ], [ 85.193489, 28.036882 ], [ 85.193763, 28.036427 ], [ 85.193707, 28.036112 ], [ 85.193522, 28.035821 ], [ 85.193422, 28.036044 ] ], [ [ 85.19359, 28.035719 ], [ 85.19377, 28.035983 ], [ 85.193931, 28.035944 ], [ 85.194033, 28.035802 ], [ 85.194015, 28.035625 ], [ 85.193836, 28.035345 ], [ 85.193822, 28.034969 ], [ 85.19374, 28.034895 ], [ 85.193649, 28.034969 ], [ 85.19359, 28.035719 ] ], [ [ 85.19372, 28.034266 ], [ 85.193776, 28.034642 ], [ 85.194321, 28.035383 ], [ 85.194361, 28.035621 ], [ 85.19449, 28.035666 ], [ 85.194726, 28.035337 ], [ 85.194688, 28.034802 ], [ 85.194607, 28.034642 ], [ 85.194655, 28.034442 ], [ 85.194473, 28.033881 ], [ 85.194471, 28.033077 ], [ 85.194195, 28.033063 ], [ 85.193959, 28.033323 ], [ 85.193795, 28.033735 ], [ 85.19372, 28.034266 ] ] ] } },
{ "type": "Feature", "properties": { "name": null, "waterway": null }, "geometry": { "type": "Polygon", "coordinates": [ [ [ 85.132305, 27.889649 ], [ 85.132394, 27.889493 ], [ 85.133036, 27.889177 ], [ 85.133405, 27.889277 ], [ 85.133543, 27.88939 ], [ 85.133549, 27.88956 ], [ 85.133018, 27.890245 ], [ 85.132638, 27.890286 ], [ 85.132574, 27.890026 ], [ 85.132305, 27.889649 ] ] ] } },
{ "type": "Feature", "properties": { "name": null, "waterway": null }, "geometry": { "type": "Polygon", "coordinates": [ [ [ 85.357751, 28.237813 ], [ 85.357767, 28.237222 ], [ 85.357914, 28.236974 ], [ 85.35864, 28.236542 ], [ 85.358726, 28.23541 ], [ 85.358905, 28.234838 ], [ 85.359108, 28.234533 ], [ 85.359201, 28.234546 ], [ 85.359453, 28.234379 ], [ 85.359665, 28.233877 ], [ 85.359717, 28.233515 ], [ 85.36006, 28.233088 ], [ 85.360238, 28.231976 ], [ 85.360159, 28.231834 ], [ 85.360259, 28.230964 ], [ 85.36042, 28.230719 ], [ 85.360386, 28.230592 ], [ 85.360546, 28.230172 ], [ 85.360739, 28.230088 ], [ 85.360827, 28.229957 ], [ 85.360836, 28.229286 ], [ 85.361002, 28.228814 ], [ 85.36091, 28.228139 ], [ 85.360977, 28.226942 ], [ 85.361285, 28.226944 ], [ 85.361282, 28.228308 ], [ 85.361432, 28.22889 ], [ 85.361368, 28.229081 ], [ 85.361206, 28.229238 ], [ 85.360955, 28.230015 ], [ 85.361011, 28.230227 ], [ 85.360576, 28.230981 ], [ 85.360551, 28.232073 ], [ 85.360327, 28.233194 ], [ 85.360216, 28.233238 ], [ 85.360108, 28.233435 ], [ 85.36001, 28.233677 ], [ 85.360056, 28.233749 ], [ 85.359907, 28.233905 ], [ 85.359703, 28.234403 ], [ 85.359404, 28.234662 ], [ 85.359088, 28.235133 ], [ 85.359117, 28.235646 ], [ 85.359012, 28.235982 ], [ 85.358971, 28.236617 ], [ 85.358242, 28.237134 ], [ 85.358084, 28.237503 ], [ 85.358099, 28.237759 ], [ 85.358422, 28.23862 ], [ 85.358518, 28.239599 ], [ 85.358368, 28.240987 ], [ 85.358255, 28.241339 ], [ 85.357913, 28.241358 ], [ 85.358216, 28.239855 ], [ 85.358075, 28.239566 ], [ 85.358045, 28.23921 ], [ 85.358116, 28.238547 ], [ 85.357751, 28.237813 ] ] ] } },
{ "type": "Feature", "properties": { "name": null, "waterway": null }, "geometry": { "type": "Polygon", "coordinates": [ [ [ 85.056598, 27.858103 ], [ 85.057314, 27.855884 ], [ 85.057917, 27.856612 ], [ 85.057756, 27.85734 ], [ 85.058129, 27.858326 ], [ 85.05837, 27.858653 ], [ 85.058928, 27.859249 ], [ 85.059586, 27.859735 ], [ 85.060111, 27.859891 ], [ 85.060599, 27.859905 ], [ 85.060892, 27.859566 ], [ 85.061723, 27.85899 ], [ 85.062557, 27.857854 ], [ 85.063024, 27.857527 ], [ 85.066452, 27.855943 ], [ 85.067994, 27.855388 ], [ 85.068217, 27.85499 ], [ 85.069899, 27.853714 ], [ 85.07091, 27.853417 ], [ 85.072345, 27.852848 ], [ 85.073391, 27.852708 ], [ 85.074121, 27.852933 ], [ 85.07489, 27.853292 ], [ 85.076033, 27.853966 ], [ 85.076208, 27.853819 ], [ 85.076842, 27.854366 ], [ 85.077793, 27.854971 ], [ 85.078163, 27.85536 ], [ 85.078615, 27.855641 ], [ 85.079162, 27.855661 ], [ 85.079383, 27.855816 ], [ 85.080226, 27.855759 ], [ 85.080719, 27.8559 ], [ 85.081592, 27.855883 ], [ 85.082463, 27.856019 ], [ 85.084353, 27.855467 ], [ 85.084644, 27.855242 ], [ 85.084947, 27.855452 ], [ 85.085529, 27.855629 ], [ 85.085957, 27.855872 ], [ 85.08707, 27.856127 ], [ 85.088703, 27.856708 ], [ 85.087975, 27.857383 ], [ 85.087786, 27.857126 ], [ 85.087547, 27.857086 ], [ 85.08709, 27.856843 ], [ 85.085923, 27.856637 ], [ 85.083737, 27.856729 ], [ 85.083518, 27.856686 ], [ 85.083153, 27.856455 ], [ 85.082146, 27.856385 ], [ 85.081761, 27.856439 ], [ 85.080973, 27.856333 ], [ 85.07959, 27.856434 ], [ 85.07933, 27.856286 ], [ 85.078948, 27.856318 ], [ 85.078458, 27.856091 ], [ 85.077535, 27.855412 ], [ 85.075842, 27.85453 ], [ 85.075605, 27.854348 ], [ 85.075484, 27.854068 ], [ 85.074742, 27.853669 ], [ 85.074334, 27.853518 ], [ 85.073061, 27.853273 ], [ 85.07246, 27.853256 ], [ 85.071213, 27.85374 ], [ 85.069196, 27.854911 ], [ 85.068311, 27.855848 ], [ 85.06734, 27.856434 ], [ 85.067246, 27.856462 ], [ 85.066948, 27.856317 ], [ 85.066833, 27.856351 ], [ 85.063518, 27.857788 ], [ 85.062783, 27.858461 ], [ 85.062241, 27.859445 ], [ 85.061874, 27.859884 ], [ 85.061411, 27.860315 ], [ 85.061219, 27.860399 ], [ 85.060232, 27.860308 ], [ 85.059736, 27.860354 ], [ 85.05902, 27.860036 ], [ 85.058242, 27.859538 ], [ 85.057341, 27.858826 ], [ 85.056598, 27.858103 ] ], [ [ 85.060873, 27.860146 ], [ 85.061057, 27.860216 ], [ 85.061257, 27.860151 ], [ 85.061564, 27.859904 ], [ 85.061603, 27.859666 ], [ 85.060873, 27.860146 ] ] ] } },
{ "type": "Feature", "properties": { "name": null, "waterway": null }, "geometry": { "type": "Polygon", "coordinates": [ [ [ 85.374831, 28.266292 ], [ 85.374922, 28.266084 ], [ 85.375147, 28.26615 ], [ 85.375838, 28.266681 ], [ 85.376022, 28.267506 ], [ 85.376242, 28.267813 ], [ 85.376376, 28.268224 ], [ 85.376467, 28.268763 ], [ 85.376891, 28.269127 ], [ 85.377272, 28.269306 ], [ 85.377484, 28.2697 ], [ 85.377465, 28.269892 ], [ 85.377889, 28.270459 ], [ 85.37769, 28.271059 ], [ 85.377753, 28.271307 ], [ 85.377669, 28.272382 ], [ 85.37783, 28.272968 ], [ 85.37809, 28.27309 ], [ 85.378181, 28.273258 ], [ 85.377902, 28.274588 ], [ 85.377972, 28.274912 ], [ 85.377897, 28.275238 ], [ 85.377678, 28.275445 ], [ 85.377015, 28.277351 ], [ 85.377029, 28.277473 ], [ 85.376859, 28.277802 ], [ 85.377343, 28.278149 ], [ 85.377407, 28.278569 ], [ 85.377151, 28.279328 ], [ 85.376812, 28.279809 ], [ 85.376885, 28.280322 ], [ 85.376235, 28.28201 ], [ 85.375923, 28.282498 ], [ 85.375351, 28.283073 ], [ 85.37501, 28.282896 ], [ 85.375534, 28.282497 ], [ 85.375758, 28.282225 ], [ 85.375961, 28.281795 ], [ 85.376094, 28.281184 ], [ 85.376509, 28.280728 ], [ 85.376587, 28.279813 ], [ 85.376727, 28.279545 ], [ 85.376827, 28.279514 ], [ 85.377047, 28.27896 ], [ 85.377073, 28.278785 ], [ 85.37695, 28.278406 ], [ 85.376789, 28.278276 ], [ 85.376577, 28.277704 ], [ 85.3768, 28.277084 ], [ 85.376724, 28.276369 ], [ 85.377072, 28.275352 ], [ 85.376995, 28.275351 ], [ 85.376936, 28.275004 ], [ 85.377001, 28.274891 ], [ 85.376971, 28.274605 ], [ 85.377084, 28.274333 ], [ 85.377291, 28.274338 ], [ 85.377467, 28.273485 ], [ 85.377438, 28.271801 ], [ 85.377497, 28.271314 ], [ 85.377336, 28.269987 ], [ 85.376971, 28.269533 ], [ 85.37666, 28.269443 ], [ 85.37622, 28.269075 ], [ 85.376092, 28.26813 ], [ 85.375797, 28.267502 ], [ 85.375605, 28.267459 ], [ 85.375618, 28.267237 ], [ 85.375732, 28.267079 ], [ 85.375229, 28.266459 ], [ 85.374831, 28.266292 ] ] ] } },
{ "type": "Feature", "properties": { "name": null, "waterway": null }, "geometry": { "type": "Polygon", "coordinates": [ [ [ 84.572764, 27.861258 ], [ 84.572777, 27.860717 ], [ 84.573579, 27.861288 ], [ 84.574028, 27.861855 ], [ 84.574378, 27.862149 ], [ 84.576111, 27.863423 ], [ 84.576659, 27.863695 ], [ 84.577146, 27.864143 ], [ 84.577507, 27.864603 ], [ 84.577841, 27.865522 ], [ 84.577718, 27.866009 ], [ 84.577809, 27.866471 ], [ 84.577429, 27.867598 ], [ 84.577197, 27.867931 ], [ 84.576931, 27.868685 ], [ 84.576982, 27.869504 ], [ 84.576894, 27.869837 ], [ 84.577129, 27.87066 ], [ 84.577709, 27.871725 ], [ 84.578615, 27.872285 ], [ 84.578811, 27.872333 ], [ 84.579556, 27.87317 ], [ 84.580742, 27.874222 ], [ 84.582728, 27.875169 ], [ 84.583658, 27.875515 ], [ 84.58385, 27.875666 ], [ 84.583719, 27.876221 ], [ 84.583345, 27.875959 ], [ 84.581033, 27.874844 ], [ 84.580633, 27.87469 ], [ 84.580408, 27.874691 ], [ 84.579781, 27.873958 ], [ 84.579102, 27.873418 ], [ 84.579021, 27.873248 ], [ 84.578817, 27.873152 ], [ 84.57833, 27.872553 ], [ 84.578129, 27.872584 ], [ 84.577742, 27.872179 ], [ 84.577381, 27.872121 ], [ 84.577213, 27.871944 ], [ 84.577017, 27.871498 ], [ 84.577015, 27.870958 ], [ 84.576895, 27.870782 ], [ 84.576651, 27.870686 ], [ 84.576607, 27.870291 ], [ 84.576333, 27.870032 ], [ 84.576343, 27.869961 ], [ 84.57652, 27.869886 ], [ 84.576362, 27.869561 ], [ 84.576457, 27.869543 ], [ 84.57649, 27.869389 ], [ 84.576302, 27.869147 ], [ 84.576345, 27.868518 ], [ 84.576894, 27.867895 ], [ 84.577233, 27.867004 ], [ 84.577416, 27.865896 ], [ 84.577239, 27.865025 ], [ 84.576818, 27.864346 ], [ 84.575266, 27.863373 ], [ 84.572764, 27.861258 ] ] ] } },
{ "type": "Feature", "properties": { "name": "Trishuli Ganga River", "waterway": null }, "geometry": { "type": "Polygon", "coordinates": [ [ [ 85.183256, 28.00843 ], [ 85.183271, 28.008076 ], [ 85.183397, 28.007749 ], [ 85.183528, 28.006249 ], [ 85.183734, 28.005549 ], [ 85.184033, 28.005055 ], [ 85.184113, 28.004521 ], [ 85.183958, 28.003771 ], [ 85.183909, 28.002948 ], [ 85.183571, 28.00179 ], [ 85.183782, 28.001048 ], [ 85.184154, 28.00086 ], [ 85.184643, 28.000162 ], [ 85.184663, 27.999196 ], [ 85.185773, 27.997341 ], [ 85.185943, 27.996883 ], [ 85.185856, 27.99671 ], [ 85.185003, 27.995883 ], [ 85.184744, 27.995459 ], [ 85.18355, 27.994398 ], [ 85.184028, 27.994368 ], [ 85.184661, 27.994879 ], [ 85.185429, 27.99586 ], [ 85.186182, 27.996402 ], [ 85.186289, 27.996697 ], [ 85.18616, 27.997435 ], [ 85.185618, 27.998384 ], [ 85.18494, 27.99932 ], [ 85.184915, 27.999594 ], [ 85.185014, 27.999623 ], [ 85.185139, 27.999543 ], [ 85.185185, 27.999614 ], [ 85.18495, 28.000234 ], [ 85.18397, 28.001766 ], [ 85.18397, 28.002037 ], [ 85.184213, 28.002606 ], [ 85.18423, 28.003625 ], [ 85.184443, 28.004414 ], [ 85.184457, 28.004912 ], [ 85.183768, 28.007051 ], [ 85.183691, 28.007747 ], [ 85.183767, 28.008127 ], [ 85.183733, 28.008973 ], [ 85.183867, 28.009614 ], [ 85.183886, 28.011247 ], [ 85.184505, 28.012757 ], [ 85.185009, 28.013436 ], [ 85.185363, 28.014211 ], [ 85.186359, 28.014972 ], [ 85.186866, 28.0156 ], [ 85.187235, 28.015789 ], [ 85.187393, 28.016 ], [ 85.187377, 28.017015 ], [ 85.187595, 28.017372 ], [ 85.187561, 28.017596 ], [ 85.187685, 28.017994 ], [ 85.187641, 28.018491 ], [ 85.187746, 28.01925 ], [ 85.187668, 28.019465 ], [ 85.18722, 28.020017 ], [ 85.187052, 28.020503 ], [ 85.186411, 28.021165 ], [ 85.186213, 28.021569 ], [ 85.18633, 28.022916 ], [ 85.186953, 28.024239 ], [ 85.187685, 28.024727 ], [ 85.188213, 28.025218 ], [ 85.189838, 28.025724 ], [ 85.191572, 28.025959 ], [ 85.191955, 28.02614 ], [ 85.192451, 28.026522 ], [ 85.192885, 28.027122 ], [ 85.193033, 28.027799 ], [ 85.193206, 28.028177 ], [ 85.193169, 28.028809 ], [ 85.192948, 28.029481 ], [ 85.193524, 28.03096 ], [ 85.193728, 28.031292 ], [ 85.194007, 28.031549 ], [ 85.194183, 28.031595 ], [ 85.194674, 28.03147 ], [ 85.194868, 28.03163 ], [ 85.19344, 28.031707 ], [ 85.192873, 28.030182 ], [ 85.192419, 28.029486 ], [ 85.192064, 28.029214 ], [ 85.191844, 28.028895 ], [ 85.191751, 28.028395 ], [ 85.191556, 28.028128 ], [ 85.191056, 28.027776 ], [ 85.190332, 28.027078 ], [ 85.18933, 28.026656 ], [ 85.18867, 28.026081 ], [ 85.188316, 28.025896 ], [ 85.188138, 28.025587 ], [ 85.187399, 28.025106 ], [ 85.186689, 28.024502 ], [ 85.18642, 28.024136 ], [ 85.185963, 28.022934 ], [ 85.185774, 28.022023 ], [ 85.186026, 28.020509 ], [ 85.186978, 28.019747 ], [ 85.187301, 28.019286 ], [ 85.187043, 28.017981 ], [ 85.187141, 28.017741 ], [ 85.187083, 28.016417 ], [ 85.186786, 28.015966 ], [ 85.185273, 28.015105 ], [ 85.185165, 28.014855 ], [ 85.185214, 28.014495 ], [ 85.185094, 28.014236 ], [ 85.184004, 28.012819 ], [ 85.183615, 28.012618 ], [ 85.183844, 28.012489 ], [ 85.183439, 28.011214 ], [ 85.183392, 28.010793 ], [ 85.183514, 28.01016 ], [ 85.183503, 28.009726 ], [ 85.183256, 28.00843 ] ], [ [ 85.185423, 28.014444 ], [ 85.185659, 28.014991 ], [ 85.186044, 28.015271 ], [ 85.186286, 28.015275 ], [ 85.18625, 28.01508 ], [ 85.185994, 28.014918 ], [ 85.185475, 28.014367 ], [ 85.185423, 28.014444 ] ], [ [ 85.18633, 28.020809 ], [ 85.186435, 28.02082 ], [ 85.186691, 28.020593 ], [ 85.186825, 28.020251 ], [ 85.186505, 28.020448 ], [ 85.18633, 28.020809 ] ], [ [ 85.18875, 28.025748 ], [ 85.189397, 28.026511 ], [ 85.189928, 28.026748 ], [ 85.190303, 28.026746 ], [ 85.190146, 28.026468 ], [ 85.190079, 28.026098 ], [ 85.18991, 28.02593 ], [ 85.189231, 28.025892 ], [ 85.18875, 28.025748 ] ], [ [ 85.190412, 28.026066 ], [ 85.190865, 28.027063 ], [ 85.191943, 28.028191 ], [ 85.192448, 28.028591 ], [ 85.192635, 28.029079 ], [ 85.192798, 28.029145 ], [ 85.192952, 28.02878 ], [ 85.192931, 28.027996 ], [ 85.192348, 28.02685 ], [ 85.191119, 28.026159 ], [ 85.190412, 28.026066 ] ] ] } },
{ "type": "Feature", "properties": { "name": null, "waterway": null }, "geometry": { "type": "Polygon", "coordinates": [ [ [ 85.357895, 28.242311 ], [ 85.357913, 28.241358 ], [ 85.358255, 28.241339 ], [ 85.35838, 28.242564 ], [ 85.358583, 28.24294 ], [ 85.35892, 28.243211 ], [ 85.35919, 28.243592 ], [ 85.359914, 28.244272 ], [ 85.361337, 28.244924 ], [ 85.36349, 28.246573 ], [ 85.363989, 28.247783 ], [ 85.364046, 28.248008 ], [ 85.363993, 28.248187 ], [ 85.364192, 28.248566 ], [ 85.365077, 28.249439 ], [ 85.365201, 28.249701 ], [ 85.364816, 28.251089 ], [ 85.365034, 28.25157 ], [ 85.365268, 28.252454 ], [ 85.365231, 28.253212 ], [ 85.365311, 28.25398 ], [ 85.365207, 28.254495 ], [ 85.365587, 28.255717 ], [ 85.365251, 28.255766 ], [ 85.364817, 28.254054 ], [ 85.364802, 28.253387 ], [ 85.364934, 28.253122 ], [ 85.364925, 28.252679 ], [ 85.364685, 28.25203 ], [ 85.36443, 28.251755 ], [ 85.364459, 28.25119 ], [ 85.364756, 28.250124 ], [ 85.364688, 28.24942 ], [ 85.364154, 28.248954 ], [ 85.363739, 28.248379 ], [ 85.363655, 28.248212 ], [ 85.363698, 28.248069 ], [ 85.363633, 28.247758 ], [ 85.363376, 28.247436 ], [ 85.363155, 28.246727 ], [ 85.362979, 28.246473 ], [ 85.362405, 28.246005 ], [ 85.361039, 28.245258 ], [ 85.359603, 28.244597 ], [ 85.35837, 28.243422 ], [ 85.357956, 28.242723 ], [ 85.358015, 28.242478 ], [ 85.357895, 28.242311 ] ] ] } },
{ "type": "Feature", "properties": { "name": null, "waterway": null }, "geometry": { "type": "Polygon", "coordinates": [ [ [ 85.016849, 27.825429 ], [ 85.01709, 27.824936 ], [ 85.017138, 27.824446 ], [ 85.017083, 27.822923 ], [ 85.016869, 27.821766 ], [ 85.017687, 27.821556 ], [ 85.017967, 27.82443 ], [ 85.018139, 27.824863 ], [ 85.018744, 27.825673 ], [ 85.01917, 27.826653 ], [ 85.019198, 27.826892 ], [ 85.019088, 27.827449 ], [ 85.019181, 27.827804 ], [ 85.020163, 27.829316 ], [ 85.020964, 27.830212 ], [ 85.021755, 27.831374 ], [ 85.022411, 27.831698 ], [ 85.023374, 27.833408 ], [ 85.023546, 27.834953 ], [ 85.023877, 27.835807 ], [ 85.023814, 27.836155 ], [ 85.023584, 27.836607 ], [ 85.022354, 27.838249 ], [ 85.021104, 27.839264 ], [ 85.020477, 27.840014 ], [ 85.02007, 27.84065 ], [ 85.019895, 27.841083 ], [ 85.019887, 27.841388 ], [ 85.020468, 27.84233 ], [ 85.022198, 27.844483 ], [ 85.022555, 27.84479 ], [ 85.025417, 27.846099 ], [ 85.027325, 27.847196 ], [ 85.027982, 27.847714 ], [ 85.029691, 27.848517 ], [ 85.02974, 27.848731 ], [ 85.029429, 27.849642 ], [ 85.029409, 27.850029 ], [ 85.029565, 27.851244 ], [ 85.029954, 27.851902 ], [ 85.031045, 27.853297 ], [ 85.0318, 27.853118 ], [ 85.032973, 27.853271 ], [ 85.034417, 27.853341 ], [ 85.035397, 27.853543 ], [ 85.036615, 27.853471 ], [ 85.038397, 27.854375 ], [ 85.040897, 27.855933 ], [ 85.041542, 27.856259 ], [ 85.041037, 27.856574 ], [ 85.03957, 27.855842 ], [ 85.03746, 27.854468 ], [ 85.036444, 27.854081 ], [ 85.035662, 27.854015 ], [ 85.033813, 27.85404 ], [ 85.032824, 27.854413 ], [ 85.032522, 27.854782 ], [ 85.032276, 27.854912 ], [ 85.031912, 27.854957 ], [ 85.031361, 27.854765 ], [ 85.030829, 27.85434 ], [ 85.030891, 27.853886 ], [ 85.030702, 27.853411 ], [ 85.029874, 27.852691 ], [ 85.029238, 27.851757 ], [ 85.029165, 27.85102 ], [ 85.028981, 27.8506 ], [ 85.028552, 27.848806 ], [ 85.028314, 27.84824 ], [ 85.025084, 27.846395 ], [ 85.024205, 27.846015 ], [ 85.02184, 27.845273 ], [ 85.02169, 27.845018 ], [ 85.021687, 27.844686 ], [ 85.021572, 27.844373 ], [ 85.02095, 27.843659 ], [ 85.020763, 27.843539 ], [ 85.020311, 27.843431 ], [ 85.019449, 27.843439 ], [ 85.018932, 27.843316 ], [ 85.018782, 27.842882 ], [ 85.018765, 27.842427 ], [ 85.019202, 27.841533 ], [ 85.019345, 27.84064 ], [ 85.020246, 27.839066 ], [ 85.020908, 27.838166 ], [ 85.021365, 27.837359 ], [ 85.021789, 27.836 ], [ 85.022123, 27.835527 ], [ 85.022397, 27.83483 ], [ 85.022472, 27.83416 ], [ 85.022388, 27.833661 ], [ 85.021843, 27.832483 ], [ 85.02149, 27.831904 ], [ 85.020407, 27.830684 ], [ 85.019387, 27.829989 ], [ 85.018534, 27.828872 ], [ 85.017988, 27.82839 ], [ 85.017296, 27.82754 ], [ 85.017155, 27.826591 ], [ 85.016849, 27.825429 ] ], [ [ 85.017343, 27.825532 ], [ 85.017549, 27.826523 ], [ 85.018701, 27.827032 ], [ 85.019031, 27.827029 ], [ 85.019108, 27.826773 ], [ 85.018966, 27.826481 ], [ 85.018186, 27.825639 ], [ 85.017775, 27.824911 ], [ 85.017609, 27.824989 ], [ 85.017343, 27.825532 ] ], [ [ 85.021867, 27.836731 ], [ 85.021908, 27.836846 ], [ 85.02207, 27.836884 ], [ 85.022799, 27.836612 ], [ 85.022955, 27.836386 ], [ 85.023291, 27.83541 ], [ 85.022888, 27.834576 ], [ 85.022793, 27.834646 ], [ 85.022576, 27.835353 ], [ 85.022373, 27.835469 ], [ 85.022048, 27.836009 ], [ 85.021867, 27.836731 ] ], [ [ 85.031201, 27.85358 ], [ 85.031532, 27.853913 ], [ 85.031959, 27.854062 ], [ 85.032527, 27.853671 ], [ 85.031487, 27.853538 ], [ 85.031201, 27.85358 ] ] ] } },
{ "type": "Feature", "properties": { "name": null, "waterway": null }, "geometry": { "type": "Polygon", "coordinates": [ [ [ 85.365225, 28.25626 ], [ 85.365251, 28.255766 ], [ 85.365587, 28.255717 ], [ 85.365687, 28.256346 ], [ 85.365639, 28.257481 ], [ 85.365706, 28.257738 ], [ 85.36615, 28.258192 ], [ 85.366886, 28.258435 ], [ 85.367917, 28.258501 ], [ 85.368888, 28.258827 ], [ 85.370249, 28.260048 ], [ 85.371025, 28.261184 ], [ 85.371303, 28.261443 ], [ 85.372343, 28.261855 ], [ 85.372778, 28.262247 ], [ 85.373105, 28.262947 ], [ 85.372719, 28.264085 ], [ 85.37286, 28.264411 ], [ 85.373099, 28.26465 ], [ 85.373786, 28.265077 ], [ 85.374139, 28.265592 ], [ 85.374365, 28.265774 ], [ 85.374836, 28.265981 ], [ 85.374922, 28.266084 ], [ 85.374831, 28.266292 ], [ 85.373981, 28.265803 ], [ 85.373308, 28.265072 ], [ 85.372908, 28.264875 ], [ 85.372556, 28.264483 ], [ 85.372481, 28.264215 ], [ 85.372535, 28.263695 ], [ 85.372795, 28.263031 ], [ 85.372783, 28.262821 ], [ 85.372626, 28.262564 ], [ 85.372163, 28.262048 ], [ 85.37148, 28.261854 ], [ 85.370843, 28.261341 ], [ 85.37006, 28.260329 ], [ 85.36924, 28.259654 ], [ 85.368758, 28.259044 ], [ 85.367829, 28.258789 ], [ 85.36713, 28.258831 ], [ 85.365828, 28.258402 ], [ 85.365303, 28.257669 ], [ 85.365365, 28.256806 ], [ 85.365225, 28.25626 ] ] ] } },
{ "type": "Feature", "properties": { "name": null, "waterway": null }, "geometry": { "type": "Polygon", "coordinates": [ [ [ 85.087975, 27.857383 ], [ 85.088703, 27.856708 ], [ 85.088894, 27.856848 ], [ 85.089275, 27.85791 ], [ 85.089114, 27.858953 ], [ 85.089209, 27.859454 ], [ 85.089495, 27.859987 ], [ 85.089675, 27.860093 ], [ 85.090117, 27.859855 ], [ 85.090736, 27.860024 ], [ 85.093622, 27.860009 ], [ 85.095245, 27.859899 ], [ 85.095985, 27.859753 ], [ 85.097073, 27.859715 ], [ 85.097666, 27.859566 ], [ 85.098076, 27.859091 ], [ 85.098707, 27.858715 ], [ 85.100014, 27.858459 ], [ 85.101023, 27.858032 ], [ 85.101992, 27.857917 ], [ 85.103589, 27.85792 ], [ 85.105908, 27.858173 ], [ 85.106458, 27.858339 ], [ 85.107175, 27.858994 ], [ 85.107377, 27.859607 ], [ 85.107626, 27.859952 ], [ 85.108177, 27.860219 ], [ 85.109104, 27.861016 ], [ 85.109743, 27.861256 ], [ 85.110307, 27.861643 ], [ 85.111288, 27.862468 ], [ 85.112184, 27.86346 ], [ 85.112436, 27.863894 ], [ 85.112855, 27.865061 ], [ 85.112965, 27.865915 ], [ 85.113262, 27.867093 ], [ 85.11352, 27.86762 ], [ 85.114457, 27.868853 ], [ 85.114639, 27.869277 ], [ 85.11512, 27.869592 ], [ 85.116195, 27.87009 ], [ 85.116762, 27.870167 ], [ 85.117364, 27.870609 ], [ 85.119953, 27.871945 ], [ 85.120933, 27.872672 ], [ 85.122677, 27.873554 ], [ 85.124464, 27.873951 ], [ 85.125005, 27.874173 ], [ 85.125606, 27.874603 ], [ 85.126178, 27.876066 ], [ 85.12624, 27.876873 ], [ 85.126156, 27.87745 ], [ 85.126138, 27.878629 ], [ 85.126289, 27.880363 ], [ 85.126619, 27.880621 ], [ 85.127046, 27.881278 ], [ 85.127942, 27.882257 ], [ 85.128663, 27.88288 ], [ 85.130957, 27.884595 ], [ 85.133263, 27.885964 ], [ 85.13417, 27.886898 ], [ 85.134879, 27.887403 ], [ 85.13464, 27.887659 ], [ 85.134392, 27.887684 ], [ 85.134359, 27.887994 ], [ 85.134248, 27.888194 ], [ 85.133979, 27.888042 ], [ 85.134105, 27.887471 ], [ 85.133199, 27.886619 ], [ 85.131855, 27.885814 ], [ 85.131276, 27.88523 ], [ 85.13095, 27.88502 ], [ 85.129828, 27.884481 ], [ 85.127548, 27.882763 ], [ 85.126692, 27.881895 ], [ 85.125785, 27.880459 ], [ 85.125476, 27.879534 ], [ 85.125264, 27.878385 ], [ 85.125251, 27.87777 ], [ 85.125466, 27.8764 ], [ 85.125668, 27.87572 ], [ 85.125403, 27.875065 ], [ 85.125057, 27.874681 ], [ 85.124559, 27.874408 ], [ 85.122278, 27.873908 ], [ 85.121985, 27.873736 ], [ 85.121913, 27.87357 ], [ 85.120528, 27.873135 ], [ 85.119241, 27.872483 ], [ 85.11819, 27.8721 ], [ 85.117786, 27.871671 ], [ 85.116016, 27.87054 ], [ 85.115285, 27.870355 ], [ 85.11387, 27.86973 ], [ 85.113523, 27.869287 ], [ 85.112253, 27.866511 ], [ 85.111799, 27.865705 ], [ 85.111215, 27.864187 ], [ 85.110877, 27.863571 ], [ 85.110113, 27.862563 ], [ 85.110154, 27.861947 ], [ 85.109833, 27.861737 ], [ 85.10913, 27.861489 ], [ 85.108465, 27.861009 ], [ 85.10799, 27.86084 ], [ 85.107559, 27.860415 ], [ 85.106984, 27.859546 ], [ 85.106287, 27.858774 ], [ 85.10592, 27.858618 ], [ 85.104968, 27.858457 ], [ 85.103161, 27.85851 ], [ 85.102487, 27.858628 ], [ 85.100286, 27.859262 ], [ 85.100335, 27.859081 ], [ 85.100621, 27.858807 ], [ 85.101625, 27.858595 ], [ 85.101544, 27.858536 ], [ 85.100647, 27.858526 ], [ 85.098096, 27.859789 ], [ 85.096217, 27.860323 ], [ 85.095013, 27.860436 ], [ 85.094635, 27.860569 ], [ 85.094045, 27.860581 ], [ 85.093035, 27.860878 ], [ 85.091199, 27.86076 ], [ 85.090756, 27.860842 ], [ 85.090265, 27.860771 ], [ 85.089455, 27.860904 ], [ 85.089056, 27.860581 ], [ 85.089067, 27.860129 ], [ 85.08861, 27.859679 ], [ 85.088524, 27.859055 ], [ 85.08809, 27.857989 ], [ 85.087975, 27.857383 ] ], [ [ 85.125747, 27.875941 ], [ 85.125531, 27.876683 ], [ 85.125632, 27.876627 ], [ 85.125847, 27.876427 ], [ 85.125747, 27.875941 ] ] ] } },
{ "type": "Feature", "properties": { "name": null, "waterway": null }, "geometry": { "type": "Polygon", "coordinates": [ [ [ 84.583719, 27.876221 ], [ 84.58385, 27.875666 ], [ 84.584711, 27.876141 ], [ 84.586144, 27.877447 ], [ 84.587214, 27.878168 ], [ 84.58872, 27.878771 ], [ 84.589077, 27.8792 ], [ 84.589432, 27.879436 ], [ 84.590054, 27.879637 ], [ 84.590561, 27.879642 ], [ 84.591508, 27.879313 ], [ 84.592355, 27.87848 ], [ 84.592837, 27.878216 ], [ 84.593251, 27.877784 ], [ 84.593808, 27.876861 ], [ 84.595132, 27.876328 ], [ 84.59665, 27.875901 ], [ 84.597733, 27.875873 ], [ 84.598967, 27.876107 ], [ 84.599769, 27.87615 ], [ 84.602329, 27.875744 ], [ 84.60282, 27.875414 ], [ 84.60323, 27.874824 ], [ 84.603224, 27.874611 ], [ 84.603602, 27.874177 ], [ 84.604236, 27.872523 ], [ 84.604792, 27.872224 ], [ 84.605011, 27.871854 ], [ 84.606152, 27.871356 ], [ 84.606349, 27.871196 ], [ 84.607356, 27.871045 ], [ 84.607842, 27.871247 ], [ 84.608982, 27.871409 ], [ 84.609607, 27.871698 ], [ 84.61085, 27.871788 ], [ 84.612116, 27.872171 ], [ 84.612602, 27.872246 ], [ 84.612931, 27.872442 ], [ 84.613545, 27.872339 ], [ 84.613693, 27.872383 ], [ 84.613848, 27.87276 ], [ 84.614335, 27.873046 ], [ 84.614532, 27.87338 ], [ 84.614476, 27.874025 ], [ 84.614168, 27.874909 ], [ 84.614203, 27.875211 ], [ 84.614552, 27.875507 ], [ 84.614889, 27.876024 ], [ 84.615267, 27.876409 ], [ 84.615339, 27.876623 ], [ 84.616041, 27.877289 ], [ 84.616106, 27.877467 ], [ 84.61738, 27.878123 ], [ 84.617642, 27.878432 ], [ 84.617719, 27.878803 ], [ 84.617922, 27.879182 ], [ 84.618639, 27.880022 ], [ 84.619222, 27.880371 ], [ 84.61979, 27.880469 ], [ 84.620727, 27.880298 ], [ 84.621615, 27.880267 ], [ 84.622601, 27.880117 ], [ 84.624367, 27.879398 ], [ 84.62614, 27.878331 ], [ 84.626611, 27.877936 ], [ 84.626879, 27.877343 ], [ 84.627051, 27.876228 ], [ 84.627326, 27.875303 ], [ 84.627163, 27.875042 ], [ 84.626788, 27.874696 ], [ 84.626287, 27.874475 ], [ 84.625903, 27.874541 ], [ 84.625693, 27.874401 ], [ 84.625614, 27.874189 ], [ 84.626641, 27.872436 ], [ 84.627159, 27.871769 ], [ 84.628813, 27.870314 ], [ 84.629333, 27.870001 ], [ 84.630004, 27.869777 ], [ 84.630572, 27.869702 ], [ 84.631507, 27.869241 ], [ 84.632529, 27.869193 ], [ 84.632777, 27.869014 ], [ 84.632967, 27.868296 ], [ 84.632913, 27.867997 ], [ 84.633032, 27.867791 ], [ 84.63279, 27.867469 ], [ 84.632976, 27.86736 ], [ 84.632927, 27.867265 ], [ 84.633002, 27.867165 ], [ 84.633116, 27.866168 ], [ 84.633385, 27.865074 ], [ 84.633562, 27.863753 ], [ 84.633532, 27.861722 ], [ 84.634933, 27.860101 ], [ 84.635554, 27.859846 ], [ 84.636212, 27.859907 ], [ 84.637253, 27.859656 ], [ 84.638487, 27.859597 ], [ 84.638719, 27.859505 ], [ 84.639778, 27.859402 ], [ 84.640358, 27.859462 ], [ 84.640468, 27.859638 ], [ 84.64096, 27.859708 ], [ 84.641092, 27.859726 ], [ 84.641222, 27.859635 ], [ 84.642034, 27.859707 ], [ 84.642081, 27.859839 ], [ 84.641969, 27.860172 ], [ 84.642265, 27.860194 ], [ 84.642211, 27.860479 ], [ 84.641582, 27.860435 ], [ 84.639796, 27.860009 ], [ 84.639351, 27.860031 ], [ 84.637021, 27.860354 ], [ 84.635955, 27.860582 ], [ 84.634846, 27.86111 ], [ 84.634545, 27.861512 ], [ 84.634525, 27.862099 ], [ 84.634175, 27.863419 ], [ 84.633954, 27.865616 ], [ 84.633881, 27.867497 ], [ 84.633815, 27.867583 ], [ 84.633606, 27.867581 ], [ 84.633497, 27.867836 ], [ 84.633562, 27.869097 ], [ 84.634061, 27.869705 ], [ 84.633935, 27.86975 ], [ 84.633253, 27.869657 ], [ 84.632941, 27.86986 ], [ 84.632214, 27.869917 ], [ 84.631889, 27.870144 ], [ 84.631258, 27.870177 ], [ 84.631033, 27.870355 ], [ 84.6306, 27.87038 ], [ 84.629982, 27.870549 ], [ 84.629345, 27.870842 ], [ 84.628669, 27.871363 ], [ 84.627573, 27.87265 ], [ 84.627291, 27.873357 ], [ 84.627366, 27.873868 ], [ 84.627981, 27.874502 ], [ 84.627667, 27.876381 ], [ 84.62779, 27.877518 ], [ 84.627653, 27.878037 ], [ 84.627359, 27.878348 ], [ 84.626478, 27.878999 ], [ 84.624662, 27.88001 ], [ 84.624153, 27.880381 ], [ 84.623516, 27.880547 ], [ 84.623314, 27.880705 ], [ 84.622735, 27.880737 ], [ 84.619828, 27.881344 ], [ 84.619104, 27.881083 ], [ 84.618915, 27.881119 ], [ 84.61848, 27.880989 ], [ 84.616617, 27.879631 ], [ 84.616118, 27.879174 ], [ 84.61613, 27.879063 ], [ 84.616442, 27.878719 ], [ 84.616454, 27.878393 ], [ 84.61632, 27.878257 ], [ 84.615208, 27.877643 ], [ 84.614927, 27.87738 ], [ 84.614491, 27.877235 ], [ 84.614082, 27.876873 ], [ 84.613656, 27.876925 ], [ 84.61353, 27.876845 ], [ 84.613458, 27.87619 ], [ 84.613526, 27.875837 ], [ 84.61369, 27.875586 ], [ 84.613599, 27.875005 ], [ 84.613753, 27.874475 ], [ 84.613655, 27.873866 ], [ 84.613392, 27.873448 ], [ 84.613272, 27.872947 ], [ 84.612993, 27.872818 ], [ 84.610358, 27.872526 ], [ 84.609273, 27.872168 ], [ 84.608232, 27.871989 ], [ 84.607154, 27.871946 ], [ 84.606543, 27.872004 ], [ 84.605779, 27.872181 ], [ 84.605289, 27.872383 ], [ 84.604735, 27.872959 ], [ 84.604492, 27.8734 ], [ 84.604213, 27.874659 ], [ 84.60391, 27.875287 ], [ 84.604022, 27.875413 ], [ 84.603813, 27.875496 ], [ 84.603712, 27.875688 ], [ 84.603541, 27.875563 ], [ 84.603454, 27.875621 ], [ 84.603274, 27.875949 ], [ 84.602897, 27.876198 ], [ 84.602155, 27.876342 ], [ 84.601983, 27.876487 ], [ 84.601161, 27.876666 ], [ 84.600702, 27.876686 ], [ 84.60006, 27.87651 ], [ 84.599567, 27.876571 ], [ 84.599284, 27.876809 ], [ 84.598644, 27.876693 ], [ 84.598419, 27.876431 ], [ 84.597861, 27.876306 ], [ 84.596894, 27.876349 ], [ 84.596196, 27.876525 ], [ 84.595048, 27.877018 ], [ 84.593968, 27.877671 ], [ 84.593667, 27.878055 ], [ 84.593597, 27.87828 ], [ 84.593179, 27.878622 ], [ 84.592669, 27.879281 ], [ 84.590874, 27.880222 ], [ 84.590302, 27.880257 ], [ 84.589245, 27.879964 ], [ 84.588909, 27.879789 ], [ 84.588461, 27.879066 ], [ 84.587469, 27.878872 ], [ 84.586534, 27.878495 ], [ 84.586228, 27.878266 ], [ 84.584931, 27.876846 ], [ 84.584522, 27.876507 ], [ 84.583719, 27.876221 ] ] ] } },
{ "type": "Feature", "properties": { "name": null, "waterway": null }, "geometry": { "type": "Polygon", "coordinates": [ [ [ 85.152633, 27.935914 ], [ 85.152704, 27.935756 ], [ 85.152743, 27.935782 ], [ 85.152633, 27.935914 ] ] ] } },
{ "type": "Feature", "properties": { "name": null, "waterway": null }, "geometry": { "type": "Polygon", "coordinates": [ [ [ 85.152802, 27.936025 ], [ 85.152881, 27.935872 ], [ 85.152912, 27.935897 ], [ 85.152802, 27.936025 ] ] ] } },
{ "type": "Feature", "properties": { "name": null, "waterway": null }, "geometry": { "type": "Polygon", "coordinates": [ [ [ 85.041037, 27.856574 ], [ 85.041542, 27.856259 ], [ 85.042072, 27.856559 ], [ 85.042073, 27.856463 ], [ 85.041789, 27.856231 ], [ 85.041824, 27.856184 ], [ 85.042587, 27.856333 ], [ 85.043177, 27.856172 ], [ 85.043864, 27.855748 ], [ 85.044335, 27.855235 ], [ 85.044867, 27.854993 ], [ 85.044899, 27.854905 ], [ 85.044748, 27.854634 ], [ 85.044435, 27.854395 ], [ 85.044693, 27.854304 ], [ 85.044638, 27.854053 ], [ 85.044705, 27.853783 ], [ 85.044978, 27.853552 ], [ 85.046129, 27.853209 ], [ 85.047009, 27.852829 ], [ 85.049691, 27.852469 ], [ 85.050233, 27.852481 ], [ 85.051359, 27.852692 ], [ 85.052024, 27.853021 ], [ 85.052904, 27.853107 ], [ 85.054691, 27.853766 ], [ 85.056638, 27.855058 ], [ 85.057314, 27.855884 ], [ 85.056598, 27.858103 ], [ 85.056144, 27.857669 ], [ 85.05509, 27.856887 ], [ 85.054576, 27.856316 ], [ 85.054247, 27.856585 ], [ 85.053999, 27.856531 ], [ 85.053647, 27.85631 ], [ 85.051761, 27.855726 ], [ 85.050635, 27.855204 ], [ 85.050665, 27.854162 ], [ 85.049541, 27.854131 ], [ 85.047706, 27.853801 ], [ 85.047575, 27.85382 ], [ 85.047296, 27.854371 ], [ 85.046502, 27.854492 ], [ 85.046129, 27.854733 ], [ 85.045694, 27.855276 ], [ 85.044946, 27.855454 ], [ 85.042896, 27.856973 ], [ 85.042426, 27.856981 ], [ 85.041408, 27.856738 ], [ 85.041037, 27.856574 ] ], [ [ 85.042561, 27.856637 ], [ 85.042606, 27.856691 ], [ 85.042702, 27.856614 ], [ 85.042618, 27.856573 ], [ 85.042561, 27.856637 ] ], [ [ 85.045008, 27.854243 ], [ 85.045078, 27.854604 ], [ 85.045446, 27.854738 ], [ 85.046453, 27.854219 ], [ 85.046533, 27.853784 ], [ 85.046368, 27.853602 ], [ 85.045833, 27.853608 ], [ 85.045108, 27.853956 ], [ 85.045008, 27.854243 ] ], [ [ 85.047749, 27.853582 ], [ 85.047883, 27.853688 ], [ 85.049036, 27.853954 ], [ 85.05086, 27.85413 ], [ 85.052391, 27.854643 ], [ 85.052784, 27.854553 ], [ 85.052982, 27.854585 ], [ 85.053545, 27.855006 ], [ 85.054562, 27.856115 ], [ 85.05521, 27.856696 ], [ 85.05597, 27.857246 ], [ 85.056395, 27.857298 ], [ 85.056592, 27.857162 ], [ 85.056699, 27.856506 ], [ 85.056579, 27.855792 ], [ 85.056469, 27.855644 ], [ 85.055537, 27.854937 ], [ 85.055043, 27.854716 ], [ 85.054658, 27.854432 ], [ 85.052896, 27.853609 ], [ 85.050832, 27.853129 ], [ 85.049376, 27.853018 ], [ 85.048519, 27.853128 ], [ 85.047922, 27.853372 ], [ 85.047749, 27.853582 ] ] ] } },
{ "type": "Feature", "properties": { "name": null, "waterway": null }, "geometry": { "type": "Polygon", "coordinates": [ [ [ 85.15364, 27.935794 ], [ 85.153867, 27.935512 ], [ 85.154033, 27.935617 ], [ 85.153806, 27.935898 ], [ 85.15364, 27.935794 ] ] ] } },
{ "type": "Feature", "properties": { "name": null, "waterway": null }, "geometry": { "type": "Polygon", "coordinates": [ [ [ 85.263645, 28.098569 ], [ 85.263972, 28.098588 ], [ 85.264155, 28.098854 ], [ 85.264485, 28.099684 ], [ 85.264961, 28.100025 ], [ 85.26524, 28.100397 ], [ 85.265778, 28.100843 ], [ 85.26596, 28.101129 ], [ 85.266472, 28.101178 ], [ 85.266756, 28.10167 ], [ 85.266794, 28.102072 ], [ 85.267136, 28.102313 ], [ 85.267371, 28.102378 ], [ 85.268095, 28.102162 ], [ 85.268782, 28.102285 ], [ 85.26909, 28.102649 ], [ 85.269327, 28.103392 ], [ 85.269823, 28.103495 ], [ 85.269994, 28.103708 ], [ 85.270175, 28.103797 ], [ 85.270785, 28.103863 ], [ 85.270967, 28.104029 ], [ 85.271274, 28.104759 ], [ 85.271852, 28.105352 ], [ 85.272185, 28.106039 ], [ 85.27246, 28.106279 ], [ 85.27252, 28.106733 ], [ 85.273051, 28.107043 ], [ 85.27378, 28.107057 ], [ 85.274407, 28.107374 ], [ 85.275152, 28.108237 ], [ 85.275342, 28.10834 ], [ 85.27557, 28.108331 ], [ 85.275689, 28.108769 ], [ 85.275935, 28.108783 ], [ 85.276065, 28.109077 ], [ 85.276308, 28.109324 ], [ 85.276496, 28.109424 ], [ 85.276959, 28.10949 ], [ 85.27717, 28.109672 ], [ 85.277616, 28.110583 ], [ 85.278432, 28.110715 ], [ 85.278317, 28.111007 ], [ 85.277518, 28.110993 ], [ 85.277267, 28.110889 ], [ 85.277111, 28.11026 ], [ 85.276883, 28.109913 ], [ 85.275667, 28.109017 ], [ 85.27538, 28.108578 ], [ 85.274926, 28.108426 ], [ 85.274797, 28.108156 ], [ 85.274413, 28.10776 ], [ 85.273551, 28.107337 ], [ 85.273196, 28.10731 ], [ 85.27239, 28.107029 ], [ 85.271703, 28.105786 ], [ 85.271139, 28.105083 ], [ 85.270974, 28.1046 ], [ 85.270547, 28.104179 ], [ 85.269847, 28.103936 ], [ 85.269057, 28.103458 ], [ 85.268739, 28.102798 ], [ 85.268562, 28.102627 ], [ 85.26807, 28.102448 ], [ 85.267322, 28.102552 ], [ 85.266828, 28.102388 ], [ 85.266432, 28.101943 ], [ 85.266225, 28.101447 ], [ 85.265787, 28.101373 ], [ 85.265566, 28.100931 ], [ 85.26519, 28.100541 ], [ 85.264271, 28.09982 ], [ 85.263917, 28.098998 ], [ 85.263645, 28.098569 ] ] ] } },
{ "type": "Feature", "properties": { "name": null, "waterway": null }, "geometry": { "type": "Polygon", "coordinates": [ [ [ 85.152985, 27.936142 ], [ 85.153056, 27.935987 ], [ 85.153089, 27.936004 ], [ 85.152985, 27.936142 ] ] ] } },
{ "type": "Feature", "properties": { "name": null, "waterway": null }, "geometry": { "type": "Polygon", "coordinates": [ [ [ 85.153472, 27.936424 ], [ 85.153558, 27.936272 ], [ 85.153794, 27.936424 ], [ 85.153681, 27.936571 ], [ 85.153472, 27.936424 ] ] ] } },
{ "type": "Feature", "properties": { "name": null, "waterway": null }, "geometry": { "type": "Polygon", "coordinates": [ [ [ 85.244886, 28.092807 ], [ 85.244889, 28.092228 ], [ 85.245436, 28.092308 ], [ 85.246101, 28.091925 ], [ 85.246466, 28.091859 ], [ 85.247928, 28.092175 ], [ 85.249928, 28.092367 ], [ 85.251502, 28.092727 ], [ 85.253614, 28.093527 ], [ 85.254373, 28.09421 ], [ 85.255097, 28.094624 ], [ 85.256438, 28.095029 ], [ 85.258898, 28.095214 ], [ 85.260896, 28.095869 ], [ 85.261365, 28.096276 ], [ 85.261867, 28.097081 ], [ 85.262787, 28.09744 ], [ 85.263288, 28.097737 ], [ 85.263768, 28.098158 ], [ 85.263972, 28.098588 ], [ 85.263645, 28.098569 ], [ 85.262849, 28.097894 ], [ 85.262086, 28.097512 ], [ 85.261014, 28.096484 ], [ 85.260338, 28.096139 ], [ 85.25842, 28.095678 ], [ 85.257863, 28.095675 ], [ 85.256889, 28.095401 ], [ 85.255473, 28.095254 ], [ 85.255105, 28.095143 ], [ 85.253515, 28.094326 ], [ 85.251959, 28.093278 ], [ 85.251653, 28.093148 ], [ 85.249005, 28.092993 ], [ 85.248072, 28.093226 ], [ 85.247367, 28.093295 ], [ 85.245833, 28.092911 ], [ 85.244886, 28.092807 ] ] ] } },
{ "type": "Feature", "properties": { "name": null, "waterway": null }, "geometry": { "type": "Polygon", "coordinates": [ [ [ 84.660778, 27.829473 ], [ 84.661047, 27.828809 ], [ 84.661376, 27.828352 ], [ 84.663095, 27.827299 ], [ 84.663834, 27.826542 ], [ 84.665125, 27.825722 ], [ 84.665992, 27.824808 ], [ 84.666404, 27.824222 ], [ 84.667447, 27.821816 ], [ 84.667445, 27.821585 ], [ 84.66722, 27.821078 ], [ 84.667034, 27.820846 ], [ 84.666808, 27.820785 ], [ 84.666945, 27.820252 ], [ 84.666758, 27.819577 ], [ 84.667012, 27.819467 ], [ 84.666885, 27.819082 ], [ 84.666943, 27.818826 ], [ 84.667518, 27.81836 ], [ 84.668166, 27.81799 ], [ 84.66929, 27.81757 ], [ 84.669941, 27.817085 ], [ 84.671683, 27.816776 ], [ 84.672265, 27.816595 ], [ 84.672671, 27.816605 ], [ 84.673713, 27.816425 ], [ 84.675067, 27.815974 ], [ 84.676377, 27.815691 ], [ 84.676891, 27.815462 ], [ 84.678641, 27.814066 ], [ 84.679144, 27.813838 ], [ 84.679595, 27.813763 ], [ 84.680939, 27.812761 ], [ 84.682473, 27.81178 ], [ 84.682802, 27.811183 ], [ 84.683768, 27.810644 ], [ 84.68435, 27.810431 ], [ 84.6853, 27.81026 ], [ 84.688424, 27.810174 ], [ 84.689848, 27.809794 ], [ 84.689934, 27.810171 ], [ 84.688222, 27.81063 ], [ 84.688038, 27.810749 ], [ 84.686808, 27.810571 ], [ 84.685722, 27.810578 ], [ 84.684491, 27.810889 ], [ 84.683059, 27.811586 ], [ 84.68219, 27.812373 ], [ 84.680308, 27.81378 ], [ 84.679794, 27.814064 ], [ 84.679254, 27.814141 ], [ 84.678964, 27.814279 ], [ 84.67807, 27.815288 ], [ 84.677209, 27.81581 ], [ 84.676126, 27.816224 ], [ 84.674875, 27.816414 ], [ 84.673749, 27.816756 ], [ 84.673233, 27.817026 ], [ 84.672591, 27.81695 ], [ 84.672156, 27.817141 ], [ 84.670494, 27.817378 ], [ 84.670191, 27.817474 ], [ 84.669197, 27.818103 ], [ 84.668627, 27.818311 ], [ 84.667936, 27.818732 ], [ 84.667867, 27.818926 ], [ 84.667467, 27.819403 ], [ 84.66734, 27.819934 ], [ 84.66757, 27.820727 ], [ 84.667974, 27.821461 ], [ 84.667994, 27.822102 ], [ 84.667761, 27.82263 ], [ 84.667369, 27.823078 ], [ 84.667211, 27.823736 ], [ 84.666867, 27.824217 ], [ 84.66653, 27.82494 ], [ 84.665246, 27.826131 ], [ 84.664281, 27.826711 ], [ 84.662721, 27.828087 ], [ 84.661921, 27.828415 ], [ 84.661432, 27.829056 ], [ 84.661255, 27.829421 ], [ 84.66125, 27.829781 ], [ 84.661446, 27.830322 ], [ 84.661451, 27.83116 ], [ 84.66165, 27.831934 ], [ 84.662234, 27.833195 ], [ 84.66331, 27.834977 ], [ 84.663517, 27.836261 ], [ 84.66348, 27.836594 ], [ 84.663618, 27.837035 ], [ 84.663603, 27.838001 ], [ 84.664292, 27.840252 ], [ 84.664188, 27.840957 ], [ 84.66396, 27.841441 ], [ 84.663563, 27.841869 ], [ 84.662864, 27.843117 ], [ 84.662348, 27.844318 ], [ 84.662167, 27.84502 ], [ 84.662031, 27.845195 ], [ 84.661536, 27.84664 ], [ 84.661153, 27.846529 ], [ 84.661225, 27.845833 ], [ 84.662106, 27.843889 ], [ 84.662344, 27.842892 ], [ 84.662766, 27.84236 ], [ 84.663285, 27.841493 ], [ 84.663722, 27.841148 ], [ 84.663926, 27.84062 ], [ 84.663844, 27.840447 ], [ 84.663426, 27.840207 ], [ 84.663446, 27.839962 ], [ 84.663343, 27.839774 ], [ 84.663299, 27.839107 ], [ 84.663182, 27.838678 ], [ 84.663187, 27.837682 ], [ 84.66287, 27.835185 ], [ 84.662255, 27.834126 ], [ 84.661857, 27.833645 ], [ 84.661657, 27.832894 ], [ 84.660882, 27.831204 ], [ 84.660852, 27.830859 ], [ 84.66099, 27.830371 ], [ 84.660778, 27.829473 ] ] ] } },
{ "type": "Feature", "properties": { "name": null, "waterway": null }, "geometry": { "type": "Polygon", "coordinates": [ [ [ 85.135426, 27.902251 ], [ 85.135559, 27.902247 ], [ 85.136063, 27.902606 ], [ 85.136935, 27.902606 ], [ 85.137173, 27.902905 ], [ 85.137391, 27.903533 ], [ 85.137441, 27.903729 ], [ 85.137389, 27.904476 ], [ 85.137802, 27.905447 ], [ 85.1375, 27.907019 ], [ 85.136903, 27.907743 ], [ 85.13681, 27.9077 ], [ 85.136897, 27.907476 ], [ 85.137353, 27.90701 ], [ 85.137638, 27.905393 ], [ 85.137619, 27.905212 ], [ 85.137237, 27.90452 ], [ 85.137292, 27.903668 ], [ 85.136893, 27.902727 ], [ 85.136091, 27.902763 ], [ 85.135426, 27.902251 ] ] ] } },
{ "type": "Feature", "properties": { "name": null, "waterway": null }, "geometry": { "type": "Polygon", "coordinates": [ [ [ 85.13381, 27.91467 ], [ 85.134017, 27.914178 ], [ 85.134049, 27.9138 ], [ 85.13443, 27.913717 ], [ 85.134537, 27.913512 ], [ 85.135019, 27.913349 ], [ 85.135738, 27.912834 ], [ 85.137885, 27.910422 ], [ 85.138681, 27.908721 ], [ 85.138872, 27.907135 ], [ 85.139093, 27.906152 ], [ 85.139222, 27.905918 ], [ 85.140285, 27.904762 ], [ 85.140528, 27.904003 ], [ 85.14057, 27.903302 ], [ 85.140491, 27.902738 ], [ 85.139781, 27.901733 ], [ 85.138733, 27.901164 ], [ 85.137151, 27.900784 ], [ 85.136937, 27.900625 ], [ 85.136761, 27.900333 ], [ 85.136579, 27.899376 ], [ 85.136639, 27.898617 ], [ 85.136411, 27.897469 ], [ 85.136159, 27.897036 ], [ 85.135838, 27.895942 ], [ 85.13564, 27.895805 ], [ 85.135534, 27.895594 ], [ 85.135448, 27.894766 ], [ 85.135589, 27.8944 ], [ 85.135555, 27.894136 ], [ 85.135755, 27.893096 ], [ 85.135896, 27.892766 ], [ 85.136088, 27.892649 ], [ 85.136232, 27.892428 ], [ 85.136764, 27.890875 ], [ 85.136959, 27.889965 ], [ 85.136906, 27.889802 ], [ 85.136962, 27.889197 ], [ 85.136435, 27.888621 ], [ 85.134735, 27.887766 ], [ 85.13464, 27.887659 ], [ 85.134879, 27.887403 ], [ 85.135409, 27.887772 ], [ 85.136061, 27.888011 ], [ 85.136757, 27.888414 ], [ 85.137032, 27.888859 ], [ 85.13716, 27.888806 ], [ 85.137316, 27.888897 ], [ 85.137486, 27.88886 ], [ 85.137582, 27.889235 ], [ 85.137594, 27.889518 ], [ 85.137383, 27.890068 ], [ 85.137331, 27.890472 ], [ 85.136939, 27.891035 ], [ 85.136402, 27.892695 ], [ 85.136214, 27.892811 ], [ 85.136062, 27.893111 ], [ 85.135729, 27.894656 ], [ 85.136, 27.895312 ], [ 85.136069, 27.895805 ], [ 85.13618, 27.895944 ], [ 85.136137, 27.896129 ], [ 85.136243, 27.896516 ], [ 85.136744, 27.897492 ], [ 85.136827, 27.897796 ], [ 85.136989, 27.898807 ], [ 85.136893, 27.899436 ], [ 85.136934, 27.899977 ], [ 85.137344, 27.900298 ], [ 85.139722, 27.901276 ], [ 85.140648, 27.90189 ], [ 85.141107, 27.902486 ], [ 85.141282, 27.903489 ], [ 85.141063, 27.904328 ], [ 85.13993, 27.905862 ], [ 85.13941, 27.90675 ], [ 85.139117, 27.907705 ], [ 85.139319, 27.907709 ], [ 85.139336, 27.907806 ], [ 85.139077, 27.908032 ], [ 85.139018, 27.908185 ], [ 85.139018, 27.909281 ], [ 85.138803, 27.909496 ], [ 85.137927, 27.910865 ], [ 85.13578, 27.91327 ], [ 85.134515, 27.914052 ], [ 85.134235, 27.914416 ], [ 85.134237, 27.914935 ], [ 85.134807, 27.915539 ], [ 85.136347, 27.916176 ], [ 85.137842, 27.916504 ], [ 85.137758, 27.916823 ], [ 85.136807, 27.916633 ], [ 85.134954, 27.91595 ], [ 85.134246, 27.915433 ], [ 85.134031, 27.915173 ], [ 85.13381, 27.91467 ] ] ] } },
{ "type": "Feature", "properties": { "name": null, "waterway": null }, "geometry": { "type": "Polygon", "coordinates": [ [ [ 85.134224, 27.899418 ], [ 85.13432, 27.899137 ], [ 85.13439, 27.899213 ], [ 85.134395, 27.89944 ], [ 85.13493, 27.899514 ], [ 85.135096, 27.899605 ], [ 85.135791, 27.900696 ], [ 85.13582, 27.901001 ], [ 85.135611, 27.901266 ], [ 85.135455, 27.901368 ], [ 85.135023, 27.901376 ], [ 85.13483, 27.901609 ], [ 85.134828, 27.901711 ], [ 85.134969, 27.901843 ], [ 85.134908, 27.90191 ], [ 85.134683, 27.901689 ], [ 85.134783, 27.901408 ], [ 85.134942, 27.901264 ], [ 85.135421, 27.901248 ], [ 85.135659, 27.900951 ], [ 85.135679, 27.900798 ], [ 85.13496, 27.899709 ], [ 85.134356, 27.899565 ], [ 85.134224, 27.899418 ] ] ] } },
{ "type": "Feature", "properties": { "name": null, "waterway": null }, "geometry": { "type": "Polygon", "coordinates": [ [ [ 85.145536, 27.921128 ], [ 85.145596, 27.921014 ], [ 85.146234, 27.92133 ], [ 85.146102, 27.92138 ], [ 85.145536, 27.921128 ] ] ] } },
{ "type": "Feature", "properties": { "name": "Trishuli Ganga River", "waterway": null }, "geometry": { "type": "Polygon", "coordinates": [ [ [ 85.137758, 27.916823 ], [ 85.137842, 27.916504 ], [ 85.139899, 27.916898 ], [ 85.140605, 27.917264 ], [ 85.141047, 27.917617 ], [ 85.142117, 27.918666 ], [ 85.142862, 27.919545 ], [ 85.143418, 27.920008 ], [ 85.144303, 27.920329 ], [ 85.146896, 27.920583 ], [ 85.147657, 27.920881 ], [ 85.148168, 27.920967 ], [ 85.148595, 27.921331 ], [ 85.149086, 27.921613 ], [ 85.149731, 27.921767 ], [ 85.149678, 27.922029 ], [ 85.149394, 27.921973 ], [ 85.147647, 27.921236 ], [ 85.146475, 27.920972 ], [ 85.145993, 27.920978 ], [ 85.145552, 27.920782 ], [ 85.143659, 27.920608 ], [ 85.143094, 27.920474 ], [ 85.142602, 27.920099 ], [ 85.141932, 27.919257 ], [ 85.141573, 27.918647 ], [ 85.141104, 27.918319 ], [ 85.140898, 27.917971 ], [ 85.140386, 27.917572 ], [ 85.139369, 27.917055 ], [ 85.137758, 27.916823 ] ] ] } },
{ "type": "Feature", "properties": { "name": null, "waterway": null }, "geometry": { "type": "Polygon", "coordinates": [ [ [ 85.135922, 27.917063 ], [ 85.136108, 27.917081 ], [ 85.137265, 27.917658 ], [ 85.137509, 27.917928 ], [ 85.137712, 27.918469 ], [ 85.137571, 27.918399 ], [ 85.137274, 27.917863 ], [ 85.136071, 27.917227 ], [ 85.135922, 27.917063 ] ] ] } },
{ "type": "Feature", "properties": { "name": null, "waterway": null }, "geometry": { "type": "Polygon", "coordinates": [ [ [ 84.783565, 27.814682 ], [ 84.784077, 27.813629 ], [ 84.786912, 27.814378 ], [ 84.788342, 27.814573 ], [ 84.788945, 27.814155 ], [ 84.789321, 27.813633 ], [ 84.790423, 27.812654 ], [ 84.790919, 27.812521 ], [ 84.792574, 27.812471 ], [ 84.793312, 27.81263 ], [ 84.795876, 27.81374 ], [ 84.796458, 27.813904 ], [ 84.797595, 27.814044 ], [ 84.799175, 27.814404 ], [ 84.800511, 27.814402 ], [ 84.801755, 27.814506 ], [ 84.801772, 27.814449 ], [ 84.802812, 27.814544 ], [ 84.803762, 27.815033 ], [ 84.80561, 27.816248 ], [ 84.805926, 27.816857 ], [ 84.807981, 27.817571 ], [ 84.808414, 27.817575 ], [ 84.808807, 27.81739 ], [ 84.809187, 27.816847 ], [ 84.809819, 27.817364 ], [ 84.809366, 27.817727 ], [ 84.808315, 27.817971 ], [ 84.807318, 27.817961 ], [ 84.805996, 27.817681 ], [ 84.803614, 27.816732 ], [ 84.801973, 27.815769 ], [ 84.800996, 27.814853 ], [ 84.800825, 27.814772 ], [ 84.800551, 27.814732 ], [ 84.79895, 27.814948 ], [ 84.798459, 27.814903 ], [ 84.796576, 27.814487 ], [ 84.792845, 27.8131 ], [ 84.791848, 27.812888 ], [ 84.79111, 27.812953 ], [ 84.790514, 27.813306 ], [ 84.790209, 27.813588 ], [ 84.7899, 27.814447 ], [ 84.789522, 27.814715 ], [ 84.78902, 27.814922 ], [ 84.788339, 27.815016 ], [ 84.787264, 27.815009 ], [ 84.78467, 27.814673 ], [ 84.783565, 27.814682 ] ] ] } },
{ "type": "Feature", "properties": { "name": null, "waterway": null }, "geometry": { "type": "Polygon", "coordinates": [ [ [ 84.761784, 27.818649 ], [ 84.762131, 27.817959 ], [ 84.764184, 27.818469 ], [ 84.764867, 27.818106 ], [ 84.765554, 27.817917 ], [ 84.769232, 27.815064 ], [ 84.769298, 27.814988 ], [ 84.769264, 27.814797 ], [ 84.768897, 27.814196 ], [ 84.768367, 27.812993 ], [ 84.767761, 27.812063 ], [ 84.768078, 27.811456 ], [ 84.770485, 27.809672 ], [ 84.770918, 27.810572 ], [ 84.769899, 27.811377 ], [ 84.769234, 27.811648 ], [ 84.768831, 27.812206 ], [ 84.768871, 27.812539 ], [ 84.769489, 27.813455 ], [ 84.770014, 27.814018 ], [ 84.770311, 27.814586 ], [ 84.770047, 27.815643 ], [ 84.769813, 27.816006 ], [ 84.769058, 27.816565 ], [ 84.768082, 27.816844 ], [ 84.767278, 27.81722 ], [ 84.764832, 27.819021 ], [ 84.764383, 27.819085 ], [ 84.763458, 27.818889 ], [ 84.762226, 27.818818 ], [ 84.761784, 27.818649 ] ] ] } },
{ "type": "Feature", "properties": { "name": null, "waterway": null }, "geometry": { "type": "Polygon", "coordinates": [ [ [ 84.767074, 27.844427 ], [ 84.767171, 27.843924 ], [ 84.767675, 27.843402 ], [ 84.768394, 27.842994 ], [ 84.769357, 27.842786 ], [ 84.770025, 27.842501 ], [ 84.770261, 27.842292 ], [ 84.770355, 27.841866 ], [ 84.77025, 27.840699 ], [ 84.770272, 27.839598 ], [ 84.770529, 27.838925 ], [ 84.770988, 27.838498 ], [ 84.771816, 27.838147 ], [ 84.772814, 27.837909 ], [ 84.773823, 27.83735 ], [ 84.774863, 27.836629 ], [ 84.775346, 27.836173 ], [ 84.775623, 27.835642 ], [ 84.775733, 27.834921 ], [ 84.775679, 27.834646 ], [ 84.774692, 27.83271 ], [ 84.773254, 27.830528 ], [ 84.773007, 27.829892 ], [ 84.772954, 27.829219 ], [ 84.773018, 27.828488 ], [ 84.773512, 27.825499 ], [ 84.773555, 27.824522 ], [ 84.773984, 27.823412 ], [ 84.775883, 27.820347 ], [ 84.77617, 27.819702 ], [ 84.77819, 27.817811 ], [ 84.77841, 27.817681 ], [ 84.779205, 27.817709 ], [ 84.781478, 27.816029 ], [ 84.782017, 27.815145 ], [ 84.781955, 27.813836 ], [ 84.783565, 27.814682 ], [ 84.782602, 27.815479 ], [ 84.78188, 27.816573 ], [ 84.781078, 27.816879 ], [ 84.779928, 27.817678 ], [ 84.779185, 27.81806 ], [ 84.778935, 27.818309 ], [ 84.778267, 27.818376 ], [ 84.777943, 27.818573 ], [ 84.776964, 27.819551 ], [ 84.774799, 27.823156 ], [ 84.774153, 27.825443 ], [ 84.773949, 27.825917 ], [ 84.773909, 27.827426 ], [ 84.773713, 27.828185 ], [ 84.773512, 27.82864 ], [ 84.773479, 27.829124 ], [ 84.773823, 27.83013 ], [ 84.773834, 27.830538 ], [ 84.774733, 27.832227 ], [ 84.775591, 27.833214 ], [ 84.775677, 27.833717 ], [ 84.776374, 27.834902 ], [ 84.776473, 27.835376 ], [ 84.776406, 27.835766 ], [ 84.776129, 27.835908 ], [ 84.775688, 27.836648 ], [ 84.7747, 27.837341 ], [ 84.774434, 27.83734 ], [ 84.7729, 27.838355 ], [ 84.772589, 27.838431 ], [ 84.772074, 27.838403 ], [ 84.771548, 27.838545 ], [ 84.771108, 27.838782 ], [ 84.770776, 27.839162 ], [ 84.770763, 27.83994 ], [ 84.770999, 27.841183 ], [ 84.77098, 27.841942 ], [ 84.770658, 27.842644 ], [ 84.769982, 27.84326 ], [ 84.768255, 27.843583 ], [ 84.767815, 27.84381 ], [ 84.767589, 27.844067 ], [ 84.767544, 27.84438 ], [ 84.767986, 27.845167 ], [ 84.7676, 27.845338 ], [ 84.767074, 27.844427 ] ] ] } },
{ "type": "Feature", "properties": { "name": null, "waterway": null }, "geometry": { "type": "Polygon", "coordinates": [ [ [ 84.825199, 27.772563 ], [ 84.825371, 27.772407 ], [ 84.825622, 27.772698 ], [ 84.825777, 27.773225 ], [ 84.826577, 27.774853 ], [ 84.826829, 27.775176 ], [ 84.826968, 27.775223 ], [ 84.828148, 27.776733 ], [ 84.829543, 27.777521 ], [ 84.830224, 27.778052 ], [ 84.830745, 27.77855 ], [ 84.831018, 27.779234 ], [ 84.831024, 27.780074 ], [ 84.83074, 27.780235 ], [ 84.830438, 27.780699 ], [ 84.829895, 27.782629 ], [ 84.829467, 27.783422 ], [ 84.829369, 27.78538 ], [ 84.829203, 27.785859 ], [ 84.828599, 27.786811 ], [ 84.828516, 27.787601 ], [ 84.828403, 27.787867 ], [ 84.82854, 27.788636 ], [ 84.828551, 27.789827 ], [ 84.829447, 27.791597 ], [ 84.830251, 27.792242 ], [ 84.831496, 27.79266 ], [ 84.832842, 27.793628 ], [ 84.833368, 27.795939 ], [ 84.833829, 27.796784 ], [ 84.834189, 27.797054 ], [ 84.835299, 27.797149 ], [ 84.835621, 27.797377 ], [ 84.835718, 27.79761 ], [ 84.835661, 27.79788 ], [ 84.835887, 27.798065 ], [ 84.836249, 27.798691 ], [ 84.83689, 27.798758 ], [ 84.837563, 27.799375 ], [ 84.837654, 27.799617 ], [ 84.837574, 27.799775 ], [ 84.8371, 27.800203 ], [ 84.836589, 27.800345 ], [ 84.835994, 27.801026 ], [ 84.835758, 27.801513 ], [ 84.835562, 27.802336 ], [ 84.835331, 27.802753 ], [ 84.834945, 27.802962 ], [ 84.833066, 27.803481 ], [ 84.832601, 27.803733 ], [ 84.831952, 27.804623 ], [ 84.832875, 27.80524 ], [ 84.833363, 27.806279 ], [ 84.833711, 27.806706 ], [ 84.834199, 27.806701 ], [ 84.834318, 27.806578 ], [ 84.834862, 27.80668 ], [ 84.835427, 27.80687 ], [ 84.835261, 27.807111 ], [ 84.83358, 27.806863 ], [ 84.833349, 27.806718 ], [ 84.83292, 27.806227 ], [ 84.832692, 27.805539 ], [ 84.831627, 27.804727 ], [ 84.831507, 27.804194 ], [ 84.831807, 27.803569 ], [ 84.832343, 27.803437 ], [ 84.832732, 27.803223 ], [ 84.83388, 27.803024 ], [ 84.834634, 27.802791 ], [ 84.835192, 27.802312 ], [ 84.835428, 27.801892 ], [ 84.835761, 27.800656 ], [ 84.836041, 27.800257 ], [ 84.83704, 27.79993 ], [ 84.837364, 27.799625 ], [ 84.83719, 27.799358 ], [ 84.836916, 27.799195 ], [ 84.835868, 27.799489 ], [ 84.834935, 27.798843 ], [ 84.834838, 27.798179 ], [ 84.835042, 27.797648 ], [ 84.835171, 27.797515 ], [ 84.834859, 27.797401 ], [ 84.834366, 27.797619 ], [ 84.833937, 27.7976 ], [ 84.833336, 27.797163 ], [ 84.832896, 27.796452 ], [ 84.832864, 27.796015 ], [ 84.832585, 27.795446 ], [ 84.832408, 27.794601 ], [ 84.832445, 27.793775 ], [ 84.831566, 27.793215 ], [ 84.829978, 27.792617 ], [ 84.828626, 27.791374 ], [ 84.828358, 27.790776 ], [ 84.82847, 27.790368 ], [ 84.828175, 27.78995 ], [ 84.827945, 27.78893 ], [ 84.828036, 27.78557 ], [ 84.829018, 27.783961 ], [ 84.829039, 27.783463 ], [ 84.829849, 27.781844 ], [ 84.829988, 27.781042 ], [ 84.83052, 27.780136 ], [ 84.830616, 27.779127 ], [ 84.829948, 27.77832 ], [ 84.82972, 27.778223 ], [ 84.829109, 27.777627 ], [ 84.828857, 27.777506 ], [ 84.828489, 27.777167 ], [ 84.827363, 27.776609 ], [ 84.827073, 27.776085 ], [ 84.826445, 27.775375 ], [ 84.826134, 27.774694 ], [ 84.825979, 27.773963 ], [ 84.825199, 27.772563 ] ] ] } },
{ "type": "Feature", "properties": { "name": null, "waterway": null }, "geometry": { "type": "Polygon", "coordinates": [ [ [ 84.731435, 27.795369 ], [ 84.732157, 27.795561 ], [ 84.733124, 27.796121 ], [ 84.733965, 27.797368 ], [ 84.734923, 27.797749 ], [ 84.736218, 27.797828 ], [ 84.736003, 27.798706 ], [ 84.734109, 27.798165 ], [ 84.73341, 27.797815 ], [ 84.732935, 27.797411 ], [ 84.732764, 27.797149 ], [ 84.732532, 27.79642 ], [ 84.732426, 27.796291 ], [ 84.732036, 27.796069 ], [ 84.731456, 27.795938 ], [ 84.731435, 27.795369 ] ] ] } },
{ "type": "Feature", "properties": { "name": null, "waterway": null }, "geometry": { "type": "Polygon", "coordinates": [ [ [ 84.689848, 27.809794 ], [ 84.690857, 27.809518 ], [ 84.692308, 27.809454 ], [ 84.693416, 27.809215 ], [ 84.694721, 27.808539 ], [ 84.695243, 27.808424 ], [ 84.6962, 27.807992 ], [ 84.696229, 27.807845 ], [ 84.696413, 27.807863 ], [ 84.696775, 27.807641 ], [ 84.696791, 27.807325 ], [ 84.697182, 27.807093 ], [ 84.697579, 27.807641 ], [ 84.697847, 27.807854 ], [ 84.699734, 27.807477 ], [ 84.701243, 27.806884 ], [ 84.701803, 27.806924 ], [ 84.701798, 27.807365 ], [ 84.703401, 27.80709 ], [ 84.704484, 27.807104 ], [ 84.705009, 27.806925 ], [ 84.705474, 27.806866 ], [ 84.705405, 27.807801 ], [ 84.702978, 27.807985 ], [ 84.702095, 27.807729 ], [ 84.701211, 27.8079 ], [ 84.700392, 27.808178 ], [ 84.699562, 27.808277 ], [ 84.698574, 27.808637 ], [ 84.697298, 27.808772 ], [ 84.693777, 27.809876 ], [ 84.693599, 27.809871 ], [ 84.693196, 27.809623 ], [ 84.692571, 27.809947 ], [ 84.69126, 27.809805 ], [ 84.689934, 27.810171 ], [ 84.689848, 27.809794 ] ] ] } },
{ "type": "Feature", "properties": { "name": null, "waterway": null }, "geometry": { "type": "Polygon", "coordinates": [ [ [ 85.138034, 27.919166 ], [ 85.138302, 27.919455 ], [ 85.138865, 27.919387 ], [ 85.138939, 27.91923 ], [ 85.138837, 27.918865 ], [ 85.139003, 27.918659 ], [ 85.139253, 27.918567 ], [ 85.139786, 27.918648 ], [ 85.140584, 27.918801 ], [ 85.141617, 27.919418 ], [ 85.141899, 27.919812 ], [ 85.141854, 27.919871 ], [ 85.141513, 27.91952 ], [ 85.140539, 27.918948 ], [ 85.139413, 27.918693 ], [ 85.13919, 27.918713 ], [ 85.138993, 27.918852 ], [ 85.139057, 27.919355 ], [ 85.13888, 27.919522 ], [ 85.138277, 27.919577 ], [ 85.138034, 27.919166 ] ] ] } },
{ "type": "Feature", "properties": { "name": null, "waterway": null }, "geometry": { "type": "Polygon", "coordinates": [ [ [ 84.705405, 27.807801 ], [ 84.705474, 27.806866 ], [ 84.70688, 27.80692 ], [ 84.707262, 27.806864 ], [ 84.707521, 27.806682 ], [ 84.707656, 27.805098 ], [ 84.707511, 27.803416 ], [ 84.707619, 27.80256 ], [ 84.707856, 27.802002 ], [ 84.70817, 27.801593 ], [ 84.708985, 27.801064 ], [ 84.711375, 27.800211 ], [ 84.712646, 27.800165 ], [ 84.714289, 27.800472 ], [ 84.714989, 27.80076 ], [ 84.715838, 27.801377 ], [ 84.716271, 27.801789 ], [ 84.717105, 27.802342 ], [ 84.717588, 27.802822 ], [ 84.717733, 27.803344 ], [ 84.717921, 27.803562 ], [ 84.718235, 27.803649 ], [ 84.718811, 27.803622 ], [ 84.719093, 27.803485 ], [ 84.719444, 27.802937 ], [ 84.720126, 27.802369 ], [ 84.720916, 27.8015 ], [ 84.72163, 27.801058 ], [ 84.722918, 27.800768 ], [ 84.723955, 27.800918 ], [ 84.72435, 27.800894 ], [ 84.725063, 27.800641 ], [ 84.725866, 27.800128 ], [ 84.72747, 27.799888 ], [ 84.7277, 27.799679 ], [ 84.727832, 27.799419 ], [ 84.728357, 27.798022 ], [ 84.728385, 27.797802 ], [ 84.728202, 27.797106 ], [ 84.728257, 27.796828 ], [ 84.728483, 27.796482 ], [ 84.72913, 27.795987 ], [ 84.730049, 27.795472 ], [ 84.730708, 27.795306 ], [ 84.731435, 27.795369 ], [ 84.731456, 27.795938 ], [ 84.7307, 27.795879 ], [ 84.730361, 27.795945 ], [ 84.730079, 27.796086 ], [ 84.72962, 27.796521 ], [ 84.728812, 27.79896 ], [ 84.728245, 27.799975 ], [ 84.727847, 27.800192 ], [ 84.727334, 27.800822 ], [ 84.727006, 27.800901 ], [ 84.726804, 27.800625 ], [ 84.726591, 27.800556 ], [ 84.724938, 27.801248 ], [ 84.723373, 27.801423 ], [ 84.722763, 27.801598 ], [ 84.721897, 27.801612 ], [ 84.721285, 27.801769 ], [ 84.720697, 27.80238 ], [ 84.720091, 27.803465 ], [ 84.719044, 27.804125 ], [ 84.718628, 27.804163 ], [ 84.717554, 27.803932 ], [ 84.717295, 27.803703 ], [ 84.71696, 27.802965 ], [ 84.716806, 27.80281 ], [ 84.714219, 27.801237 ], [ 84.713179, 27.800852 ], [ 84.71264, 27.800751 ], [ 84.711954, 27.800813 ], [ 84.709515, 27.8016 ], [ 84.709079, 27.802001 ], [ 84.708562, 27.802179 ], [ 84.70827, 27.802649 ], [ 84.708311, 27.803058 ], [ 84.708711, 27.80379 ], [ 84.708909, 27.805952 ], [ 84.708836, 27.806301 ], [ 84.708325, 27.806907 ], [ 84.708299, 27.807579 ], [ 84.708056, 27.807651 ], [ 84.707023, 27.807519 ], [ 84.706435, 27.807727 ], [ 84.705405, 27.807801 ] ] ] } },
{ "type": "Feature", "properties": { "name": null, "waterway": null }, "geometry": { "type": "Polygon", "coordinates": [ [ [ 84.736003, 27.798706 ], [ 84.736218, 27.797828 ], [ 84.736669, 27.798092 ], [ 84.737458, 27.799 ], [ 84.73784, 27.799962 ], [ 84.737698, 27.800125 ], [ 84.737738, 27.800294 ], [ 84.737575, 27.801085 ], [ 84.738171, 27.802958 ], [ 84.738404, 27.803478 ], [ 84.738615, 27.803679 ], [ 84.739243, 27.804019 ], [ 84.739871, 27.804163 ], [ 84.740857, 27.804036 ], [ 84.741942, 27.804005 ], [ 84.743001, 27.803728 ], [ 84.743926, 27.803695 ], [ 84.744471, 27.803778 ], [ 84.744786, 27.80387 ], [ 84.745591, 27.80435 ], [ 84.746556, 27.80531 ], [ 84.747304, 27.805544 ], [ 84.747622, 27.805556 ], [ 84.748403, 27.805407 ], [ 84.749857, 27.804728 ], [ 84.75014, 27.804729 ], [ 84.750431, 27.804612 ], [ 84.750926, 27.804669 ], [ 84.751765, 27.804929 ], [ 84.752385, 27.805012 ], [ 84.752973, 27.805236 ], [ 84.754416, 27.806244 ], [ 84.755992, 27.807733 ], [ 84.757177, 27.809442 ], [ 84.75725, 27.80975 ], [ 84.75722, 27.810473 ], [ 84.757381, 27.810827 ], [ 84.757464, 27.811539 ], [ 84.757356, 27.811629 ], [ 84.757215, 27.812099 ], [ 84.757084, 27.812835 ], [ 84.757199, 27.813638 ], [ 84.757503, 27.814248 ], [ 84.757947, 27.814818 ], [ 84.758172, 27.814981 ], [ 84.758687, 27.815142 ], [ 84.759305, 27.81518 ], [ 84.759487, 27.815272 ], [ 84.760572, 27.81666 ], [ 84.761723, 27.817726 ], [ 84.762131, 27.817959 ], [ 84.761784, 27.818649 ], [ 84.760117, 27.817629 ], [ 84.7597, 27.81682 ], [ 84.758625, 27.815831 ], [ 84.757085, 27.815043 ], [ 84.756499, 27.814577 ], [ 84.75604, 27.813506 ], [ 84.756408, 27.812383 ], [ 84.756164, 27.809763 ], [ 84.755971, 27.809231 ], [ 84.755205, 27.808224 ], [ 84.753893, 27.807419 ], [ 84.752143, 27.805978 ], [ 84.751066, 27.8055 ], [ 84.750483, 27.80543 ], [ 84.749772, 27.805481 ], [ 84.749186, 27.805733 ], [ 84.74769, 27.806153 ], [ 84.74724, 27.806203 ], [ 84.746578, 27.806031 ], [ 84.746157, 27.805831 ], [ 84.744957, 27.804869 ], [ 84.743821, 27.804634 ], [ 84.743111, 27.80457 ], [ 84.740348, 27.804908 ], [ 84.73827, 27.804641 ], [ 84.737923, 27.80398 ], [ 84.737409, 27.80356 ], [ 84.736938, 27.802834 ], [ 84.736807, 27.802202 ], [ 84.736589, 27.801876 ], [ 84.736657, 27.801661 ], [ 84.73656, 27.801544 ], [ 84.736533, 27.800385 ], [ 84.736811, 27.799877 ], [ 84.736725, 27.799344 ], [ 84.736573, 27.799087 ], [ 84.736003, 27.798706 ] ] ] } },
{ "type": "Feature", "properties": { "name": null, "waterway": null }, "geometry": { "type": "Polygon", "coordinates": [ [ [ 85.136132, 27.9105 ], [ 85.136596, 27.908844 ], [ 85.13649, 27.908481 ], [ 85.136598, 27.90831 ], [ 85.136721, 27.908905 ], [ 85.136307, 27.910294 ], [ 85.136234, 27.910476 ], [ 85.136132, 27.9105 ] ] ] } },
{ "type": "Feature", "properties": { "name": null, "waterway": null }, "geometry": { "type": "Polygon", "coordinates": [ [ [ 85.107175, 27.858994 ], [ 85.107992, 27.858496 ], [ 85.108757, 27.858662 ], [ 85.108927, 27.858637 ], [ 85.109722, 27.858243 ], [ 85.110044, 27.858172 ], [ 85.110435, 27.858258 ], [ 85.110676, 27.858594 ], [ 85.111261, 27.85858 ], [ 85.111873, 27.858694 ], [ 85.112087, 27.858575 ], [ 85.112763, 27.857708 ], [ 85.112999, 27.857267 ], [ 85.113369, 27.857115 ], [ 85.114019, 27.857162 ], [ 85.114839, 27.857489 ], [ 85.115663, 27.857439 ], [ 85.115703, 27.857574 ], [ 85.114721, 27.857674 ], [ 85.113734, 27.857395 ], [ 85.11358, 27.857253 ], [ 85.113412, 27.857257 ], [ 85.113093, 27.857428 ], [ 85.113026, 27.85786 ], [ 85.112801, 27.858163 ], [ 85.112624, 27.858609 ], [ 85.112436, 27.858822 ], [ 85.112077, 27.858936 ], [ 85.111846, 27.858936 ], [ 85.111331, 27.858756 ], [ 85.110821, 27.858798 ], [ 85.110194, 27.858472 ], [ 85.109727, 27.858448 ], [ 85.109196, 27.858808 ], [ 85.108735, 27.858969 ], [ 85.108038, 27.859045 ], [ 85.107266, 27.85924 ], [ 85.107175, 27.858994 ] ] ] } },
{ "type": "Feature", "properties": { "name": null, "waterway": null }, "geometry": { "type": "Polygon", "coordinates": [ [ [ 85.010162, 27.806772 ], [ 85.010973, 27.8058 ], [ 85.012446, 27.806352 ], [ 85.013739, 27.806962 ], [ 85.014188, 27.807241 ], [ 85.014526, 27.807585 ], [ 85.014645, 27.807935 ], [ 85.014656, 27.808433 ], [ 85.014488, 27.809344 ], [ 85.013778, 27.809724 ], [ 85.013256, 27.809754 ], [ 85.012962, 27.80989 ], [ 85.012796, 27.810095 ], [ 85.012355, 27.811042 ], [ 85.012232, 27.811704 ], [ 85.012298, 27.81222 ], [ 85.012438, 27.812402 ], [ 85.013044, 27.812746 ], [ 85.013548, 27.813899 ], [ 85.014291, 27.814727 ], [ 85.014989, 27.815749 ], [ 85.014554, 27.816006 ], [ 85.013666, 27.814673 ], [ 85.012363, 27.813453 ], [ 85.012191, 27.813161 ], [ 85.011762, 27.811574 ], [ 85.011665, 27.810179 ], [ 85.011713, 27.809828 ], [ 85.012008, 27.809536 ], [ 85.012175, 27.809441 ], [ 85.012792, 27.809342 ], [ 85.013277, 27.808732 ], [ 85.013642, 27.808744 ], [ 85.014082, 27.808578 ], [ 85.014185, 27.808402 ], [ 85.014074, 27.80791 ], [ 85.013676, 27.807477 ], [ 85.012927, 27.807196 ], [ 85.012639, 27.807233 ], [ 85.012357, 27.807775 ], [ 85.012265, 27.80781 ], [ 85.011196, 27.807223 ], [ 85.010162, 27.806772 ] ], [ [ 85.01063, 27.806614 ], [ 85.010662, 27.806787 ], [ 85.01118, 27.806941 ], [ 85.011742, 27.807224 ], [ 85.012014, 27.807233 ], [ 85.012183, 27.807078 ], [ 85.012188, 27.806998 ], [ 85.012038, 27.806872 ], [ 85.01148, 27.806666 ], [ 85.010922, 27.806576 ], [ 85.01063, 27.806614 ] ], [ [ 85.011888, 27.807431 ], [ 85.01214, 27.807546 ], [ 85.012359, 27.807188 ], [ 85.012144, 27.807181 ], [ 85.011888, 27.807431 ] ] ] } },
{ "type": "Feature", "properties": { "name": null, "waterway": null }, "geometry": { "type": "Polygon", "coordinates": [ [ [ 85.013778, 27.809724 ], [ 85.013991, 27.809584 ], [ 85.01495, 27.810075 ], [ 85.015343, 27.809873 ], [ 85.016356, 27.80988 ], [ 85.018019, 27.810229 ], [ 85.018371, 27.810381 ], [ 85.018516, 27.81059 ], [ 85.018464, 27.81076 ], [ 85.018513, 27.811017 ], [ 85.018408, 27.811398 ], [ 85.018147, 27.811809 ], [ 85.01818, 27.811944 ], [ 85.018539, 27.812219 ], [ 85.019435, 27.812255 ], [ 85.01981, 27.812388 ], [ 85.019904, 27.812352 ], [ 85.020264, 27.81259 ], [ 85.020541, 27.813206 ], [ 85.020548, 27.814044 ], [ 85.020771, 27.814212 ], [ 85.02094, 27.814162 ], [ 85.021222, 27.813838 ], [ 85.021632, 27.813911 ], [ 85.022182, 27.814184 ], [ 85.022627, 27.814601 ], [ 85.023459, 27.815024 ], [ 85.023797, 27.814824 ], [ 85.024008, 27.814124 ], [ 85.024169, 27.813968 ], [ 85.024197, 27.813698 ], [ 85.02436, 27.813389 ], [ 85.024588, 27.813278 ], [ 85.025054, 27.813306 ], [ 85.025295, 27.813474 ], [ 85.025412, 27.813904 ], [ 85.025401, 27.814369 ], [ 85.025221, 27.814673 ], [ 85.02525, 27.814755 ], [ 85.02558, 27.81485 ], [ 85.026439, 27.814893 ], [ 85.026677, 27.815014 ], [ 85.026962, 27.816132 ], [ 85.027237, 27.816513 ], [ 85.027541, 27.816672 ], [ 85.028107, 27.816566 ], [ 85.028408, 27.816369 ], [ 85.029328, 27.815493 ], [ 85.029869, 27.815318 ], [ 85.031381, 27.815313 ], [ 85.032463, 27.815149 ], [ 85.033166, 27.814953 ], [ 85.033589, 27.814936 ], [ 85.033852, 27.814971 ], [ 85.034789, 27.815527 ], [ 85.035713, 27.815446 ], [ 85.036489, 27.815579 ], [ 85.036862, 27.815538 ], [ 85.036999, 27.815437 ], [ 85.037197, 27.814896 ], [ 85.037329, 27.814749 ], [ 85.037739, 27.814639 ], [ 85.038149, 27.814801 ], [ 85.038935, 27.815446 ], [ 85.039627, 27.815697 ], [ 85.040121, 27.81598 ], [ 85.041051, 27.817393 ], [ 85.041172, 27.817508 ], [ 85.041489, 27.817605 ], [ 85.041588, 27.817574 ], [ 85.041639, 27.817166 ], [ 85.04103, 27.816449 ], [ 85.040848, 27.815873 ], [ 85.041207, 27.815142 ], [ 85.041507, 27.814246 ], [ 85.04158, 27.813897 ], [ 85.041495, 27.81346 ], [ 85.041545, 27.813102 ], [ 85.041944, 27.812651 ], [ 85.042226, 27.812462 ], [ 85.042357, 27.812579 ], [ 85.042331, 27.812654 ], [ 85.041772, 27.813244 ], [ 85.041703, 27.813522 ], [ 85.041736, 27.814032 ], [ 85.041577, 27.814891 ], [ 85.041271, 27.815465 ], [ 85.041172, 27.816136 ], [ 85.041306, 27.816492 ], [ 85.04192, 27.817185 ], [ 85.041885, 27.817657 ], [ 85.041738, 27.817816 ], [ 85.041422, 27.817875 ], [ 85.040923, 27.817685 ], [ 85.040349, 27.81705 ], [ 85.040274, 27.816722 ], [ 85.039957, 27.816167 ], [ 85.038653, 27.815505 ], [ 85.038042, 27.814979 ], [ 85.037693, 27.814879 ], [ 85.037565, 27.814945 ], [ 85.037363, 27.815358 ], [ 85.037149, 27.815565 ], [ 85.036717, 27.815747 ], [ 85.03543, 27.815659 ], [ 85.03451, 27.81569 ], [ 85.033847, 27.815268 ], [ 85.03337, 27.815126 ], [ 85.032444, 27.815361 ], [ 85.030628, 27.815605 ], [ 85.029588, 27.815576 ], [ 85.029309, 27.81578 ], [ 85.028901, 27.816305 ], [ 85.028166, 27.816929 ], [ 85.027946, 27.817007 ], [ 85.027595, 27.816969 ], [ 85.026956, 27.816627 ], [ 85.026551, 27.815477 ], [ 85.026246, 27.815107 ], [ 85.025054, 27.814867 ], [ 85.025071, 27.814497 ], [ 85.025234, 27.814129 ], [ 85.025031, 27.813728 ], [ 85.024433, 27.813667 ], [ 85.024095, 27.814393 ], [ 85.023998, 27.814848 ], [ 85.023746, 27.815221 ], [ 85.023322, 27.815187 ], [ 85.022431, 27.814732 ], [ 85.021932, 27.814217 ], [ 85.021565, 27.814025 ], [ 85.021278, 27.814027 ], [ 85.021007, 27.814407 ], [ 85.020594, 27.81439 ], [ 85.020388, 27.814212 ], [ 85.02028, 27.81398 ], [ 85.020278, 27.813392 ], [ 85.020195, 27.813043 ], [ 85.02006, 27.812848 ], [ 85.019457, 27.812594 ], [ 85.017936, 27.812381 ], [ 85.017639, 27.812148 ], [ 85.017604, 27.811978 ], [ 85.017719, 27.811783 ], [ 85.018049, 27.811515 ], [ 85.018194, 27.81129 ], [ 85.018081, 27.810718 ], [ 85.017848, 27.81044 ], [ 85.016072, 27.810089 ], [ 85.015409, 27.810206 ], [ 85.014771, 27.810198 ], [ 85.013778, 27.809724 ] ] ] } },
{ "type": "Feature", "properties": { "name": null, "waterway": null }, "geometry": { "type": "Polygon", "coordinates": [ [ [ 85.014554, 27.816006 ], [ 85.014989, 27.815749 ], [ 85.015917, 27.817791 ], [ 85.016625, 27.818601 ], [ 85.017209, 27.818927 ], [ 85.017388, 27.819108 ], [ 85.017191, 27.819486 ], [ 85.017314, 27.819819 ], [ 85.017703, 27.820139 ], [ 85.017708, 27.820431 ], [ 85.017464, 27.820356 ], [ 85.017432, 27.820438 ], [ 85.017687, 27.821556 ], [ 85.016869, 27.821766 ], [ 85.015965, 27.820966 ], [ 85.015544, 27.820515 ], [ 85.015434, 27.820124 ], [ 85.015415, 27.819666 ], [ 85.015165, 27.818952 ], [ 85.015283, 27.818511 ], [ 85.015176, 27.817923 ], [ 85.014755, 27.816883 ], [ 85.014554, 27.816006 ] ], [ [ 85.015225, 27.817783 ], [ 85.015651, 27.820451 ], [ 85.015884, 27.820862 ], [ 85.016839, 27.821633 ], [ 85.016896, 27.821267 ], [ 85.01685, 27.820487 ], [ 85.016558, 27.818962 ], [ 85.015364, 27.817754 ], [ 85.015225, 27.817783 ] ] ] } },
{ "type": "Feature", "properties": { "name": null, "waterway": null }, "geometry": { "type": "Polygon", "coordinates": [ [ [ 85.152357, 27.934785 ], [ 85.152663, 27.934368 ], [ 85.153066, 27.9346 ], [ 85.15276, 27.935016 ], [ 85.152357, 27.934785 ] ] ] } },
{ "type": "Feature", "properties": { "name": null, "waterway": null }, "geometry": { "type": "Polygon", "coordinates": [ [ [ 84.95863, 27.817416 ], [ 84.959299, 27.817325 ], [ 84.961155, 27.816563 ], [ 84.961779, 27.816433 ], [ 84.962111, 27.816255 ], [ 84.962852, 27.815598 ], [ 84.963266, 27.815135 ], [ 84.963839, 27.814172 ], [ 84.964147, 27.813216 ], [ 84.964351, 27.812148 ], [ 84.964767, 27.811548 ], [ 84.964777, 27.811325 ], [ 84.964402, 27.810943 ], [ 84.964413, 27.810796 ], [ 84.964584, 27.810575 ], [ 84.965038, 27.810293 ], [ 84.965518, 27.810035 ], [ 84.965673, 27.810023 ], [ 84.966596, 27.810208 ], [ 84.966915, 27.810466 ], [ 84.967293, 27.811095 ], [ 84.967835, 27.811396 ], [ 84.968015, 27.811864 ], [ 84.968278, 27.8118 ], [ 84.96904, 27.811019 ], [ 84.969101, 27.810756 ], [ 84.968755, 27.810084 ], [ 84.968704, 27.809823 ], [ 84.968782, 27.808724 ], [ 84.968946, 27.807975 ], [ 84.968917, 27.806585 ], [ 84.970316, 27.805387 ], [ 84.971766, 27.80493 ], [ 84.971553, 27.803679 ], [ 84.971159, 27.803029 ], [ 84.971446, 27.802694 ], [ 84.971464, 27.802284 ], [ 84.971588, 27.802018 ], [ 84.972231, 27.801687 ], [ 84.972993, 27.801641 ], [ 84.973996, 27.801335 ], [ 84.97571, 27.801403 ], [ 84.977258, 27.801249 ], [ 84.977609, 27.80133 ], [ 84.978414, 27.801766 ], [ 84.978907, 27.801902 ], [ 84.979526, 27.801771 ], [ 84.980664, 27.802182 ], [ 84.981166, 27.802172 ], [ 84.981616, 27.802039 ], [ 84.981925, 27.802253 ], [ 84.982467, 27.802426 ], [ 84.984229, 27.803788 ], [ 84.986104, 27.804912 ], [ 84.986745, 27.805164 ], [ 84.987595, 27.805209 ], [ 84.988368, 27.805036 ], [ 84.989416, 27.80454 ], [ 84.989752, 27.80389 ], [ 84.989989, 27.803793 ], [ 84.99034, 27.803435 ], [ 84.990402, 27.80279 ], [ 84.990673, 27.802604 ], [ 84.991056, 27.802696 ], [ 84.991508, 27.803075 ], [ 84.99166, 27.803116 ], [ 84.993103, 27.803115 ], [ 84.994349, 27.803299 ], [ 84.994838, 27.803276 ], [ 84.997278, 27.803007 ], [ 84.998002, 27.802855 ], [ 84.999466, 27.802267 ], [ 85.001308, 27.80194 ], [ 85.001357, 27.8023 ], [ 85.000824, 27.802478 ], [ 85.000505, 27.802457 ], [ 84.999153, 27.802884 ], [ 84.998753, 27.803055 ], [ 84.998037, 27.803558 ], [ 84.997605, 27.803707 ], [ 84.997034, 27.803648 ], [ 84.996157, 27.803821 ], [ 84.994856, 27.803762 ], [ 84.994287, 27.803899 ], [ 84.994078, 27.804115 ], [ 84.993823, 27.804217 ], [ 84.991506, 27.803522 ], [ 84.990806, 27.803536 ], [ 84.990658, 27.803695 ], [ 84.990527, 27.804037 ], [ 84.990538, 27.804699 ], [ 84.989795, 27.805299 ], [ 84.989178, 27.80565 ], [ 84.988534, 27.805814 ], [ 84.9876, 27.805899 ], [ 84.986584, 27.805785 ], [ 84.98608, 27.805646 ], [ 84.984449, 27.804934 ], [ 84.984057, 27.804654 ], [ 84.983789, 27.804224 ], [ 84.983317, 27.803726 ], [ 84.982826, 27.803558 ], [ 84.982021, 27.802853 ], [ 84.981541, 27.80258 ], [ 84.980584, 27.802488 ], [ 84.980147, 27.802673 ], [ 84.979768, 27.802644 ], [ 84.978524, 27.802132 ], [ 84.977113, 27.801735 ], [ 84.975015, 27.801873 ], [ 84.973361, 27.802236 ], [ 84.972639, 27.802521 ], [ 84.971998, 27.802915 ], [ 84.972154, 27.80351 ], [ 84.97254, 27.804027 ], [ 84.972567, 27.804834 ], [ 84.972387, 27.805192 ], [ 84.970598, 27.80613 ], [ 84.969825, 27.806673 ], [ 84.969565, 27.80696 ], [ 84.969482, 27.807223 ], [ 84.969686, 27.807724 ], [ 84.969855, 27.809952 ], [ 84.969474, 27.810912 ], [ 84.968978, 27.811736 ], [ 84.968581, 27.812229 ], [ 84.968313, 27.812367 ], [ 84.9678, 27.812324 ], [ 84.967347, 27.812063 ], [ 84.96709, 27.811719 ], [ 84.966416, 27.811482 ], [ 84.96577, 27.811074 ], [ 84.965353, 27.811011 ], [ 84.965286, 27.811147 ], [ 84.965415, 27.811534 ], [ 84.965357, 27.812208 ], [ 84.964845, 27.814041 ], [ 84.963664, 27.815742 ], [ 84.962296, 27.816952 ], [ 84.961948, 27.817152 ], [ 84.961521, 27.817223 ], [ 84.960025, 27.818046 ], [ 84.959504, 27.818214 ], [ 84.95936, 27.818288 ], [ 84.959198, 27.818524 ], [ 84.95863, 27.818646 ], [ 84.95863, 27.817416 ] ] ] } },
{ "type": "Feature", "properties": { "name": null, "waterway": null }, "geometry": { "type": "Polygon", "coordinates": [ [ [ 85.204966, 28.067409 ], [ 85.205097, 28.066556 ], [ 85.205274, 28.066143 ], [ 85.205666, 28.065653 ], [ 85.206055, 28.065333 ], [ 85.206175, 28.064981 ], [ 85.206425, 28.06521 ], [ 85.206413, 28.06529 ], [ 85.205636, 28.06624 ], [ 85.205418, 28.066661 ], [ 85.205327, 28.066953 ], [ 85.205348, 28.067697 ], [ 85.205471, 28.067864 ], [ 85.206, 28.068121 ], [ 85.20629, 28.068358 ], [ 85.207382, 28.069568 ], [ 85.208057, 28.070158 ], [ 85.208249, 28.070442 ], [ 85.20845, 28.070808 ], [ 85.208478, 28.071947 ], [ 85.208692, 28.073053 ], [ 85.209762, 28.074421 ], [ 85.209954, 28.074511 ], [ 85.210977, 28.074531 ], [ 85.211305, 28.074638 ], [ 85.211924, 28.074939 ], [ 85.212636, 28.075603 ], [ 85.215135, 28.076834 ], [ 85.215732, 28.07738 ], [ 85.216522, 28.077746 ], [ 85.217892, 28.079201 ], [ 85.218609, 28.079764 ], [ 85.219364, 28.080695 ], [ 85.219746, 28.08091 ], [ 85.220815, 28.081198 ], [ 85.221434, 28.081539 ], [ 85.22195, 28.081889 ], [ 85.222119, 28.082327 ], [ 85.222311, 28.082498 ], [ 85.223769, 28.08299 ], [ 85.224702, 28.08369 ], [ 85.225255, 28.083964 ], [ 85.226891, 28.084594 ], [ 85.229107, 28.085181 ], [ 85.229192, 28.085323 ], [ 85.229042, 28.08573 ], [ 85.229085, 28.086157 ], [ 85.229384, 28.086375 ], [ 85.229579, 28.086636 ], [ 85.229702, 28.087202 ], [ 85.230364, 28.087585 ], [ 85.23148, 28.089071 ], [ 85.2328, 28.089648 ], [ 85.235581, 28.090519 ], [ 85.239101, 28.091215 ], [ 85.241045, 28.091418 ], [ 85.243236, 28.092301 ], [ 85.243539, 28.092329 ], [ 85.2444, 28.092121 ], [ 85.244733, 28.092161 ], [ 85.244889, 28.092228 ], [ 85.244886, 28.092807 ], [ 85.242442, 28.09258 ], [ 85.241581, 28.092268 ], [ 85.241096, 28.091769 ], [ 85.240656, 28.091624 ], [ 85.240042, 28.091556 ], [ 85.23751, 28.091596 ], [ 85.236585, 28.091423 ], [ 85.234024, 28.090425 ], [ 85.233082, 28.089975 ], [ 85.232636, 28.089937 ], [ 85.232242, 28.089682 ], [ 85.231488, 28.089561 ], [ 85.231362, 28.089382 ], [ 85.230963, 28.089111 ], [ 85.230621, 28.088583 ], [ 85.230296, 28.08833 ], [ 85.229915, 28.088168 ], [ 85.229284, 28.088153 ], [ 85.228238, 28.087321 ], [ 85.228181, 28.087128 ], [ 85.22839, 28.086693 ], [ 85.228317, 28.08647 ], [ 85.228586, 28.08648 ], [ 85.228967, 28.086853 ], [ 85.229191, 28.086669 ], [ 85.22915, 28.086527 ], [ 85.228825, 28.086325 ], [ 85.228771, 28.085751 ], [ 85.228471, 28.085342 ], [ 85.228004, 28.085316 ], [ 85.227248, 28.085084 ], [ 85.226518, 28.084994 ], [ 85.225995, 28.084537 ], [ 85.225102, 28.084206 ], [ 85.223501, 28.083229 ], [ 85.221899, 28.082554 ], [ 85.221562, 28.082043 ], [ 85.221272, 28.08183 ], [ 85.220465, 28.081432 ], [ 85.219008, 28.080891 ], [ 85.21808, 28.079886 ], [ 85.2174, 28.079383 ], [ 85.217156, 28.078831 ], [ 85.216968, 28.078617 ], [ 85.214904, 28.077186 ], [ 85.212699, 28.076039 ], [ 85.211122, 28.075088 ], [ 85.20971, 28.074806 ], [ 85.209364, 28.074636 ], [ 85.20927, 28.074363 ], [ 85.209094, 28.074277 ], [ 85.20839, 28.073251 ], [ 85.208223, 28.07266 ], [ 85.208248, 28.072458 ], [ 85.20817, 28.072249 ], [ 85.208223, 28.07208 ], [ 85.208081, 28.071753 ], [ 85.208085, 28.071136 ], [ 85.207834, 28.07027 ], [ 85.207033, 28.069822 ], [ 85.206894, 28.069598 ], [ 85.205876, 28.069211 ], [ 85.205318, 28.068898 ], [ 85.205125, 28.068527 ], [ 85.205098, 28.067857 ], [ 85.204966, 28.067409 ] ], [ [ 85.205395, 28.068232 ], [ 85.205534, 28.068434 ], [ 85.205769, 28.06845 ], [ 85.205858, 28.068378 ], [ 85.2058, 28.068233 ], [ 85.205525, 28.068041 ], [ 85.205403, 28.068062 ], [ 85.205395, 28.068232 ] ], [ [ 85.20548, 28.068509 ], [ 85.205657, 28.068738 ], [ 85.206371, 28.069145 ], [ 85.206577, 28.069108 ], [ 85.206384, 28.068814 ], [ 85.205967, 28.068492 ], [ 85.20548, 28.068509 ] ], [ [ 85.228521, 28.086649 ], [ 85.228431, 28.087236 ], [ 85.228991, 28.08768 ], [ 85.229438, 28.087901 ], [ 85.229896, 28.088005 ], [ 85.230213, 28.088199 ], [ 85.230385, 28.088209 ], [ 85.230366, 28.088079 ], [ 85.22995, 28.087735 ], [ 85.229526, 28.087727 ], [ 85.229254, 28.087554 ], [ 85.228719, 28.086844 ], [ 85.228671, 28.086654 ], [ 85.228521, 28.086649 ] ] ] } },
{ "type": "Feature", "properties": { "name": null, "waterway": null }, "geometry": { "type": "Polygon", "coordinates": [ [ [ 85.27833, 28.111008 ], [ 85.278455, 28.1107 ], [ 85.279011, 28.110968 ], [ 85.279572, 28.111693 ], [ 85.280051, 28.112003 ], [ 85.281821, 28.113465 ], [ 85.282539, 28.114456 ], [ 85.282721, 28.114936 ], [ 85.282822, 28.115808 ], [ 85.282907, 28.116002 ], [ 85.283128, 28.1162 ], [ 85.283784, 28.116415 ], [ 85.284286, 28.116827 ], [ 85.284876, 28.117075 ], [ 85.285462, 28.1175 ], [ 85.286102, 28.117826 ], [ 85.287928, 28.118534 ], [ 85.288299, 28.118933 ], [ 85.288889, 28.119923 ], [ 85.28949, 28.120327 ], [ 85.290245, 28.12066 ], [ 85.290822, 28.121078 ], [ 85.291369, 28.122143 ], [ 85.292652, 28.122516 ], [ 85.293047, 28.122715 ], [ 85.293431, 28.123195 ], [ 85.293934, 28.12406 ], [ 85.294679, 28.124814 ], [ 85.295552, 28.125423 ], [ 85.296314, 28.125642 ], [ 85.296901, 28.126104 ], [ 85.297558, 28.12641 ], [ 85.297982, 28.127008 ], [ 85.298123, 28.127289 ], [ 85.298127, 28.127502 ], [ 85.297878, 28.127374 ], [ 85.297452, 28.126634 ], [ 85.296884, 28.12639 ], [ 85.296528, 28.125962 ], [ 85.295568, 28.125599 ], [ 85.294335, 28.124984 ], [ 85.294156, 28.12469 ], [ 85.293649, 28.124204 ], [ 85.293141, 28.123174 ], [ 85.292037, 28.122604 ], [ 85.291461, 28.122484 ], [ 85.291211, 28.122345 ], [ 85.290918, 28.122032 ], [ 85.290556, 28.121314 ], [ 85.290323, 28.121045 ], [ 85.289916, 28.120807 ], [ 85.289074, 28.120493 ], [ 85.288759, 28.120228 ], [ 85.288455, 28.119609 ], [ 85.287645, 28.118637 ], [ 85.285237, 28.117731 ], [ 85.284032, 28.116908 ], [ 85.28283, 28.116295 ], [ 85.282604, 28.116006 ], [ 85.28212, 28.114457 ], [ 85.280696, 28.112899 ], [ 85.279206, 28.111846 ], [ 85.278577, 28.11105 ], [ 85.27833, 28.111008 ] ] ] } },
{ "type": "Feature", "properties": { "name": null, "waterway": "dam" }, "geometry": { "type": "Polygon", "coordinates": [ [ [ 85.377042, 28.274161 ], [ 85.377317, 28.274152 ], [ 85.377311, 28.274218 ], [ 85.377046, 28.274234 ], [ 85.377042, 28.274161 ] ] ] } },
{ "type": "Feature", "properties": { "name": null, "waterway": null }, "geometry": { "type": "Polygon", "coordinates": [ [ [ 85.152721, 27.935962 ], [ 85.152787, 27.935807 ], [ 85.152818, 27.935819 ], [ 85.152721, 27.935962 ] ] ] } },
{ "type": "Feature", "properties": { "name": null, "waterway": null }, "geometry": { "type": "Polygon", "coordinates": [ [ [ 85.153082, 27.936191 ], [ 85.153145, 27.936049 ], [ 85.153176, 27.936062 ], [ 85.153082, 27.936191 ] ] ] } },
{ "type": "Feature", "properties": { "name": null, "waterway": null }, "geometry": { "type": "Polygon", "coordinates": [ [ [ 85.153866, 27.935949 ], [ 85.154104, 27.935658 ], [ 85.15428, 27.935771 ], [ 85.154042, 27.936062 ], [ 85.153866, 27.935949 ] ] ] } },
{ "type": "Feature", "properties": { "name": null, "waterway": null }, "geometry": { "type": "Polygon", "coordinates": [ [ [ 85.148925, 27.929026 ], [ 85.149173, 27.929004 ], [ 85.149896, 27.930753 ], [ 85.15, 27.931214 ], [ 85.149978, 27.931759 ], [ 85.150067, 27.932457 ], [ 85.15034, 27.933116 ], [ 85.150723, 27.933598 ], [ 85.151088, 27.933627 ], [ 85.151621, 27.933274 ], [ 85.151933, 27.932928 ], [ 85.152328, 27.932165 ], [ 85.152546, 27.931934 ], [ 85.152967, 27.931716 ], [ 85.153546, 27.931568 ], [ 85.154049, 27.931536 ], [ 85.154545, 27.93166 ], [ 85.15501, 27.931987 ], [ 85.155413, 27.932474 ], [ 85.155638, 27.932919 ], [ 85.155545, 27.933355 ], [ 85.155693, 27.933887 ], [ 85.155756, 27.935093 ], [ 85.156219, 27.936267 ], [ 85.156006, 27.936352 ], [ 85.155519, 27.935448 ], [ 85.155405, 27.934943 ], [ 85.155119, 27.934301 ], [ 85.155121, 27.934037 ], [ 85.154906, 27.933192 ], [ 85.15441, 27.932372 ], [ 85.154112, 27.932108 ], [ 85.153655, 27.932046 ], [ 85.153187, 27.932256 ], [ 85.152693, 27.932657 ], [ 85.15232, 27.933117 ], [ 85.152063, 27.933214 ], [ 85.151657, 27.933656 ], [ 85.151679, 27.933847 ], [ 85.151431, 27.93389 ], [ 85.151215, 27.934128 ], [ 85.150844, 27.934127 ], [ 85.150356, 27.933881 ], [ 85.149929, 27.933509 ], [ 85.149791, 27.933224 ], [ 85.149921, 27.93276 ], [ 85.149765, 27.932026 ], [ 85.149472, 27.931784 ], [ 85.149638, 27.931455 ], [ 85.149616, 27.931109 ], [ 85.149051, 27.930082 ], [ 85.149108, 27.92998 ], [ 85.149377, 27.930133 ], [ 85.149407, 27.929971 ], [ 85.149317, 27.929709 ], [ 85.149053, 27.929406 ], [ 85.148925, 27.929026 ] ] ] } },
{ "type": "Feature", "properties": { "name": null, "waterway": null }, "geometry": { "type": "Polygon", "coordinates": [ [ [ 84.809187, 27.816847 ], [ 84.810436, 27.815106 ], [ 84.811779, 27.81423 ], [ 84.812329, 27.813781 ], [ 84.813354, 27.813568 ], [ 84.814475, 27.813477 ], [ 84.814943, 27.813301 ], [ 84.815709, 27.812464 ], [ 84.815906, 27.811897 ], [ 84.815987, 27.811131 ], [ 84.81671, 27.809329 ], [ 84.81691, 27.808612 ], [ 84.817735, 27.807681 ], [ 84.818711, 27.807344 ], [ 84.819754, 27.80743 ], [ 84.820573, 27.807376 ], [ 84.821057, 27.807472 ], [ 84.823127, 27.80845 ], [ 84.823439, 27.808706 ], [ 84.823494, 27.808882 ], [ 84.823433, 27.809616 ], [ 84.823023, 27.810865 ], [ 84.822691, 27.811173 ], [ 84.822139, 27.81274 ], [ 84.822339, 27.813614 ], [ 84.82275, 27.814607 ], [ 84.823321, 27.816787 ], [ 84.8237, 27.817511 ], [ 84.824307, 27.818066 ], [ 84.824861, 27.818423 ], [ 84.826042, 27.81888 ], [ 84.826621, 27.818956 ], [ 84.828144, 27.818776 ], [ 84.829762, 27.818325 ], [ 84.830654, 27.817889 ], [ 84.831151, 27.817277 ], [ 84.831722, 27.81674 ], [ 84.832394, 27.816347 ], [ 84.832801, 27.816012 ], [ 84.833364, 27.814355 ], [ 84.834427, 27.812365 ], [ 84.834606, 27.810924 ], [ 84.835018, 27.810293 ], [ 84.834757, 27.809644 ], [ 84.834857, 27.809375 ], [ 84.834822, 27.809209 ], [ 84.835283, 27.808447 ], [ 84.83562, 27.808343 ], [ 84.835522, 27.807589 ], [ 84.835351, 27.807153 ], [ 84.835498, 27.806936 ], [ 84.836325, 27.808044 ], [ 84.836493, 27.80806 ], [ 84.837083, 27.807334 ], [ 84.837479, 27.807105 ], [ 84.837912, 27.807375 ], [ 84.837627, 27.807562 ], [ 84.837249, 27.808196 ], [ 84.836748, 27.808561 ], [ 84.836214, 27.8091 ], [ 84.836275, 27.810038 ], [ 84.835712, 27.810138 ], [ 84.835637, 27.810241 ], [ 84.835908, 27.810897 ], [ 84.835855, 27.81136 ], [ 84.83558, 27.812 ], [ 84.835545, 27.81238 ], [ 84.83571, 27.813599 ], [ 84.83601, 27.813989 ], [ 84.83602, 27.814118 ], [ 84.835012, 27.814702 ], [ 84.834598, 27.815479 ], [ 84.834024, 27.815882 ], [ 84.834036, 27.816185 ], [ 84.833828, 27.816556 ], [ 84.83241, 27.817634 ], [ 84.831257, 27.818275 ], [ 84.828984, 27.819259 ], [ 84.827138, 27.819587 ], [ 84.826065, 27.819448 ], [ 84.825024, 27.819102 ], [ 84.824272, 27.818736 ], [ 84.822799, 27.817452 ], [ 84.821379, 27.814751 ], [ 84.820994, 27.813578 ], [ 84.821143, 27.812522 ], [ 84.82163, 27.811609 ], [ 84.821789, 27.811165 ], [ 84.821825, 27.810675 ], [ 84.822318, 27.810138 ], [ 84.822575, 27.809677 ], [ 84.822604, 27.809324 ], [ 84.822392, 27.809018 ], [ 84.822096, 27.808771 ], [ 84.820212, 27.807841 ], [ 84.818735, 27.808021 ], [ 84.818303, 27.808158 ], [ 84.817918, 27.808439 ], [ 84.81744, 27.809108 ], [ 84.817262, 27.809455 ], [ 84.817138, 27.811027 ], [ 84.817397, 27.811524 ], [ 84.817421, 27.811764 ], [ 84.817193, 27.812227 ], [ 84.816765, 27.812666 ], [ 84.816234, 27.813643 ], [ 84.814726, 27.814266 ], [ 84.81405, 27.814239 ], [ 84.8123, 27.814859 ], [ 84.811092, 27.815028 ], [ 84.81075, 27.815291 ], [ 84.810501, 27.815666 ], [ 84.809937, 27.817205 ], [ 84.809819, 27.817364 ], [ 84.809187, 27.816847 ] ], [ [ 84.821131, 27.813268 ], [ 84.821585, 27.8145 ], [ 84.822005, 27.814473 ], [ 84.822155, 27.814268 ], [ 84.822164, 27.814108 ], [ 84.82183, 27.813511 ], [ 84.821526, 27.812147 ], [ 84.821349, 27.812301 ], [ 84.821249, 27.812571 ], [ 84.821131, 27.813268 ] ], [ [ 84.822361, 27.811106 ], [ 84.82229, 27.811953 ], [ 84.822373, 27.811911 ], [ 84.822642, 27.811117 ], [ 84.822975, 27.810799 ], [ 84.823062, 27.810078 ], [ 84.822361, 27.811106 ] ], [ [ 84.833225, 27.815382 ], [ 84.833284, 27.815473 ], [ 84.833421, 27.815405 ], [ 84.834309, 27.814654 ], [ 84.834773, 27.814021 ], [ 84.834753, 27.81376 ], [ 84.834384, 27.813654 ], [ 84.834168, 27.813755 ], [ 84.833531, 27.814655 ], [ 84.833225, 27.815382 ] ] ] } },
{ "type": "Feature", "properties": { "name": null, "waterway": null }, "geometry": { "type": "Polygon", "coordinates": [ [ [ 85.168459, 27.960859 ], [ 85.168454, 27.96058 ], [ 85.168774, 27.960505 ], [ 85.168905, 27.961101 ], [ 85.169301, 27.961757 ], [ 85.169972, 27.962451 ], [ 85.170615, 27.962887 ], [ 85.17283, 27.963608 ], [ 85.173743, 27.96382 ], [ 85.175654, 27.964466 ], [ 85.176257, 27.964748 ], [ 85.176821, 27.965283 ], [ 85.177223, 27.965825 ], [ 85.177751, 27.967153 ], [ 85.177903, 27.967747 ], [ 85.178116, 27.96792 ], [ 85.178657, 27.968658 ], [ 85.17912, 27.969069 ], [ 85.179867, 27.969392 ], [ 85.180581, 27.969588 ], [ 85.182638, 27.969953 ], [ 85.183939, 27.970623 ], [ 85.184439, 27.971284 ], [ 85.184584, 27.971757 ], [ 85.184516, 27.972391 ], [ 85.182839, 27.97452 ], [ 85.182328, 27.976017 ], [ 85.181671, 27.978926 ], [ 85.180896, 27.980427 ], [ 85.180548, 27.981307 ], [ 85.180427, 27.982333 ], [ 85.180731, 27.98432 ], [ 85.180619, 27.985513 ], [ 85.180232, 27.987512 ], [ 85.180494, 27.988339 ], [ 85.180624, 27.988512 ], [ 85.181665, 27.988911 ], [ 85.182678, 27.989418 ], [ 85.183064, 27.989835 ], [ 85.183124, 27.990382 ], [ 85.183012, 27.990922 ], [ 85.182385, 27.992383 ], [ 85.182325, 27.992876 ], [ 85.182462, 27.993191 ], [ 85.182694, 27.993413 ], [ 85.184028, 27.994368 ], [ 85.18355, 27.994398 ], [ 85.182354, 27.993545 ], [ 85.182006, 27.993043 ], [ 85.181902, 27.992535 ], [ 85.182559, 27.991118 ], [ 85.182674, 27.990544 ], [ 85.182612, 27.989904 ], [ 85.182253, 27.98949 ], [ 85.180574, 27.988895 ], [ 85.180266, 27.988687 ], [ 85.18013, 27.988474 ], [ 85.179914, 27.987622 ], [ 85.180361, 27.984315 ], [ 85.180344, 27.983777 ], [ 85.180072, 27.982457 ], [ 85.180124, 27.981365 ], [ 85.180332, 27.980715 ], [ 85.180847, 27.97984 ], [ 85.181264, 27.978915 ], [ 85.181554, 27.97799 ], [ 85.181953, 27.976021 ], [ 85.18249, 27.974534 ], [ 85.182707, 27.97415 ], [ 85.183955, 27.97273 ], [ 85.184176, 27.972301 ], [ 85.184254, 27.971756 ], [ 85.183987, 27.970972 ], [ 85.183812, 27.970803 ], [ 85.183206, 27.970513 ], [ 85.181724, 27.970182 ], [ 85.180887, 27.969895 ], [ 85.179371, 27.969582 ], [ 85.178866, 27.96935 ], [ 85.177921, 27.968467 ], [ 85.176774, 27.965691 ], [ 85.176154, 27.965049 ], [ 85.175673, 27.964768 ], [ 85.174349, 27.964286 ], [ 85.172897, 27.963896 ], [ 85.17102, 27.963591 ], [ 85.170517, 27.963393 ], [ 85.16973, 27.962846 ], [ 85.169414, 27.962474 ], [ 85.168976, 27.961732 ], [ 85.16878, 27.961233 ], [ 85.168459, 27.960859 ] ] ] } },
{ "type": "Feature", "properties": { "name": null, "waterway": null }, "geometry": { "type": "Polygon", "coordinates": [ [ [ 84.559374, 27.858312 ], [ 84.559504, 27.857599 ], [ 84.560825, 27.857979 ], [ 84.563929, 27.857928 ], [ 84.566478, 27.858333 ], [ 84.568688, 27.85903 ], [ 84.570906, 27.859997 ], [ 84.571048, 27.860164 ], [ 84.571328, 27.860178 ], [ 84.571768, 27.8604 ], [ 84.572055, 27.860381 ], [ 84.572255, 27.860579 ], [ 84.572613, 27.860578 ], [ 84.572777, 27.860717 ], [ 84.572764, 27.861258 ], [ 84.571367, 27.860788 ], [ 84.567686, 27.859294 ], [ 84.565654, 27.858752 ], [ 84.563803, 27.858569 ], [ 84.563394, 27.858442 ], [ 84.561041, 27.858542 ], [ 84.559846, 27.858325 ], [ 84.559374, 27.858312 ] ] ] } },
{ "type": "Feature", "properties": { "name": null, "waterway": null }, "geometry": { "type": "Polygon", "coordinates": [ [ [ 84.548753, 27.862502 ], [ 84.548793, 27.861765 ], [ 84.549976, 27.861459 ], [ 84.551178, 27.860819 ], [ 84.552615, 27.86018 ], [ 84.553949, 27.859813 ], [ 84.555809, 27.859093 ], [ 84.55663, 27.859151 ], [ 84.557412, 27.859017 ], [ 84.557948, 27.859011 ], [ 84.558745, 27.858614 ], [ 84.558825, 27.858438 ], [ 84.558725, 27.85816 ], [ 84.559374, 27.858312 ], [ 84.559093, 27.858831 ], [ 84.558469, 27.859158 ], [ 84.557321, 27.859514 ], [ 84.55662, 27.859607 ], [ 84.555794, 27.859576 ], [ 84.554198, 27.860339 ], [ 84.548753, 27.862502 ] ] ] } },
{ "type": "Feature", "properties": { "name": null, "waterway": null }, "geometry": { "type": "Polygon", "coordinates": [ [ [ 84.931132, 27.801721 ], [ 84.931384, 27.80105 ], [ 84.933388, 27.802761 ], [ 84.934817, 27.803785 ], [ 84.935359, 27.804284 ], [ 84.935954, 27.804625 ], [ 84.936217, 27.804663 ], [ 84.937172, 27.804376 ], [ 84.93876, 27.804182 ], [ 84.939232, 27.804196 ], [ 84.939677, 27.804395 ], [ 84.941029, 27.806009 ], [ 84.941939, 27.807339 ], [ 84.942341, 27.807717 ], [ 84.943183, 27.809126 ], [ 84.943513, 27.810528 ], [ 84.943687, 27.810827 ], [ 84.94443, 27.81152 ], [ 84.94535, 27.811944 ], [ 84.945122, 27.812265 ], [ 84.944232, 27.811906 ], [ 84.943231, 27.811014 ], [ 84.942733, 27.810331 ], [ 84.942609, 27.809987 ], [ 84.942617, 27.809667 ], [ 84.942856, 27.809038 ], [ 84.941826, 27.807738 ], [ 84.940683, 27.806583 ], [ 84.939785, 27.805366 ], [ 84.939444, 27.805026 ], [ 84.938951, 27.804706 ], [ 84.938419, 27.804564 ], [ 84.938103, 27.804685 ], [ 84.937625, 27.8051 ], [ 84.936998, 27.805356 ], [ 84.93655, 27.805432 ], [ 84.935885, 27.805292 ], [ 84.935657, 27.804984 ], [ 84.935064, 27.804903 ], [ 84.933318, 27.803847 ], [ 84.932564, 27.803216 ], [ 84.931641, 27.802091 ], [ 84.931132, 27.801721 ] ] ] } },
{ "type": "Feature", "properties": { "name": null, "waterway": null }, "geometry": { "type": "Polygon", "coordinates": [ [ [ 84.949416, 27.817194 ], [ 84.94989, 27.816414 ], [ 84.950061, 27.816577 ], [ 84.950468, 27.816572 ], [ 84.951353, 27.815759 ], [ 84.952062, 27.815312 ], [ 84.952964, 27.815452 ], [ 84.953548, 27.815668 ], [ 84.953876, 27.815579 ], [ 84.953648, 27.815381 ], [ 84.953709, 27.815341 ], [ 84.954833, 27.815879 ], [ 84.956449, 27.816848 ], [ 84.957342, 27.817246 ], [ 84.95863, 27.817416 ], [ 84.95863, 27.818646 ], [ 84.957365, 27.818788 ], [ 84.956341, 27.81864 ], [ 84.955827, 27.81818 ], [ 84.955657, 27.817778 ], [ 84.955217, 27.817386 ], [ 84.953713, 27.81656 ], [ 84.952775, 27.816218 ], [ 84.95223, 27.815876 ], [ 84.95193, 27.815873 ], [ 84.951671, 27.816018 ], [ 84.951077, 27.816989 ], [ 84.950892, 27.817091 ], [ 84.95041, 27.817249 ], [ 84.949416, 27.817194 ] ], [ [ 84.953823, 27.815773 ], [ 84.954737, 27.816408 ], [ 84.954888, 27.816382 ], [ 84.954536, 27.815866 ], [ 84.95401, 27.815722 ], [ 84.953823, 27.815773 ] ], [ [ 84.956052, 27.817858 ], [ 84.956259, 27.818231 ], [ 84.956904, 27.818599 ], [ 84.957839, 27.818655 ], [ 84.957914, 27.818423 ], [ 84.956106, 27.817804 ], [ 84.956052, 27.817858 ] ] ] } },
{ "type": "Feature", "properties": { "name": null, "waterway": null }, "geometry": { "type": "Polygon", "coordinates": [ [ [ 84.94501, 27.813235 ], [ 84.945122, 27.812265 ], [ 84.94535, 27.811944 ], [ 84.945616, 27.812115 ], [ 84.945838, 27.812893 ], [ 84.946243, 27.813325 ], [ 84.94627, 27.813588 ], [ 84.94608, 27.813845 ], [ 84.946112, 27.814044 ], [ 84.946673, 27.814518 ], [ 84.946581, 27.814888 ], [ 84.946995, 27.815655 ], [ 84.947802, 27.816018 ], [ 84.948835, 27.815837 ], [ 84.949725, 27.81615 ], [ 84.94989, 27.816414 ], [ 84.949416, 27.817194 ], [ 84.948856, 27.817128 ], [ 84.947963, 27.816834 ], [ 84.947343, 27.816522 ], [ 84.946303, 27.815802 ], [ 84.945673, 27.815001 ], [ 84.945165, 27.813878 ], [ 84.94501, 27.813235 ] ], [ [ 84.948494, 27.816568 ], [ 84.94853, 27.816651 ], [ 84.949038, 27.816876 ], [ 84.949443, 27.816986 ], [ 84.949527, 27.816933 ], [ 84.949382, 27.816747 ], [ 84.948871, 27.816465 ], [ 84.948576, 27.816486 ], [ 84.948494, 27.816568 ] ] ] } },
{ "type": "Feature", "properties": { "name": null, "waterway": null }, "geometry": { "type": "Polygon", "coordinates": [ [ [ 85.000743, 27.799897 ], [ 85.000813, 27.799726 ], [ 85.001141, 27.799598 ], [ 85.001275, 27.799318 ], [ 85.002198, 27.798805 ], [ 85.002235, 27.798848 ], [ 85.002181, 27.798972 ], [ 85.001698, 27.799176 ], [ 85.001542, 27.79937 ], [ 85.001403, 27.799394 ], [ 85.000915, 27.799944 ], [ 85.001028, 27.799992 ], [ 85.001098, 27.800205 ], [ 85.000975, 27.800694 ], [ 85.001028, 27.801074 ], [ 85.001526, 27.801877 ], [ 85.00138, 27.801915 ], [ 85.000958, 27.801316 ], [ 85.000819, 27.800784 ], [ 85.000974, 27.800357 ], [ 85.000963, 27.800158 ], [ 85.000743, 27.799897 ] ] ] } },
{ "type": "Feature", "properties": { "name": null, "waterway": null }, "geometry": { "type": "Polygon", "coordinates": [ [ [ 85.001308, 27.80194 ], [ 85.001526, 27.801877 ], [ 85.001816, 27.801924 ], [ 85.002882, 27.802625 ], [ 85.004168, 27.803007 ], [ 85.004705, 27.803338 ], [ 85.005556, 27.803663 ], [ 85.006757, 27.804284 ], [ 85.007606, 27.804577 ], [ 85.007929, 27.804861 ], [ 85.008707, 27.804943 ], [ 85.008268, 27.805036 ], [ 85.008135, 27.805154 ], [ 85.008241, 27.805451 ], [ 85.008524, 27.805667 ], [ 85.008758, 27.805706 ], [ 85.009345, 27.805237 ], [ 85.00975, 27.80531 ], [ 85.010126, 27.80552 ], [ 85.010973, 27.8058 ], [ 85.010162, 27.806772 ], [ 85.008393, 27.805966 ], [ 85.007653, 27.805733 ], [ 85.007446, 27.8055 ], [ 85.007626, 27.805156 ], [ 85.007564, 27.805046 ], [ 85.005848, 27.804291 ], [ 85.005134, 27.804082 ], [ 85.003806, 27.803539 ], [ 85.003136, 27.803222 ], [ 85.00244, 27.802723 ], [ 85.00173, 27.802383 ], [ 85.001357, 27.8023 ], [ 85.001308, 27.80194 ] ] ] } },
{ "type": "Feature", "properties": { "name": null, "waterway": null }, "geometry": { "type": "Polygon", "coordinates": [ [ [ 85.148723, 27.934825 ], [ 85.148922, 27.93482 ], [ 85.148803, 27.935053 ], [ 85.148723, 27.934995 ], [ 85.148723, 27.934825 ] ] ] } },
{ "type": "Feature", "properties": { "name": null, "waterway": null }, "geometry": { "type": "Polygon", "coordinates": [ [ [ 84.837137, 27.805451 ], [ 84.837721, 27.80402 ], [ 84.838309, 27.802962 ], [ 84.838741, 27.80239 ], [ 84.83954, 27.801752 ], [ 84.840028, 27.801482 ], [ 84.84031, 27.801415 ], [ 84.841495, 27.801399 ], [ 84.842257, 27.801501 ], [ 84.843228, 27.801743 ], [ 84.844333, 27.802267 ], [ 84.845162, 27.80244 ], [ 84.845886, 27.802715 ], [ 84.846964, 27.803427 ], [ 84.847788, 27.803785 ], [ 84.848367, 27.804151 ], [ 84.84856, 27.804464 ], [ 84.849145, 27.806101 ], [ 84.849161, 27.806715 ], [ 84.848847, 27.807159 ], [ 84.848973, 27.807567 ], [ 84.849155, 27.807944 ], [ 84.849622, 27.80835 ], [ 84.849815, 27.808421 ], [ 84.850397, 27.808414 ], [ 84.853239, 27.807836 ], [ 84.854879, 27.80729 ], [ 84.855888, 27.807168 ], [ 84.856132, 27.807264 ], [ 84.856937, 27.807159 ], [ 84.858337, 27.807204 ], [ 84.859651, 27.806839 ], [ 84.860206, 27.806616 ], [ 84.860753, 27.806277 ], [ 84.861207, 27.805828 ], [ 84.86196, 27.804725 ], [ 84.862679, 27.803394 ], [ 84.863637, 27.802165 ], [ 84.863937, 27.801969 ], [ 84.863747, 27.801879 ], [ 84.864087, 27.801572 ], [ 84.864841, 27.801241 ], [ 84.865309, 27.801132 ], [ 84.866359, 27.801224 ], [ 84.867793, 27.801535 ], [ 84.868254, 27.801521 ], [ 84.868843, 27.80133 ], [ 84.869758, 27.801667 ], [ 84.870263, 27.801696 ], [ 84.871274, 27.802361 ], [ 84.871671, 27.802394 ], [ 84.87206, 27.803026 ], [ 84.873523, 27.804001 ], [ 84.873505, 27.80435 ], [ 84.873253, 27.804765 ], [ 84.87182, 27.805949 ], [ 84.871847, 27.806417 ], [ 84.872011, 27.80686 ], [ 84.873006, 27.807427 ], [ 84.873573, 27.807644 ], [ 84.87487, 27.807766 ], [ 84.875945, 27.80798 ], [ 84.878555, 27.808108 ], [ 84.87969, 27.808507 ], [ 84.880317, 27.808927 ], [ 84.87993, 27.809155 ], [ 84.879996, 27.809648 ], [ 84.879183, 27.809475 ], [ 84.878376, 27.809057 ], [ 84.877651, 27.808941 ], [ 84.876503, 27.808573 ], [ 84.876042, 27.808343 ], [ 84.874602, 27.808369 ], [ 84.873092, 27.807925 ], [ 84.871311, 27.80724 ], [ 84.87094, 27.806725 ], [ 84.871021, 27.806186 ], [ 84.871665, 27.805 ], [ 84.872115, 27.804481 ], [ 84.872429, 27.80394 ], [ 84.868516, 27.802516 ], [ 84.867896, 27.802035 ], [ 84.86618, 27.801821 ], [ 84.865029, 27.801932 ], [ 84.864452, 27.801904 ], [ 84.863846, 27.803014 ], [ 84.862824, 27.804535 ], [ 84.862478, 27.805721 ], [ 84.861842, 27.80626 ], [ 84.861534, 27.806334 ], [ 84.861381, 27.806632 ], [ 84.861073, 27.806974 ], [ 84.860174, 27.807475 ], [ 84.85883, 27.80784 ], [ 84.857092, 27.807982 ], [ 84.856687, 27.807978 ], [ 84.855842, 27.807745 ], [ 84.854638, 27.807814 ], [ 84.853565, 27.80836 ], [ 84.851765, 27.80896 ], [ 84.851401, 27.809007 ], [ 84.849437, 27.80896 ], [ 84.848566, 27.808127 ], [ 84.848364, 27.807833 ], [ 84.848279, 27.807325 ], [ 84.848026, 27.806917 ], [ 84.847844, 27.806421 ], [ 84.847828, 27.806284 ], [ 84.848265, 27.805676 ], [ 84.848308, 27.805145 ], [ 84.848214, 27.804753 ], [ 84.847855, 27.804393 ], [ 84.847367, 27.804137 ], [ 84.844979, 27.803216 ], [ 84.843925, 27.802611 ], [ 84.842823, 27.802295 ], [ 84.842388, 27.802219 ], [ 84.841122, 27.802222 ], [ 84.840135, 27.802374 ], [ 84.839371, 27.802696 ], [ 84.83877, 27.803254 ], [ 84.838534, 27.803698 ], [ 84.838314, 27.804851 ], [ 84.838368, 27.805131 ], [ 84.838703, 27.805342 ], [ 84.838799, 27.805546 ], [ 84.83851, 27.806234 ], [ 84.838515, 27.807086 ], [ 84.838427, 27.807226 ], [ 84.837912, 27.807375 ], [ 84.837479, 27.807105 ], [ 84.838091, 27.806763 ], [ 84.838223, 27.806559 ], [ 84.838207, 27.806343 ], [ 84.837973, 27.806141 ], [ 84.837279, 27.805812 ], [ 84.837161, 27.805653 ], [ 84.837137, 27.805451 ] ] ] } },
{ "type": "Feature", "properties": { "name": null, "waterway": null }, "geometry": { "type": "Polygon", "coordinates": [ [ [ 85.161678, 27.954647 ], [ 85.162012, 27.953736 ], [ 85.162334, 27.953542 ], [ 85.162508, 27.952817 ], [ 85.162496, 27.952087 ], [ 85.162233, 27.950092 ], [ 85.162648, 27.948097 ], [ 85.162711, 27.947266 ], [ 85.162632, 27.946966 ], [ 85.162205, 27.946657 ], [ 85.162334, 27.946559 ], [ 85.162656, 27.946655 ], [ 85.162932, 27.947083 ], [ 85.162964, 27.947292 ], [ 85.162707, 27.95012 ], [ 85.162675, 27.952986 ], [ 85.162413, 27.953957 ], [ 85.162247, 27.954229 ], [ 85.161988, 27.954423 ], [ 85.161957, 27.95466 ], [ 85.162219, 27.954771 ], [ 85.162427, 27.955106 ], [ 85.162584, 27.955207 ], [ 85.163204, 27.955265 ], [ 85.163826, 27.955512 ], [ 85.164837, 27.955688 ], [ 85.165813, 27.956257 ], [ 85.166723, 27.956614 ], [ 85.167164, 27.956888 ], [ 85.16806, 27.958495 ], [ 85.168547, 27.960038 ], [ 85.168774, 27.960505 ], [ 85.168454, 27.96058 ], [ 85.167802, 27.958697 ], [ 85.167085, 27.957262 ], [ 85.166646, 27.95679 ], [ 85.166102, 27.956664 ], [ 85.164377, 27.955891 ], [ 85.16336, 27.955807 ], [ 85.163151, 27.955723 ], [ 85.162253, 27.955232 ], [ 85.161735, 27.954797 ], [ 85.161678, 27.954647 ] ] ] } },
{ "type": "Feature", "properties": { "name": null, "waterway": null }, "geometry": { "type": "Polygon", "coordinates": [ [ [ 84.770485, 27.809672 ], [ 84.772796, 27.808478 ], [ 84.773423, 27.808398 ], [ 84.774145, 27.80816 ], [ 84.774711, 27.808364 ], [ 84.775526, 27.808393 ], [ 84.775996, 27.808253 ], [ 84.776199, 27.808357 ], [ 84.776272, 27.808514 ], [ 84.776237, 27.808651 ], [ 84.776908, 27.809138 ], [ 84.777066, 27.809465 ], [ 84.777702, 27.809914 ], [ 84.777793, 27.810144 ], [ 84.778726, 27.811382 ], [ 84.779124, 27.811617 ], [ 84.778941, 27.811956 ], [ 84.780571, 27.81253 ], [ 84.782599, 27.813562 ], [ 84.783026, 27.813645 ], [ 84.784077, 27.813629 ], [ 84.783565, 27.814682 ], [ 84.78185, 27.813798 ], [ 84.779783, 27.813508 ], [ 84.778833, 27.812926 ], [ 84.777739, 27.811717 ], [ 84.777254, 27.811403 ], [ 84.776959, 27.810893 ], [ 84.776189, 27.810272 ], [ 84.775778, 27.80971 ], [ 84.774936, 27.809064 ], [ 84.774569, 27.808891 ], [ 84.773979, 27.808898 ], [ 84.773152, 27.809048 ], [ 84.772026, 27.809743 ], [ 84.770918, 27.810572 ], [ 84.770485, 27.809672 ] ] ] } },
{ "type": "Feature", "properties": { "name": null, "waterway": null }, "geometry": { "type": "Polygon", "coordinates": [ [ [ 84.904377, 27.806213 ], [ 84.904672, 27.806148 ], [ 84.904704, 27.806189 ], [ 84.904414, 27.806279 ], [ 84.904377, 27.806213 ] ] ] } },
{ "type": "Feature", "properties": { "name": null, "waterway": null }, "geometry": { "type": "Polygon", "coordinates": [ [ [ 84.90442, 27.806467 ], [ 84.904808, 27.806269 ], [ 84.904843, 27.80636 ], [ 84.90448, 27.806536 ], [ 84.90442, 27.806467 ] ] ] } },
{ "type": "Feature", "properties": { "name": null, "waterway": null }, "geometry": { "type": "Polygon", "coordinates": [ [ [ 84.904113, 27.806269 ], [ 84.90426, 27.8062 ], [ 84.90426, 27.806361 ], [ 84.904364, 27.806376 ], [ 84.90432, 27.806445 ], [ 84.904191, 27.806422 ], [ 84.904113, 27.806269 ] ] ] } },
{ "type": "Feature", "properties": { "name": null, "waterway": null }, "geometry": { "type": "Polygon", "coordinates": [ [ [ 84.904935, 27.806226 ], [ 84.904987, 27.805982 ], [ 84.905211, 27.805989 ], [ 84.905263, 27.806119 ], [ 84.905194, 27.806188 ], [ 84.90503, 27.806279 ], [ 84.904935, 27.806226 ] ] ] } },
{ "type": "Feature", "properties": { "name": "Trisuli", "waterway": null }, "geometry": { "type": "Polygon", "coordinates": [ [ [ 84.87993, 27.809155 ], [ 84.880317, 27.808927 ], [ 84.880704, 27.809266 ], [ 84.881044, 27.80943 ], [ 84.881524, 27.809456 ], [ 84.881954, 27.809335 ], [ 84.882195, 27.809102 ], [ 84.882251, 27.808535 ], [ 84.882342, 27.80844 ], [ 84.882865, 27.808315 ], [ 84.884185, 27.807783 ], [ 84.884791, 27.807831 ], [ 84.886079, 27.808796 ], [ 84.886615, 27.809076 ], [ 84.887433, 27.809211 ], [ 84.889204, 27.809176 ], [ 84.890156, 27.808939 ], [ 84.891569, 27.807823 ], [ 84.892666, 27.807973 ], [ 84.895223, 27.807503 ], [ 84.895858, 27.807237 ], [ 84.897044, 27.806554 ], [ 84.897838, 27.806386 ], [ 84.899396, 27.805698 ], [ 84.899927, 27.805605 ], [ 84.900407, 27.805679 ], [ 84.90093, 27.805868 ], [ 84.901805, 27.805892 ], [ 84.901555, 27.807043 ], [ 84.901046, 27.806523 ], [ 84.900614, 27.806277 ], [ 84.899892, 27.806179 ], [ 84.899246, 27.806272 ], [ 84.897889, 27.807067 ], [ 84.896301, 27.807724 ], [ 84.896196, 27.807849 ], [ 84.896491, 27.807968 ], [ 84.896531, 27.808025 ], [ 84.896438, 27.808129 ], [ 84.89566, 27.808073 ], [ 84.894251, 27.808165 ], [ 84.893728, 27.808326 ], [ 84.893297, 27.808566 ], [ 84.891406, 27.808685 ], [ 84.89128, 27.808825 ], [ 84.891266, 27.80923 ], [ 84.891172, 27.809294 ], [ 84.890904, 27.809268 ], [ 84.888098, 27.809728 ], [ 84.886967, 27.809781 ], [ 84.885896, 27.809553 ], [ 84.885658, 27.809393 ], [ 84.885054, 27.809192 ], [ 84.884445, 27.808673 ], [ 84.883732, 27.808521 ], [ 84.883174, 27.808644 ], [ 84.882989, 27.808791 ], [ 84.882082, 27.810065 ], [ 84.881626, 27.810182 ], [ 84.880679, 27.810058 ], [ 84.88036, 27.80994 ], [ 84.879996, 27.809648 ], [ 84.87993, 27.809155 ] ] ] } },
{ "type": "Feature", "properties": { "name": null, "waterway": null }, "geometry": { "type": "Polygon", "coordinates": [ [ [ 85.148741, 27.928407 ], [ 85.149352, 27.927857 ], [ 85.149753, 27.927737 ], [ 85.150507, 27.926757 ], [ 85.150888, 27.925619 ], [ 85.150982, 27.924796 ], [ 85.151269, 27.924809 ], [ 85.151348, 27.925204 ], [ 85.151278, 27.925584 ], [ 85.150616, 27.927187 ], [ 85.149928, 27.928064 ], [ 85.14917, 27.928612 ], [ 85.149173, 27.929004 ], [ 85.148925, 27.929026 ], [ 85.148741, 27.928407 ] ] ] } },
{ "type": "Feature", "properties": { "name": "Trishuli Hydro Power Dam", "waterway": "dam" }, "geometry": { "type": "Polygon", "coordinates": [ [ [ 85.145671, 27.922582 ], [ 85.145746, 27.9225 ], [ 85.14607, 27.922568 ], [ 85.146291, 27.922822 ], [ 85.146878, 27.924353 ], [ 85.148041, 27.926965 ], [ 85.147956, 27.927372 ], [ 85.147739, 27.927366 ], [ 85.147696, 27.927287 ], [ 85.147812, 27.92701 ], [ 85.147634, 27.926765 ], [ 85.146948, 27.925161 ], [ 85.146084, 27.922967 ], [ 85.145671, 27.922582 ] ] ] } },
{ "type": "Feature", "properties": { "name": null, "waterway": null }, "geometry": { "type": "Polygon", "coordinates": [ [ [ 85.145574, 27.92261 ], [ 85.145478, 27.922215 ], [ 85.145586, 27.922253 ], [ 85.145674, 27.922525 ], [ 85.145767, 27.922457 ], [ 85.146173, 27.922777 ], [ 85.148011, 27.927001 ], [ 85.147935, 27.927345 ], [ 85.147856, 27.927381 ], [ 85.147766, 27.927308 ], [ 85.147824, 27.927032 ], [ 85.146084, 27.922988 ], [ 85.145903, 27.922751 ], [ 85.145574, 27.92261 ] ] ] } },
{ "type": "Feature", "properties": { "name": null, "waterway": null }, "geometry": { "type": "Polygon", "coordinates": [ [ [ 85.149678, 27.922029 ], [ 85.149731, 27.921767 ], [ 85.150649, 27.921889 ], [ 85.151267, 27.922494 ], [ 85.15149, 27.923088 ], [ 85.151548, 27.923644 ], [ 85.151269, 27.924809 ], [ 85.150982, 27.924796 ], [ 85.151155, 27.923859 ], [ 85.151142, 27.923404 ], [ 85.151109, 27.923003 ], [ 85.150879, 27.922483 ], [ 85.150479, 27.922155 ], [ 85.150013, 27.922229 ], [ 85.149678, 27.922029 ] ] ] } },
{ "type": "Feature", "properties": { "name": "Balancing Resurvoir", "waterway": null }, "geometry": { "type": "Polygon", "coordinates": [ [ [ 85.14837, 27.935875 ], [ 85.148785, 27.935797 ], [ 85.149592, 27.935916 ], [ 85.151353, 27.936452 ], [ 85.152016, 27.936726 ], [ 85.154646, 27.938478 ], [ 85.156412, 27.939942 ], [ 85.156748, 27.940422 ], [ 85.156795, 27.940893 ], [ 85.156458, 27.941557 ], [ 85.157106, 27.942682 ], [ 85.15693, 27.942787 ], [ 85.155355, 27.940834 ], [ 85.154967, 27.940436 ], [ 85.154501, 27.940125 ], [ 85.153295, 27.93873 ], [ 85.152036, 27.937668 ], [ 85.151555, 27.937161 ], [ 85.150613, 27.936648 ], [ 85.149888, 27.93636 ], [ 85.148733, 27.936195 ], [ 85.148412, 27.93604 ], [ 85.14837, 27.935875 ] ] ] } },
{ "type": "Feature", "properties": { "name": null, "waterway": null }, "geometry": { "type": "Polygon", "coordinates": [ [ [ 85.157635, 27.94277 ], [ 85.15803, 27.942576 ], [ 85.158466, 27.94342 ], [ 85.158605, 27.943996 ], [ 85.158397, 27.944077 ], [ 85.158027, 27.943608 ], [ 85.157635, 27.94277 ] ] ] } },
{ "type": "Feature", "properties": { "name": null, "waterway": null }, "geometry": { "type": "Polygon", "coordinates": [ [ [ 85.156006, 27.936352 ], [ 85.156219, 27.936267 ], [ 85.157141, 27.937308 ], [ 85.157573, 27.937969 ], [ 85.158704, 27.939304 ], [ 85.159391, 27.940558 ], [ 85.159961, 27.941958 ], [ 85.160315, 27.943829 ], [ 85.161929, 27.946364 ], [ 85.162334, 27.946559 ], [ 85.162205, 27.946657 ], [ 85.162008, 27.946626 ], [ 85.161554, 27.946179 ], [ 85.160307, 27.944528 ], [ 85.159326, 27.941979 ], [ 85.159128, 27.940805 ], [ 85.158702, 27.939951 ], [ 85.157946, 27.938767 ], [ 85.156495, 27.937329 ], [ 85.156006, 27.936352 ] ] ] } },
{ "type": "Feature", "properties": { "name": null, "waterway": null }, "geometry": { "type": "Polygon", "coordinates": [ [ [ 85.156753, 27.941901 ], [ 85.156906, 27.94183 ], [ 85.157059, 27.942152 ], [ 85.156932, 27.942249 ], [ 85.156753, 27.941901 ] ] ] } },
{ "type": "Feature", "properties": { "name": "Trisuli", "waterway": null }, "geometry": { "type": "Polygon", "coordinates": [ [ [ 84.901555, 27.807043 ], [ 84.901805, 27.805892 ], [ 84.902019, 27.805914 ], [ 84.902317, 27.805982 ], [ 84.903156, 27.806656 ], [ 84.904911, 27.807536 ], [ 84.905659, 27.807719 ], [ 84.906313, 27.807558 ], [ 84.906517, 27.807415 ], [ 84.906767, 27.807024 ], [ 84.906882, 27.806374 ], [ 84.906791, 27.805475 ], [ 84.906845, 27.805128 ], [ 84.906505, 27.804731 ], [ 84.906494, 27.804568 ], [ 84.906606, 27.804338 ], [ 84.906464, 27.803885 ], [ 84.907008, 27.803411 ], [ 84.907429, 27.803313 ], [ 84.90799, 27.803323 ], [ 84.908883, 27.803484 ], [ 84.909698, 27.804087 ], [ 84.910704, 27.804433 ], [ 84.91149, 27.80458 ], [ 84.912475, 27.804976 ], [ 84.912904, 27.804962 ], [ 84.913386, 27.804817 ], [ 84.913561, 27.804727 ], [ 84.913791, 27.804433 ], [ 84.914148, 27.80352 ], [ 84.914114, 27.80332 ], [ 84.913754, 27.803217 ], [ 84.91372, 27.803056 ], [ 84.913894, 27.802726 ], [ 84.913939, 27.802101 ], [ 84.914143, 27.80175 ], [ 84.914776, 27.801263 ], [ 84.915865, 27.800613 ], [ 84.917062, 27.800479 ], [ 84.917737, 27.800272 ], [ 84.919416, 27.798412 ], [ 84.920395, 27.79764 ], [ 84.921004, 27.797417 ], [ 84.922726, 27.797208 ], [ 84.923858, 27.797201 ], [ 84.924324, 27.797303 ], [ 84.925547, 27.797842 ], [ 84.927245, 27.798943 ], [ 84.928063, 27.799152 ], [ 84.928503, 27.799358 ], [ 84.930486, 27.800694 ], [ 84.931384, 27.80105 ], [ 84.931132, 27.801721 ], [ 84.930467, 27.801325 ], [ 84.928946, 27.800753 ], [ 84.928359, 27.800357 ], [ 84.927792, 27.800106 ], [ 84.926551, 27.799223 ], [ 84.925073, 27.798371 ], [ 84.923641, 27.797723 ], [ 84.922847, 27.797709 ], [ 84.921693, 27.798117 ], [ 84.920542, 27.798786 ], [ 84.919373, 27.799778 ], [ 84.918976, 27.800215 ], [ 84.918322, 27.800623 ], [ 84.916873, 27.801 ], [ 84.916093, 27.801334 ], [ 84.915394, 27.801524 ], [ 84.914723, 27.802249 ], [ 84.91472, 27.802756 ], [ 84.914371, 27.804452 ], [ 84.914097, 27.804796 ], [ 84.913376, 27.805313 ], [ 84.91259, 27.805449 ], [ 84.908558, 27.804628 ], [ 84.907551, 27.80475 ], [ 84.907456, 27.804799 ], [ 84.907443, 27.804921 ], [ 84.907872, 27.805589 ], [ 84.90792, 27.806284 ], [ 84.9081, 27.80663 ], [ 84.907993, 27.807024 ], [ 84.907791, 27.80729 ], [ 84.906067, 27.808215 ], [ 84.905069, 27.808184 ], [ 84.904133, 27.807821 ], [ 84.902065, 27.807328 ], [ 84.901555, 27.807043 ] ] ] } },
{ "type": "Feature", "properties": { "name": null, "waterway": null }, "geometry": { "type": "Polygon", "coordinates": [ [ [ 84.686555, 27.768336 ], [ 84.687027, 27.767805 ], [ 84.687338, 27.767596 ], [ 84.687551, 27.76696 ], [ 84.687488, 27.766371 ], [ 84.687563, 27.765611 ], [ 84.68737, 27.765401 ], [ 84.687045, 27.765239 ], [ 84.687389, 27.765208 ], [ 84.687719, 27.765023 ], [ 84.687987, 27.765787 ], [ 84.687654, 27.767596 ], [ 84.687075, 27.76807 ], [ 84.686807, 27.768426 ], [ 84.68759, 27.76855 ], [ 84.688142, 27.768825 ], [ 84.688883, 27.76882 ], [ 84.689167, 27.768891 ], [ 84.689484, 27.769305 ], [ 84.689586, 27.770937 ], [ 84.690728, 27.771084 ], [ 84.691608, 27.771649 ], [ 84.691919, 27.772276 ], [ 84.692917, 27.773365 ], [ 84.692895, 27.773759 ], [ 84.691952, 27.77482 ], [ 84.693351, 27.776154 ], [ 84.693427, 27.776567 ], [ 84.693802, 27.777478 ], [ 84.693603, 27.7781 ], [ 84.692413, 27.778821 ], [ 84.692429, 27.779462 ], [ 84.692659, 27.780041 ], [ 84.69237, 27.780734 ], [ 84.692252, 27.781322 ], [ 84.69238, 27.782048 ], [ 84.692584, 27.7823 ], [ 84.693239, 27.782803 ], [ 84.693357, 27.783164 ], [ 84.693904, 27.783486 ], [ 84.69414, 27.784037 ], [ 84.694108, 27.784236 ], [ 84.693545, 27.784659 ], [ 84.693056, 27.78454 ], [ 84.692236, 27.784545 ], [ 84.691431, 27.784189 ], [ 84.690669, 27.784004 ], [ 84.690524, 27.784469 ], [ 84.690728, 27.785043 ], [ 84.693341, 27.786666 ], [ 84.693191, 27.78715 ], [ 84.692354, 27.787587 ], [ 84.691973, 27.787587 ], [ 84.691321, 27.787758 ], [ 84.69108, 27.787615 ], [ 84.690299, 27.787727 ], [ 84.690093, 27.787964 ], [ 84.689658, 27.788178 ], [ 84.689425, 27.788462 ], [ 84.68947, 27.789065 ], [ 84.689712, 27.789274 ], [ 84.690101, 27.78939 ], [ 84.691114, 27.790131 ], [ 84.691077, 27.790453 ], [ 84.691298, 27.790454 ], [ 84.691045, 27.791118 ], [ 84.69116, 27.791535 ], [ 84.691313, 27.791692 ], [ 84.691667, 27.792432 ], [ 84.692155, 27.792826 ], [ 84.692552, 27.792973 ], [ 84.69429, 27.792959 ], [ 84.694827, 27.793521 ], [ 84.694588, 27.793939 ], [ 84.69462, 27.794077 ], [ 84.694435, 27.794829 ], [ 84.69414, 27.795128 ], [ 84.692836, 27.795607 ], [ 84.692343, 27.795906 ], [ 84.692391, 27.796907 ], [ 84.691705, 27.797369 ], [ 84.691233, 27.79754 ], [ 84.690798, 27.798693 ], [ 84.690815, 27.798987 ], [ 84.690954, 27.799479 ], [ 84.691592, 27.799698 ], [ 84.692027, 27.799595 ], [ 84.693673, 27.797818 ], [ 84.694129, 27.797804 ], [ 84.694435, 27.798112 ], [ 84.694746, 27.798957 ], [ 84.695383, 27.799776 ], [ 84.696718, 27.800689 ], [ 84.69668, 27.801036 ], [ 84.696416, 27.801348 ], [ 84.696152, 27.801354 ], [ 84.694419, 27.802507 ], [ 84.694231, 27.802692 ], [ 84.694113, 27.803171 ], [ 84.694269, 27.803622 ], [ 84.694757, 27.804011 ], [ 84.695642, 27.804177 ], [ 84.695758, 27.803967 ], [ 84.696225, 27.804847 ], [ 84.696106, 27.805311 ], [ 84.695605, 27.805981 ], [ 84.694819, 27.806249 ], [ 84.695613, 27.806639 ], [ 84.696632, 27.8068 ], [ 84.697139, 27.807017 ], [ 84.696693, 27.807264 ], [ 84.696119, 27.807005 ], [ 84.694945, 27.806718 ], [ 84.694478, 27.806507 ], [ 84.694403, 27.80626 ], [ 84.694626, 27.805951 ], [ 84.695146, 27.805921 ], [ 84.695431, 27.805763 ], [ 84.695533, 27.805393 ], [ 84.695487, 27.80493 ], [ 84.695069, 27.804404 ], [ 84.694607, 27.804201 ], [ 84.693947, 27.803731 ], [ 84.693781, 27.803427 ], [ 84.693883, 27.802573 ], [ 84.694428, 27.801893 ], [ 84.695264, 27.801248 ], [ 84.695916, 27.801028 ], [ 84.69635, 27.800692 ], [ 84.695367, 27.799975 ], [ 84.694841, 27.799451 ], [ 84.69444, 27.798967 ], [ 84.694033, 27.798224 ], [ 84.693853, 27.798179 ], [ 84.693276, 27.798473 ], [ 84.692761, 27.799275 ], [ 84.692676, 27.799841 ], [ 84.69237, 27.800219 ], [ 84.691091, 27.800187 ], [ 84.691179, 27.800015 ], [ 84.690728, 27.799721 ], [ 84.690422, 27.799118 ], [ 84.690862, 27.79742 ], [ 84.691265, 27.796807 ], [ 84.691742, 27.796323 ], [ 84.69171, 27.795835 ], [ 84.691772, 27.795723 ], [ 84.693239, 27.795201 ], [ 84.693644, 27.794924 ], [ 84.693829, 27.794615 ], [ 84.693829, 27.794406 ], [ 84.693711, 27.793975 ], [ 84.693432, 27.79369 ], [ 84.692724, 27.7935 ], [ 84.692638, 27.793339 ], [ 84.692029, 27.793153 ], [ 84.691576, 27.792881 ], [ 84.690774, 27.791878 ], [ 84.690596, 27.791753 ], [ 84.690535, 27.791571 ], [ 84.690637, 27.791457 ], [ 84.690546, 27.790638 ], [ 84.690688, 27.790271 ], [ 84.689781, 27.789507 ], [ 84.689248, 27.789191 ], [ 84.68899, 27.788417 ], [ 84.689521, 27.78772 ], [ 84.690079, 27.787345 ], [ 84.691152, 27.787079 ], [ 84.691662, 27.786856 ], [ 84.691962, 27.786586 ], [ 84.690524, 27.785632 ], [ 84.690084, 27.784939 ], [ 84.689945, 27.78417 ], [ 84.69016, 27.783809 ], [ 84.690573, 27.783728 ], [ 84.69113, 27.783833 ], [ 84.692659, 27.784312 ], [ 84.693646, 27.784118 ], [ 84.693249, 27.78332 ], [ 84.692906, 27.783159 ], [ 84.6923, 27.782528 ], [ 84.692102, 27.782138 ], [ 84.691785, 27.78117 ], [ 84.691839, 27.780477 ], [ 84.691144, 27.780278 ], [ 84.691042, 27.780177 ], [ 84.691037, 27.780019 ], [ 84.691163, 27.779846 ], [ 84.692048, 27.779827 ], [ 84.692182, 27.779611 ], [ 84.692217, 27.77874 ], [ 84.693115, 27.778216 ], [ 84.693306, 27.777938 ], [ 84.693142, 27.777288 ], [ 84.693292, 27.776699 ], [ 84.692681, 27.776047 ], [ 84.691849, 27.775722 ], [ 84.691493, 27.775363 ], [ 84.691509, 27.774853 ], [ 84.691793, 27.774103 ], [ 84.692273, 27.773636 ], [ 84.692337, 27.773346 ], [ 84.691887, 27.772921 ], [ 84.691168, 27.771763 ], [ 84.689934, 27.771327 ], [ 84.689382, 27.771251 ], [ 84.689258, 27.770909 ], [ 84.689097, 27.769314 ], [ 84.686598, 27.76863 ], [ 84.686555, 27.768336 ] ] ] } },
{ "type": "Feature", "properties": { "name": null, "waterway": null }, "geometry": { "type": "Polygon", "coordinates": [ [ [ 85.152898, 27.936084 ], [ 85.152963, 27.935933 ], [ 85.153001, 27.935954 ], [ 85.152898, 27.936084 ] ] ] } },
{ "type": "Feature", "properties": { "name": null, "waterway": null }, "geometry": { "type": "Polygon", "coordinates": [ [ [ 85.20031, 28.045818 ], [ 85.200852, 28.045099 ], [ 85.200997, 28.04522 ], [ 85.202673, 28.047868 ], [ 85.202783, 28.049134 ], [ 85.202986, 28.049632 ], [ 85.203304, 28.04992 ], [ 85.203756, 28.050166 ], [ 85.204606, 28.051062 ], [ 85.20531, 28.051509 ], [ 85.205415, 28.051655 ], [ 85.206317, 28.051856 ], [ 85.206728, 28.052163 ], [ 85.207655, 28.053652 ], [ 85.208392, 28.054477 ], [ 85.208828, 28.05567 ], [ 85.208913, 28.056831 ], [ 85.208885, 28.057693 ], [ 85.208707, 28.058409 ], [ 85.208681, 28.059106 ], [ 85.208221, 28.060139 ], [ 85.208203, 28.061129 ], [ 85.207981, 28.061662 ], [ 85.207735, 28.062629 ], [ 85.206777, 28.064471 ], [ 85.206668, 28.064984 ], [ 85.206425, 28.06521 ], [ 85.206175, 28.064981 ], [ 85.206299, 28.064792 ], [ 85.20625, 28.064501 ], [ 85.206511, 28.064323 ], [ 85.206854, 28.063796 ], [ 85.207414, 28.062679 ], [ 85.207308, 28.062778 ], [ 85.207129, 28.0627 ], [ 85.207234, 28.062278 ], [ 85.207286, 28.062157 ], [ 85.207565, 28.06197 ], [ 85.207634, 28.061803 ], [ 85.207676, 28.060572 ], [ 85.208087, 28.059378 ], [ 85.208182, 28.058664 ], [ 85.208412, 28.057948 ], [ 85.208428, 28.056575 ], [ 85.208528, 28.056202 ], [ 85.208474, 28.055604 ], [ 85.208226, 28.055071 ], [ 85.20772, 28.054829 ], [ 85.207642, 28.054717 ], [ 85.207152, 28.053403 ], [ 85.206743, 28.053039 ], [ 85.206056, 28.052152 ], [ 85.205343, 28.051892 ], [ 85.204539, 28.051386 ], [ 85.204007, 28.050953 ], [ 85.203142, 28.050421 ], [ 85.202614, 28.049881 ], [ 85.202232, 28.049005 ], [ 85.202329, 28.048274 ], [ 85.202174, 28.047898 ], [ 85.201077, 28.046266 ], [ 85.20031, 28.045818 ] ] ] } },
{ "type": "Feature", "properties": { "name": null, "waterway": null }, "geometry": { "type": "Polygon", "coordinates": [ [ [ 85.153697, 27.936736 ], [ 85.153969, 27.936394 ], [ 85.154181, 27.936479 ], [ 85.154141, 27.93677 ], [ 85.153697, 27.936736 ] ] ] } },
{ "type": "Feature", "properties": { "name": null, "waterway": null }, "geometry": { "type": "Polygon", "coordinates": [ [ [ 85.152536, 27.935852 ], [ 85.152619, 27.935688 ], [ 85.152649, 27.93571 ], [ 85.152536, 27.935852 ] ] ] } },
{ "type": "Feature", "properties": { "name": null, "waterway": null }, "geometry": { "type": "Polygon", "coordinates": [ [ [ 85.153154, 27.935502 ], [ 85.153398, 27.935186 ], [ 85.15356, 27.935283 ], [ 85.153315, 27.935599 ], [ 85.153154, 27.935502 ] ] ] } },
{ "type": "Feature", "properties": { "name": null, "waterway": null }, "geometry": { "type": "Polygon", "coordinates": [ [ [ 84.506544, 27.817182 ], [ 84.509239, 27.815854 ], [ 84.511017, 27.815303 ], [ 84.513635, 27.815223 ], [ 84.514008, 27.815282 ], [ 84.514561, 27.81551 ], [ 84.515612, 27.815524 ], [ 84.516736, 27.815761 ], [ 84.517227, 27.815716 ], [ 84.518246, 27.816392 ], [ 84.518941, 27.817284 ], [ 84.519225, 27.818072 ], [ 84.520169, 27.819823 ], [ 84.520859, 27.822105 ], [ 84.520982, 27.822973 ], [ 84.521003, 27.824721 ], [ 84.520821, 27.825838 ], [ 84.520488, 27.826922 ], [ 84.520633, 27.827824 ], [ 84.52048, 27.829313 ], [ 84.520781, 27.830632 ], [ 84.521046, 27.831254 ], [ 84.521301, 27.831612 ], [ 84.521896, 27.832074 ], [ 84.522736, 27.832478 ], [ 84.524469, 27.833002 ], [ 84.525579, 27.833085 ], [ 84.526427, 27.833379 ], [ 84.52707, 27.83332 ], [ 84.528505, 27.833448 ], [ 84.529332, 27.833441 ], [ 84.530801, 27.833258 ], [ 84.532416, 27.832864 ], [ 84.533022, 27.832817 ], [ 84.534476, 27.832957 ], [ 84.538108, 27.833082 ], [ 84.53836, 27.833149 ], [ 84.538668, 27.833407 ], [ 84.539213, 27.833517 ], [ 84.541023, 27.833154 ], [ 84.542584, 27.832226 ], [ 84.54358, 27.831968 ], [ 84.54429, 27.831583 ], [ 84.544722, 27.831541 ], [ 84.545688, 27.831624 ], [ 84.546506, 27.831448 ], [ 84.547219, 27.831422 ], [ 84.547775, 27.831538 ], [ 84.54855, 27.831916 ], [ 84.550189, 27.832328 ], [ 84.551976, 27.833871 ], [ 84.555574, 27.835848 ], [ 84.556108, 27.836375 ], [ 84.557244, 27.838022 ], [ 84.557135, 27.83851 ], [ 84.556867, 27.838489 ], [ 84.557094, 27.83907 ], [ 84.557369, 27.841004 ], [ 84.557421, 27.841119 ], [ 84.557727, 27.841218 ], [ 84.557763, 27.841723 ], [ 84.557949, 27.841981 ], [ 84.557968, 27.842318 ], [ 84.557888, 27.842527 ], [ 84.558077, 27.843298 ], [ 84.558081, 27.843745 ], [ 84.558377, 27.844771 ], [ 84.558645, 27.846253 ], [ 84.558734, 27.847234 ], [ 84.558565, 27.847844 ], [ 84.558523, 27.848603 ], [ 84.558004, 27.849553 ], [ 84.557795, 27.850279 ], [ 84.557467, 27.850842 ], [ 84.557288, 27.851341 ], [ 84.557215, 27.85182 ], [ 84.557271, 27.853468 ], [ 84.55763, 27.854538 ], [ 84.557715, 27.85529 ], [ 84.558027, 27.855963 ], [ 84.558208, 27.856179 ], [ 84.558678, 27.856468 ], [ 84.559289, 27.857399 ], [ 84.559504, 27.857599 ], [ 84.559374, 27.858312 ], [ 84.558725, 27.85816 ], [ 84.558479, 27.857985 ], [ 84.558058, 27.857847 ], [ 84.557464, 27.857216 ], [ 84.557341, 27.856998 ], [ 84.557248, 27.856158 ], [ 84.556987, 27.855698 ], [ 84.557046, 27.855421 ], [ 84.556765, 27.855174 ], [ 84.557022, 27.854917 ], [ 84.556848, 27.85452 ], [ 84.556903, 27.854223 ], [ 84.556726, 27.853976 ], [ 84.556737, 27.853786 ], [ 84.556567, 27.853581 ], [ 84.55664, 27.853425 ], [ 84.556492, 27.852948 ], [ 84.556439, 27.85205 ], [ 84.556679, 27.851468 ], [ 84.556798, 27.850477 ], [ 84.557176, 27.850179 ], [ 84.557305, 27.84951 ], [ 84.557557, 27.849201 ], [ 84.557629, 27.848782 ], [ 84.557888, 27.848264 ], [ 84.557955, 27.847863 ], [ 84.557913, 27.846953 ], [ 84.558085, 27.846336 ], [ 84.557927, 27.845034 ], [ 84.557764, 27.844616 ], [ 84.557801, 27.844227 ], [ 84.557315, 27.843217 ], [ 84.557303, 27.842828 ], [ 84.557127, 27.842503 ], [ 84.556741, 27.841245 ], [ 84.556717, 27.840549 ], [ 84.556627, 27.840376 ], [ 84.556675, 27.839638 ], [ 84.556573, 27.83914 ], [ 84.556458, 27.838987 ], [ 84.556465, 27.838319 ], [ 84.556073, 27.838113 ], [ 84.555952, 27.837667 ], [ 84.555644, 27.837266 ], [ 84.555528, 27.836928 ], [ 84.555229, 27.836637 ], [ 84.55491, 27.83612 ], [ 84.554644, 27.835972 ], [ 84.553402, 27.835628 ], [ 84.55269, 27.834969 ], [ 84.551969, 27.834672 ], [ 84.550435, 27.833596 ], [ 84.548349, 27.832544 ], [ 84.547417, 27.832333 ], [ 84.546081, 27.832325 ], [ 84.54514, 27.8321 ], [ 84.544815, 27.832179 ], [ 84.544177, 27.832559 ], [ 84.543505, 27.832653 ], [ 84.543036, 27.833014 ], [ 84.542487, 27.833106 ], [ 84.54169, 27.833762 ], [ 84.540834, 27.833882 ], [ 84.540402, 27.833797 ], [ 84.53957, 27.834103 ], [ 84.539218, 27.833999 ], [ 84.538596, 27.834099 ], [ 84.538374, 27.833742 ], [ 84.537575, 27.833455 ], [ 84.53712, 27.833599 ], [ 84.536496, 27.833562 ], [ 84.535535, 27.833658 ], [ 84.534378, 27.833531 ], [ 84.533874, 27.833586 ], [ 84.533387, 27.833452 ], [ 84.532698, 27.833503 ], [ 84.531813, 27.833404 ], [ 84.531393, 27.833512 ], [ 84.531239, 27.83372 ], [ 84.530931, 27.833856 ], [ 84.530323, 27.833898 ], [ 84.529788, 27.834057 ], [ 84.528601, 27.834099 ], [ 84.527899, 27.833942 ], [ 84.527061, 27.834165 ], [ 84.526613, 27.834114 ], [ 84.526152, 27.833847 ], [ 84.52535, 27.833718 ], [ 84.52469, 27.833818 ], [ 84.524301, 27.833786 ], [ 84.523686, 27.833256 ], [ 84.522661, 27.833084 ], [ 84.521186, 27.832409 ], [ 84.520667, 27.832048 ], [ 84.520415, 27.831742 ], [ 84.520208, 27.830828 ], [ 84.519992, 27.830613 ], [ 84.520087, 27.830293 ], [ 84.520036, 27.829891 ], [ 84.519897, 27.829701 ], [ 84.519957, 27.829495 ], [ 84.519857, 27.829297 ], [ 84.519931, 27.829067 ], [ 84.519908, 27.828244 ], [ 84.519998, 27.827756 ], [ 84.519822, 27.827564 ], [ 84.519769, 27.827171 ], [ 84.519874, 27.826716 ], [ 84.519871, 27.826076 ], [ 84.520134, 27.825238 ], [ 84.520191, 27.823701 ], [ 84.520116, 27.822702 ], [ 84.519445, 27.820463 ], [ 84.518691, 27.818912 ], [ 84.5183, 27.818278 ], [ 84.518259, 27.817742 ], [ 84.51768, 27.816874 ], [ 84.517064, 27.81644 ], [ 84.516729, 27.816554 ], [ 84.516362, 27.816538 ], [ 84.515994, 27.816399 ], [ 84.514424, 27.816085 ], [ 84.514008, 27.815847 ], [ 84.513131, 27.815787 ], [ 84.511759, 27.815869 ], [ 84.511135, 27.816064 ], [ 84.510869, 27.816027 ], [ 84.510594, 27.816102 ], [ 84.509495, 27.816772 ], [ 84.508262, 27.817099 ], [ 84.507957, 27.817402 ], [ 84.5075, 27.817485 ], [ 84.5069, 27.817951 ], [ 84.506544, 27.817182 ] ], [ [ 84.557726, 27.856326 ], [ 84.557795, 27.856913 ], [ 84.557986, 27.857129 ], [ 84.558274, 27.857144 ], [ 84.558415, 27.856891 ], [ 84.55836, 27.856593 ], [ 84.557785, 27.856208 ], [ 84.557726, 27.856326 ] ] ] } },
{ "type": "Feature", "properties": { "name": null, "waterway": "dam" }, "geometry": { "type": "Polygon", "coordinates": [ [ [ 84.643712, 27.860552 ], [ 84.643858, 27.859914 ], [ 84.64428, 27.85999 ], [ 84.644134, 27.860627 ], [ 84.643712, 27.860552 ] ] ] } },
{ "type": "Feature", "properties": { "name": null, "waterway": null }, "geometry": { "type": "Polygon", "coordinates": [ [ [ 84.642211, 27.860479 ], [ 84.642265, 27.860194 ], [ 84.642568, 27.859985 ], [ 84.642746, 27.859703 ], [ 84.642937, 27.859717 ], [ 84.642944, 27.859803 ], [ 84.644907, 27.86017 ], [ 84.645057, 27.860327 ], [ 84.645662, 27.860388 ], [ 84.646348, 27.860342 ], [ 84.647242, 27.860026 ], [ 84.647916, 27.859646 ], [ 84.648316, 27.859323 ], [ 84.648996, 27.858997 ], [ 84.649188, 27.858723 ], [ 84.649163, 27.858589 ], [ 84.649287, 27.858515 ], [ 84.649283, 27.858347 ], [ 84.649012, 27.857851 ], [ 84.64862, 27.857506 ], [ 84.648178, 27.856865 ], [ 84.647702, 27.856472 ], [ 84.647345, 27.856327 ], [ 84.647012, 27.855846 ], [ 84.646646, 27.855559 ], [ 84.646634, 27.855183 ], [ 84.646257, 27.85508 ], [ 84.646272, 27.85435 ], [ 84.64637, 27.85402 ], [ 84.646889, 27.853199 ], [ 84.647604, 27.852869 ], [ 84.648213, 27.85279 ], [ 84.649058, 27.852529 ], [ 84.650173, 27.852375 ], [ 84.650369, 27.852277 ], [ 84.650911, 27.852256 ], [ 84.651576, 27.852361 ], [ 84.652169, 27.852299 ], [ 84.652678, 27.852132 ], [ 84.65383, 27.852252 ], [ 84.654939, 27.852077 ], [ 84.655821, 27.852055 ], [ 84.657504, 27.851507 ], [ 84.658406, 27.850997 ], [ 84.659684, 27.849948 ], [ 84.660091, 27.849347 ], [ 84.660471, 27.848276 ], [ 84.660921, 27.847407 ], [ 84.661153, 27.846529 ], [ 84.661536, 27.84664 ], [ 84.661362, 27.847384 ], [ 84.660624, 27.849183 ], [ 84.660508, 27.849662 ], [ 84.660122, 27.850162 ], [ 84.659202, 27.850943 ], [ 84.658745, 27.851172 ], [ 84.658624, 27.851504 ], [ 84.65829, 27.85177 ], [ 84.657211, 27.851986 ], [ 84.656265, 27.852343 ], [ 84.65554, 27.852439 ], [ 84.654929, 27.852716 ], [ 84.65322, 27.852517 ], [ 84.652731, 27.852639 ], [ 84.652554, 27.852784 ], [ 84.651923, 27.852758 ], [ 84.651524, 27.852861 ], [ 84.650772, 27.852695 ], [ 84.649548, 27.852888 ], [ 84.648639, 27.853238 ], [ 84.647762, 27.853406 ], [ 84.647343, 27.853589 ], [ 84.647193, 27.853756 ], [ 84.647021, 27.85408 ], [ 84.647, 27.854634 ], [ 84.647499, 27.855269 ], [ 84.649547, 27.857416 ], [ 84.650506, 27.858736 ], [ 84.650541, 27.859123 ], [ 84.650455, 27.859368 ], [ 84.650042, 27.859892 ], [ 84.649637, 27.860254 ], [ 84.649161, 27.860573 ], [ 84.648372, 27.860823 ], [ 84.647644, 27.860854 ], [ 84.646886, 27.860996 ], [ 84.646524, 27.860911 ], [ 84.646369, 27.860768 ], [ 84.646184, 27.860726 ], [ 84.645951, 27.860724 ], [ 84.645883, 27.860946 ], [ 84.645777, 27.860972 ], [ 84.645216, 27.860681 ], [ 84.643147, 27.860275 ], [ 84.642211, 27.860479 ] ], [ [ 84.647283, 27.860479 ], [ 84.647759, 27.860503 ], [ 84.64815, 27.860377 ], [ 84.648767, 27.860127 ], [ 84.648846, 27.859953 ], [ 84.648677, 27.859805 ], [ 84.64833, 27.859864 ], [ 84.647283, 27.860479 ] ] ] } }
]
}
